timestamp,state,armed,flight_mode,lat,lon,alt_agl,alt_amsl,vx,vy,vz,batt_v,batt_pct,gps_fix,gps_sats,target_x,target_y,target_z,target_vx,target_vy,target_vz,cmd_vx,cmd_vy,cmd_vz
1787219176.036504,SEARCHING,0,UNKNOWN,0.0,0.0,0.0,0.0,0.0,0.0,0.0,0.0,-1,0,0,0.0,0.0,0.0,0.0,0.0,0.0,0.0,0.0,0.0
1787219176.1398196,SEARCHING,0,UNKNOWN,0.0,0.0,0.0,0.0,0.0,0.0,0.0,0.0,-1,0,0,0.0,0.0,0.0,0.0,0.0,0.0,0.0,0.0,0.0
1787219176.2846954,SEARCHING,0,UNKNOWN,0.0,0.0,0.0,0.0,0.0,0.0,0.0,0.0,-1,0,0,0.0,0.0,0.0,0.0,0.0,0.0,0.0,0.0,0.0
1787219176.4311004,SEARCHING,0,UNKNOWN,0.0,0.0,0.0,0.0,0.0,0.0,0.0,0.0,-1,0,0,0.0,0.0,0.0,0.0,0.0,0.0,0.0,0.0,0.0
1787219176.5485744,SEARCHING,0,UNKNOWN,0.0,0.0,0.0,0.0,0.0,0.0,0.0,0.0,-1,0,0,0.0,0.0,0.0,0.0,0.0,0.0,0.0,0.0,0.0
1787219176.6681743,SEARCHING,0,UNKNOWN,0.0,0.0,0.0,0.0,0.0,0.0,0.0,0.0,-1,0,0,0.0,0.0,0.0,0.0,0.0,0.0,0.0,0.0,0.0
1787219176.788788,SEARCHING,0,UNKNOWN,0.0,0.0,0.0,0.0,0.0,0.0,0.0,0.0,-1,0,0,0.0,0.0,0.0,0.0,0.0,0.0,0.0,0.0,0.0
1787219176.9124687,SEARCHING,0,UNKNOWN,0.0,0.0,0.0,0.0,0.0,0.0,0.0,0.0,-1,0,0,0.0,0.0,0.0,0.0,0.0,0.0,0.0,0.0,0.0
1787219177.0694954,SEARCHING,0,UNKNOWN,0.0,0.0,0.0,0.0,0.0,0.0,0.0,0.0,-1,0,0,0.0,0.0,0.0,0.0,0.0,0.0,0.0,0.0,0.0
1787219177.1970706,SEARCHING,0,UNKNOWN,0.0,0.0,0.0,0.0,0.0,0.0,0.0,0.0,-1,0,0,0.0,0.0,0.0,0.0,0.0,0.0,0.0,0.0,0.0
1787219177.3258386,SEARCHING,0,UNKNOWN,0.0,0.0,0.0,0.0,0.0,0.0,0.0,0.0,-1,0,0,0.0,0.0,0.0,0.0,0.0,0.0,0.0,0.0,0.0
1787219177.464573,SEARCHING,0,UNKNOWN,0.0,0.0,0.0,0.0,0.0,0.0,0.0,0.0,-1,0,0,0.0,0.0,0.0,0.0,0.0,0.0,0.0,0.0,0.0
1787219177.5658143,SEARCHING,0,UNKNOWN,0.0,0.0,0.0,0.0,0.0,0.0,0.0,0.0,-1,0,0,0.0,0.0,0.0,0.0,0.0,0.0,0.0,0.0,0.0
1787219177.680526,SEARCHING,0,UNKNOWN,0.0,0.0,0.0,0.0,0.0,0.0,0.0,0.0,-1,0,0,0.0,0.0,0.0,0.0,0.0,0.0,0.0,0.0,0.0
1787219177.7820833,SEARCHING,0,UNKNOWN,0.0,0.0,0.0,0.0,0.0,0.0,0.0,0.0,-1,0,0,0.0,0.0,0.0,0.0,0.0,0.0,0.0,0.0,0.0
1787219177.8823566,SEARCHING,0,UNKNOWN,0.0,0.0,0.0,0.0,0.0,0.0,0.0,0.0,-1,0,0,0.0,0.0,0.0,0.0,0.0,0.0,0.0,0.0,0.0
1787219178.00143,SEARCHING,0,UNKNOWN,0.0,0.0,0.0,0.0,0.0,0.0,0.0,0.0,-1,0,0,0.0,0.0,0.0,0.0,0.0,0.0,0.0,0.0,0.0
1787219178.1354933,SEARCHING,0,UNKNOWN,0.0,0.0,0.0,0.0,0.0,0.0,0.0,0.0,-1,0,0,0.0,0.0,0.0,0.0,0.0,0.0,0.0,0.0,0.0
1787219178.2442179,SEARCHING,0,UNKNOWN,0.0,0.0,0.0,0.0,0.0,0.0,0.0,0.0,-1,0,0,0.0,0.0,0.0,0.0,0.0,0.0,0.0,0.0,0.0
1787219178.3595622,SEARCHING,0,UNKNOWN,0.0,0.0,0.0,0.0,0.0,0.0,0.0,0.0,-1,0,0,0.0,0.0,0.0,0.0,0.0,0.0,0.0,0.0,0.0
1787219178.4611816,SEARCHING,0,UNKNOWN,0.0,0.0,0.0,0.0,0.0,0.0,0.0,0.0,-1,0,0,0.0,0.0,0.0,0.0,0.0,0.0,0.0,0.0,0.0
1787219178.5686576,SEARCHING,0,UNKNOWN,0.0,0.0,0.0,0.0,0.0,0.0,0.0,0.0,-1,0,0,0.0,0.0,0.0,0.0,0.0,0.0,0.0,0.0,0.0
1787219178.6920538,SEARCHING,0,UNKNOWN,0.0,0.0,0.0,0.0,0.0,0.0,0.0,0.0,-1,0,0,0.0,0.0,0.0,0.0,0.0,0.0,0.0,0.0,0.0
1787219178.8149352,SEARCHING,0,UNKNOWN,0.0,0.0,0.0,0.0,0.0,0.0,0.0,0.0,-1,0,0,0.0,0.0,0.0,0.0,0.0,0.0,0.0,0.0,0.0
1787219178.9435563,SEARCHING,0,UNKNOWN,0.0,0.0,0.0,0.0,0.0,0.0,0.0,0.0,-1,0,0,0.0,0.0,0.0,0.0,0.0,0.0,0.0,0.0,0.0
1787219179.1066952,SEARCHING,0,UNKNOWN,0.0,0.0,0.0,0.0,0.0,0.0,0.0,0.0,-1,0,0,0.0,0.0,0.0,0.0,0.0,0.0,0.0,0.0,0.0
1787219179.208721,SEARCHING,0,UNKNOWN,0.0,0.0,0.0,0.0,0.0,0.0,0.0,0.0,-1,0,0,0.0,0.0,0.0,0.0,0.0,0.0,0.0,0.0,0.0
1787219179.3321319,SEARCHING,0,UNKNOWN,0.0,0.0,0.0,0.0,0.0,0.0,0.0,0.0,-1,0,0,0.0,0.0,0.0,0.0,0.0,0.0,0.0,0.0,0.0
1787219179.4499326,SEARCHING,0,UNKNOWN,0.0,0.0,0.0,0.0,0.0,0.0,0.0,0.0,-1,0,0,0.0,0.0,0.0,0.0,0.0,0.0,0.0,0.0,0.0
1787219179.6079686,SEARCHING,0,UNKNOWN,0.0,0.0,0.0,0.0,0.0,0.0,0.0,0.0,-1,0,0,0.0,0.0,0.0,0.0,0.0,0.0,0.0,0.0,0.0
1787219179.7225368,SEARCHING,0,UNKNOWN,0.0,0.0,0.0,0.0,0.0,0.0,0.0,0.0,-1,0,0,0.0,0.0,0.0,0.0,0.0,0.0,0.0,0.0,0.0
1787219179.8393257,SEARCHING,0,UNKNOWN,0.0,0.0,0.0,0.0,0.0,0.0,0.0,0.0,-1,0,0,0.0,0.0,0.0,0.0,0.0,0.0,0.0,0.0,0.0
1787219179.942298,SEARCHING,0,UNKNOWN,0.0,0.0,0.0,0.0,0.0,0.0,0.0,0.0,-1,0,0,0.0,0.0,0.0,0.0,0.0,0.0,0.0,0.0,0.0
1787219180.0474248,SEARCHING,0,UNKNOWN,0.0,0.0,0.0,0.0,0.0,0.0,0.0,0.0,-1,0,0,0.0,0.0,0.0,0.0,0.0,0.0,0.0,0.0,0.0
1787219180.1662123,SEARCHING,0,UNKNOWN,0.0,0.0,0.0,0.0,0.0,0.0,0.0,0.0,-1,0,0,0.0,0.0,0.0,0.0,0.0,0.0,0.0,0.0,0.0
1787219180.2741356,SEARCHING,0,UNKNOWN,0.0,0.0,0.0,0.0,0.0,0.0,0.0,0.0,-1,0,0,0.0,0.0,0.0,0.0,0.0,0.0,0.0,0.0,0.0
1787219180.4311378,SEARCHING,0,UNKNOWN,0.0,0.0,0.0,0.0,0.0,0.0,0.0,0.0,-1,0,0,0.0,0.0,0.0,0.0,0.0,0.0,0.0,0.0,0.0
1787219180.5465488,SEARCHING,0,UNKNOWN,0.0,0.0,0.0,0.0,0.0,0.0,0.0,0.0,-1,0,0,0.0,0.0,0.0,0.0,0.0,0.0,0.0,0.0,0.0
1787219180.6449244,SEARCHING,0,UNKNOWN,0.0,0.0,0.0,0.0,0.0,0.0,0.0,0.0,-1,0,0,0.0,0.0,0.0,0.0,0.0,0.0,0.0,0.0,0.0
1787219180.7614226,SEARCHING,0,UNKNOWN,0.0,0.0,0.0,0.0,0.0,0.0,0.0,0.0,-1,0,0,0.0,0.0,0.0,0.0,0.0,0.0,0.0,0.0,0.0
1787219180.897588,SEARCHING,0,UNKNOWN,0.0,0.0,0.0,0.0,0.0,0.0,0.0,0.0,-1,0,0,0.0,0.0,0.0,0.0,0.0,0.0,0.0,0.0,0.0
1787219181.0834656,SEARCHING,0,UNKNOWN,0.0,0.0,0.0,0.0,0.0,0.0,0.0,0.0,-1,0,0,0.0,0.0,0.0,0.0,0.0,0.0,0.0,0.0,0.0
1787219181.2025032,SEARCHING,0,UNKNOWN,0.0,0.0,0.0,0.0,0.0,0.0,0.0,0.0,-1,0,0,0.0,0.0,0.0,0.0,0.0,0.0,0.0,0.0,0.0
1787219181.3347695,SEARCHING,0,UNKNOWN,0.0,0.0,0.0,0.0,0.0,0.0,0.0,0.0,-1,0,0,0.0,0.0,0.0,0.0,0.0,0.0,0.0,0.0,0.0
1787219181.4431565,SEARCHING,0,UNKNOWN,0.0,0.0,0.0,0.0,0.0,0.0,0.0,0.0,-1,0,0,0.0,0.0,0.0,0.0,0.0,0.0,0.0,0.0,0.0
1787219181.5439022,SEARCHING,0,UNKNOWN,0.0,0.0,0.0,0.0,0.0,0.0,0.0,0.0,-1,0,0,0.0,0.0,0.0,0.0,0.0,0.0,0.0,0.0,0.0
1787219181.660708,SEARCHING,0,UNKNOWN,0.0,0.0,0.0,0.0,0.0,0.0,0.0,0.0,-1,0,0,0.0,0.0,0.0,0.0,0.0,0.0,0.0,0.0,0.0
1787219181.769387,SEARCHING,0,UNKNOWN,0.0,0.0,0.0,0.0,0.0,0.0,0.0,0.0,-1,0,0,0.0,0.0,0.0,0.0,0.0,0.0,0.0,0.0,0.0
1787219181.889793,SEARCHING,0,UNKNOWN,0.0,0.0,0.0,0.0,0.0,0.0,0.0,0.0,-1,0,0,0.0,0.0,0.0,0.0,0.0,0.0,0.0,0.0,0.0
1787219182.018311,SEARCHING,0,UNKNOWN,0.0,0.0,0.0,0.0,0.0,0.0,0.0,0.0,-1,0,0,0.0,0.0,0.0,0.0,0.0,0.0,0.0,0.0,0.0
1787219182.1537104,SEARCHING,0,UNKNOWN,0.0,0.0,0.0,0.0,0.0,0.0,0.0,0.0,-1,0,0,0.0,0.0,0.0,0.0,0.0,0.0,0.0,0.0,0.0
1787219182.2627385,SEARCHING,0,UNKNOWN,0.0,0.0,0.0,0.0,0.0,0.0,0.0,0.0,-1,0,0,0.0,0.0,0.0,0.0,0.0,0.0,0.0,0.0,0.0
1787219182.3789935,SEARCHING,0,UNKNOWN,0.0,0.0,0.0,0.0,0.0,0.0,0.0,0.0,-1,0,0,0.0,0.0,0.0,0.0,0.0,0.0,0.0,0.0,0.0
1787219182.4866698,SEARCHING,0,UNKNOWN,0.0,0.0,0.0,0.0,0.0,0.0,0.0,0.0,-1,0,0,0.0,0.0,0.0,0.0,0.0,0.0,0.0,0.0,0.0
1787219182.6335688,SEARCHING,0,UNKNOWN,0.0,0.0,0.0,0.0,0.0,0.0,0.0,0.0,-1,0,0,0.0,0.0,0.0,0.0,0.0,0.0,0.0,0.0,0.0
1787219182.7405255,SEARCHING,0,UNKNOWN,0.0,0.0,0.0,0.0,0.0,0.0,0.0,0.0,-1,0,0,0.0,0.0,0.0,0.0,0.0,0.0,0.0,0.0,0.0
1787219182.849216,SEARCHING,0,UNKNOWN,0.0,0.0,0.0,0.0,0.0,0.0,0.0,0.0,-1,0,0,0.0,0.0,0.0,0.0,0.0,0.0,0.0,0.0,0.0
1787219182.9638727,SEARCHING,0,UNKNOWN,0.0,0.0,0.0,0.0,0.0,0.0,0.0,0.0,-1,0,0,0.0,0.0,0.0,0.0,0.0,0.0,0.0,0.0,0.0
1787219183.0645082,SEARCHING,0,UNKNOWN,0.0,0.0,0.0,0.0,0.0,0.0,0.0,0.0,-1,0,0,0.0,0.0,0.0,0.0,0.0,0.0,0.0,0.0,0.0
1787219183.1893518,SEARCHING,0,UNKNOWN,0.0,0.0,0.0,0.0,0.0,0.0,0.0,0.0,-1,0,0,0.0,0.0,0.0,0.0,0.0,0.0,0.0,0.0,0.0
1787219183.3258421,SEARCHING,0,UNKNOWN,0.0,0.0,0.0,0.0,0.0,0.0,0.0,0.0,-1,0,0,0.0,0.0,0.0,0.0,0.0,0.0,0.0,0.0,0.0
1787219183.4769692,SEARCHING,0,UNKNOWN,0.0,0.0,0.0,0.0,0.0,0.0,0.0,0.0,-1,0,0,0.0,0.0,0.0,0.0,0.0,0.0,0.0,0.0,0.0
1787219183.5990548,SEARCHING,0,UNKNOWN,0.0,0.0,0.0,0.0,0.0,0.0,0.0,0.0,-1,0,0,0.0,0.0,0.0,0.0,0.0,0.0,0.0,0.0,0.0
1787219183.7046423,SEARCHING,0,UNKNOWN,0.0,0.0,0.0,0.0,0.0,0.0,0.0,0.0,-1,0,0,0.0,0.0,0.0,0.0,0.0,0.0,0.0,0.0,0.0
1787219183.8348162,SEARCHING,0,UNKNOWN,0.0,0.0,0.0,0.0,0.0,0.0,0.0,0.0,-1,0,0,0.0,0.0,0.0,0.0,0.0,0.0,0.0,0.0,0.0
1787219183.9347928,SEARCHING,0,UNKNOWN,0.0,0.0,0.0,0.0,0.0,0.0,0.0,0.0,-1,0,0,0.0,0.0,0.0,0.0,0.0,0.0,0.0,0.0,0.0
1787219184.0575635,SEARCHING,0,UNKNOWN,0.0,0.0,0.0,0.0,0.0,0.0,0.0,0.0,-1,0,0,0.0,0.0,0.0,0.0,0.0,0.0,0.0,0.0,0.0
1787219184.1741502,SEARCHING,0,UNKNOWN,0.0,0.0,0.0,0.0,0.0,0.0,0.0,0.0,-1,0,0,0.0,0.0,0.0,0.0,0.0,0.0,0.0,0.0,0.0
1787219184.3010583,SEARCHING,0,UNKNOWN,0.0,0.0,0.0,0.0,0.0,0.0,0.0,0.0,-1,0,0,0.0,0.0,0.0,0.0,0.0,0.0,0.0,0.0,0.0
1787219184.4276366,SEARCHING,0,UNKNOWN,0.0,0.0,0.0,0.0,0.0,0.0,0.0,0.0,-1,0,0,0.0,0.0,0.0,0.0,0.0,0.0,0.0,0.0,0.0
1787219184.5395749,SEARCHING,0,UNKNOWN,0.0,0.0,0.0,0.0,0.0,0.0,0.0,0.0,-1,0,0,0.0,0.0,0.0,0.0,0.0,0.0,0.0,0.0,0.0
1787219184.6447468,SEARCHING,0,UNKNOWN,0.0,0.0,0.0,0.0,0.0,0.0,0.0,0.0,-1,0,0,0.0,0.0,0.0,0.0,0.0,0.0,0.0,0.0,0.0
1787219184.7644026,SEARCHING,0,UNKNOWN,0.0,0.0,0.0,0.0,0.0,0.0,0.0,0.0,-1,0,0,0.0,0.0,0.0,0.0,0.0,0.0,0.0,0.0,0.0
1787219184.8843017,SEARCHING,0,UNKNOWN,0.0,0.0,0.0,0.0,0.0,0.0,0.0,0.0,-1,0,0,0.0,0.0,0.0,0.0,0.0,0.0,0.0,0.0,0.0
1787219185.0076706,SEARCHING,0,UNKNOWN,0.0,0.0,0.0,0.0,0.0,0.0,0.0,0.0,-1,0,0,0.0,0.0,0.0,0.0,0.0,0.0,0.0,0.0,0.0
1787219185.1122346,SEARCHING,0,UNKNOWN,0.0,0.0,0.0,0.0,0.0,0.0,0.0,0.0,-1,0,0,0.0,0.0,0.0,0.0,0.0,0.0,0.0,0.0,0.0
1787219185.2182832,SEARCHING,0,UNKNOWN,0.0,0.0,0.0,0.0,0.0,0.0,0.0,0.0,-1,0,0,0.0,0.0,0.0,0.0,0.0,0.0,0.0,0.0,0.0
1787219185.3450341,SEARCHING,0,UNKNOWN,0.0,0.0,0.0,0.0,0.0,0.0,0.0,0.0,-1,0,0,0.0,0.0,0.0,0.0,0.0,0.0,0.0,0.0,0.0
1787219185.4704454,SEARCHING,0,UNKNOWN,0.0,0.0,0.0,0.0,0.0,0.0,0.0,0.0,-1,0,0,0.0,0.0,0.0,0.0,0.0,0.0,0.0,0.0,0.0
1787219185.5739286,SEARCHING,0,UNKNOWN,0.0,0.0,0.0,0.0,0.0,0.0,0.0,0.0,-1,0,0,0.0,0.0,0.0,0.0,0.0,0.0,0.0,0.0,0.0
1787219185.7078874,SEARCHING,0,UNKNOWN,0.0,0.0,0.0,0.0,0.0,0.0,0.0,0.0,-1,0,0,0.0,0.0,0.0,0.0,0.0,0.0,0.0,0.0,0.0
1787219185.839739,SEARCHING,0,UNKNOWN,0.0,0.0,0.0,0.0,0.0,0.0,0.0,0.0,-1,0,0,0.0,0.0,0.0,0.0,0.0,0.0,0.0,0.0,0.0
1787219185.9404292,SEARCHING,0,UNKNOWN,0.0,0.0,0.0,0.0,0.0,0.0,0.0,0.0,-1,0,0,0.0,0.0,0.0,0.0,0.0,0.0,0.0,0.0,0.0
1787219186.0740094,SEARCHING,0,UNKNOWN,0.0,0.0,0.0,0.0,0.0,0.0,0.0,0.0,-1,0,0,0.0,0.0,0.0,0.0,0.0,0.0,0.0,0.0,0.0
1787219186.2029154,SEARCHING,0,UNKNOWN,0.0,0.0,0.0,0.0,0.0,0.0,0.0,0.0,-1,0,0,0.0,0.0,0.0,0.0,0.0,0.0,0.0,0.0,0.0
1787219186.3033576,SEARCHING,0,UNKNOWN,0.0,0.0,0.0,0.0,0.0,0.0,0.0,0.0,-1,0,0,0.0,0.0,0.0,0.0,0.0,0.0,0.0,0.0,0.0
1787219186.406593,SEARCHING,0,UNKNOWN,0.0,0.0,0.0,0.0,0.0,0.0,0.0,0.0,-1,0,0,0.0,0.0,0.0,0.0,0.0,0.0,0.0,0.0,0.0
1787219186.5410335,SEARCHING,0,UNKNOWN,0.0,0.0,0.0,0.0,0.0,0.0,0.0,0.0,-1,0,0,0.0,0.0,0.0,0.0,0.0,0.0,0.0,0.0,0.0
1787219186.6458006,SEARCHING,0,UNKNOWN,0.0,0.0,0.0,0.0,0.0,0.0,0.0,0.0,-1,0,0,0.0,0.0,0.0,0.0,0.0,0.0,0.0,0.0,0.0
1787219186.7464721,SEARCHING,0,UNKNOWN,0.0,0.0,0.0,0.0,0.0,0.0,0.0,0.0,-1,0,0,0.0,0.0,0.0,0.0,0.0,0.0,0.0,0.0,0.0
1787219186.84652,SEARCHING,0,UNKNOWN,0.0,0.0,0.0,0.0,0.0,0.0,0.0,0.0,-1,0,0,0.0,0.0,0.0,0.0,0.0,0.0,0.0,0.0,0.0
1787219186.975358,SEARCHING,0,UNKNOWN,0.0,0.0,0.0,0.0,0.0,0.0,0.0,0.0,-1,0,0,0.0,0.0,0.0,0.0,0.0,0.0,0.0,0.0,0.0
1787219187.108576,SEARCHING,0,UNKNOWN,0.0,0.0,0.0,0.0,0.0,0.0,0.0,0.0,-1,0,0,0.0,0.0,0.0,0.0,0.0,0.0,0.0,0.0,0.0
1787219187.2091217,SEARCHING,0,UNKNOWN,0.0,0.0,0.0,0.0,0.0,0.0,0.0,0.0,-1,0,0,0.0,0.0,0.0,0.0,0.0,0.0,0.0,0.0,0.0
1787219187.345164,SEARCHING,0,UNKNOWN,0.0,0.0,0.0,0.0,0.0,0.0,0.0,0.0,-1,0,0,0.0,0.0,0.0,0.0,0.0,0.0,0.0,0.0,0.0
1787219187.4827588,SEARCHING,0,UNKNOWN,0.0,0.0,0.0,0.0,0.0,0.0,0.0,0.0,-1,0,0,0.0,0.0,0.0,0.0,0.0,0.0,0.0,0.0,0.0
1787219187.6378338,SEARCHING,0,UNKNOWN,0.0,0.0,0.0,0.0,0.0,0.0,0.0,0.0,-1,0,0,0.0,0.0,0.0,0.0,0.0,0.0,0.0,0.0,0.0
1787219187.7461627,SEARCHING,0,UNKNOWN,0.0,0.0,0.0,0.0,0.0,0.0,0.0,0.0,-1,0,0,0.0,0.0,0.0,0.0,0.0,0.0,0.0,0.0,0.0
1787219187.8591793,SEARCHING,0,UNKNOWN,0.0,0.0,0.0,0.0,0.0,0.0,0.0,0.0,-1,0,0,0.0,0.0,0.0,0.0,0.0,0.0,0.0,0.0,0.0
1787219187.9833977,SEARCHING,0,UNKNOWN,0.0,0.0,0.0,0.0,0.0,0.0,0.0,0.0,-1,0,0,0.0,0.0,0.0,0.0,0.0,0.0,0.0,0.0,0.0
1787219188.1133292,SEARCHING,0,UNKNOWN,0.0,0.0,0.0,0.0,0.0,0.0,0.0,0.0,-1,0,0,0.0,0.0,0.0,0.0,0.0,0.0,0.0,0.0,0.0
1787219188.2508502,SEARCHING,0,UNKNOWN,0.0,0.0,0.0,0.0,0.0,0.0,0.0,0.0,-1,0,0,0.0,0.0,0.0,0.0,0.0,0.0,0.0,0.0,0.0
1787219188.3805852,SEARCHING,0,UNKNOWN,0.0,0.0,0.0,0.0,0.0,0.0,0.0,0.0,-1,0,0,0.0,0.0,0.0,0.0,0.0,0.0,0.0,0.0,0.0
1787219188.4841363,SEARCHING,0,UNKNOWN,0.0,0.0,0.0,0.0,0.0,0.0,0.0,0.0,-1,0,0,0.0,0.0,0.0,0.0,0.0,0.0,0.0,0.0,0.0
1787219188.6097965,SEARCHING,0,UNKNOWN,0.0,0.0,0.0,0.0,0.0,0.0,0.0,0.0,-1,0,0,0.0,0.0,0.0,0.0,0.0,0.0,0.0,0.0,0.0
1787219188.7170084,SEARCHING,0,UNKNOWN,0.0,0.0,0.0,0.0,0.0,0.0,0.0,0.0,-1,0,0,0.0,0.0,0.0,0.0,0.0,0.0,0.0,0.0,0.0
1787219188.8376915,SEARCHING,0,UNKNOWN,0.0,0.0,0.0,0.0,0.0,0.0,0.0,0.0,-1,0,0,0.0,0.0,0.0,0.0,0.0,0.0,0.0,0.0,0.0
1787219188.9672668,SEARCHING,0,UNKNOWN,0.0,0.0,0.0,0.0,0.0,0.0,0.0,0.0,-1,0,0,0.0,0.0,0.0,0.0,0.0,0.0,0.0,0.0,0.0
1787219189.094094,SEARCHING,0,UNKNOWN,0.0,0.0,0.0,0.0,0.0,0.0,0.0,0.0,-1,0,0,0.0,0.0,0.0,0.0,0.0,0.0,0.0,0.0,0.0
1787219189.2161107,SEARCHING,0,UNKNOWN,0.0,0.0,0.0,0.0,0.0,0.0,0.0,0.0,-1,0,0,0.0,0.0,0.0,0.0,0.0,0.0,0.0,0.0,0.0
1787219189.3414714,SEARCHING,0,UNKNOWN,0.0,0.0,0.0,0.0,0.0,0.0,0.0,0.0,-1,0,0,0.0,0.0,0.0,0.0,0.0,0.0,0.0,0.0,0.0
1787219189.446212,SEARCHING,0,UNKNOWN,0.0,0.0,0.0,0.0,0.0,0.0,0.0,0.0,-1,0,0,0.0,0.0,0.0,0.0,0.0,0.0,0.0,0.0,0.0
1787219189.5663118,SEARCHING,0,UNKNOWN,0.0,0.0,0.0,0.0,0.0,0.0,0.0,0.0,-1,0,0,0.0,0.0,0.0,0.0,0.0,0.0,0.0,0.0,0.0
1787219189.6899781,SEARCHING,0,UNKNOWN,0.0,0.0,0.0,0.0,0.0,0.0,0.0,0.0,-1,0,0,0.0,0.0,0.0,0.0,0.0,0.0,0.0,0.0,0.0
1787219189.8094146,SEARCHING,0,UNKNOWN,0.0,0.0,0.0,0.0,0.0,0.0,0.0,0.0,-1,0,0,0.0,0.0,0.0,0.0,0.0,0.0,0.0,0.0,0.0
1787219189.9429092,SEARCHING,0,UNKNOWN,0.0,0.0,0.0,0.0,0.0,0.0,0.0,0.0,-1,0,0,0.0,0.0,0.0,0.0,0.0,0.0,0.0,0.0,0.0
1787219190.0437753,SEARCHING,0,UNKNOWN,0.0,0.0,0.0,0.0,0.0,0.0,0.0,0.0,-1,0,0,0.0,0.0,0.0,0.0,0.0,0.0,0.0,0.0,0.0
1787219190.1740956,SEARCHING,0,UNKNOWN,0.0,0.0,0.0,0.0,0.0,0.0,0.0,0.0,-1,0,0,0.0,0.0,0.0,0.0,0.0,0.0,0.0,0.0,0.0
1787219190.274155,SEARCHING,0,UNKNOWN,0.0,0.0,0.0,0.0,0.0,0.0,0.0,0.0,-1,0,0,0.0,0.0,0.0,0.0,0.0,0.0,0.0,0.0,0.0
1787219190.3851166,SEARCHING,0,UNKNOWN,0.0,0.0,0.0,0.0,0.0,0.0,0.0,0.0,-1,0,0,0.0,0.0,0.0,0.0,0.0,0.0,0.0,0.0,0.0
1787219190.514205,SEARCHING,0,UNKNOWN,0.0,0.0,0.0,0.0,0.0,0.0,0.0,0.0,-1,0,0,0.0,0.0,0.0,0.0,0.0,0.0,0.0,0.0,0.0
1787219190.6270168,SEARCHING,0,UNKNOWN,0.0,0.0,0.0,0.0,0.0,0.0,0.0,0.0,-1,0,0,0.0,0.0,0.0,0.0,0.0,0.0,0.0,0.0,0.0
1787219190.7538593,SEARCHING,0,UNKNOWN,0.0,0.0,0.0,0.0,0.0,0.0,0.0,0.0,-1,0,0,0.0,0.0,0.0,0.0,0.0,0.0,0.0,0.0,0.0
1787219190.9080384,SEARCHING,0,UNKNOWN,0.0,0.0,0.0,0.0,0.0,0.0,0.0,0.0,-1,0,0,0.0,0.0,0.0,0.0,0.0,0.0,0.0,0.0,0.0
1787219191.0176537,SEARCHING,0,UNKNOWN,0.0,0.0,0.0,0.0,0.0,0.0,0.0,0.0,-1,0,0,0.0,0.0,0.0,0.0,0.0,0.0,0.0,0.0,0.0
1787219191.175001,SEARCHING,0,UNKNOWN,0.0,0.0,0.0,0.0,0.0,0.0,0.0,0.0,-1,0,0,0.0,0.0,0.0,0.0,0.0,0.0,0.0,0.0,0.0
1787219191.3084025,SEARCHING,0,UNKNOWN,0.0,0.0,0.0,0.0,0.0,0.0,0.0,0.0,-1,0,0,0.0,0.0,0.0,0.0,0.0,0.0,0.0,0.0,0.0
1787219191.4086742,SEARCHING,0,UNKNOWN,0.0,0.0,0.0,0.0,0.0,0.0,0.0,0.0,-1,0,0,0.0,0.0,0.0,0.0,0.0,0.0,0.0,0.0,0.0
1787219191.5544739,SEARCHING,0,UNKNOWN,0.0,0.0,0.0,0.0,0.0,0.0,0.0,0.0,-1,0,0,0.0,0.0,0.0,0.0,0.0,0.0,0.0,0.0,0.0
1787219191.6612544,SEARCHING,0,UNKNOWN,0.0,0.0,0.0,0.0,0.0,0.0,0.0,0.0,-1,0,0,0.0,0.0,0.0,0.0,0.0,0.0,0.0,0.0,0.0
1787219191.788266,SEARCHING,0,UNKNOWN,0.0,0.0,0.0,0.0,0.0,0.0,0.0,0.0,-1,0,0,0.0,0.0,0.0,0.0,0.0,0.0,0.0,0.0,0.0
1787219191.9342206,SEARCHING,0,UNKNOWN,0.0,0.0,0.0,0.0,0.0,0.0,0.0,0.0,-1,0,0,0.0,0.0,0.0,0.0,0.0,0.0,0.0,0.0,0.0
1787219192.0821304,SEARCHING,0,UNKNOWN,0.0,0.0,0.0,0.0,0.0,0.0,0.0,0.0,-1,0,0,0.0,0.0,0.0,0.0,0.0,0.0,0.0,0.0,0.0
1787219192.2265413,SEARCHING,0,UNKNOWN,0.0,0.0,0.0,0.0,0.0,0.0,0.0,0.0,-1,0,0,0.0,0.0,0.0,0.0,0.0,0.0,0.0,0.0,0.0
1787219192.3514154,SEARCHING,0,UNKNOWN,0.0,0.0,0.0,0.0,0.0,0.0,0.0,0.0,-1,0,0,0.0,0.0,0.0,0.0,0.0,0.0,0.0,0.0,0.0
1787219192.4557273,SEARCHING,0,UNKNOWN,0.0,0.0,0.0,0.0,0.0,0.0,0.0,0.0,-1,0,0,0.0,0.0,0.0,0.0,0.0,0.0,0.0,0.0,0.0
1787219192.5757568,SEARCHING,0,UNKNOWN,0.0,0.0,0.0,0.0,0.0,0.0,0.0,0.0,-1,0,0,0.0,0.0,0.0,0.0,0.0,0.0,0.0,0.0,0.0
1787219192.6771712,SEARCHING,0,UNKNOWN,0.0,0.0,0.0,0.0,0.0,0.0,0.0,0.0,-1,0,0,0.0,0.0,0.0,0.0,0.0,0.0,0.0,0.0,0.0
1787219192.8568182,SEARCHING,0,UNKNOWN,0.0,0.0,0.0,0.0,0.0,0.0,0.0,0.0,-1,0,0,0.0,0.0,0.0,0.0,0.0,0.0,0.0,0.0,0.0
1787219192.9896195,SEARCHING,0,UNKNOWN,0.0,0.0,0.0,0.0,0.0,0.0,0.0,0.0,-1,0,0,0.0,0.0,0.0,0.0,0.0,0.0,0.0,0.0,0.0
1787219193.1155477,SEARCHING,0,UNKNOWN,0.0,0.0,0.0,0.0,0.0,0.0,0.0,0.0,-1,0,0,0.0,0.0,0.0,0.0,0.0,0.0,0.0,0.0,0.0
1787219193.2344975,SEARCHING,0,UNKNOWN,0.0,0.0,0.0,0.0,0.0,0.0,0.0,0.0,-1,0,0,0.0,0.0,0.0,0.0,0.0,0.0,0.0,0.0,0.0
1787219193.3522496,SEARCHING,0,UNKNOWN,0.0,0.0,0.0,0.0,0.0,0.0,0.0,0.0,-1,0,0,0.0,0.0,0.0,0.0,0.0,0.0,0.0,0.0,0.0
1787219193.4801822,SEARCHING,0,UNKNOWN,0.0,0.0,0.0,0.0,0.0,0.0,0.0,0.0,-1,0,0,0.0,0.0,0.0,0.0,0.0,0.0,0.0,0.0,0.0
1787219193.6241302,SEARCHING,0,UNKNOWN,0.0,0.0,0.0,0.0,0.0,0.0,0.0,0.0,-1,0,0,0.0,0.0,0.0,0.0,0.0,0.0,0.0,0.0,0.0
1787219193.7652435,SEARCHING,0,UNKNOWN,0.0,0.0,0.0,0.0,0.0,0.0,0.0,0.0,-1,0,0,0.0,0.0,0.0,0.0,0.0,0.0,0.0,0.0,0.0
1787219193.8864725,SEARCHING,0,UNKNOWN,0.0,0.0,0.0,0.0,0.0,0.0,0.0,0.0,-1,0,0,0.0,0.0,0.0,0.0,0.0,0.0,0.0,0.0,0.0
1787219193.9936368,SEARCHING,0,UNKNOWN,0.0,0.0,0.0,0.0,0.0,0.0,0.0,0.0,-1,0,0,0.0,0.0,0.0,0.0,0.0,0.0,0.0,0.0,0.0
1787219194.1182523,SEARCHING,0,UNKNOWN,0.0,0.0,0.0,0.0,0.0,0.0,0.0,0.0,-1,0,0,0.0,0.0,0.0,0.0,0.0,0.0,0.0,0.0,0.0
1787219194.23018,SEARCHING,0,UNKNOWN,0.0,0.0,0.0,0.0,0.0,0.0,0.0,0.0,-1,0,0,0.0,0.0,0.0,0.0,0.0,0.0,0.0,0.0,0.0
1787219194.343097,SEARCHING,0,UNKNOWN,0.0,0.0,0.0,0.0,0.0,0.0,0.0,0.0,-1,0,0,0.0,0.0,0.0,0.0,0.0,0.0,0.0,0.0,0.0
1787219194.4531379,SEARCHING,0,UNKNOWN,0.0,0.0,0.0,0.0,0.0,0.0,0.0,0.0,-1,0,0,0.0,0.0,0.0,0.0,0.0,0.0,0.0,0.0,0.0
1787219194.5690923,SEARCHING,0,UNKNOWN,0.0,0.0,0.0,0.0,0.0,0.0,0.0,0.0,-1,0,0,0.0,0.0,0.0,0.0,0.0,0.0,0.0,0.0,0.0
1787219194.685759,SEARCHING,0,UNKNOWN,0.0,0.0,0.0,0.0,0.0,0.0,0.0,0.0,-1,0,0,0.0,0.0,0.0,0.0,0.0,0.0,0.0,0.0,0.0
1787219194.8178318,SEARCHING,0,UNKNOWN,0.0,0.0,0.0,0.0,0.0,0.0,0.0,0.0,-1,0,0,0.0,0.0,0.0,0.0,0.0,0.0,0.0,0.0,0.0
1787219194.952738,SEARCHING,0,UNKNOWN,0.0,0.0,0.0,0.0,0.0,0.0,0.0,0.0,-1,0,0,0.0,0.0,0.0,0.0,0.0,0.0,0.0,0.0,0.0
1787219195.0847237,SEARCHING,0,UNKNOWN,0.0,0.0,0.0,0.0,0.0,0.0,0.0,0.0,-1,0,0,0.0,0.0,0.0,0.0,0.0,0.0,0.0,0.0,0.0
1787219195.206531,SEARCHING,0,UNKNOWN,0.0,0.0,0.0,0.0,0.0,0.0,0.0,0.0,-1,0,0,0.0,0.0,0.0,0.0,0.0,0.0,0.0,0.0,0.0
1787219195.3265557,SEARCHING,0,UNKNOWN,0.0,0.0,0.0,0.0,0.0,0.0,0.0,0.0,-1,0,0,0.0,0.0,0.0,0.0,0.0,0.0,0.0,0.0,0.0
1787219195.448623,SEARCHING,0,UNKNOWN,0.0,0.0,0.0,0.0,0.0,0.0,0.0,0.0,-1,0,0,0.0,0.0,0.0,0.0,0.0,0.0,0.0,0.0,0.0
1787219195.560537,SEARCHING,0,UNKNOWN,0.0,0.0,0.0,0.0,0.0,0.0,0.0,0.0,-1,0,0,0.0,0.0,0.0,0.0,0.0,0.0,0.0,0.0,0.0
1787219195.6752992,SEARCHING,0,UNKNOWN,0.0,0.0,0.0,0.0,0.0,0.0,0.0,0.0,-1,0,0,0.0,0.0,0.0,0.0,0.0,0.0,0.0,0.0,0.0
1787219195.7821984,SEARCHING,0,UNKNOWN,0.0,0.0,0.0,0.0,0.0,0.0,0.0,0.0,-1,0,0,0.0,0.0,0.0,0.0,0.0,0.0,0.0,0.0,0.0
1787219195.9099045,SEARCHING,0,UNKNOWN,0.0,0.0,0.0,0.0,0.0,0.0,0.0,0.0,-1,0,0,0.0,0.0,0.0,0.0,0.0,0.0,0.0,0.0,0.0
1787219196.0283866,SEARCHING,0,UNKNOWN,0.0,0.0,0.0,0.0,0.0,0.0,0.0,0.0,-1,0,0,0.0,0.0,0.0,0.0,0.0,0.0,0.0,0.0,0.0
1787219196.179496,SEARCHING,0,UNKNOWN,0.0,0.0,0.0,0.0,0.0,0.0,0.0,0.0,-1,0,0,0.0,0.0,0.0,0.0,0.0,0.0,0.0,0.0,0.0
1787219196.3137078,SEARCHING,0,UNKNOWN,0.0,0.0,0.0,0.0,0.0,0.0,0.0,0.0,-1,0,0,0.0,0.0,0.0,0.0,0.0,0.0,0.0,0.0,0.0
1787219196.458574,SEARCHING,0,UNKNOWN,0.0,0.0,0.0,0.0,0.0,0.0,0.0,0.0,-1,0,0,0.0,0.0,0.0,0.0,0.0,0.0,0.0,0.0,0.0
1787219196.5704653,SEARCHING,0,UNKNOWN,0.0,0.0,0.0,0.0,0.0,0.0,0.0,0.0,-1,0,0,0.0,0.0,0.0,0.0,0.0,0.0,0.0,0.0,0.0
1787219196.7118056,SEARCHING,0,UNKNOWN,0.0,0.0,0.0,0.0,0.0,0.0,0.0,0.0,-1,0,0,0.0,0.0,0.0,0.0,0.0,0.0,0.0,0.0,0.0
1787219196.8209038,SEARCHING,0,UNKNOWN,0.0,0.0,0.0,0.0,0.0,0.0,0.0,0.0,-1,0,0,0.0,0.0,0.0,0.0,0.0,0.0,0.0,0.0,0.0
1787219196.96377,SEARCHING,0,UNKNOWN,0.0,0.0,0.0,0.0,0.0,0.0,0.0,0.0,-1,0,0,0.0,0.0,0.0,0.0,0.0,0.0,0.0,0.0,0.0
1787219197.0790303,SEARCHING,0,UNKNOWN,0.0,0.0,0.0,0.0,0.0,0.0,0.0,0.0,-1,0,0,0.0,0.0,0.0,0.0,0.0,0.0,0.0,0.0,0.0
1787219197.19485,SEARCHING,0,UNKNOWN,0.0,0.0,0.0,0.0,0.0,0.0,0.0,0.0,-1,0,0,0.0,0.0,0.0,0.0,0.0,0.0,0.0,0.0,0.0
1787219197.2997503,SEARCHING,0,UNKNOWN,0.0,0.0,0.0,0.0,0.0,0.0,0.0,0.0,-1,0,0,0.0,0.0,0.0,0.0,0.0,0.0,0.0,0.0,0.0
1787219197.4037867,SEARCHING,0,UNKNOWN,0.0,0.0,0.0,0.0,0.0,0.0,0.0,0.0,-1,0,0,0.0,0.0,0.0,0.0,0.0,0.0,0.0,0.0,0.0
1787219197.506839,SEARCHING,0,UNKNOWN,0.0,0.0,0.0,0.0,0.0,0.0,0.0,0.0,-1,0,0,0.0,0.0,0.0,0.0,0.0,0.0,0.0,0.0,0.0
1787219197.6329808,SEARCHING,0,UNKNOWN,0.0,0.0,0.0,0.0,0.0,0.0,0.0,0.0,-1,0,0,0.0,0.0,0.0,0.0,0.0,0.0,0.0,0.0,0.0
1787219197.767991,SEARCHING,0,UNKNOWN,0.0,0.0,0.0,0.0,0.0,0.0,0.0,0.0,-1,0,0,0.0,0.0,0.0,0.0,0.0,0.0,0.0,0.0,0.0
1787219197.878124,SEARCHING,0,UNKNOWN,0.0,0.0,0.0,0.0,0.0,0.0,0.0,0.0,-1,0,0,0.0,0.0,0.0,0.0,0.0,0.0,0.0,0.0,0.0
1787219197.985903,SEARCHING,0,UNKNOWN,0.0,0.0,0.0,0.0,0.0,0.0,0.0,0.0,-1,0,0,0.0,0.0,0.0,0.0,0.0,0.0,0.0,0.0,0.0
1787219198.1137557,SEARCHING,0,UNKNOWN,0.0,0.0,0.0,0.0,0.0,0.0,0.0,0.0,-1,0,0,0.0,0.0,0.0,0.0,0.0,0.0,0.0,0.0,0.0
1787219198.2472937,SEARCHING,0,UNKNOWN,0.0,0.0,0.0,0.0,0.0,0.0,0.0,0.0,-1,0,0,0.0,0.0,0.0,0.0,0.0,0.0,0.0,0.0,0.0
1787219198.381091,TRACKING,0,UNKNOWN,0.0,0.0,0.0,0.0,0.0,0.0,0.0,0.0,-1,0,0,0.07596133921738864,0.06336495221733178,0.6082697546037906,0.0026338390499973867,-0.004208116233258425,0.018213227313686017,0.0,0.0,0.0
1787219198.4909298,TRACKING,0,UNKNOWN,0.0,0.0,0.0,0.0,0.0,0.0,0.0,0.0,-1,0,0,0.07596133921738864,0.06336495221733178,0.6082697546037906,0.0026338390499973867,-0.004208116233258425,0.018213227313686017,0.0,0.0,0.0
1787219198.5956702,TRACKING,0,UNKNOWN,0.0,0.0,0.0,0.0,0.0,0.0,0.0,0.0,-1,0,0,0.07596133921738864,0.06336495221733178,0.6082697546037906,0.0026338390499973867,-0.004208116233258425,0.018213227313686017,0.0,0.0,0.0
1787219198.6969888,TRACKING,0,UNKNOWN,0.0,0.0,0.0,0.0,0.0,0.0,0.0,0.0,-1,0,0,0.07596133921738864,0.06336495221733178,0.6082697546037906,0.0026338390499973867,-0.004208116233258425,0.018213227313686017,0.0,0.0,0.0
1787219198.8001583,TRACKING,0,UNKNOWN,0.0,0.0,0.0,0.0,0.0,0.0,0.0,0.0,-1,0,0,0.07596133921738864,0.06336495221733178,0.6082697546037906,0.0026338390499973867,-0.004208116233258425,0.018213227313686017,0.0,0.0,0.0
1787219198.9065342,TRACKING,0,UNKNOWN,0.0,0.0,0.0,0.0,0.0,0.0,0.0,0.0,-1,0,0,0.07596133921738864,0.06336495221733178,0.6082697546037906,0.0026338390499973867,-0.004208116233258425,0.018213227313686017,0.0,0.0,0.0
1787219199.0380747,TRACKING,0,UNKNOWN,0.0,0.0,0.0,0.0,0.0,0.0,0.0,0.0,-1,0,0,0.07596133921738864,0.06336495221733178,0.6082697546037906,0.0026338390499973867,-0.004208116233258425,0.018213227313686017,0.0,0.0,0.0
1787219199.1470065,TRACKING,0,UNKNOWN,0.0,0.0,0.0,0.0,0.0,0.0,0.0,0.0,-1,0,0,0.07596133921738864,0.06336495221733178,0.6082697546037906,0.0026338390499973867,-0.004208116233258425,0.018213227313686017,0.0,0.0,0.0
1787219199.265854,TRACKING,0,UNKNOWN,0.0,0.0,0.0,0.0,0.0,0.0,0.0,0.0,-1,0,0,0.07596133921738864,0.06336495221733178,0.6082697546037906,0.0026338390499973867,-0.004208116233258425,0.018213227313686017,0.0,0.0,0.0
1787219199.3918266,TRACKING,0,UNKNOWN,0.0,0.0,0.0,0.0,0.0,0.0,0.0,0.0,-1,0,0,0.07862050874035824,0.059116365183661077,0.6266581443527844,0.002367922097700426,-0.0037832575298913547,0.016374388338786638,0.0,0.0,0.0
1787219199.5144742,TRACKING,0,UNKNOWN,0.0,0.0,0.0,0.0,0.0,0.0,0.0,0.0,-1,0,0,0.07862050874035824,0.059116365183661077,0.6266581443527844,0.002367922097700426,-0.0037832575298913547,0.016374388338786638,0.0,0.0,0.0
1787219199.645393,TRACKING,0,UNKNOWN,0.0,0.0,0.0,0.0,0.0,0.0,0.0,0.0,-1,0,0,0.07862050874035824,0.059116365183661077,0.6266581443527844,0.002367922097700426,-0.0037832575298913547,0.016374388338786638,0.0,0.0,0.0
1787219199.7455363,TRACKING,0,UNKNOWN,0.0,0.0,0.0,0.0,0.0,0.0,0.0,0.0,-1,0,0,0.07862050874035824,0.059116365183661077,0.6266581443527844,0.002367922097700426,-0.0037832575298913547,0.016374388338786638,0.0,0.0,0.0
1787219199.8475423,TRACKING,0,UNKNOWN,0.0,0.0,0.0,0.0,0.0,0.0,0.0,0.0,-1,0,0,0.07862050874035824,0.059116365183661077,0.6266581443527844,0.002367922097700426,-0.0037832575298913547,0.016374388338786638,0.0,0.0,0.0
1787219199.9536138,TRACKING,0,UNKNOWN,0.0,0.0,0.0,0.0,0.0,0.0,0.0,0.0,-1,0,0,0.07862050874035824,0.059116365183661077,0.6266581443527844,0.002367922097700426,-0.0037832575298913547,0.016374388338786638,0.0,0.0,0.0
1787219200.0798357,TRACKING,0,UNKNOWN,0.0,0.0,0.0,0.0,0.0,0.0,0.0,0.0,-1,0,0,0.07862050874035824,0.059116365183661077,0.6266581443527844,0.002367922097700426,-0.0037832575298913547,0.016374388338786638,0.0,0.0,0.0
1787219200.212257,TRACKING,0,UNKNOWN,0.0,0.0,0.0,0.0,0.0,0.0,0.0,0.0,-1,0,0,0.07862050874035824,0.059116365183661077,0.6266581443527844,0.002367922097700426,-0.0037832575298913547,0.016374388338786638,0.0,0.0,0.0
1787219200.3124151,TRACKING,0,UNKNOWN,0.0,0.0,0.0,0.0,0.0,0.0,0.0,0.0,-1,0,0,0.07862050874035824,0.059116365183661077,0.6266581443527844,0.002367922097700426,-0.0037832575298913547,0.016374388338786638,0.0,0.0,0.0
1787219200.428769,TRACKING,0,UNKNOWN,0.0,0.0,0.0,0.0,0.0,0.0,0.0,0.0,-1,0,0,0.08224655204454871,0.06857526871095279,0.6577403544063926,0.0025598170241484643,0.0013458676686662523,0.019842463592270106,0.0,0.0,0.0
1787219200.5538712,TRACKING,0,UNKNOWN,0.0,0.0,0.0,0.0,0.0,0.0,0.0,0.0,-1,0,0,0.08224655204454871,0.06857526871095279,0.6577403544063926,0.0025598170241484643,0.0013458676686662523,0.019842463592270106,0.0,0.0,0.0
1787219200.6783402,TRACKING,0,UNKNOWN,0.0,0.0,0.0,0.0,0.0,0.0,0.0,0.0,-1,0,0,0.08224655204454871,0.06857526871095279,0.6577403544063926,0.0025598170241484643,0.0013458676686662523,0.019842463592270106,0.0,0.0,0.0
1787219200.7837048,TRACKING,0,UNKNOWN,0.0,0.0,0.0,0.0,0.0,0.0,0.0,0.0,-1,0,0,0.08224655204454871,0.06857526871095279,0.6577403544063926,0.0025598170241484643,0.0013458676686662523,0.019842463592270106,0.0,0.0,0.0
1787219200.8894584,TRACKING,0,UNKNOWN,0.0,0.0,0.0,0.0,0.0,0.0,0.0,0.0,-1,0,0,0.08224655204454871,0.06857526871095279,0.6577403544063926,0.0025598170241484643,0.0013458676686662523,0.019842463592270106,0.0,0.0,0.0
1787219201.0042746,TRACKING,0,UNKNOWN,0.0,0.0,0.0,0.0,0.0,0.0,0.0,0.0,-1,0,0,0.08224655204454871,0.06857526871095279,0.6577403544063926,0.0025598170241484643,0.0013458676686662523,0.019842463592270106,0.0,0.0,0.0
1787219201.1327925,TRACKING,0,UNKNOWN,0.0,0.0,0.0,0.0,0.0,0.0,0.0,0.0,-1,0,0,0.08224655204454871,0.06857526871095279,0.6577403544063926,0.0025598170241484643,0.0013458676686662523,0.019842463592270106,0.0,0.0,0.0
1787219201.260417,TRACKING,0,UNKNOWN,0.0,0.0,0.0,0.0,0.0,0.0,0.0,0.0,-1,0,0,0.08224655204454871,0.06857526871095279,0.6577403544063926,0.0025598170241484643,0.0013458676686662523,0.019842463592270106,0.0,0.0,0.0
1787219201.3899896,TRACKING,0,UNKNOWN,0.0,0.0,0.0,0.0,0.0,0.0,0.0,0.0,-1,0,0,0.08466675922337594,0.0698477341109128,0.6765006299958578,0.0023177963062657415,0.001218621128670251,0.01796643603332358,0.0,0.0,0.0
1787219201.5157957,TRACKING,0,UNKNOWN,0.0,0.0,0.0,0.0,0.0,0.0,0.0,0.0,-1,0,0,0.08466675922337594,0.0698477341109128,0.6765006299958578,0.0023177963062657415,0.001218621128670251,0.01796643603332358,0.0,0.0,0.0
1787219201.6411035,TRACKING,0,UNKNOWN,0.0,0.0,0.0,0.0,0.0,0.0,0.0,0.0,-1,0,0,0.08466675922337594,0.0698477341109128,0.6765006299958578,0.0023177963062657415,0.001218621128670251,0.01796643603332358,0.0,0.0,0.0
1787219201.7669106,TRACKING,0,UNKNOWN,0.0,0.0,0.0,0.0,0.0,0.0,0.0,0.0,-1,0,0,0.08466675922337594,0.0698477341109128,0.6765006299958578,0.0023177963062657415,0.001218621128670251,0.01796643603332358,0.0,0.0,0.0
1787219201.8717868,TRACKING,0,UNKNOWN,0.0,0.0,0.0,0.0,0.0,0.0,0.0,0.0,-1,0,0,0.08466675922337594,0.0698477341109128,0.6765006299958578,0.0023177963062657415,0.001218621128670251,0.01796643603332358,0.0,0.0,0.0
1787219201.9926045,TRACKING,0,UNKNOWN,0.0,0.0,0.0,0.0,0.0,0.0,0.0,0.0,-1,0,0,0.08466675922337594,0.0698477341109128,0.6765006299958578,0.0023177963062657415,0.001218621128670251,0.01796643603332358,0.0,0.0,0.0
1787219202.1181297,TRACKING,0,UNKNOWN,0.0,0.0,0.0,0.0,0.0,0.0,0.0,0.0,-1,0,0,0.08466675922337594,0.0698477341109128,0.6765006299958578,0.0023177963062657415,0.001218621128670251,0.01796643603332358,0.0,0.0,0.0
1787219202.2535796,TRACKING,0,UNKNOWN,0.0,0.0,0.0,0.0,0.0,0.0,0.0,0.0,-1,0,0,0.08466675922337594,0.0698477341109128,0.6765006299958578,0.0023177963062657415,0.001218621128670251,0.01796643603332358,0.0,0.0,0.0
1787219202.3792372,TRACKING,0,UNKNOWN,0.0,0.0,0.0,0.0,0.0,0.0,0.0,0.0,-1,0,0,0.0869404134675185,0.07104314679394831,0.6941248981115904,0.002090430881851485,0.0010990798603667002,0.016204009221750318,0.0,0.0,0.0
1787219202.485466,TRACKING,0,UNKNOWN,0.0,0.0,0.0,0.0,0.0,0.0,0.0,0.0,-1,0,0,0.0869404134675185,0.07104314679394831,0.6941248981115904,0.002090430881851485,0.0010990798603667002,0.016204009221750318,0.0,0.0,0.0
1787219202.6131516,TRACKING,0,UNKNOWN,0.0,0.0,0.0,0.0,0.0,0.0,0.0,0.0,-1,0,0,0.0869404134675185,0.07104314679394831,0.6941248981115904,0.002090430881851485,0.0010990798603667002,0.016204009221750318,0.0,0.0,0.0
1787219202.751377,TRACKING,0,UNKNOWN,0.0,0.0,0.0,0.0,0.0,0.0,0.0,0.0,-1,0,0,0.0869404134675185,0.07104314679394831,0.6941248981115904,0.002090430881851485,0.0010990798603667002,0.016204009221750318,0.0,0.0,0.0
1787219202.8766634,TRACKING,0,UNKNOWN,0.0,0.0,0.0,0.0,0.0,0.0,0.0,0.0,-1,0,0,0.0869404134675185,0.07104314679394831,0.6941248981115904,0.002090430881851485,0.0010990798603667002,0.016204009221750318,0.0,0.0,0.0
1787219202.9973164,TRACKING,0,UNKNOWN,0.0,0.0,0.0,0.0,0.0,0.0,0.0,0.0,-1,0,0,0.0869404134675185,0.07104314679394831,0.6941248981115904,0.002090430881851485,0.0010990798603667002,0.016204009221750318,0.0,0.0,0.0
1787219203.1142125,TRACKING,0,UNKNOWN,0.0,0.0,0.0,0.0,0.0,0.0,0.0,0.0,-1,0,0,0.0869404134675185,0.07104314679394831,0.6941248981115904,0.002090430881851485,0.0010990798603667002,0.016204009221750318,0.0,0.0,0.0
1787219203.2536566,TRACKING,0,UNKNOWN,0.0,0.0,0.0,0.0,0.0,0.0,0.0,0.0,-1,0,0,0.0869404134675185,0.07104314679394831,0.6941248981115904,0.002090430881851485,0.0010990798603667002,0.016204009221750318,0.0,0.0,0.0
1787219203.381514,TRACKING,0,UNKNOWN,0.0,0.0,0.0,0.0,0.0,0.0,0.0,0.0,-1,0,0,0.08902169162979173,0.07213741445514431,0.7102579598776091,0.0018823030656241625,0.0009896530942471002,0.014590703045148451,0.0,0.0,0.0
1787219203.4990454,TRACKING,0,UNKNOWN,0.0,0.0,0.0,0.0,0.0,0.0,0.0,0.0,-1,0,0,0.08902169162979173,0.07213741445514431,0.7102579598776091,0.0018823030656241625,0.0009896530942471002,0.014590703045148451,0.0,0.0,0.0
1787219203.602391,TRACKING,0,UNKNOWN,0.0,0.0,0.0,0.0,0.0,0.0,0.0,0.0,-1,0,0,0.08902169162979173,0.07213741445514431,0.7102579598776091,0.0018823030656241625,0.0009896530942471002,0.014590703045148451,0.0,0.0,0.0
1787219203.7338176,TRACKING,0,UNKNOWN,0.0,0.0,0.0,0.0,0.0,0.0,0.0,0.0,-1,0,0,0.08902169162979173,0.07213741445514431,0.7102579598776091,0.0018823030656241625,0.0009896530942471002,0.014590703045148451,0.0,0.0,0.0
1787219203.8460705,TRACKING,0,UNKNOWN,0.0,0.0,0.0,0.0,0.0,0.0,0.0,0.0,-1,0,0,0.08902169162979173,0.07213741445514431,0.7102579598776091,0.0018823030656241625,0.0009896530942471002,0.014590703045148451,0.0,0.0,0.0
1787219203.9818652,TRACKING,0,UNKNOWN,0.0,0.0,0.0,0.0,0.0,0.0,0.0,0.0,-1,0,0,0.08902169162979173,0.07213741445514431,0.7102579598776091,0.0018823030656241625,0.0009896530942471002,0.014590703045148451,0.0,0.0,0.0
1787219204.11357,TRACKING,0,UNKNOWN,0.0,0.0,0.0,0.0,0.0,0.0,0.0,0.0,-1,0,0,0.08902169162979173,0.07213741445514431,0.7102579598776091,0.0018823030656241625,0.0009896530942471002,0.014590703045148451,0.0,0.0,0.0
1787219204.226567,TRACKING,0,UNKNOWN,0.0,0.0,0.0,0.0,0.0,0.0,0.0,0.0,-1,0,0,0.08902169162979173,0.07213741445514431,0.7102579598776091,0.0018823030656241625,0.0009896530942471002,0.014590703045148451,0.0,0.0,0.0
1787219204.3708525,TRACKING,0,UNKNOWN,0.0,0.0,0.0,0.0,0.0,0.0,0.0,0.0,-1,0,0,0.09099420086427383,0.073174494988554,0.7255478975182291,0.0016850521421759525,0.0008859450409061319,0.013061709281086445,0.0,0.0,0.0
1787219204.4941652,TRACKING,0,UNKNOWN,0.0,0.0,0.0,0.0,0.0,0.0,0.0,0.0,-1,0,0,0.09099420086427383,0.073174494988554,0.7255478975182291,0.0016850521421759525,0.0008859450409061319,0.013061709281086445,0.0,0.0,0.0
1787219204.615576,TRACKING,0,UNKNOWN,0.0,0.0,0.0,0.0,0.0,0.0,0.0,0.0,-1,0,0,0.09099420086427383,0.073174494988554,0.7255478975182291,0.0016850521421759525,0.0008859450409061319,0.013061709281086445,0.0,0.0,0.0
1787219204.7281747,TRACKING,0,UNKNOWN,0.0,0.0,0.0,0.0,0.0,0.0,0.0,0.0,-1,0,0,0.09099420086427383,0.073174494988554,0.7255478975182291,0.0016850521421759525,0.0008859450409061319,0.013061709281086445,0.0,0.0,0.0
1787219204.8322794,TRACKING,0,UNKNOWN,0.0,0.0,0.0,0.0,0.0,0.0,0.0,0.0,-1,0,0,0.09099420086427383,0.073174494988554,0.7255478975182291,0.0016850521421759525,0.0008859450409061319,0.013061709281086445,0.0,0.0,0.0
1787219204.9592605,TRACKING,0,UNKNOWN,0.0,0.0,0.0,0.0,0.0,0.0,0.0,0.0,-1,0,0,0.09099420086427383,0.073174494988554,0.7255478975182291,0.0016850521421759525,0.0008859450409061319,0.013061709281086445,0.0,0.0,0.0
1787219205.081055,TRACKING,0,UNKNOWN,0.0,0.0,0.0,0.0,0.0,0.0,0.0,0.0,-1,0,0,0.09099420086427383,0.073174494988554,0.7255478975182291,0.0016850521421759525,0.0008859450409061319,0.013061709281086445,0.0,0.0,0.0
1787219205.1908073,TRACKING,0,UNKNOWN,0.0,0.0,0.0,0.0,0.0,0.0,0.0,0.0,-1,0,0,0.09099420086427383,0.073174494988554,0.7255478975182291,0.0016850521421759525,0.0008859450409061319,0.013061709281086445,0.0,0.0,0.0
1787219205.3115358,TRACKING,0,UNKNOWN,0.0,0.0,0.0,0.0,0.0,0.0,0.0,0.0,-1,0,0,0.09099420086427383,0.073174494988554,0.7255478975182291,0.0016850521421759525,0.0008859450409061319,0.013061709281086445,0.0,0.0,0.0
1787219205.4272234,TRACKING,0,UNKNOWN,0.0,0.0,0.0,0.0,0.0,0.0,0.0,0.0,-1,0,0,0.09261635651259859,0.07402737111994502,0.7381220635969888,0.0015228365773434773,0.0008006574277670295,0.011804292673210476,0.0,0.0,0.0
1787219205.5461056,TRACKING,0,UNKNOWN,0.0,0.0,0.0,0.0,0.0,0.0,0.0,0.0,-1,0,0,0.09261635651259859,0.07402737111994502,0.7381220635969888,0.0015228365773434773,0.0008006574277670295,0.011804292673210476,0.0,0.0,0.0
1787219205.6589315,TRACKING,0,UNKNOWN,0.0,0.0,0.0,0.0,0.0,0.0,0.0,0.0,-1,0,0,0.09261635651259859,0.07402737111994502,0.7381220635969888,0.0015228365773434773,0.0008006574277670295,0.011804292673210476,0.0,0.0,0.0
1787219205.7811406,TRACKING,0,UNKNOWN,0.0,0.0,0.0,0.0,0.0,0.0,0.0,0.0,-1,0,0,0.09261635651259859,0.07402737111994502,0.7381220635969888,0.0015228365773434773,0.0008006574277670295,0.011804292673210476,0.0,0.0,0.0
1787219205.9061458,TRACKING,0,UNKNOWN,0.0,0.0,0.0,0.0,0.0,0.0,0.0,0.0,-1,0,0,0.09261635651259859,0.07402737111994502,0.7381220635969888,0.0015228365773434773,0.0008006574277670295,0.011804292673210476,0.0,0.0,0.0
1787219206.017065,TRACKING,0,UNKNOWN,0.0,0.0,0.0,0.0,0.0,0.0,0.0,0.0,-1,0,0,0.09261635651259859,0.07402737111994502,0.7381220635969888,0.0015228365773434773,0.0008006574277670295,0.011804292673210476,0.0,0.0,0.0
1787219206.125515,TRACKING,0,UNKNOWN,0.0,0.0,0.0,0.0,0.0,0.0,0.0,0.0,-1,0,0,0.09261635651259859,0.07402737111994502,0.7381220635969888,0.0015228365773434773,0.0008006574277670295,0.011804292673210476,0.0,0.0,0.0
1787219206.2820885,TRACKING,0,UNKNOWN,0.0,0.0,0.0,0.0,0.0,0.0,0.0,0.0,-1,0,0,0.09261635651259859,0.07402737111994502,0.7381220635969888,0.0015228365773434773,0.0008006574277670295,0.011804292673210476,0.0,0.0,0.0
1787219206.4309196,TRACKING,0,UNKNOWN,0.0,0.0,0.0,0.0,0.0,0.0,0.0,0.0,-1,0,0,0.09261635651259859,0.07402737111994502,0.7381220635969888,0.0015228365773434773,0.0008006574277670295,0.011804292673210476,0.0,0.0,0.0
1787219206.5465217,TRACKING,0,UNKNOWN,0.0,0.0,0.0,0.0,0.0,0.0,0.0,0.0,-1,0,0,0.09261635651259859,0.07402737111994502,0.7381220635969888,0.0015228365773434773,0.0008006574277670295,0.011804292673210476,0.0,0.0,0.0
1787219206.6469207,TRACKING,0,UNKNOWN,0.0,0.0,0.0,0.0,0.0,0.0,0.0,0.0,-1,0,0,0.09451330045142183,0.07502472190418082,0.7528262556105563,0.001333142183461153,0.0007009223493434497,0.010333873471853739,0.0,0.0,0.0
1787219206.7584803,TRACKING,0,UNKNOWN,0.0,0.0,0.0,0.0,0.0,0.0,0.0,0.0,-1,0,0,0.09451330045142183,0.07502472190418082,0.7528262556105563,0.001333142183461153,0.0007009223493434497,0.010333873471853739,0.0,0.0,0.0
1787219206.8679657,TRACKING,0,UNKNOWN,0.0,0.0,0.0,0.0,0.0,0.0,0.0,0.0,-1,0,0,0.09451330045142183,0.07502472190418082,0.7528262556105563,0.001333142183461153,0.0007009223493434497,0.010333873471853739,0.0,0.0,0.0
1787219206.9806395,TRACKING,0,UNKNOWN,0.0,0.0,0.0,0.0,0.0,0.0,0.0,0.0,-1,0,0,0.09451330045142183,0.07502472190418082,0.7528262556105563,0.001333142183461153,0.0007009223493434497,0.010333873471853739,0.0,0.0,0.0
1787219207.1134546,TRACKING,0,UNKNOWN,0.0,0.0,0.0,0.0,0.0,0.0,0.0,0.0,-1,0,0,0.09451330045142183,0.07502472190418082,0.7528262556105563,0.001333142183461153,0.0007009223493434497,0.010333873471853739,0.0,0.0,0.0
1787219207.2135563,TRACKING,0,UNKNOWN,0.0,0.0,0.0,0.0,0.0,0.0,0.0,0.0,-1,0,0,0.09451330045142183,0.07502472190418082,0.7528262556105563,0.001333142183461153,0.0007009223493434497,0.010333873471853739,0.0,0.0,0.0
1787219207.3234155,TRACKING,0,UNKNOWN,0.0,0.0,0.0,0.0,0.0,0.0,0.0,0.0,-1,0,0,0.09451330045142183,0.07502472190418082,0.7528262556105563,0.001333142183461153,0.0007009223493434497,0.010333873471853739,0.0,0.0,0.0
1787219207.4363725,TRACKING,0,UNKNOWN,0.0,0.0,0.0,0.0,0.0,0.0,0.0,0.0,-1,0,0,0.09451330045142183,0.07502472190418082,0.7528262556105563,0.001333142183461153,0.0007009223493434497,0.010333873471853739,0.0,0.0,0.0
1787219207.5469897,TRACKING,0,UNKNOWN,0.0,0.0,0.0,0.0,0.0,0.0,0.0,0.0,-1,0,0,0.09451330045142183,0.07502472190418082,0.7528262556105563,0.001333142183461153,0.0007009223493434497,0.010333873471853739,0.0,0.0,0.0
1787219207.682734,TRACKING,0,UNKNOWN,0.0,0.0,0.0,0.0,0.0,0.0,0.0,0.0,-1,0,0,0.09594974400056071,0.0757799567168305,0.7639608713105285,0.0011894978285472643,0.0006253988680784815,0.009220411901856518,0.0,0.0,0.0
1787219207.804341,TRACKING,0,UNKNOWN,0.0,0.0,0.0,0.0,0.0,0.0,0.0,0.0,-1,0,0,0.09594974400056071,0.0757799567168305,0.7639608713105285,0.0011894978285472643,0.0006253988680784815,0.009220411901856518,0.0,0.0,0.0
1787219207.9306757,TRACKING,0,UNKNOWN,0.0,0.0,0.0,0.0,0.0,0.0,0.0,0.0,-1,0,0,0.09594974400056071,0.0757799567168305,0.7639608713105285,0.0011894978285472643,0.0006253988680784815,0.009220411901856518,0.0,0.0,0.0
1787219208.0584464,TRACKING,0,UNKNOWN,0.0,0.0,0.0,0.0,0.0,0.0,0.0,0.0,-1,0,0,0.09594974400056071,0.0757799567168305,0.7639608713105285,0.0011894978285472643,0.0006253988680784815,0.009220411901856518,0.0,0.0,0.0
1787219208.1693945,TRACKING,0,UNKNOWN,0.0,0.0,0.0,0.0,0.0,0.0,0.0,0.0,-1,0,0,0.09594974400056071,0.0757799567168305,0.7639608713105285,0.0011894978285472643,0.0006253988680784815,0.009220411901856518,0.0,0.0,0.0
1787219208.2838411,TRACKING,0,UNKNOWN,0.0,0.0,0.0,0.0,0.0,0.0,0.0,0.0,-1,0,0,0.09594974400056071,0.0757799567168305,0.7639608713105285,0.0011894978285472643,0.0006253988680784815,0.009220411901856518,0.0,0.0,0.0
1787219208.3914714,TRACKING,0,UNKNOWN,0.0,0.0,0.0,0.0,0.0,0.0,0.0,0.0,-1,0,0,0.09594974400056071,0.0757799567168305,0.7639608713105285,0.0011894978285472643,0.0006253988680784815,0.009220411901856518,0.0,0.0,0.0
1787219208.5148368,TRACKING,0,UNKNOWN,0.0,0.0,0.0,0.0,0.0,0.0,0.0,0.0,-1,0,0,0.09594974400056071,0.0757799567168305,0.7639608713105285,0.0011894978285472643,0.0006253988680784815,0.009220411901856518,0.0,0.0,0.0
1787219208.6358113,TRACKING,0,UNKNOWN,0.0,0.0,0.0,0.0,0.0,0.0,0.0,0.0,-1,0,0,0.09594974400056071,0.0757799567168305,0.7639608713105285,0.0011894978285472643,0.0006253988680784815,0.009220411901856518,0.0,0.0,0.0
1787219208.7358954,TRACKING,0,UNKNOWN,0.0,0.0,0.0,0.0,0.0,0.0,0.0,0.0,-1,0,0,0.09713864949487433,0.07640504415503466,0.7731766917238705,0.0010706072791159024,0.0005628901242580651,0.008298829860522315,0.0,0.0,0.0
1787219208.8800802,TRACKING,0,UNKNOWN,0.0,0.0,0.0,0.0,0.0,0.0,0.0,0.0,-1,0,0,0.09713864949487433,0.07640504415503466,0.7731766917238705,0.0010706072791159024,0.0005628901242580651,0.008298829860522315,0.0,0.0,0.0
1787219209.011546,TRACKING,0,UNKNOWN,0.0,0.0,0.0,0.0,0.0,0.0,0.0,0.0,-1,0,0,0.09713864949487433,0.07640504415503466,0.7731766917238705,0.0010706072791159024,0.0005628901242580651,0.008298829860522315,0.0,0.0,0.0
1787219209.1286006,TRACKING,0,UNKNOWN,0.0,0.0,0.0,0.0,0.0,0.0,0.0,0.0,-1,0,0,0.09713864949487433,0.07640504415503466,0.7731766917238705,0.0010706072791159024,0.0005628901242580651,0.008298829860522315,0.0,0.0,0.0
1787219209.2600818,TRACKING,0,UNKNOWN,0.0,0.0,0.0,0.0,0.0,0.0,0.0,0.0,-1,0,0,0.09713864949487433,0.07640504415503466,0.7731766917238705,0.0010706072791159024,0.0005628901242580651,0.008298829860522315,0.0,0.0,0.0
1787219209.3834734,TRACKING,0,UNKNOWN,0.0,0.0,0.0,0.0,0.0,0.0,0.0,0.0,-1,0,0,0.09713864949487433,0.07640504415503466,0.7731766917238705,0.0010706072791159024,0.0005628901242580651,0.008298829860522315,0.0,0.0,0.0
1787219209.4939141,TRACKING,0,UNKNOWN,0.0,0.0,0.0,0.0,0.0,0.0,0.0,0.0,-1,0,0,0.09713864949487433,0.07640504415503466,0.7731766917238705,0.0010706072791159024,0.0005628901242580651,0.008298829860522315,0.0,0.0,0.0
1787219209.6184626,TRACKING,0,UNKNOWN,0.0,0.0,0.0,0.0,0.0,0.0,0.0,0.0,-1,0,0,0.09713864949487433,0.07640504415503466,0.7731766917238705,0.0010706072791159024,0.0005628901242580651,0.008298829860522315,0.0,0.0,0.0
1787219209.7210643,TRACKING,0,UNKNOWN,0.0,0.0,0.0,0.0,0.0,0.0,0.0,0.0,-1,0,0,0.09826839010546967,0.07699902464170062,0.7819338945719545,0.0009576332180563687,0.0005034920755914683,0.00742310957571391,0.0,0.0,0.0
1787219209.8567965,TRACKING,0,UNKNOWN,0.0,0.0,0.0,0.0,0.0,0.0,0.0,0.0,-1,0,0,0.09826839010546967,0.07699902464170062,0.7819338945719545,0.0009576332180563687,0.0005034920755914683,0.00742310957571391,0.0,0.0,0.0
1787219209.982322,TRACKING,0,UNKNOWN,0.0,0.0,0.0,0.0,0.0,0.0,0.0,0.0,-1,0,0,0.09826839010546967,0.07699902464170062,0.7819338945719545,0.0009576332180563687,0.0005034920755914683,0.00742310957571391,0.0,0.0,0.0
1787219210.0831857,TRACKING,0,UNKNOWN,0.0,0.0,0.0,0.0,0.0,0.0,0.0,0.0,-1,0,0,0.09826839010546967,0.07699902464170062,0.7819338945719545,0.0009576332180563687,0.0005034920755914683,0.00742310957571391,0.0,0.0,0.0
1787219210.1838517,TRACKING,0,UNKNOWN,0.0,0.0,0.0,0.0,0.0,0.0,0.0,0.0,-1,0,0,0.09826839010546967,0.07699902464170062,0.7819338945719545,0.0009576332180563687,0.0005034920755914683,0.00742310957571391,0.0,0.0,0.0
1787219210.2878015,TRACKING,0,UNKNOWN,0.0,0.0,0.0,0.0,0.0,0.0,0.0,0.0,-1,0,0,0.09826839010546967,0.07699902464170062,0.7819338945719545,0.0009576332180563687,0.0005034920755914683,0.00742310957571391,0.0,0.0,0.0
1787219210.3975365,TRACKING,0,UNKNOWN,0.0,0.0,0.0,0.0,0.0,0.0,0.0,0.0,-1,0,0,0.09826839010546967,0.07699902464170062,0.7819338945719545,0.0009576332180563687,0.0005034920755914683,0.00742310957571391,0.0,0.0,0.0
1787219210.5210938,TRACKING,0,UNKNOWN,0.0,0.0,0.0,0.0,0.0,0.0,0.0,0.0,-1,0,0,0.09826839010546967,0.07699902464170062,0.7819338945719545,0.0009576332180563687,0.0005034920755914683,0.00742310957571391,0.0,0.0,0.0
1787219210.6283033,TRACKING,0,UNKNOWN,0.0,0.0,0.0,0.0,0.0,0.0,0.0,0.0,-1,0,0,0.09826839010546967,0.07699902464170062,0.7819338945719545,0.0009576332180563687,0.0005034920755914683,0.00742310957571391,0.0,0.0,0.0
1787219210.7504354,TRACKING,0,UNKNOWN,0.0,0.0,0.0,0.0,0.0,0.0,0.0,0.0,-1,0,0,0.09924792808211087,0.07751403351950535,0.7895267992426368,0.0008596794203922483,0.0004519911878109949,0.006663819108645677,0.0,0.0,0.0
1787219210.8870606,TRACKING,0,UNKNOWN,0.0,0.0,0.0,0.0,0.0,0.0,0.0,0.0,-1,0,0,0.09924792808211087,0.07751403351950535,0.7895267992426368,0.0008596794203922483,0.0004519911878109949,0.006663819108645677,0.0,0.0,0.0
1787219210.9919906,TRACKING,0,UNKNOWN,0.0,0.0,0.0,0.0,0.0,0.0,0.0,0.0,-1,0,0,0.09924792808211087,0.07751403351950535,0.7895267992426368,0.0008596794203922483,0.0004519911878109949,0.006663819108645677,0.0,0.0,0.0
1787219211.1098125,TRACKING,0,UNKNOWN,0.0,0.0,0.0,0.0,0.0,0.0,0.0,0.0,-1,0,0,0.09924792808211087,0.07751403351950535,0.7895267992426368,0.0008596794203922483,0.0004519911878109949,0.006663819108645677,0.0,0.0,0.0
1787219211.2221506,TRACKING,0,UNKNOWN,0.0,0.0,0.0,0.0,0.0,0.0,0.0,0.0,-1,0,0,0.09924792808211087,0.07751403351950535,0.7895267992426368,0.0008596794203922483,0.0004519911878109949,0.006663819108645677,0.0,0.0,0.0
1787219211.3545804,TRACKING,0,UNKNOWN,0.0,0.0,0.0,0.0,0.0,0.0,0.0,0.0,-1,0,0,0.09924792808211087,0.07751403351950535,0.7895267992426368,0.0008596794203922483,0.0004519911878109949,0.006663819108645677,0.0,0.0,0.0
1787219211.4875832,TRACKING,0,UNKNOWN,0.0,0.0,0.0,0.0,0.0,0.0,0.0,0.0,-1,0,0,0.09924792808211087,0.07751403351950535,0.7895267992426368,0.0008596794203922483,0.0004519911878109949,0.006663819108645677,0.0,0.0,0.0
1787219211.5955598,TRACKING,0,UNKNOWN,0.0,0.0,0.0,0.0,0.0,0.0,0.0,0.0,-1,0,0,0.09924792808211087,0.07751403351950535,0.7895267992426368,0.0008596794203922483,0.0004519911878109949,0.006663819108645677,0.0,0.0,0.0
1787219211.7096903,TRACKING,0,UNKNOWN,0.0,0.0,0.0,0.0,0.0,0.0,0.0,0.0,-1,0,0,0.10010097091578612,0.07796253540811705,0.796139174740639,0.0007743751370247231,0.000407140998949825,0.006002581558845461,0.0,0.0,0.0
1787219211.828762,TRACKING,0,UNKNOWN,0.0,0.0,0.0,0.0,0.0,0.0,0.0,0.0,-1,0,0,0.10010097091578612,0.07796253540811705,0.796139174740639,0.0007743751370247231,0.000407140998949825,0.006002581558845461,0.0,0.0,0.0
1787219211.9594638,TRACKING,0,UNKNOWN,0.0,0.0,0.0,0.0,0.0,0.0,0.0,0.0,-1,0,0,0.10010097091578612,0.07796253540811705,0.796139174740639,0.0007743751370247231,0.000407140998949825,0.006002581558845461,0.0,0.0,0.0
1787219212.0856571,TRACKING,0,UNKNOWN,0.0,0.0,0.0,0.0,0.0,0.0,0.0,0.0,-1,0,0,0.10010097091578612,0.07796253540811705,0.796139174740639,0.0007743751370247231,0.000407140998949825,0.006002581558845461,0.0,0.0,0.0
1787219212.2220948,TRACKING,0,UNKNOWN,0.0,0.0,0.0,0.0,0.0,0.0,0.0,0.0,-1,0,0,0.10010097091578612,0.07796253540811705,0.796139174740639,0.0007743751370247231,0.000407140998949825,0.006002581558845461,0.0,0.0,0.0
1787219212.3404825,TRACKING,0,UNKNOWN,0.0,0.0,0.0,0.0,0.0,0.0,0.0,0.0,-1,0,0,0.10010097091578612,0.07796253540811705,0.796139174740639,0.0007743751370247231,0.000407140998949825,0.006002581558845461,0.0,0.0,0.0
1787219212.4559412,TRACKING,0,UNKNOWN,0.0,0.0,0.0,0.0,0.0,0.0,0.0,0.0,-1,0,0,0.10010097091578612,0.07796253540811705,0.796139174740639,0.0007743751370247231,0.000407140998949825,0.006002581558845461,0.0,0.0,0.0
1787219212.5697625,TRACKING,0,UNKNOWN,0.0,0.0,0.0,0.0,0.0,0.0,0.0,0.0,-1,0,0,0.10010097091578612,0.07796253540811705,0.796139174740639,0.0007743751370247231,0.000407140998949825,0.006002581558845461,0.0,0.0,0.0
1787219212.6822543,TRACKING,0,UNKNOWN,0.0,0.0,0.0,0.0,0.0,0.0,0.0,0.0,-1,0,0,0.10010097091578612,0.07796253540811705,0.796139174740639,0.0007743751370247231,0.000407140998949825,0.006002581558845461,0.0,0.0,0.0
1787219212.810851,TRACKING,0,UNKNOWN,0.0,0.0,0.0,0.0,0.0,0.0,0.0,0.0,-1,0,0,0.10087590334659131,0.07836996941382245,0.8021460761713523,0.0006968818939442037,0.0003663975983792861,0.0054018914157741415,0.0,0.0,0.0
1787219212.944571,TRACKING,0,UNKNOWN,0.0,0.0,0.0,0.0,0.0,0.0,0.0,0.0,-1,0,0,0.10087590334659131,0.07836996941382245,0.8021460761713523,0.0006968818939442037,0.0003663975983792861,0.0054018914157741415,0.0,0.0,0.0
1787219213.0589013,TRACKING,0,UNKNOWN,0.0,0.0,0.0,0.0,0.0,0.0,0.0,0.0,-1,0,0,0.10087590334659131,0.07836996941382245,0.8021460761713523,0.0006968818939442037,0.0003663975983792861,0.0054018914157741415,0.0,0.0,0.0
1787219213.1814353,TRACKING,0,UNKNOWN,0.0,0.0,0.0,0.0,0.0,0.0,0.0,0.0,-1,0,0,0.10087590334659131,0.07836996941382245,0.8021460761713523,0.0006968818939442037,0.0003663975983792861,0.0054018914157741415,0.0,0.0,0.0
1787219213.2990372,TRACKING,0,UNKNOWN,0.0,0.0,0.0,0.0,0.0,0.0,0.0,0.0,-1,0,0,0.10087590334659131,0.07836996941382245,0.8021460761713523,0.0006968818939442037,0.0003663975983792861,0.0054018914157741415,0.0,0.0,0.0
1787219213.4075832,TRACKING,0,UNKNOWN,0.0,0.0,0.0,0.0,0.0,0.0,0.0,0.0,-1,0,0,0.10087590334659131,0.07836996941382245,0.8021460761713523,0.0006968818939442037,0.0003663975983792861,0.0054018914157741415,0.0,0.0,0.0
1787219213.518125,TRACKING,0,UNKNOWN,0.0,0.0,0.0,0.0,0.0,0.0,0.0,0.0,-1,0,0,0.10087590334659131,0.07836996941382245,0.8021460761713523,0.0006968818939442037,0.0003663975983792861,0.0054018914157741415,0.0,0.0,0.0
1787219213.6330981,TRACKING,0,UNKNOWN,0.0,0.0,0.0,0.0,0.0,0.0,0.0,0.0,-1,0,0,0.10087590334659131,0.07836996941382245,0.8021460761713523,0.0006968818939442037,0.0003663975983792861,0.0054018914157741415,0.0,0.0,0.0
1787219213.7376177,TRACKING,0,UNKNOWN,0.0,0.0,0.0,0.0,0.0,0.0,0.0,0.0,-1,0,0,0.10087590334659131,0.07836996941382245,0.8021460761713523,0.0006968818939442037,0.0003663975983792861,0.0054018914157741415,0.0,0.0,0.0
1787219213.8385115,TRACKING,0,UNKNOWN,0.0,0.0,0.0,0.0,0.0,0.0,0.0,0.0,-1,0,0,0.10160096982035308,0.07875118553804696,0.8077664408192432,0.0006243752465680281,0.0003282759859568351,0.004839854950985051,0.0,0.0,0.0
1787219213.9558942,TRACKING,0,UNKNOWN,0.0,0.0,0.0,0.0,0.0,0.0,0.0,0.0,-1,0,0,0.10160096982035308,0.07875118553804696,0.8077664408192432,0.0006243752465680281,0.0003282759859568351,0.004839854950985051,0.0,0.0,0.0
1787219214.0831301,TRACKING,0,UNKNOWN,0.0,0.0,0.0,0.0,0.0,0.0,0.0,0.0,-1,0,0,0.10160096982035308,0.07875118553804696,0.8077664408192432,0.0006243752465680281,0.0003282759859568351,0.004839854950985051,0.0,0.0,0.0
1787219214.2252724,TRACKING,0,UNKNOWN,0.0,0.0,0.0,0.0,0.0,0.0,0.0,0.0,-1,0,0,0.10160096982035308,0.07875118553804696,0.8077664408192432,0.0006243752465680281,0.0003282759859568351,0.004839854950985051,0.0,0.0,0.0
1787219214.363634,TRACKING,0,UNKNOWN,0.0,0.0,0.0,0.0,0.0,0.0,0.0,0.0,-1,0,0,0.10160096982035308,0.07875118553804696,0.8077664408192432,0.0006243752465680281,0.0003282759859568351,0.004839854950985051,0.0,0.0,0.0
1787219214.485309,TRACKING,0,UNKNOWN,0.0,0.0,0.0,0.0,0.0,0.0,0.0,0.0,-1,0,0,0.10160096982035308,0.07875118553804696,0.8077664408192432,0.0006243752465680281,0.0003282759859568351,0.004839854950985051,0.0,0.0,0.0
1787219214.6099932,TRACKING,0,UNKNOWN,0.0,0.0,0.0,0.0,0.0,0.0,0.0,0.0,-1,0,0,0.10160096982035308,0.07875118553804696,0.8077664408192432,0.0006243752465680281,0.0003282759859568351,0.004839854950985051,0.0,0.0,0.0
1787219214.721028,TRACKING,0,UNKNOWN,0.0,0.0,0.0,0.0,0.0,0.0,0.0,0.0,-1,0,0,0.10160096982035308,0.07875118553804696,0.8077664408192432,0.0006243752465680281,0.0003282759859568351,0.004839854950985051,0.0,0.0,0.0
1787219214.827545,TRACKING,0,UNKNOWN,0.0,0.0,0.0,0.0,0.0,0.0,0.0,0.0,-1,0,0,0.10224449514087289,0.07908953000356352,0.812754737882142,0.0005600227145160473,0.00029444153940517937,0.004341025244695167,0.0,0.0,0.0
1787219214.9404151,TRACKING,0,UNKNOWN,0.0,0.0,0.0,0.0,0.0,0.0,0.0,0.0,-1,0,0,0.10224449514087289,0.07908953000356352,0.812754737882142,0.0005600227145160473,0.00029444153940517937,0.004341025244695167,0.0,0.0,0.0
1787219215.0567918,TRACKING,0,UNKNOWN,0.0,0.0,0.0,0.0,0.0,0.0,0.0,0.0,-1,0,0,0.10224449514087289,0.07908953000356352,0.812754737882142,0.0005600227145160473,0.00029444153940517937,0.004341025244695167,0.0,0.0,0.0
1787219215.1872382,TRACKING,0,UNKNOWN,0.0,0.0,0.0,0.0,0.0,0.0,0.0,0.0,-1,0,0,0.10224449514087289,0.07908953000356352,0.812754737882142,0.0005600227145160473,0.00029444153940517937,0.004341025244695167,0.0,0.0,0.0
1787219215.311536,TRACKING,0,UNKNOWN,0.0,0.0,0.0,0.0,0.0,0.0,0.0,0.0,-1,0,0,0.10224449514087289,0.07908953000356352,0.812754737882142,0.0005600227145160473,0.00029444153940517937,0.004341025244695167,0.0,0.0,0.0
1787219215.4375,TRACKING,0,UNKNOWN,0.0,0.0,0.0,0.0,0.0,0.0,0.0,0.0,-1,0,0,0.10224449514087289,0.07908953000356352,0.812754737882142,0.0005600227145160473,0.00029444153940517937,0.004341025244695167,0.0,0.0,0.0
1787219215.5675867,TRACKING,0,UNKNOWN,0.0,0.0,0.0,0.0,0.0,0.0,0.0,0.0,-1,0,0,0.10224449514087289,0.07908953000356352,0.812754737882142,0.0005600227145160473,0.00029444153940517937,0.004341025244695167,0.0,0.0,0.0
1787219215.7086596,TRACKING,0,UNKNOWN,0.0,0.0,0.0,0.0,0.0,0.0,0.0,0.0,-1,0,0,0.10224449514087289,0.07908953000356352,0.812754737882142,0.0005600227145160473,0.00029444153940517937,0.004341025244695167,0.0,0.0,0.0
1787219215.8188403,TRACKING,0,UNKNOWN,0.0,0.0,0.0,0.0,0.0,0.0,0.0,0.0,-1,0,0,0.10224449514087289,0.07908953000356352,0.812754737882142,0.0005600227145160473,0.00029444153940517937,0.004341025244695167,0.0,0.0,0.0
1787219215.9652832,TRACKING,0,UNKNOWN,0.0,0.0,0.0,0.0,0.0,0.0,0.0,0.0,-1,0,0,0.10224449514087289,0.07908953000356352,0.812754737882142,0.0005600227145160473,0.00029444153940517937,0.004341025244695167,0.0,0.0,0.0
1787219216.069716,TRACKING,0,UNKNOWN,0.0,0.0,0.0,0.0,0.0,0.0,0.0,0.0,-1,0,0,0.10224449514087289,0.07908953000356352,0.812754737882142,0.0005600227145160473,0.00029444153940517937,0.004341025244695167,0.0,0.0,0.0
1787219216.1946344,TRACKING,0,UNKNOWN,0.0,0.0,0.0,0.0,0.0,0.0,0.0,0.0,-1,0,0,0.1030174069716895,0.07949590164419738,0.8187459765989465,0.00048273153143438605,0.0002538043753417925,0.0037419013730147204,0.0,0.0,0.0
1787219216.317076,TRACKING,0,UNKNOWN,0.0,0.0,0.0,0.0,0.0,0.0,0.0,0.0,-1,0,0,0.1030174069716895,0.07949590164419738,0.8187459765989465,0.00048273153143438605,0.0002538043753417925,0.0037419013730147204,0.0,0.0,0.0
1787219216.4216018,TRACKING,0,UNKNOWN,0.0,0.0,0.0,0.0,0.0,0.0,0.0,0.0,-1,0,0,0.1030174069716895,0.07949590164419738,0.8187459765989465,0.00048273153143438605,0.0002538043753417925,0.0037419013730147204,0.0,0.0,0.0
1787219216.5325856,TRACKING,0,UNKNOWN,0.0,0.0,0.0,0.0,0.0,0.0,0.0,0.0,-1,0,0,0.1030174069716895,0.07949590164419738,0.8187459765989465,0.00048273153143438605,0.0002538043753417925,0.0037419013730147204,0.0,0.0,0.0
1787219216.6536138,TRACKING,0,UNKNOWN,0.0,0.0,0.0,0.0,0.0,0.0,0.0,0.0,-1,0,0,0.1030174069716895,0.07949590164419738,0.8187459765989465,0.00048273153143438605,0.0002538043753417925,0.0037419013730147204,0.0,0.0,0.0
1787219216.784316,TRACKING,0,UNKNOWN,0.0,0.0,0.0,0.0,0.0,0.0,0.0,0.0,-1,0,0,0.1030174069716895,0.07949590164419738,0.8187459765989465,0.00048273153143438605,0.0002538043753417925,0.0037419013730147204,0.0,0.0,0.0
1787219216.8914654,TRACKING,0,UNKNOWN,0.0,0.0,0.0,0.0,0.0,0.0,0.0,0.0,-1,0,0,0.1030174069716895,0.07949590164419738,0.8187459765989465,0.00048273153143438605,0.0002538043753417925,0.0037419013730147204,0.0,0.0,0.0
1787219217.0231416,TRACKING,0,UNKNOWN,0.0,0.0,0.0,0.0,0.0,0.0,0.0,0.0,-1,0,0,0.1030174069716895,0.07949590164419738,0.8187459765989465,0.00048273153143438605,0.0002538043753417925,0.0037419013730147204,0.0,0.0,0.0
1787219217.1351418,TRACKING,0,UNKNOWN,0.0,0.0,0.0,0.0,0.0,0.0,0.0,0.0,-1,0,0,0.1030174069716895,0.07949590164419738,0.8187459765989465,0.00048273153143438605,0.0002538043753417925,0.0037419013730147204,0.0,0.0,0.0
1787219217.2562842,TRACKING,0,UNKNOWN,0.0,0.0,0.0,0.0,0.0,0.0,0.0,0.0,-1,0,0,0.10354394429454673,0.07977273766509047,0.8228274392817105,0.00043007779914866316,0.00022612077325248438,0.003333755104738321,0.0,0.0,0.0
1787219217.392575,TRACKING,0,UNKNOWN,0.0,0.0,0.0,0.0,0.0,0.0,0.0,0.0,-1,0,0,0.10354394429454673,0.07977273766509047,0.8228274392817105,0.00043007779914866316,0.00022612077325248438,0.003333755104738321,0.0,0.0,0.0
1787219217.5188541,TRACKING,0,UNKNOWN,0.0,0.0,0.0,0.0,0.0,0.0,0.0,0.0,-1,0,0,0.10354394429454673,0.07977273766509047,0.8228274392817105,0.00043007779914866316,0.00022612077325248438,0.003333755104738321,0.0,0.0,0.0
1787219217.6507876,TRACKING,0,UNKNOWN,0.0,0.0,0.0,0.0,0.0,0.0,0.0,0.0,-1,0,0,0.10354394429454673,0.07977273766509047,0.8228274392817105,0.00043007779914866316,0.00022612077325248438,0.003333755104738321,0.0,0.0,0.0
1787219217.7569442,TRACKING,0,UNKNOWN,0.0,0.0,0.0,0.0,0.0,0.0,0.0,0.0,-1,0,0,0.10354394429454673,0.07977273766509047,0.8228274392817105,0.00043007779914866316,0.00022612077325248438,0.003333755104738321,0.0,0.0,0.0
1787219217.8913534,TRACKING,0,UNKNOWN,0.0,0.0,0.0,0.0,0.0,0.0,0.0,0.0,-1,0,0,0.10354394429454673,0.07977273766509047,0.8228274392817105,0.00043007779914866316,0.00022612077325248438,0.003333755104738321,0.0,0.0,0.0
1787219218.0042312,TRACKING,0,UNKNOWN,0.0,0.0,0.0,0.0,0.0,0.0,0.0,0.0,-1,0,0,0.10354394429454673,0.07977273766509047,0.8228274392817105,0.00043007779914866316,0.00022612077325248438,0.003333755104738321,0.0,0.0,0.0
1787219218.1242826,TRACKING,0,UNKNOWN,0.0,0.0,0.0,0.0,0.0,0.0,0.0,0.0,-1,0,0,0.10354394429454673,0.07977273766509047,0.8228274392817105,0.00043007779914866316,0.00022612077325248438,0.003333755104738321,0.0,0.0,0.0
1787219218.2418733,TRACKING,0,UNKNOWN,0.0,0.0,0.0,0.0,0.0,0.0,0.0,0.0,-1,0,0,0.10354394429454673,0.07977273766509047,0.8228274392817105,0.00043007779914866316,0.00022612077325248438,0.003333755104738321,0.0,0.0,0.0
1787219218.3776908,TRACKING,0,UNKNOWN,0.0,0.0,0.0,0.0,0.0,0.0,0.0,0.0,-1,0,0,0.08200667319967835,-0.08512516823836487,0.6653005009100191,-0.0012589509423181402,-0.01214369955038706,-0.009054536824354826,0.0,0.0,0.0
1787219218.4959683,TRACKING,0,UNKNOWN,0.0,0.0,0.0,0.0,0.0,0.0,0.0,0.0,-1,0,0,0.08200667319967835,-0.08512516823836487,0.6653005009100191,-0.0012589509423181402,-0.01214369955038706,-0.009054536824354826,0.0,0.0,0.0
1787219218.625152,TRACKING,0,UNKNOWN,0.0,0.0,0.0,0.0,0.0,0.0,0.0,0.0,-1,0,0,0.08200667319967835,-0.08512516823836487,0.6653005009100191,-0.0012589509423181402,-0.01214369955038706,-0.009054536824354826,0.0,0.0,0.0
1787219218.728792,TRACKING,0,UNKNOWN,0.0,0.0,0.0,0.0,0.0,0.0,0.0,0.0,-1,0,0,0.08200667319967835,-0.08512516823836487,0.6653005009100191,-0.0012589509423181402,-0.01214369955038706,-0.009054536824354826,0.0,0.0,0.0
1787219218.850088,TRACKING,0,UNKNOWN,0.0,0.0,0.0,0.0,0.0,0.0,0.0,0.0,-1,0,0,0.08200667319967835,-0.08512516823836487,0.6653005009100191,-0.0012589509423181402,-0.01214369955038706,-0.009054536824354826,0.0,0.0,0.0
1787219218.9642231,TRACKING,0,UNKNOWN,0.0,0.0,0.0,0.0,0.0,0.0,0.0,0.0,-1,0,0,0.08200667319967835,-0.08512516823836487,0.6653005009100191,-0.0012589509423181402,-0.01214369955038706,-0.009054536824354826,0.0,0.0,0.0
1787219219.0868676,TRACKING,0,UNKNOWN,0.0,0.0,0.0,0.0,0.0,0.0,0.0,0.0,-1,0,0,0.08200667319967835,-0.08512516823836487,0.6653005009100191,-0.0012589509423181402,-0.01214369955038706,-0.009054536824354826,0.0,0.0,0.0
1787219219.213572,TRACKING,0,UNKNOWN,0.0,0.0,0.0,0.0,0.0,0.0,0.0,0.0,-1,0,0,0.08200667319967835,-0.08512516823836487,0.6653005009100191,-0.0012589509423181402,-0.01214369955038706,-0.009054536824354826,0.0,0.0,0.0
1787219219.3271332,TRACKING,0,UNKNOWN,0.0,0.0,0.0,0.0,0.0,0.0,0.0,0.0,-1,0,0,0.08200667319967835,-0.08512516823836487,0.6653005009100191,-0.0012589509423181402,-0.01214369955038706,-0.009054536824354826,0.0,0.0,0.0
1787219219.4366674,TRACKING,0,UNKNOWN,0.0,0.0,0.0,0.0,0.0,0.0,0.0,0.0,-1,0,0,0.08200667319967835,-0.08512516823836487,0.6653005009100191,-0.0012589509423181402,-0.01214369955038706,-0.009054536824354826,0.0,0.0,0.0
1787219219.5787566,TRACKING,0,UNKNOWN,0.0,0.0,0.0,0.0,0.0,0.0,0.0,0.0,-1,0,0,-0.03669031840560136,-0.08269733694334228,0.5411277977464503,-0.058140786566672015,-0.0025189939203763938,-0.06318065886072079,0.0,0.0,0.0
1787219219.696653,TRACKING,0,UNKNOWN,0.0,0.0,0.0,0.0,0.0,0.0,0.0,0.0,-1,0,0,-0.03669031840560136,-0.08269733694334228,0.5411277977464503,-0.058140786566672015,-0.0025189939203763938,-0.06318065886072079,0.0,0.0,0.0
1787219219.8070664,TRACKING,0,UNKNOWN,0.0,0.0,0.0,0.0,0.0,0.0,0.0,0.0,-1,0,0,-0.03669031840560136,-0.08269733694334228,0.5411277977464503,-0.058140786566672015,-0.0025189939203763938,-0.06318065886072079,0.0,0.0,0.0
1787219219.931514,TRACKING,0,UNKNOWN,0.0,0.0,0.0,0.0,0.0,0.0,0.0,0.0,-1,0,0,-0.03669031840560136,-0.08269733694334228,0.5411277977464503,-0.058140786566672015,-0.0025189939203763938,-0.06318065886072079,0.0,0.0,0.0
1787219220.0594535,TRACKING,0,UNKNOWN,0.0,0.0,0.0,0.0,0.0,0.0,0.0,0.0,-1,0,0,-0.03669031840560136,-0.08269733694334228,0.5411277977464503,-0.058140786566672015,-0.0025189939203763938,-0.06318065886072079,0.0,0.0,0.0
1787219220.1736615,TRACKING,0,UNKNOWN,0.0,0.0,0.0,0.0,0.0,0.0,0.0,0.0,-1,0,0,-0.03669031840560136,-0.08269733694334228,0.5411277977464503,-0.058140786566672015,-0.0025189939203763938,-0.06318065886072079,0.0,0.0,0.0
1787219220.2918437,TRACKING,0,UNKNOWN,0.0,0.0,0.0,0.0,0.0,0.0,0.0,0.0,-1,0,0,-0.03669031840560136,-0.08269733694334228,0.5411277977464503,-0.058140786566672015,-0.0025189939203763938,-0.06318065886072079,0.0,0.0,0.0
1787219220.424589,TRACKING,0,UNKNOWN,0.0,0.0,0.0,0.0,0.0,0.0,0.0,0.0,-1,0,0,-0.03669031840560136,-0.08269733694334228,0.5411277977464503,-0.058140786566672015,-0.0025189939203763938,-0.06318065886072079,0.0,0.0,0.0
1787219220.536952,TRACKING,0,UNKNOWN,0.0,0.0,0.0,0.0,0.0,0.0,0.0,0.0,-1,0,0,-0.09671524786059497,-0.08529796279133905,0.4758996710735183,-0.05213829362117266,-0.0022589313355767166,-0.05665784619342759,0.0,0.0,0.0
1787219220.653351,TRACKING,0,UNKNOWN,0.0,0.0,0.0,0.0,0.0,0.0,0.0,0.0,-1,0,0,-0.09671524786059497,-0.08529796279133905,0.4758996710735183,-0.05213829362117266,-0.0022589313355767166,-0.05665784619342759,0.0,0.0,0.0
1787219220.7992504,TRACKING,0,UNKNOWN,0.0,0.0,0.0,0.0,0.0,0.0,0.0,0.0,-1,0,0,-0.09671524786059497,-0.08529796279133905,0.4758996710735183,-0.05213829362117266,-0.0022589313355767166,-0.05665784619342759,0.0,0.0,0.0
1787219220.9234421,TRACKING,0,UNKNOWN,0.0,0.0,0.0,0.0,0.0,0.0,0.0,0.0,-1,0,0,-0.09671524786059497,-0.08529796279133905,0.4758996710735183,-0.05213829362117266,-0.0022589313355767166,-0.05665784619342759,0.0,0.0,0.0
1787219221.034202,TRACKING,0,UNKNOWN,0.0,0.0,0.0,0.0,0.0,0.0,0.0,0.0,-1,0,0,-0.09671524786059497,-0.08529796279133905,0.4758996710735183,-0.05213829362117266,-0.0022589313355767166,-0.05665784619342759,0.0,0.0,0.0
1787219221.1672127,TRACKING,0,UNKNOWN,0.0,0.0,0.0,0.0,0.0,0.0,0.0,0.0,-1,0,0,-0.09671524786059497,-0.08529796279133905,0.4758996710735183,-0.05213829362117266,-0.0022589313355767166,-0.05665784619342759,0.0,0.0,0.0
1787219221.274755,TRACKING,0,UNKNOWN,0.0,0.0,0.0,0.0,0.0,0.0,0.0,0.0,-1,0,0,-0.09671524786059497,-0.08529796279133905,0.4758996710735183,-0.05213829362117266,-0.0022589313355767166,-0.05665784619342759,0.0,0.0,0.0
1787219221.385543,TRACKING,0,UNKNOWN,0.0,0.0,0.0,0.0,0.0,0.0,0.0,0.0,-1,0,0,-0.09671524786059497,-0.08529796279133905,0.4758996710735183,-0.05213829362117266,-0.0022589313355767166,-0.05665784619342759,0.0,0.0,0.0
1787219221.5077214,TRACKING,0,UNKNOWN,0.0,0.0,0.0,0.0,0.0,0.0,0.0,0.0,-1,0,0,-0.09671524786059497,-0.08529796279133905,0.4758996710735183,-0.05213829362117266,-0.0022589313355767166,-0.05665784619342759,0.0,0.0,0.0
1787219221.6443908,TRACKING,0,UNKNOWN,0.0,0.0,0.0,0.0,0.0,0.0,0.0,0.0,-1,0,0,-0.14958172334743636,-0.0875884431616101,0.4184505213432763,-0.04685164607248852,-0.0020298832985496114,-0.05091293122040339,0.0,0.0,0.0
1787219221.7504954,TRACKING,0,UNKNOWN,0.0,0.0,0.0,0.0,0.0,0.0,0.0,0.0,-1,0,0,-0.14958172334743636,-0.0875884431616101,0.4184505213432763,-0.04685164607248852,-0.0020298832985496114,-0.05091293122040339,0.0,0.0,0.0
1787219221.8632731,TRACKING,0,UNKNOWN,0.0,0.0,0.0,0.0,0.0,0.0,0.0,0.0,-1,0,0,-0.14958172334743636,-0.0875884431616101,0.4184505213432763,-0.04685164607248852,-0.0020298832985496114,-0.05091293122040339,0.0,0.0,0.0
1787219221.9779987,TRACKING,0,UNKNOWN,0.0,0.0,0.0,0.0,0.0,0.0,0.0,0.0,-1,0,0,-0.14958172334743636,-0.0875884431616101,0.4184505213432763,-0.04685164607248852,-0.0020298832985496114,-0.05091293122040339,0.0,0.0,0.0
1787219222.0784762,TRACKING,0,UNKNOWN,0.0,0.0,0.0,0.0,0.0,0.0,0.0,0.0,-1,0,0,-0.14958172334743636,-0.0875884431616101,0.4184505213432763,-0.04685164607248852,-0.0020298832985496114,-0.05091293122040339,0.0,0.0,0.0
1787219222.2100627,TRACKING,0,UNKNOWN,0.0,0.0,0.0,0.0,0.0,0.0,0.0,0.0,-1,0,0,-0.14958172334743636,-0.0875884431616101,0.4184505213432763,-0.04685164607248852,-0.0020298832985496114,-0.05091293122040339,0.0,0.0,0.0
1787219222.3351936,TRACKING,0,UNKNOWN,0.0,0.0,0.0,0.0,0.0,0.0,0.0,0.0,-1,0,0,-0.14958172334743636,-0.0875884431616101,0.4184505213432763,-0.04685164607248852,-0.0020298832985496114,-0.05091293122040339,0.0,0.0,0.0
1787219222.4432223,TRACKING,0,UNKNOWN,0.0,0.0,0.0,0.0,0.0,0.0,0.0,0.0,-1,0,0,-0.14958172334743636,-0.0875884431616101,0.4184505213432763,-0.04685164607248852,-0.0020298832985496114,-0.05091293122040339,0.0,0.0,0.0
1787219222.5471828,TRACKING,0,UNKNOWN,0.0,0.0,0.0,0.0,0.0,0.0,0.0,0.0,-1,0,0,-0.14958172334743636,-0.0875884431616101,0.4184505213432763,-0.04685164607248852,-0.0020298832985496114,-0.05091293122040339,0.0,0.0,0.0
1787219222.6684446,TRACKING,0,UNKNOWN,0.0,0.0,0.0,0.0,0.0,0.0,0.0,0.0,-1,0,0,-0.20018629131171947,-0.0897809246633718,0.3634593501853292,-0.04179118927606021,-0.001810635148373442,-0.04541381410460868,0.0,0.0,0.0
1787219222.7983916,TRACKING,0,UNKNOWN,0.0,0.0,0.0,0.0,0.0,0.0,0.0,0.0,-1,0,0,-0.20018629131171947,-0.0897809246633718,0.3634593501853292,-0.04179118927606021,-0.001810635148373442,-0.04541381410460868,0.0,0.0,0.0
1787219222.9110656,TRACKING,0,UNKNOWN,0.0,0.0,0.0,0.0,0.0,0.0,0.0,0.0,-1,0,0,-0.20018629131171947,-0.0897809246633718,0.3634593501853292,-0.04179118927606021,-0.001810635148373442,-0.04541381410460868,0.0,0.0,0.0
1787219223.0202842,TRACKING,0,UNKNOWN,0.0,0.0,0.0,0.0,0.0,0.0,0.0,0.0,-1,0,0,-0.20018629131171947,-0.0897809246633718,0.3634593501853292,-0.04179118927606021,-0.001810635148373442,-0.04541381410460868,0.0,0.0,0.0
1787219223.1250603,TRACKING,0,UNKNOWN,0.0,0.0,0.0,0.0,0.0,0.0,0.0,0.0,-1,0,0,-0.20018629131171947,-0.0897809246633718,0.3634593501853292,-0.04179118927606021,-0.001810635148373442,-0.04541381410460868,0.0,0.0,0.0
1787219223.2311704,TRACKING,0,UNKNOWN,0.0,0.0,0.0,0.0,0.0,0.0,0.0,0.0,-1,0,0,-0.20018629131171947,-0.0897809246633718,0.3634593501853292,-0.04179118927606021,-0.001810635148373442,-0.04541381410460868,0.0,0.0,0.0
1787219223.337879,TRACKING,0,UNKNOWN,0.0,0.0,0.0,0.0,0.0,0.0,0.0,0.0,-1,0,0,-0.20018629131171947,-0.0897809246633718,0.3634593501853292,-0.04179118927606021,-0.001810635148373442,-0.04541381410460868,0.0,0.0,0.0
1787219223.4412076,TRACKING,0,UNKNOWN,0.0,0.0,0.0,0.0,0.0,0.0,0.0,0.0,-1,0,0,-0.20018629131171947,-0.0897809246633718,0.3634593501853292,-0.04179118927606021,-0.001810635148373442,-0.04541381410460868,0.0,0.0,0.0
1787219223.545425,TRACKING,0,UNKNOWN,0.0,0.0,0.0,0.0,0.0,0.0,0.0,0.0,-1,0,0,-0.20018629131171947,-0.0897809246633718,0.3634593501853292,-0.04179118927606021,-0.001810635148373442,-0.04541381410460868,0.0,0.0,0.0
1787219223.6738808,TRACKING,0,UNKNOWN,0.0,0.0,0.0,0.0,0.0,0.0,0.0,0.0,-1,0,0,-0.20018629131171947,-0.0897809246633718,0.3634593501853292,-0.04179118927606021,-0.001810635148373442,-0.04541381410460868,0.0,0.0,0.0
1787219223.7995653,TRACKING,0,UNKNOWN,0.0,0.0,0.0,0.0,0.0,0.0,0.0,0.0,-1,0,0,-0.247756907353195,-0.09184195788416635,0.311765125848267,-0.03703412767191266,-0.0016045318262939868,-0.040244391670902456,0.0,0.0,0.0
1787219223.9295902,TRACKING,0,UNKNOWN,0.0,0.0,0.0,0.0,0.0,0.0,0.0,0.0,-1,0,0,-0.247756907353195,-0.09184195788416635,0.311765125848267,-0.03703412767191266,-0.0016045318262939868,-0.040244391670902456,0.0,0.0,0.0
1787219224.059355,TRACKING,0,UNKNOWN,0.0,0.0,0.0,0.0,0.0,0.0,0.0,0.0,-1,0,0,-0.247756907353195,-0.09184195788416635,0.311765125848267,-0.03703412767191266,-0.0016045318262939868,-0.040244391670902456,0.0,0.0,0.0
1787219224.1933022,TRACKING,0,UNKNOWN,0.0,0.0,0.0,0.0,0.0,0.0,0.0,0.0,-1,0,0,-0.247756907353195,-0.09184195788416635,0.311765125848267,-0.03703412767191266,-0.0016045318262939868,-0.040244391670902456,0.0,0.0,0.0
1787219224.299314,TRACKING,0,UNKNOWN,0.0,0.0,0.0,0.0,0.0,0.0,0.0,0.0,-1,0,0,-0.247756907353195,-0.09184195788416635,0.311765125848267,-0.03703412767191266,-0.0016045318262939868,-0.040244391670902456,0.0,0.0,0.0
1787219224.4025588,TRACKING,0,UNKNOWN,0.0,0.0,0.0,0.0,0.0,0.0,0.0,0.0,-1,0,0,-0.247756907353195,-0.09184195788416635,0.311765125848267,-0.03703412767191266,-0.0016045318262939868,-0.040244391670902456,0.0,0.0,0.0
1787219224.5251486,TRACKING,0,UNKNOWN,0.0,0.0,0.0,0.0,0.0,0.0,0.0,0.0,-1,0,0,-0.247756907353195,-0.09184195788416635,0.311765125848267,-0.03703412767191266,-0.0016045318262939868,-0.040244391670902456,0.0,0.0,0.0
1787219224.6438143,TRACKING,0,UNKNOWN,0.0,0.0,0.0,0.0,0.0,0.0,0.0,0.0,-1,0,0,-0.247756907353195,-0.09184195788416635,0.311765125848267,-0.03703412767191266,-0.0016045318262939868,-0.040244391670902456,0.0,0.0,0.0
1787219224.7696197,TRACKING,0,UNKNOWN,0.0,0.0,0.0,0.0,0.0,0.0,0.0,0.0,-1,0,0,-0.247756907353195,-0.09184195788416635,0.311765125848267,-0.03703412767191266,-0.0016045318262939868,-0.040244391670902456,0.0,0.0,0.0
1787219224.8971386,TRACKING,0,UNKNOWN,0.0,0.0,0.0,0.0,0.0,0.0,0.0,0.0,-1,0,0,-0.28924606833831107,-0.09363950742648598,0.2666795210360205,-0.03288521157340105,-0.0014247768720620235,-0.03573583118967781,0.0,0.0,0.0
1787219225.028838,TRACKING,0,UNKNOWN,0.0,0.0,0.0,0.0,0.0,0.0,0.0,0.0,-1,0,0,-0.28924606833831107,-0.09363950742648598,0.2666795210360205,-0.03288521157340105,-0.0014247768720620235,-0.03573583118967781,0.0,0.0,0.0
1787219225.1605334,TRACKING,0,UNKNOWN,0.0,0.0,0.0,0.0,0.0,0.0,0.0,0.0,-1,0,0,-0.28924606833831107,-0.09363950742648598,0.2666795210360205,-0.03288521157340105,-0.0014247768720620235,-0.03573583118967781,0.0,0.0,0.0
1787219225.2619123,TRACKING,0,UNKNOWN,0.0,0.0,0.0,0.0,0.0,0.0,0.0,0.0,-1,0,0,-0.28924606833831107,-0.09363950742648598,0.2666795210360205,-0.03288521157340105,-0.0014247768720620235,-0.03573583118967781,0.0,0.0,0.0
1787219225.3937824,TRACKING,0,UNKNOWN,0.0,0.0,0.0,0.0,0.0,0.0,0.0,0.0,-1,0,0,-0.28924606833831107,-0.09363950742648598,0.2666795210360205,-0.03288521157340105,-0.0014247768720620235,-0.03573583118967781,0.0,0.0,0.0
1787219225.5073595,TRACKING,0,UNKNOWN,0.0,0.0,0.0,0.0,0.0,0.0,0.0,0.0,-1,0,0,-0.28924606833831107,-0.09363950742648598,0.2666795210360205,-0.03288521157340105,-0.0014247768720620235,-0.03573583118967781,0.0,0.0,0.0
1787219225.642244,TRACKING,0,UNKNOWN,0.0,0.0,0.0,0.0,0.0,0.0,0.0,0.0,-1,0,0,-0.28924606833831107,-0.09363950742648598,0.2666795210360205,-0.03288521157340105,-0.0014247768720620235,-0.03573583118967781,0.0,0.0,0.0
1787219225.7721655,TRACKING,0,UNKNOWN,0.0,0.0,0.0,0.0,0.0,0.0,0.0,0.0,-1,0,0,-0.28924606833831107,-0.09363950742648598,0.2666795210360205,-0.03288521157340105,-0.0014247768720620235,-0.03573583118967781,0.0,0.0,0.0
1787219225.895909,TRACKING,0,UNKNOWN,0.0,0.0,0.0,0.0,0.0,0.0,0.0,0.0,-1,0,0,-0.32273473456062735,-0.09509042943145049,0.23028792537251142,-0.029536344951169424,-0.0012796846715655732,-0.032096671623326904,0.0,0.0,0.0
1787219225.9991922,TRACKING,0,UNKNOWN,0.0,0.0,0.0,0.0,0.0,0.0,0.0,0.0,-1,0,0,-0.32273473456062735,-0.09509042943145049,0.23028792537251142,-0.029536344951169424,-0.0012796846715655732,-0.032096671623326904,0.0,0.0,0.0
1787219226.1282263,TRACKING,0,UNKNOWN,0.0,0.0,0.0,0.0,0.0,0.0,0.0,0.0,-1,0,0,-0.32273473456062735,-0.09509042943145049,0.23028792537251142,-0.029536344951169424,-0.0012796846715655732,-0.032096671623326904,0.0,0.0,0.0
1787219226.261926,TRACKING,0,UNKNOWN,0.0,0.0,0.0,0.0,0.0,0.0,0.0,0.0,-1,0,0,-0.32273473456062735,-0.09509042943145049,0.23028792537251142,-0.029536344951169424,-0.0012796846715655732,-0.032096671623326904,0.0,0.0,0.0
1787219226.3985398,TRACKING,0,UNKNOWN,0.0,0.0,0.0,0.0,0.0,0.0,0.0,0.0,-1,0,0,-0.32273473456062735,-0.09509042943145049,0.23028792537251142,-0.029536344951169424,-0.0012796846715655732,-0.032096671623326904,0.0,0.0,0.0
1787219226.5277147,TRACKING,0,UNKNOWN,0.0,0.0,0.0,0.0,0.0,0.0,0.0,0.0,-1,0,0,-0.32273473456062735,-0.09509042943145049,0.23028792537251142,-0.029536344951169424,-0.0012796846715655732,-0.032096671623326904,0.0,0.0,0.0
1787219226.6427662,TRACKING,0,UNKNOWN,0.0,0.0,0.0,0.0,0.0,0.0,0.0,0.0,-1,0,0,-0.32273473456062735,-0.09509042943145049,0.23028792537251142,-0.029536344951169424,-0.0012796846715655732,-0.032096671623326904,0.0,0.0,0.0
1787219226.7686918,TRACKING,0,UNKNOWN,0.0,0.0,0.0,0.0,0.0,0.0,0.0,0.0,-1,0,0,-0.32273473456062735,-0.09509042943145049,0.23028792537251142,-0.029536344951169424,-0.0012796846715655732,-0.032096671623326904,0.0,0.0,0.0
1787219226.9023907,TRACKING,0,UNKNOWN,0.0,0.0,0.0,0.0,0.0,0.0,0.0,0.0,-1,0,0,-0.3514037907303958,-0.09633253815510462,0.1991337225368847,-0.02666943933419258,-0.0011554737992001604,-0.02898125133976423,0.0,0.0,0.0
1787219227.0262682,TRACKING,0,UNKNOWN,0.0,0.0,0.0,0.0,0.0,0.0,0.0,0.0,-1,0,0,-0.3514037907303958,-0.09633253815510462,0.1991337225368847,-0.02666943933419258,-0.0011554737992001604,-0.02898125133976423,0.0,0.0,0.0
1787219227.16548,TRACKING,0,UNKNOWN,0.0,0.0,0.0,0.0,0.0,0.0,0.0,0.0,-1,0,0,-0.3514037907303958,-0.09633253815510462,0.1991337225368847,-0.02666943933419258,-0.0011554737992001604,-0.02898125133976423,0.0,0.0,0.0
1787219227.2676036,TRACKING,0,UNKNOWN,0.0,0.0,0.0,0.0,0.0,0.0,0.0,0.0,-1,0,0,-0.3514037907303958,-0.09633253815510462,0.1991337225368847,-0.02666943933419258,-0.0011554737992001604,-0.02898125133976423,0.0,0.0,0.0
1787219227.3752291,TRACKING,0,UNKNOWN,0.0,0.0,0.0,0.0,0.0,0.0,0.0,0.0,-1,0,0,-0.3514037907303958,-0.09633253815510462,0.1991337225368847,-0.02666943933419258,-0.0011554737992001604,-0.02898125133976423,0.0,0.0,0.0
1787219227.4803529,TRACKING,0,UNKNOWN,0.0,0.0,0.0,0.0,0.0,0.0,0.0,0.0,-1,0,0,-0.3514037907303958,-0.09633253815510462,0.1991337225368847,-0.02666943933419258,-0.0011554737992001604,-0.02898125133976423,0.0,0.0,0.0
1787219227.608242,TRACKING,0,UNKNOWN,0.0,0.0,0.0,0.0,0.0,0.0,0.0,0.0,-1,0,0,-0.3514037907303958,-0.09633253815510462,0.1991337225368847,-0.02666943933419258,-0.0011554737992001604,-0.02898125133976423,0.0,0.0,0.0
1787219227.7083569,TRACKING,0,UNKNOWN,0.0,0.0,0.0,0.0,0.0,0.0,0.0,0.0,-1,0,0,-0.3514037907303958,-0.09633253815510462,0.1991337225368847,-0.02666943933419258,-0.0011554737992001604,-0.02898125133976423,0.0,0.0,0.0
1787219227.8152184,TRACKING,0,UNKNOWN,0.0,0.0,0.0,0.0,0.0,0.0,0.0,0.0,-1,0,0,-0.3514037907303958,-0.09633253815510462,0.1991337225368847,-0.02666943933419258,-0.0011554737992001604,-0.02898125133976423,0.0,0.0,0.0
1787219227.936345,TRACKING,0,UNKNOWN,0.0,0.0,0.0,0.0,0.0,0.0,0.0,0.0,-1,0,0,-0.3780249852888588,-0.09748592171260133,0.17020489801996172,-0.02400731987834628,-0.001040135443450489,-0.026088368888071936,0.0,0.0,0.0
1787219228.0495737,TRACKING,0,UNKNOWN,0.0,0.0,0.0,0.0,0.0,0.0,0.0,0.0,-1,0,0,-0.3780249852888588,-0.09748592171260133,0.17020489801996172,-0.02400731987834628,-0.001040135443450489,-0.026088368888071936,0.0,0.0,0.0
1787219228.1660233,TRACKING,0,UNKNOWN,0.0,0.0,0.0,0.0,0.0,0.0,0.0,0.0,-1,0,0,-0.3780249852888588,-0.09748592171260133,0.17020489801996172,-0.02400731987834628,-0.001040135443450489,-0.026088368888071936,0.0,0.0,0.0
1787219228.2740772,TRACKING,0,UNKNOWN,0.0,0.0,0.0,0.0,0.0,0.0,0.0,0.0,-1,0,0,-0.3780249852888588,-0.09748592171260133,0.17020489801996172,-0.02400731987834628,-0.001040135443450489,-0.026088368888071936,0.0,0.0,0.0
1787219228.375909,TRACKING,0,UNKNOWN,0.0,0.0,0.0,0.0,0.0,0.0,0.0,0.0,-1,0,0,-0.3780249852888588,-0.09748592171260133,0.17020489801996172,-0.02400731987834628,-0.001040135443450489,-0.026088368888071936,0.0,0.0,0.0
1787219228.491193,TRACKING,0,UNKNOWN,0.0,0.0,0.0,0.0,0.0,0.0,0.0,0.0,-1,0,0,-0.3780249852888588,-0.09748592171260133,0.17020489801996172,-0.02400731987834628,-0.001040135443450489,-0.026088368888071936,0.0,0.0,0.0
1787219228.6165404,TRACKING,0,UNKNOWN,0.0,0.0,0.0,0.0,0.0,0.0,0.0,0.0,-1,0,0,-0.3780249852888588,-0.09748592171260133,0.17020489801996172,-0.02400731987834628,-0.001040135443450489,-0.026088368888071936,0.0,0.0,0.0
1787219228.7345486,TRACKING,0,UNKNOWN,0.0,0.0,0.0,0.0,0.0,0.0,0.0,0.0,-1,0,0,-0.3780249852888588,-0.09748592171260133,0.17020489801996172,-0.02400731987834628,-0.001040135443450489,-0.026088368888071936,0.0,0.0,0.0
1787219228.8362644,TRACKING,0,UNKNOWN,0.0,0.0,0.0,0.0,0.0,0.0,0.0,0.0,-1,0,0,-0.3780249852888588,-0.09748592171260133,0.17020489801996172,-0.02400731987834628,-0.001040135443450489,-0.026088368888071936,0.0,0.0,0.0
1787219228.9632723,TRACKING,0,UNKNOWN,0.0,0.0,0.0,0.0,0.0,0.0,0.0,0.0,-1,0,0,-0.40196009489415097,-0.09852292859089896,0.14419499887572165,-0.021613808917817064,-0.0009364347556207255,-0.02348737897364793,0.0,0.0,0.0
1787219229.0946336,TRACKING,0,UNKNOWN,0.0,0.0,0.0,0.0,0.0,0.0,0.0,0.0,-1,0,0,-0.40196009489415097,-0.09852292859089896,0.14419499887572165,-0.021613808917817064,-0.0009364347556207255,-0.02348737897364793,0.0,0.0,0.0
1787219229.214976,TRACKING,0,UNKNOWN,0.0,0.0,0.0,0.0,0.0,0.0,0.0,0.0,-1,0,0,-0.40196009489415097,-0.09852292859089896,0.14419499887572165,-0.021613808917817064,-0.0009364347556207255,-0.02348737897364793,0.0,0.0,0.0
1787219229.3450625,TRACKING,0,UNKNOWN,0.0,0.0,0.0,0.0,0.0,0.0,0.0,0.0,-1,0,0,-0.40196009489415097,-0.09852292859089896,0.14419499887572165,-0.021613808917817064,-0.0009364347556207255,-0.02348737897364793,0.0,0.0,0.0
1787219229.4715967,TRACKING,0,UNKNOWN,0.0,0.0,0.0,0.0,0.0,0.0,0.0,0.0,-1,0,0,-0.40196009489415097,-0.09852292859089896,0.14419499887572165,-0.021613808917817064,-0.0009364347556207255,-0.02348737897364793,0.0,0.0,0.0
1787219229.5978677,TRACKING,0,UNKNOWN,0.0,0.0,0.0,0.0,0.0,0.0,0.0,0.0,-1,0,0,-0.40196009489415097,-0.09852292859089896,0.14419499887572165,-0.021613808917817064,-0.0009364347556207255,-0.02348737897364793,0.0,0.0,0.0
1787219229.7345884,TRACKING,0,UNKNOWN,0.0,0.0,0.0,0.0,0.0,0.0,0.0,0.0,-1,0,0,-0.40196009489415097,-0.09852292859089896,0.14419499887572165,-0.021613808917817064,-0.0009364347556207255,-0.02348737897364793,0.0,0.0,0.0
1787219229.85488,TRACKING,0,UNKNOWN,0.0,0.0,0.0,0.0,0.0,0.0,0.0,0.0,-1,0,0,-0.40196009489415097,-0.09852292859089896,0.14419499887572165,-0.021613808917817064,-0.0009364347556207255,-0.02348737897364793,0.0,0.0,0.0
1787219229.9983811,TRACKING,0,UNKNOWN,0.0,0.0,0.0,0.0,0.0,0.0,0.0,0.0,-1,0,0,-0.42459942717197824,-0.09950379492823053,0.11959320013948238,-0.019349875690034334,-0.0008383481218875688,-0.021027199100024,0.0,0.0,0.0
1787219230.108179,TRACKING,0,UNKNOWN,0.0,0.0,0.0,0.0,0.0,0.0,0.0,0.0,-1,0,0,-0.42459942717197824,-0.09950379492823053,0.11959320013948238,-0.019349875690034334,-0.0008383481218875688,-0.021027199100024,0.0,0.0,0.0
1787219230.23189,TRACKING,0,UNKNOWN,0.0,0.0,0.0,0.0,0.0,0.0,0.0,0.0,-1,0,0,-0.42459942717197824,-0.09950379492823053,0.11959320013948238,-0.019349875690034334,-0.0008383481218875688,-0.021027199100024,0.0,0.0,0.0
1787219230.3670964,TRACKING,0,UNKNOWN,0.0,0.0,0.0,0.0,0.0,0.0,0.0,0.0,-1,0,0,-0.42459942717197824,-0.09950379492823053,0.11959320013948238,-0.019349875690034334,-0.0008383481218875688,-0.021027199100024,0.0,0.0,0.0
1787219230.4759107,TRACKING,0,UNKNOWN,0.0,0.0,0.0,0.0,0.0,0.0,0.0,0.0,-1,0,0,-0.42459942717197824,-0.09950379492823053,0.11959320013948238,-0.019349875690034334,-0.0008383481218875688,-0.021027199100024,0.0,0.0,0.0
1787219230.5777943,TRACKING,0,UNKNOWN,0.0,0.0,0.0,0.0,0.0,0.0,0.0,0.0,-1,0,0,-0.42459942717197824,-0.09950379492823053,0.11959320013948238,-0.019349875690034334,-0.0008383481218875688,-0.021027199100024,0.0,0.0,0.0
1787219230.6971936,TRACKING,0,UNKNOWN,0.0,0.0,0.0,0.0,0.0,0.0,0.0,0.0,-1,0,0,-0.42459942717197824,-0.09950379492823053,0.11959320013948238,-0.019349875690034334,-0.0008383481218875688,-0.021027199100024,0.0,0.0,0.0
1787219230.7975047,TRACKING,0,UNKNOWN,0.0,0.0,0.0,0.0,0.0,0.0,0.0,0.0,-1,0,0,-0.42459942717197824,-0.09950379492823053,0.11959320013948238,-0.019349875690034334,-0.0008383481218875688,-0.021027199100024,0.0,0.0,0.0
1787219230.8980865,TRACKING,0,UNKNOWN,0.0,0.0,0.0,0.0,0.0,0.0,0.0,0.0,-1,0,0,-0.42459942717197824,-0.09950379492823053,0.11959320013948238,-0.019349875690034334,-0.0008383481218875688,-0.021027199100024,0.0,0.0,0.0
1787219230.99877,TRACKING,0,UNKNOWN,0.0,0.0,0.0,0.0,0.0,0.0,0.0,0.0,-1,0,0,-0.4446443441467895,-0.10037225624386989,0.09781071083957003,-0.01734538399255321,-0.0007515019903236329,-0.018848950170032765,0.0,0.0,0.0
1787219231.1014974,TRACKING,0,UNKNOWN,0.0,0.0,0.0,0.0,0.0,0.0,0.0,0.0,-1,0,0,-0.4446443441467895,-0.10037225624386989,0.09781071083957003,-0.01734538399255321,-0.0007515019903236329,-0.018848950170032765,0.0,0.0,0.0
1787219231.2339263,TRACKING,0,UNKNOWN,0.0,0.0,0.0,0.0,0.0,0.0,0.0,0.0,-1,0,0,-0.4446443441467895,-0.10037225624386989,0.09781071083957003,-0.01734538399255321,-0.0007515019903236329,-0.018848950170032765,0.0,0.0,0.0
1787219231.3687558,TRACKING,0,UNKNOWN,0.0,0.0,0.0,0.0,0.0,0.0,0.0,0.0,-1,0,0,-0.4446443441467895,-0.10037225624386989,0.09781071083957003,-0.01734538399255321,-0.0007515019903236329,-0.018848950170032765,0.0,0.0,0.0
1787219231.4728677,TRACKING,0,UNKNOWN,0.0,0.0,0.0,0.0,0.0,0.0,0.0,0.0,-1,0,0,-0.4446443441467895,-0.10037225624386989,0.09781071083957003,-0.01734538399255321,-0.0007515019903236329,-0.018848950170032765,0.0,0.0,0.0
1787219231.5990982,TRACKING,0,UNKNOWN,0.0,0.0,0.0,0.0,0.0,0.0,0.0,0.0,-1,0,0,-0.4446443441467895,-0.10037225624386989,0.09781071083957003,-0.01734538399255321,-0.0007515019903236329,-0.018848950170032765,0.0,0.0,0.0
1787219231.7337022,TRACKING,0,UNKNOWN,0.0,0.0,0.0,0.0,0.0,0.0,0.0,0.0,-1,0,0,-0.4446443441467895,-0.10037225624386989,0.09781071083957003,-0.01734538399255321,-0.0007515019903236329,-0.018848950170032765,0.0,0.0,0.0
1787219231.8337705,TRACKING,0,UNKNOWN,0.0,0.0,0.0,0.0,0.0,0.0,0.0,0.0,-1,0,0,-0.4446443441467895,-0.10037225624386989,0.09781071083957003,-0.01734538399255321,-0.0007515019903236329,-0.018848950170032765,0.0,0.0,0.0
1787219231.9413128,TRACKING,0,UNKNOWN,0.0,0.0,0.0,0.0,0.0,0.0,0.0,0.0,-1,0,0,-0.4615132546386493,-0.10110311465638278,0.0794795367692631,-0.015658492943367228,-0.0006784161490723444,-0.017015832763002073,0.0,0.0,0.0
1787219232.0583367,TRACKING,0,UNKNOWN,0.0,0.0,0.0,0.0,0.0,0.0,0.0,0.0,-1,0,0,-0.4615132546386493,-0.10110311465638278,0.0794795367692631,-0.015658492943367228,-0.0006784161490723444,-0.017015832763002073,0.0,0.0,0.0
1787219232.1622782,TRACKING,0,UNKNOWN,0.0,0.0,0.0,0.0,0.0,0.0,0.0,0.0,-1,0,0,-0.4615132546386493,-0.10110311465638278,0.0794795367692631,-0.015658492943367228,-0.0006784161490723444,-0.017015832763002073,0.0,0.0,0.0
1787219232.2999203,TRACKING,0,UNKNOWN,0.0,0.0,0.0,0.0,0.0,0.0,0.0,0.0,-1,0,0,-0.4615132546386493,-0.10110311465638278,0.0794795367692631,-0.015658492943367228,-0.0006784161490723444,-0.017015832763002073,0.0,0.0,0.0
1787219232.4129167,TRACKING,0,UNKNOWN,0.0,0.0,0.0,0.0,0.0,0.0,0.0,0.0,-1,0,0,-0.4615132546386493,-0.10110311465638278,0.0794795367692631,-0.015658492943367228,-0.0006784161490723444,-0.017015832763002073,0.0,0.0,0.0
1787219232.5416176,TRACKING,0,UNKNOWN,0.0,0.0,0.0,0.0,0.0,0.0,0.0,0.0,-1,0,0,-0.4615132546386493,-0.10110311465638278,0.0794795367692631,-0.015658492943367228,-0.0006784161490723444,-0.017015832763002073,0.0,0.0,0.0
1787219232.6623719,TRACKING,0,UNKNOWN,0.0,0.0,0.0,0.0,0.0,0.0,0.0,0.0,-1,0,0,-0.4615132546386493,-0.10110311465638278,0.0794795367692631,-0.015658492943367228,-0.0006784161490723444,-0.017015832763002073,0.0,0.0,0.0
1787219232.7666712,TRACKING,0,UNKNOWN,0.0,0.0,0.0,0.0,0.0,0.0,0.0,0.0,-1,0,0,-0.4615132546386493,-0.10110311465638278,0.0794795367692631,-0.015658492943367228,-0.0006784161490723444,-0.017015832763002073,0.0,0.0,0.0
1787219232.902556,TRACKING,0,UNKNOWN,0.0,0.0,0.0,0.0,0.0,0.0,0.0,0.0,-1,0,0,-0.476622017369836,-0.10175771332474831,0.06306108699765522,-0.014147616670248558,-0.0006129562822357901,-0.015373987785841285,0.0,0.0,0.0
1787219233.0330107,TRACKING,0,UNKNOWN,0.0,0.0,0.0,0.0,0.0,0.0,0.0,0.0,-1,0,0,-0.476622017369836,-0.10175771332474831,0.06306108699765522,-0.014147616670248558,-0.0006129562822357901,-0.015373987785841285,0.0,0.0,0.0
1787219233.139668,TRACKING,0,UNKNOWN,0.0,0.0,0.0,0.0,0.0,0.0,0.0,0.0,-1,0,0,-0.476622017369836,-0.10175771332474831,0.06306108699765522,-0.014147616670248558,-0.0006129562822357901,-0.015373987785841285,0.0,0.0,0.0
1787219233.2508779,TRACKING,0,UNKNOWN,0.0,0.0,0.0,0.0,0.0,0.0,0.0,0.0,-1,0,0,-0.476622017369836,-0.10175771332474831,0.06306108699765522,-0.014147616670248558,-0.0006129562822357901,-0.015373987785841285,0.0,0.0,0.0
1787219233.3649712,TRACKING,0,UNKNOWN,0.0,0.0,0.0,0.0,0.0,0.0,0.0,0.0,-1,0,0,-0.476622017369836,-0.10175771332474831,0.06306108699765522,-0.014147616670248558,-0.0006129562822357901,-0.015373987785841285,0.0,0.0,0.0
1787219233.4881728,TRACKING,0,UNKNOWN,0.0,0.0,0.0,0.0,0.0,0.0,0.0,0.0,-1,0,0,-0.476622017369836,-0.10175771332474831,0.06306108699765522,-0.014147616670248558,-0.0006129562822357901,-0.015373987785841285,0.0,0.0,0.0
1787219233.6143262,TRACKING,0,UNKNOWN,0.0,0.0,0.0,0.0,0.0,0.0,0.0,0.0,-1,0,0,-0.476622017369836,-0.10175771332474831,0.06306108699765522,-0.014147616670248558,-0.0006129562822357901,-0.015373987785841285,0.0,0.0,0.0
1787219233.7143958,TRACKING,0,UNKNOWN,0.0,0.0,0.0,0.0,0.0,0.0,0.0,0.0,-1,0,0,-0.476622017369836,-0.10175771332474831,0.06306108699765522,-0.014147616670248558,-0.0006129562822357901,-0.015373987785841285,0.0,0.0,0.0
1787219233.8145235,TRACKING,0,UNKNOWN,0.0,0.0,0.0,0.0,0.0,0.0,0.0,0.0,-1,0,0,-0.476622017369836,-0.10175771332474831,0.06306108699765522,-0.014147616670248558,-0.0006129562822357901,-0.015373987785841285,0.0,0.0,0.0
1787219233.9220881,TRACKING,0,UNKNOWN,0.0,0.0,0.0,0.0,0.0,0.0,0.0,0.0,-1,0,0,-0.49069149748889057,-0.10236728428131103,0.0477720089469081,-0.012740668658343104,-0.0005519991865795185,-0.013845079980766572,0.0,0.0,0.0
1787219234.03908,TRACKING,0,UNKNOWN,0.0,0.0,0.0,0.0,0.0,0.0,0.0,0.0,-1,0,0,-0.49069149748889057,-0.10236728428131103,0.0477720089469081,-0.012740668658343104,-0.0005519991865795185,-0.013845079980766572,0.0,0.0,0.0
1787219234.1671948,TRACKING,0,UNKNOWN,0.0,0.0,0.0,0.0,0.0,0.0,0.0,0.0,-1,0,0,-0.49069149748889057,-0.10236728428131103,0.0477720089469081,-0.012740668658343104,-0.0005519991865795185,-0.013845079980766572,0.0,0.0,0.0
1787219234.3056107,TRACKING,0,UNKNOWN,0.0,0.0,0.0,0.0,0.0,0.0,0.0,0.0,-1,0,0,-0.49069149748889057,-0.10236728428131103,0.0477720089469081,-0.012740668658343104,-0.0005519991865795185,-0.013845079980766572,0.0,0.0,0.0
1787219234.445231,TRACKING,0,UNKNOWN,0.0,0.0,0.0,0.0,0.0,0.0,0.0,0.0,-1,0,0,-0.49069149748889057,-0.10236728428131103,0.0477720089469081,-0.012740668658343104,-0.0005519991865795185,-0.013845079980766572,0.0,0.0,0.0
1787219234.5669062,TRACKING,0,UNKNOWN,0.0,0.0,0.0,0.0,0.0,0.0,0.0,0.0,-1,0,0,-0.49069149748889057,-0.10236728428131103,0.0477720089469081,-0.012740668658343104,-0.0005519991865795185,-0.013845079980766572,0.0,0.0,0.0
1787219234.70346,TRACKING,0,UNKNOWN,0.0,0.0,0.0,0.0,0.0,0.0,0.0,0.0,-1,0,0,-0.49069149748889057,-0.10236728428131103,0.0477720089469081,-0.012740668658343104,-0.0005519991865795185,-0.013845079980766572,0.0,0.0,0.0
1787219234.8062625,TRACKING,0,UNKNOWN,0.0,0.0,0.0,0.0,0.0,0.0,0.0,0.0,-1,0,0,-0.49069149748889057,-0.10236728428131103,0.0477720089469081,-0.012740668658343104,-0.0005519991865795185,-0.013845079980766572,0.0,0.0,0.0
1787219234.9101696,TRACKING,0,UNKNOWN,0.0,0.0,0.0,0.0,0.0,0.0,0.0,0.0,-1,0,0,-0.5028275370634276,-0.10289308745170071,0.03458396967950397,-0.011527064700889399,-0.00049941886954055,-0.01252627605402616,0.0,0.0,0.0
1787219235.0141075,TRACKING,0,UNKNOWN,0.0,0.0,0.0,0.0,0.0,0.0,0.0,0.0,-1,0,0,-0.5028275370634276,-0.10289308745170071,0.03458396967950397,-0.011527064700889399,-0.00049941886954055,-0.01252627605402616,0.0,0.0,0.0
1787219235.1180902,TRACKING,0,UNKNOWN,0.0,0.0,0.0,0.0,0.0,0.0,0.0,0.0,-1,0,0,-0.5028275370634276,-0.10289308745170071,0.03458396967950397,-0.011527064700889399,-0.00049941886954055,-0.01252627605402616,0.0,0.0,0.0
1787219235.242881,TRACKING,0,UNKNOWN,0.0,0.0,0.0,0.0,0.0,0.0,0.0,0.0,-1,0,0,-0.5028275370634276,-0.10289308745170071,0.03458396967950397,-0.011527064700889399,-0.00049941886954055,-0.01252627605402616,0.0,0.0,0.0
1787219235.3714232,TRACKING,0,UNKNOWN,0.0,0.0,0.0,0.0,0.0,0.0,0.0,0.0,-1,0,0,-0.5028275370634276,-0.10289308745170071,0.03458396967950397,-0.011527064700889399,-0.00049941886954055,-0.01252627605402616,0.0,0.0,0.0
1787219235.4750268,TRACKING,0,UNKNOWN,0.0,0.0,0.0,0.0,0.0,0.0,0.0,0.0,-1,0,0,-0.5028275370634276,-0.10289308745170071,0.03458396967950397,-0.011527064700889399,-0.00049941886954055,-0.01252627605402616,0.0,0.0,0.0
1787219235.6034138,TRACKING,0,UNKNOWN,0.0,0.0,0.0,0.0,0.0,0.0,0.0,0.0,-1,0,0,-0.5028275370634276,-0.10289308745170071,0.03458396967950397,-0.011527064700889399,-0.00049941886954055,-0.01252627605402616,0.0,0.0,0.0
1787219235.74298,TRACKING,0,UNKNOWN,0.0,0.0,0.0,0.0,0.0,0.0,0.0,0.0,-1,0,0,-0.5028275370634276,-0.10289308745170071,0.03458396967950397,-0.011527064700889399,-0.00049941886954055,-0.01252627605402616,0.0,0.0,0.0
1787219235.877101,TRACKING,0,UNKNOWN,0.0,0.0,0.0,0.0,0.0,0.0,0.0,0.0,-1,0,0,-0.5148052311720543,-0.10341203018401411,0.021568001886439977,-0.010329295290026725,-0.00044752459630921016,-0.01122467927471976,0.0,0.0,0.0
1787219235.9788995,TRACKING,0,UNKNOWN,0.0,0.0,0.0,0.0,0.0,0.0,0.0,0.0,-1,0,0,-0.5148052311720543,-0.10341203018401411,0.021568001886439977,-0.010329295290026725,-0.00044752459630921016,-0.01122467927471976,0.0,0.0,0.0
1787219236.1233351,TRACKING,0,UNKNOWN,0.0,0.0,0.0,0.0,0.0,0.0,0.0,0.0,-1,0,0,-0.5148052311720543,-0.10341203018401411,0.021568001886439977,-0.010329295290026725,-0.00044752459630921016,-0.01122467927471976,0.0,0.0,0.0
1787219236.279711,TRACKING,0,UNKNOWN,0.0,0.0,0.0,0.0,0.0,0.0,0.0,0.0,-1,0,0,-0.5148052311720543,-0.10341203018401411,0.021568001886439977,-0.010329295290026725,-0.00044752459630921016,-0.01122467927471976,0.0,0.0,0.0
1787219236.3988984,TRACKING,0,UNKNOWN,0.0,0.0,0.0,0.0,0.0,0.0,0.0,0.0,-1,0,0,-0.5148052311720543,-0.10341203018401411,0.021568001886439977,-0.010329295290026725,-0.00044752459630921016,-0.01122467927471976,0.0,0.0,0.0
1787219236.543593,TRACKING,0,UNKNOWN,0.0,0.0,0.0,0.0,0.0,0.0,0.0,0.0,-1,0,0,-0.5148052311720543,-0.10341203018401411,0.021568001886439977,-0.010329295290026725,-0.00044752459630921016,-0.01122467927471976,0.0,0.0,0.0
1787219236.6826537,TRACKING,0,UNKNOWN,0.0,0.0,0.0,0.0,0.0,0.0,0.0,0.0,-1,0,0,-0.5148052311720543,-0.10341203018401411,0.021568001886439977,-0.010329295290026725,-0.00044752459630921016,-0.01122467927471976,0.0,0.0,0.0
1787219236.8261607,TRACKING,0,UNKNOWN,0.0,0.0,0.0,0.0,0.0,0.0,0.0,0.0,-1,0,0,-0.5148052311720543,-0.10341203018401411,0.021568001886439977,-0.010329295290026725,-0.00044752459630921016,-0.01122467927471976,0.0,0.0,0.0
1787219236.92789,TRACKING,0,UNKNOWN,0.0,0.0,0.0,0.0,0.0,0.0,0.0,0.0,-1,0,0,-0.5148052311720543,-0.10341203018401411,0.021568001886439977,-0.010329295290026725,-0.00044752459630921016,-0.01122467927471976,0.0,0.0,0.0
1787219237.0781636,TRACKING,0,UNKNOWN,0.0,0.0,0.0,0.0,0.0,0.0,0.0,0.0,-1,0,0,-0.5148052311720543,-0.10341203018401411,0.021568001886439977,-0.010329295290026725,-0.00044752459630921016,-0.01122467927471976,0.0,0.0,0.0
1787219237.2499032,TRACKING,0,UNKNOWN,0.0,0.0,0.0,0.0,0.0,0.0,0.0,0.0,-1,0,0,-0.5286874165899836,-0.10401348645480607,0.006482453978936582,-0.0089410767482338,-0.00038737896923001457,-0.009716124483969421,0.0,0.0,0.0
1787219237.3685145,TRACKING,0,UNKNOWN,0.0,0.0,0.0,0.0,0.0,0.0,0.0,0.0,-1,0,0,-0.5286874165899836,-0.10401348645480607,0.006482453978936582,-0.0089410767482338,-0.00038737896923001457,-0.009716124483969421,0.0,0.0,0.0
1787219237.4687886,TRACKING,0,UNKNOWN,0.0,0.0,0.0,0.0,0.0,0.0,0.0,0.0,-1,0,0,-0.5286874165899836,-0.10401348645480607,0.006482453978936582,-0.0089410767482338,-0.00038737896923001457,-0.009716124483969421,0.0,0.0,0.0
1787219237.598586,TRACKING,0,UNKNOWN,0.0,0.0,0.0,0.0,0.0,0.0,0.0,0.0,-1,0,0,-0.5286874165899836,-0.10401348645480607,0.006482453978936582,-0.0089410767482338,-0.00038737896923001457,-0.009716124483969421,0.0,0.0,0.0
1787219237.7081904,TRACKING,0,UNKNOWN,0.0,0.0,0.0,0.0,0.0,0.0,0.0,0.0,-1,0,0,-0.5286874165899836,-0.10401348645480607,0.006482453978936582,-0.0089410767482338,-0.00038737896923001457,-0.009716124483969421,0.0,0.0,0.0
1787219237.8202717,TRACKING,0,UNKNOWN,0.0,0.0,0.0,0.0,0.0,0.0,0.0,0.0,-1,0,0,-0.5286874165899836,-0.10401348645480607,0.006482453978936582,-0.0089410767482338,-0.00038737896923001457,-0.009716124483969421,0.0,0.0,0.0
1787219237.951848,TRACKING,0,UNKNOWN,0.0,0.0,0.0,0.0,0.0,0.0,0.0,0.0,-1,0,0,-0.5286874165899836,-0.10401348645480607,0.006482453978936582,-0.0089410767482338,-0.00038737896923001457,-0.009716124483969421,0.0,0.0,0.0
1787219238.0610409,TRACKING,0,UNKNOWN,0.0,0.0,0.0,0.0,0.0,0.0,0.0,0.0,-1,0,0,-0.5286874165899836,-0.10401348645480607,0.006482453978936582,-0.0089410767482338,-0.00038737896923001457,-0.009716124483969421,0.0,0.0,0.0
1787219238.186661,TRACKING,0,UNKNOWN,0.0,0.0,0.0,0.0,0.0,0.0,0.0,0.0,-1,0,0,-0.5286874165899836,-0.10401348645480607,0.006482453978936582,-0.0089410767482338,-0.00038737896923001457,-0.009716124483969421,0.0,0.0,0.0
1787219238.3554795,TRACKING,0,UNKNOWN,0.0,0.0,0.0,0.0,0.0,0.0,0.0,0.0,-1,0,0,-0.5286874165899836,-0.10401348645480607,0.006482453978936582,-0.0089410767482338,-0.00038737896923001457,-0.009716124483969421,0.0,0.0,0.0
1787219238.462377,TRACKING,0,UNKNOWN,0.0,0.0,0.0,0.0,0.0,0.0,0.0,0.0,-1,0,0,-0.5286874165899836,-0.10401348645480607,0.006482453978936582,-0.0089410767482338,-0.00038737896923001457,-0.009716124483969421,0.0,0.0,0.0
1787219238.577389,TRACKING,0,UNKNOWN,0.0,0.0,0.0,0.0,0.0,0.0,0.0,0.0,-1,0,0,-0.5286874165899836,-0.10401348645480607,0.006482453978936582,-0.0089410767482338,-0.00038737896923001457,-0.009716124483969421,0.0,0.0,0.0
1787219238.6932347,TRACKING,0,UNKNOWN,0.0,0.0,0.0,0.0,0.0,0.0,0.0,0.0,-1,0,0,-0.5286874165899836,-0.10401348645480607,0.006482453978936582,-0.0089410767482338,-0.00038737896923001457,-0.009716124483969421,0.0,0.0,0.0
1787219238.8041737,TRACKING,0,UNKNOWN,0.0,0.0,0.0,0.0,0.0,0.0,0.0,0.0,-1,0,0,-0.5286874165899836,-0.10401348645480607,0.006482453978936582,-0.0089410767482338,-0.00038737896923001457,-0.009716124483969421,0.0,0.0,0.0
1787219238.9307394,TRACKING,0,UNKNOWN,0.0,0.0,0.0,0.0,0.0,0.0,0.0,0.0,-1,0,0,-0.5433366876632314,-0.10464817729664978,-0.009436673588691538,-0.007476149640909026,-0.000323909885045643,-0.00812421172720661,0.0,0.0,0.0
1787219239.0516155,TRACKING,0,UNKNOWN,0.0,0.0,0.0,0.0,0.0,0.0,0.0,0.0,-1,0,0,-0.5433366876632314,-0.10464817729664978,-0.009436673588691538,-0.007476149640909026,-0.000323909885045643,-0.00812421172720661,0.0,0.0,0.0
1787219239.1788588,TRACKING,0,UNKNOWN,0.0,0.0,0.0,0.0,0.0,0.0,0.0,0.0,-1,0,0,-0.5433366876632314,-0.10464817729664978,-0.009436673588691538,-0.007476149640909026,-0.000323909885045643,-0.00812421172720661,0.0,0.0,0.0
1787219239.3068426,TRACKING,0,UNKNOWN,0.0,0.0,0.0,0.0,0.0,0.0,0.0,0.0,-1,0,0,-0.5433366876632314,-0.10464817729664978,-0.009436673588691538,-0.007476149640909026,-0.000323909885045643,-0.00812421172720661,0.0,0.0,0.0
1787219239.4115624,TRACKING,0,UNKNOWN,0.0,0.0,0.0,0.0,0.0,0.0,0.0,0.0,-1,0,0,-0.5433366876632314,-0.10464817729664978,-0.009436673588691538,-0.007476149640909026,-0.000323909885045643,-0.00812421172720661,0.0,0.0,0.0
1787219239.5200286,TRACKING,0,UNKNOWN,0.0,0.0,0.0,0.0,0.0,0.0,0.0,0.0,-1,0,0,-0.5433366876632314,-0.10464817729664978,-0.009436673588691538,-0.007476149640909026,-0.000323909885045643,-0.00812421172720661,0.0,0.0,0.0
1787219239.6251132,TRACKING,0,UNKNOWN,0.0,0.0,0.0,0.0,0.0,0.0,0.0,0.0,-1,0,0,-0.5433366876632314,-0.10464817729664978,-0.009436673588691538,-0.007476149640909026,-0.000323909885045643,-0.00812421172720661,0.0,0.0,0.0
1787219239.735163,TRACKING,0,UNKNOWN,0.0,0.0,0.0,0.0,0.0,0.0,0.0,0.0,-1,0,0,-0.5433366876632314,-0.10464817729664978,-0.009436673588691538,-0.007476149640909026,-0.000323909885045643,-0.00812421172720661,0.0,0.0,0.0
1787219239.8410501,TRACKING,0,UNKNOWN,0.0,0.0,0.0,0.0,0.0,0.0,0.0,0.0,-1,0,0,-0.5433366876632314,-0.10464817729664978,-0.009436673588691538,-0.007476149640909026,-0.000323909885045643,-0.00812421172720661,0.0,0.0,0.0
1787219239.9838955,TRACKING,0,UNKNOWN,0.0,0.0,0.0,0.0,0.0,0.0,0.0,0.0,-1,0,0,-0.5513484498293945,-0.10499529300284897,-0.01814292684367833,-0.006674973424292715,-0.00028919831442572445,-0.007253586401707931,0.0,0.0,0.0
1787219240.0924444,TRACKING,0,UNKNOWN,0.0,0.0,0.0,0.0,0.0,0.0,0.0,0.0,-1,0,0,-0.5513484498293945,-0.10499529300284897,-0.01814292684367833,-0.006674973424292715,-0.00028919831442572445,-0.007253586401707931,0.0,0.0,0.0
1787219240.2039626,TRACKING,0,UNKNOWN,0.0,0.0,0.0,0.0,0.0,0.0,0.0,0.0,-1,0,0,-0.5513484498293945,-0.10499529300284897,-0.01814292684367833,-0.006674973424292715,-0.00028919831442572445,-0.007253586401707931,0.0,0.0,0.0
1787219240.3346531,TRACKING,0,UNKNOWN,0.0,0.0,0.0,0.0,0.0,0.0,0.0,0.0,-1,0,0,-0.5513484498293945,-0.10499529300284897,-0.01814292684367833,-0.006674973424292715,-0.00028919831442572445,-0.007253586401707931,0.0,0.0,0.0
1787219240.4445894,TRACKING,0,UNKNOWN,0.0,0.0,0.0,0.0,0.0,0.0,0.0,0.0,-1,0,0,-0.5513484498293945,-0.10499529300284897,-0.01814292684367833,-0.006674973424292715,-0.00028919831442572445,-0.007253586401707931,0.0,0.0,0.0
1787219240.589882,TRACKING,0,UNKNOWN,0.0,0.0,0.0,0.0,0.0,0.0,0.0,0.0,-1,0,0,-0.5513484498293945,-0.10499529300284897,-0.01814292684367833,-0.006674973424292715,-0.00028919831442572445,-0.007253586401707931,0.0,0.0,0.0
1787219240.6970236,TRACKING,0,UNKNOWN,0.0,0.0,0.0,0.0,0.0,0.0,0.0,0.0,-1,0,0,-0.5513484498293945,-0.10499529300284897,-0.01814292684367833,-0.006674973424292715,-0.00028919831442572445,-0.007253586401707931,0.0,0.0,0.0
1787219240.8064497,TRACKING,0,UNKNOWN,0.0,0.0,0.0,0.0,0.0,0.0,0.0,0.0,-1,0,0,-0.5513484498293945,-0.10499529300284897,-0.01814292684367833,-0.006674973424292715,-0.00028919831442572445,-0.007253586401707931,0.0,0.0,0.0
1787219240.934304,TRACKING,0,UNKNOWN,0.0,0.0,0.0,0.0,0.0,0.0,0.0,0.0,-1,0,0,-0.5513484498293945,-0.10499529300284897,-0.01814292684367833,-0.006674973424292715,-0.00028919831442572445,-0.007253586401707931,0.0,0.0,0.0
1787219241.0383751,TRACKING,0,UNKNOWN,0.0,0.0,0.0,0.0,0.0,0.0,0.0,0.0,-1,0,0,-0.5513484498293945,-0.10499529300284897,-0.01814292684367833,-0.006674973424292715,-0.00028919831442572445,-0.007253586401707931,0.0,0.0,0.0
1787219241.1461358,TRACKING,0,UNKNOWN,0.0,0.0,0.0,0.0,0.0,0.0,0.0,0.0,-1,0,0,-0.5590112545131658,-0.10532728985998328,-0.026469973607768964,-0.005908692955915581,-0.00025599862871229356,-0.006420881725298868,0.0,0.0,0.0
1787219241.2515528,TRACKING,0,UNKNOWN,0.0,0.0,0.0,0.0,0.0,0.0,0.0,0.0,-1,0,0,-0.5590112545131658,-0.10532728985998328,-0.026469973607768964,-0.005908692955915581,-0.00025599862871229356,-0.006420881725298868,0.0,0.0,0.0
1787219241.3598742,TRACKING,0,UNKNOWN,0.0,0.0,0.0,0.0,0.0,0.0,0.0,0.0,-1,0,0,-0.5590112545131658,-0.10532728985998328,-0.026469973607768964,-0.005908692955915581,-0.00025599862871229356,-0.006420881725298868,0.0,0.0,0.0
1787219241.4642243,TRACKING,0,UNKNOWN,0.0,0.0,0.0,0.0,0.0,0.0,0.0,0.0,-1,0,0,-0.5590112545131658,-0.10532728985998328,-0.026469973607768964,-0.005908692955915581,-0.00025599862871229356,-0.006420881725298868,0.0,0.0,0.0
1787219241.569044,TRACKING,0,UNKNOWN,0.0,0.0,0.0,0.0,0.0,0.0,0.0,0.0,-1,0,0,-0.5590112545131658,-0.10532728985998328,-0.026469973607768964,-0.005908692955915581,-0.00025599862871229356,-0.006420881725298868,0.0,0.0,0.0
1787219241.6943634,TRACKING,0,UNKNOWN,0.0,0.0,0.0,0.0,0.0,0.0,0.0,0.0,-1,0,0,-0.5590112545131658,-0.10532728985998328,-0.026469973607768964,-0.005908692955915581,-0.00025599862871229356,-0.006420881725298868,0.0,0.0,0.0
1787219241.7993605,TRACKING,0,UNKNOWN,0.0,0.0,0.0,0.0,0.0,0.0,0.0,0.0,-1,0,0,-0.5590112545131658,-0.10532728985998328,-0.026469973607768964,-0.005908692955915581,-0.00025599862871229356,-0.006420881725298868,0.0,0.0,0.0
1787219241.9094968,TRACKING,0,UNKNOWN,0.0,0.0,0.0,0.0,0.0,0.0,0.0,0.0,-1,0,0,-0.5590112545131658,-0.10532728985998328,-0.026469973607768964,-0.005908692955915581,-0.00025599862871229356,-0.006420881725298868,0.0,0.0,0.0
1787219242.0104296,TRACKING,0,UNKNOWN,0.0,0.0,0.0,0.0,0.0,0.0,0.0,0.0,-1,0,0,-0.5590112545131658,-0.10532728985998328,-0.026469973607768964,-0.005908692955915581,-0.00025599862871229356,-0.006420881725298868,0.0,0.0,0.0
1787219242.1137185,TRACKING,0,UNKNOWN,0.0,0.0,0.0,0.0,0.0,0.0,0.0,0.0,-1,0,0,-0.5590112545131658,-0.10532728985998328,-0.026469973607768964,-0.005908692955915581,-0.00025599862871229356,-0.006420881725298868,0.0,0.0,0.0
1787219242.228358,TRACKING,0,UNKNOWN,0.0,0.0,0.0,0.0,0.0,0.0,0.0,0.0,-1,0,0,-0.5654411990080062,-0.10560587210916368,-0.03345729100768103,-0.005265698506431541,-0.00022814040379425432,-0.005722149985307661,0.0,0.0,0.0
1787219242.3627021,TRACKING,0,UNKNOWN,0.0,0.0,0.0,0.0,0.0,0.0,0.0,0.0,-1,0,0,-0.5654411990080062,-0.10560587210916368,-0.03345729100768103,-0.005265698506431541,-0.00022814040379425432,-0.005722149985307661,0.0,0.0,0.0
1787219242.4829867,TRACKING,0,UNKNOWN,0.0,0.0,0.0,0.0,0.0,0.0,0.0,0.0,-1,0,0,-0.5654411990080062,-0.10560587210916368,-0.03345729100768103,-0.005265698506431541,-0.00022814040379425432,-0.005722149985307661,0.0,0.0,0.0
1787219242.5895362,TRACKING,0,UNKNOWN,0.0,0.0,0.0,0.0,0.0,0.0,0.0,0.0,-1,0,0,-0.5654411990080062,-0.10560587210916368,-0.03345729100768103,-0.005265698506431541,-0.00022814040379425432,-0.005722149985307661,0.0,0.0,0.0
1787219242.6946015,TRACKING,0,UNKNOWN,0.0,0.0,0.0,0.0,0.0,0.0,0.0,0.0,-1,0,0,-0.5654411990080062,-0.10560587210916368,-0.03345729100768103,-0.005265698506431541,-0.00022814040379425432,-0.005722149985307661,0.0,0.0,0.0
1787219242.8424962,TRACKING,0,UNKNOWN,0.0,0.0,0.0,0.0,0.0,0.0,0.0,0.0,-1,0,0,-0.5654411990080062,-0.10560587210916368,-0.03345729100768103,-0.005265698506431541,-0.00022814040379425432,-0.005722149985307661,0.0,0.0,0.0
1787219242.9458845,TRACKING,0,UNKNOWN,0.0,0.0,0.0,0.0,0.0,0.0,0.0,0.0,-1,0,0,-0.5654411990080062,-0.10560587210916368,-0.03345729100768103,-0.005265698506431541,-0.00022814040379425432,-0.005722149985307661,0.0,0.0,0.0
1787219243.060066,TRACKING,0,UNKNOWN,0.0,0.0,0.0,0.0,0.0,0.0,0.0,0.0,-1,0,0,-0.5654411990080062,-0.10560587210916368,-0.03345729100768103,-0.005265698506431541,-0.00022814040379425432,-0.005722149985307661,0.0,0.0,0.0
1787219243.1615422,TRACKING,0,UNKNOWN,0.0,0.0,0.0,0.0,0.0,0.0,0.0,0.0,-1,0,0,-0.5654411990080062,-0.10560587210916368,-0.03345729100768103,-0.005265698506431541,-0.00022814040379425432,-0.005722149985307661,0.0,0.0,0.0
1787219243.2627192,TRACKING,0,UNKNOWN,0.0,0.0,0.0,0.0,0.0,0.0,0.0,0.0,-1,0,0,-0.5711397266472744,-0.10585276516524493,-0.039649789459213464,-0.004695845742504719,-0.00020345109818612904,-0.005102900140154418,0.0,0.0,0.0
1787219243.3926342,TRACKING,0,UNKNOWN,0.0,0.0,0.0,0.0,0.0,0.0,0.0,0.0,-1,0,0,-0.5711397266472744,-0.10585276516524493,-0.039649789459213464,-0.004695845742504719,-0.00020345109818612904,-0.005102900140154418,0.0,0.0,0.0
1787219243.499648,TRACKING,0,UNKNOWN,0.0,0.0,0.0,0.0,0.0,0.0,0.0,0.0,-1,0,0,-0.5711397266472744,-0.10585276516524493,-0.039649789459213464,-0.004695845742504719,-0.00020345109818612904,-0.005102900140154418,0.0,0.0,0.0
1787219243.609925,TRACKING,0,UNKNOWN,0.0,0.0,0.0,0.0,0.0,0.0,0.0,0.0,-1,0,0,-0.5711397266472744,-0.10585276516524493,-0.039649789459213464,-0.004695845742504719,-0.00020345109818612904,-0.005102900140154418,0.0,0.0,0.0
1787219243.7182658,TRACKING,0,UNKNOWN,0.0,0.0,0.0,0.0,0.0,0.0,0.0,0.0,-1,0,0,-0.5711397266472744,-0.10585276516524493,-0.039649789459213464,-0.004695845742504719,-0.00020345109818612904,-0.005102900140154418,0.0,0.0,0.0
1787219243.8292892,TRACKING,0,UNKNOWN,0.0,0.0,0.0,0.0,0.0,0.0,0.0,0.0,-1,0,0,-0.5711397266472744,-0.10585276516524493,-0.039649789459213464,-0.004695845742504719,-0.00020345109818612904,-0.005102900140154418,0.0,0.0,0.0
1787219243.9412277,TRACKING,0,UNKNOWN,0.0,0.0,0.0,0.0,0.0,0.0,0.0,0.0,-1,0,0,-0.5711397266472744,-0.10585276516524493,-0.039649789459213464,-0.004695845742504719,-0.00020345109818612904,-0.005102900140154418,0.0,0.0,0.0
1787219244.0460804,TRACKING,0,UNKNOWN,0.0,0.0,0.0,0.0,0.0,0.0,0.0,0.0,-1,0,0,-0.5711397266472744,-0.10585276516524493,-0.039649789459213464,-0.004695845742504719,-0.00020345109818612904,-0.005102900140154418,0.0,0.0,0.0
1787219244.1564434,TRACKING,0,UNKNOWN,0.0,0.0,0.0,0.0,0.0,0.0,0.0,0.0,-1,0,0,-0.5711397266472744,-0.10585276516524493,-0.039649789459213464,-0.004695845742504719,-0.00020345109818612904,-0.005102900140154418,0.0,0.0,0.0
1787219244.2703552,TRACKING,0,UNKNOWN,0.0,0.0,0.0,0.0,0.0,0.0,0.0,0.0,-1,0,0,-0.5759756039796201,-0.10606228323885916,-0.04490485967875482,-0.004212258009270145,-0.00018249929082470655,-0.004577393118200282,0.0,0.0,0.0
1787219244.3814209,TRACKING,0,UNKNOWN,0.0,0.0,0.0,0.0,0.0,0.0,0.0,0.0,-1,0,0,-0.5759756039796201,-0.10606228323885916,-0.04490485967875482,-0.004212258009270145,-0.00018249929082470655,-0.004577393118200282,0.0,0.0,0.0
1787219244.4914706,TRACKING,0,UNKNOWN,0.0,0.0,0.0,0.0,0.0,0.0,0.0,0.0,-1,0,0,-0.5759756039796201,-0.10606228323885916,-0.04490485967875482,-0.004212258009270145,-0.00018249929082470655,-0.004577393118200282,0.0,0.0,0.0
1787219244.6046252,TRACKING,0,UNKNOWN,0.0,0.0,0.0,0.0,0.0,0.0,0.0,0.0,-1,0,0,-0.5759756039796201,-0.10606228323885916,-0.04490485967875482,-0.004212258009270145,-0.00018249929082470655,-0.004577393118200282,0.0,0.0,0.0
1787219244.7105436,TRACKING,0,UNKNOWN,0.0,0.0,0.0,0.0,0.0,0.0,0.0,0.0,-1,0,0,-0.5759756039796201,-0.10606228323885916,-0.04490485967875482,-0.004212258009270145,-0.00018249929082470655,-0.004577393118200282,0.0,0.0,0.0
1787219244.8179622,TRACKING,0,UNKNOWN,0.0,0.0,0.0,0.0,0.0,0.0,0.0,0.0,-1,0,0,-0.5759756039796201,-0.10606228323885916,-0.04490485967875482,-0.004212258009270145,-0.00018249929082470655,-0.004577393118200282,0.0,0.0,0.0
1787219244.9198656,TRACKING,0,UNKNOWN,0.0,0.0,0.0,0.0,0.0,0.0,0.0,0.0,-1,0,0,-0.5759756039796201,-0.10606228323885916,-0.04490485967875482,-0.004212258009270145,-0.00018249929082470655,-0.004577393118200282,0.0,0.0,0.0
1787219245.0240195,TRACKING,0,UNKNOWN,0.0,0.0,0.0,0.0,0.0,0.0,0.0,0.0,-1,0,0,-0.5759756039796201,-0.10606228323885916,-0.04490485967875482,-0.004212258009270145,-0.00018249929082470655,-0.004577393118200282,0.0,0.0,0.0
1787219245.1266327,TRACKING,0,UNKNOWN,0.0,0.0,0.0,0.0,0.0,0.0,0.0,0.0,-1,0,0,-0.5759756039796201,-0.10606228323885916,-0.04490485967875482,-0.004212258009270145,-0.00018249929082470655,-0.004577393118200282,0.0,0.0,0.0
1787219245.2371888,TRACKING,0,UNKNOWN,0.0,0.0,0.0,0.0,0.0,0.0,0.0,0.0,-1,0,0,-0.5759756039796201,-0.10606228323885916,-0.04490485967875482,-0.004212258009270145,-0.00018249929082470655,-0.004577393118200282,0.0,0.0,0.0
1787219245.3635116,TRACKING,0,UNKNOWN,0.0,0.0,0.0,0.0,0.0,0.0,0.0,0.0,-1,0,0,-0.5802555938087285,-0.10624771706243555,-0.04955585587761366,-0.0037842590263593026,-0.00016395590846706733,-0.004112293498314399,0.0,0.0,0.0
1787219245.466217,TRACKING,0,UNKNOWN,0.0,0.0,0.0,0.0,0.0,0.0,0.0,0.0,-1,0,0,-0.5802555938087285,-0.10624771706243555,-0.04955585587761366,-0.0037842590263593026,-0.00016395590846706733,-0.004112293498314399,0.0,0.0,0.0
1787219245.5847669,TRACKING,0,UNKNOWN,0.0,0.0,0.0,0.0,0.0,0.0,0.0,0.0,-1,0,0,-0.5802555938087285,-0.10624771706243555,-0.04955585587761366,-0.0037842590263593026,-0.00016395590846706733,-0.004112293498314399,0.0,0.0,0.0
1787219245.7127442,TRACKING,0,UNKNOWN,0.0,0.0,0.0,0.0,0.0,0.0,0.0,0.0,-1,0,0,-0.5802555938087285,-0.10624771706243555,-0.04955585587761366,-0.0037842590263593026,-0.00016395590846706733,-0.004112293498314399,0.0,0.0,0.0
1787219245.8186426,TRACKING,0,UNKNOWN,0.0,0.0,0.0,0.0,0.0,0.0,0.0,0.0,-1,0,0,-0.5802555938087285,-0.10624771706243555,-0.04955585587761366,-0.0037842590263593026,-0.00016395590846706733,-0.004112293498314399,0.0,0.0,0.0
1787219245.9219646,TRACKING,0,UNKNOWN,0.0,0.0,0.0,0.0,0.0,0.0,0.0,0.0,-1,0,0,-0.5802555938087285,-0.10624771706243555,-0.04955585587761366,-0.0037842590263593026,-0.00016395590846706733,-0.004112293498314399,0.0,0.0,0.0
1787219246.0276473,TRACKING,0,UNKNOWN,0.0,0.0,0.0,0.0,0.0,0.0,0.0,0.0,-1,0,0,-0.5802555938087285,-0.10624771706243555,-0.04955585587761366,-0.0037842590263593026,-0.00016395590846706733,-0.004112293498314399,0.0,0.0,0.0
1787219246.1276753,TRACKING,0,UNKNOWN,0.0,0.0,0.0,0.0,0.0,0.0,0.0,0.0,-1,0,0,-0.5802555938087285,-0.10624771706243555,-0.04955585587761366,-0.0037842590263593026,-0.00016395590846706733,-0.004112293498314399,0.0,0.0,0.0
1787219246.2516508,TRACKING,0,UNKNOWN,0.0,0.0,0.0,0.0,0.0,0.0,0.0,0.0,-1,0,0,-0.5802555938087285,-0.10624771706243555,-0.04955585587761366,-0.0037842590263593026,-0.00016395590846706733,-0.004112293498314399,0.0,0.0,0.0
1787219246.3820705,TRACKING,0,UNKNOWN,0.0,0.0,0.0,0.0,0.0,0.0,0.0,0.0,-1,0,0,-0.5842476952394816,-0.10642067790158866,-0.053894008378260964,-0.0033850488832839892,-0.00014665982455175703,-0.003678478248249669,0.0,0.0,0.0
1787219246.497283,TRACKING,0,UNKNOWN,0.0,0.0,0.0,0.0,0.0,0.0,0.0,0.0,-1,0,0,-0.5842476952394816,-0.10642067790158866,-0.053894008378260964,-0.0033850488832839892,-0.00014665982455175703,-0.003678478248249669,0.0,0.0,0.0
1787219246.607278,TRACKING,0,UNKNOWN,0.0,0.0,0.0,0.0,0.0,0.0,0.0,0.0,-1,0,0,-0.5842476952394816,-0.10642067790158866,-0.053894008378260964,-0.0033850488832839892,-0.00014665982455175703,-0.003678478248249669,0.0,0.0,0.0
1787219246.7081728,TRACKING,0,UNKNOWN,0.0,0.0,0.0,0.0,0.0,0.0,0.0,0.0,-1,0,0,-0.5842476952394816,-0.10642067790158866,-0.053894008378260964,-0.0033850488832839892,-0.00014665982455175703,-0.003678478248249669,0.0,0.0,0.0
1787219246.814194,TRACKING,0,UNKNOWN,0.0,0.0,0.0,0.0,0.0,0.0,0.0,0.0,-1,0,0,-0.5842476952394816,-0.10642067790158866,-0.053894008378260964,-0.0033850488832839892,-0.00014665982455175703,-0.003678478248249669,0.0,0.0,0.0
1787219246.9158907,TRACKING,0,UNKNOWN,0.0,0.0,0.0,0.0,0.0,0.0,0.0,0.0,-1,0,0,-0.5842476952394816,-0.10642067790158866,-0.053894008378260964,-0.0033850488832839892,-0.00014665982455175703,-0.003678478248249669,0.0,0.0,0.0
1787219247.0207648,TRACKING,0,UNKNOWN,0.0,0.0,0.0,0.0,0.0,0.0,0.0,0.0,-1,0,0,-0.5842476952394816,-0.10642067790158866,-0.053894008378260964,-0.0033850488832839892,-0.00014665982455175703,-0.003678478248249669,0.0,0.0,0.0
1787219247.1552393,TRACKING,0,UNKNOWN,0.0,0.0,0.0,0.0,0.0,0.0,0.0,0.0,-1,0,0,-0.5842476952394816,-0.10642067790158866,-0.053894008378260964,-0.0033850488832839892,-0.00014665982455175703,-0.003678478248249669,0.0,0.0,0.0
1787219247.291435,TRACKING,0,UNKNOWN,0.0,0.0,0.0,0.0,0.0,0.0,0.0,0.0,-1,0,0,-0.5842476952394816,-0.10642067790158866,-0.053894008378260964,-0.0033850488832839892,-0.00014665982455175703,-0.003678478248249669,0.0,0.0,0.0
1787219247.3915083,TRACKING,0,UNKNOWN,0.0,0.0,0.0,0.0,0.0,0.0,0.0,0.0,-1,0,0,-0.5876072217309131,-0.10656623194904817,-0.057544751853244425,-0.0030490962341408454,-0.00013210441980580497,-0.003313403900751323,0.0,0.0,0.0
1787219247.4981508,TRACKING,0,UNKNOWN,0.0,0.0,0.0,0.0,0.0,0.0,0.0,0.0,-1,0,0,-0.5876072217309131,-0.10656623194904817,-0.057544751853244425,-0.0030490962341408454,-0.00013210441980580497,-0.003313403900751323,0.0,0.0,0.0
1787219247.6140387,TRACKING,0,UNKNOWN,0.0,0.0,0.0,0.0,0.0,0.0,0.0,0.0,-1,0,0,-0.5876072217309131,-0.10656623194904817,-0.057544751853244425,-0.0030490962341408454,-0.00013210441980580497,-0.003313403900751323,0.0,0.0,0.0
1787219247.7288277,TRACKING,0,UNKNOWN,0.0,0.0,0.0,0.0,0.0,0.0,0.0,0.0,-1,0,0,-0.5876072217309131,-0.10656623194904817,-0.057544751853244425,-0.0030490962341408454,-0.00013210441980580497,-0.003313403900751323,0.0,0.0,0.0
1787219247.845794,TRACKING,0,UNKNOWN,0.0,0.0,0.0,0.0,0.0,0.0,0.0,0.0,-1,0,0,-0.5876072217309131,-0.10656623194904817,-0.057544751853244425,-0.0030490962341408454,-0.00013210441980580497,-0.003313403900751323,0.0,0.0,0.0
1787219247.9519916,TRACKING,0,UNKNOWN,0.0,0.0,0.0,0.0,0.0,0.0,0.0,0.0,-1,0,0,-0.5876072217309131,-0.10656623194904817,-0.057544751853244425,-0.0030490962341408454,-0.00013210441980580497,-0.003313403900751323,0.0,0.0,0.0
1787219248.0577273,TRACKING,0,UNKNOWN,0.0,0.0,0.0,0.0,0.0,0.0,0.0,0.0,-1,0,0,-0.5876072217309131,-0.10656623194904817,-0.057544751853244425,-0.0030490962341408454,-0.00013210441980580497,-0.003313403900751323,0.0,0.0,0.0
1787219248.1619294,TRACKING,0,UNKNOWN,0.0,0.0,0.0,0.0,0.0,0.0,0.0,0.0,-1,0,0,-0.5876072217309131,-0.10656623194904817,-0.057544751853244425,-0.0030490962341408454,-0.00013210441980580497,-0.003313403900751323,0.0,0.0,0.0
1787219248.2914677,TRACKING,0,UNKNOWN,0.0,0.0,0.0,0.0,0.0,0.0,0.0,0.0,-1,0,0,-0.5876072217309131,-0.10656623194904817,-0.057544751853244425,-0.0030490962341408454,-0.00013210441980580497,-0.003313403900751323,0.0,0.0,0.0
1787219248.4002628,TRACKING,0,UNKNOWN,0.0,0.0,0.0,0.0,0.0,0.0,0.0,0.0,-1,0,0,-0.5905627687166726,-0.10669428327632043,-0.060756497288438537,-0.0027535415355648928,-0.00011929928707857986,-0.0029922293572319115,0.0,0.0,0.0
1787219248.50635,TRACKING,0,UNKNOWN,0.0,0.0,0.0,0.0,0.0,0.0,0.0,0.0,-1,0,0,-0.5905627687166726,-0.10669428327632043,-0.060756497288438537,-0.0027535415355648928,-0.00011929928707857986,-0.0029922293572319115,0.0,0.0,0.0
1787219248.6142082,TRACKING,0,UNKNOWN,0.0,0.0,0.0,0.0,0.0,0.0,0.0,0.0,-1,0,0,-0.5905627687166726,-0.10669428327632043,-0.060756497288438537,-0.0027535415355648928,-0.00011929928707857986,-0.0029922293572319115,0.0,0.0,0.0
1787219248.716603,TRACKING,0,UNKNOWN,0.0,0.0,0.0,0.0,0.0,0.0,0.0,0.0,-1,0,0,-0.5905627687166726,-0.10669428327632043,-0.060756497288438537,-0.0027535415355648928,-0.00011929928707857986,-0.0029922293572319115,0.0,0.0,0.0
1787219248.8237631,TRACKING,0,UNKNOWN,0.0,0.0,0.0,0.0,0.0,0.0,0.0,0.0,-1,0,0,-0.5905627687166726,-0.10669428327632043,-0.060756497288438537,-0.0027535415355648928,-0.00011929928707857986,-0.0029922293572319115,0.0,0.0,0.0
1787219248.9255273,TRACKING,0,UNKNOWN,0.0,0.0,0.0,0.0,0.0,0.0,0.0,0.0,-1,0,0,-0.5905627687166726,-0.10669428327632043,-0.060756497288438537,-0.0027535415355648928,-0.00011929928707857986,-0.0029922293572319115,0.0,0.0,0.0
1787219249.0427032,TRACKING,0,UNKNOWN,0.0,0.0,0.0,0.0,0.0,0.0,0.0,0.0,-1,0,0,-0.5905627687166726,-0.10669428327632043,-0.060756497288438537,-0.0027535415355648928,-0.00011929928707857986,-0.0029922293572319115,0.0,0.0,0.0
1787219249.1746914,TRACKING,0,UNKNOWN,0.0,0.0,0.0,0.0,0.0,0.0,0.0,0.0,-1,0,0,-0.5905627687166726,-0.10669428327632043,-0.060756497288438537,-0.0027535415355648928,-0.00011929928707857986,-0.0029922293572319115,0.0,0.0,0.0
1787219249.2772698,TRACKING,0,UNKNOWN,0.0,0.0,0.0,0.0,0.0,0.0,0.0,0.0,-1,0,0,-0.5905627687166726,-0.10669428327632043,-0.060756497288438537,-0.0027535415355648928,-0.00011929928707857986,-0.0029922293572319115,0.0,0.0,0.0
1787219249.3895333,TRACKING,0,UNKNOWN,0.0,0.0,0.0,0.0,0.0,0.0,0.0,0.0,-1,0,0,-0.5933084830708644,-0.10681324344479644,-0.06374022097339847,-0.0024789701001457077,-0.00010740327023097814,-0.0026938569887359183,0.0,0.0,0.0
1787219249.5043325,TRACKING,0,UNKNOWN,0.0,0.0,0.0,0.0,0.0,0.0,0.0,0.0,-1,0,0,-0.5933084830708644,-0.10681324344479644,-0.06374022097339847,-0.0024789701001457077,-0.00010740327023097814,-0.0026938569887359183,0.0,0.0,0.0
1787219249.6064086,TRACKING,0,UNKNOWN,0.0,0.0,0.0,0.0,0.0,0.0,0.0,0.0,-1,0,0,-0.5933084830708644,-0.10681324344479644,-0.06374022097339847,-0.0024789701001457077,-0.00010740327023097814,-0.0026938569887359183,0.0,0.0,0.0
1787219249.7341194,TRACKING,0,UNKNOWN,0.0,0.0,0.0,0.0,0.0,0.0,0.0,0.0,-1,0,0,-0.5933084830708644,-0.10681324344479644,-0.06374022097339847,-0.0024789701001457077,-0.00010740327023097814,-0.0026938569887359183,0.0,0.0,0.0
1787219249.8341296,TRACKING,0,UNKNOWN,0.0,0.0,0.0,0.0,0.0,0.0,0.0,0.0,-1,0,0,-0.5933084830708644,-0.10681324344479644,-0.06374022097339847,-0.0024789701001457077,-0.00010740327023097814,-0.0026938569887359183,0.0,0.0,0.0
1787219249.9613135,TRACKING,0,UNKNOWN,0.0,0.0,0.0,0.0,0.0,0.0,0.0,0.0,-1,0,0,-0.5933084830708644,-0.10681324344479644,-0.06374022097339847,-0.0024789701001457077,-0.00010740327023097814,-0.0026938569887359183,0.0,0.0,0.0
1787219250.0646367,TRACKING,0,UNKNOWN,0.0,0.0,0.0,0.0,0.0,0.0,0.0,0.0,-1,0,0,-0.5933084830708644,-0.10681324344479644,-0.06374022097339847,-0.0024789701001457077,-0.00010740327023097814,-0.0026938569887359183,0.0,0.0,0.0
1787219250.1934624,TRACKING,0,UNKNOWN,0.0,0.0,0.0,0.0,0.0,0.0,0.0,0.0,-1,0,0,-0.5933084830708644,-0.10681324344479644,-0.06374022097339847,-0.0024789701001457077,-0.00010740327023097814,-0.0026938569887359183,0.0,0.0,0.0
1787219250.2970076,TRACKING,0,UNKNOWN,0.0,0.0,0.0,0.0,0.0,0.0,0.0,0.0,-1,0,0,-0.5933084830708644,-0.10681324344479644,-0.06374022097339847,-0.0024789701001457077,-0.00010740327023097814,-0.0026938569887359183,0.0,0.0,0.0
1787219250.4808307,TRACKING,0,UNKNOWN,0.0,0.0,0.0,0.0,0.0,0.0,0.0,0.0,-1,0,0,-0.5960904397906658,-0.10693377384140354,-0.066763328654914,-0.00220077442816557,-9.535023057026781e-05,-0.0023915462205843663,0.0,0.0,0.0
1787219250.6459172,TRACKING,0,UNKNOWN,0.0,0.0,0.0,0.0,0.0,0.0,0.0,0.0,-1,0,0,-0.5960904397906658,-0.10693377384140354,-0.066763328654914,-0.00220077442816557,-9.535023057026781e-05,-0.0023915462205843663,0.0,0.0,0.0
1787219250.7608438,TRACKING,0,UNKNOWN,0.0,0.0,0.0,0.0,0.0,0.0,0.0,0.0,-1,0,0,-0.5960904397906658,-0.10693377384140354,-0.066763328654914,-0.00220077442816557,-9.535023057026781e-05,-0.0023915462205843663,0.0,0.0,0.0
1787219250.8761697,TRACKING,0,UNKNOWN,0.0,0.0,0.0,0.0,0.0,0.0,0.0,0.0,-1,0,0,-0.5960904397906658,-0.10693377384140354,-0.066763328654914,-0.00220077442816557,-9.535023057026781e-05,-0.0023915462205843663,0.0,0.0,0.0
1787219250.9890587,TRACKING,0,UNKNOWN,0.0,0.0,0.0,0.0,0.0,0.0,0.0,0.0,-1,0,0,-0.5960904397906658,-0.10693377384140354,-0.066763328654914,-0.00220077442816557,-9.535023057026781e-05,-0.0023915462205843663,0.0,0.0,0.0
1787219251.09955,TRACKING,0,UNKNOWN,0.0,0.0,0.0,0.0,0.0,0.0,0.0,0.0,-1,0,0,-0.5960904397906658,-0.10693377384140354,-0.066763328654914,-0.00220077442816557,-9.535023057026781e-05,-0.0023915462205843663,0.0,0.0,0.0
1787219251.2097685,TRACKING,0,UNKNOWN,0.0,0.0,0.0,0.0,0.0,0.0,0.0,0.0,-1,0,0,-0.5960904397906658,-0.10693377384140354,-0.066763328654914,-0.00220077442816557,-9.535023057026781e-05,-0.0023915462205843663,0.0,0.0,0.0
1787219251.350173,TRACKING,0,UNKNOWN,0.0,0.0,0.0,0.0,0.0,0.0,0.0,0.0,-1,0,0,-0.5960904397906658,-0.10693377384140354,-0.066763328654914,-0.00220077442816557,-9.535023057026781e-05,-0.0023915462205843663,0.0,0.0,0.0
1787219251.4769056,TRACKING,0,UNKNOWN,0.0,0.0,0.0,0.0,0.0,0.0,0.0,0.0,-1,0,0,-0.5960904397906658,-0.10693377384140354,-0.066763328654914,-0.00220077442816557,-9.535023057026781e-05,-0.0023915462205843663,0.0,0.0,0.0
1787219251.6211836,TRACKING,0,UNKNOWN,0.0,0.0,0.0,0.0,0.0,0.0,0.0,0.0,-1,0,0,-0.5960904397906658,-0.10693377384140354,-0.066763328654914,-0.00220077442816557,-9.535023057026781e-05,-0.0023915462205843663,0.0,0.0,0.0
1787219251.7378433,TRACKING,0,UNKNOWN,0.0,0.0,0.0,0.0,0.0,0.0,0.0,0.0,-1,0,0,-0.5960904397906658,-0.10693377384140354,-0.066763328654914,-0.00220077442816557,-9.535023057026781e-05,-0.0023915462205843663,0.0,0.0,0.0
1787219251.9011045,TRACKING,0,UNKNOWN,0.0,0.0,0.0,0.0,0.0,0.0,0.0,0.0,-1,0,0,-0.5960904397906658,-0.10693377384140354,-0.066763328654914,-0.00220077442816557,-9.535023057026781e-05,-0.0023915462205843663,0.0,0.0,0.0
1787219252.006398,TRACKING,0,UNKNOWN,0.0,0.0,0.0,0.0,0.0,0.0,0.0,0.0,-1,0,0,-0.5960904397906658,-0.10693377384140354,-0.066763328654914,-0.00220077442816557,-9.535023057026781e-05,-0.0023915462205843663,0.0,0.0,0.0
1787219252.1451945,TRACKING,0,UNKNOWN,0.0,0.0,0.0,0.0,0.0,0.0,0.0,0.0,-1,0,0,4.656282283401799,0.3936258756169796,2.7520613133512963,0.14218377539149468,-0.0022044660181309425,-0.023479200966107092,0.0,0.0,0.0
1787219252.2483363,TRACKING,0,UNKNOWN,0.0,0.0,0.0,0.0,0.0,0.0,0.0,0.0,-1,0,0,4.656282283401799,0.3936258756169796,2.7520613133512963,0.14218377539149468,-0.0022044660181309425,-0.023479200966107092,0.0,0.0,0.0
1787219252.353101,TRACKING,0,UNKNOWN,0.0,0.0,0.0,0.0,0.0,0.0,0.0,0.0,-1,0,0,4.656282283401799,0.3936258756169796,2.7520613133512963,0.14218377539149468,-0.0022044660181309425,-0.023479200966107092,0.0,0.0,0.0
1787219252.4929092,TRACKING,0,UNKNOWN,0.0,0.0,0.0,0.0,0.0,0.0,0.0,0.0,-1,0,0,4.656282283401799,0.3936258756169796,2.7520613133512963,0.14218377539149468,-0.0022044660181309425,-0.023479200966107092,0.0,0.0,0.0
1787219252.6039202,TRACKING,0,UNKNOWN,0.0,0.0,0.0,0.0,0.0,0.0,0.0,0.0,-1,0,0,4.656282283401799,0.3936258756169796,2.7520613133512963,0.14218377539149468,-0.0022044660181309425,-0.023479200966107092,0.0,0.0,0.0
1787219252.7148483,TRACKING,0,UNKNOWN,0.0,0.0,0.0,0.0,0.0,0.0,0.0,0.0,-1,0,0,4.656282283401799,0.3936258756169796,2.7520613133512963,0.14218377539149468,-0.0022044660181309425,-0.023479200966107092,0.0,0.0,0.0
1787219252.8204477,TRACKING,0,UNKNOWN,0.0,0.0,0.0,0.0,0.0,0.0,0.0,0.0,-1,0,0,4.656282283401799,0.3936258756169796,2.7520613133512963,0.14218377539149468,-0.0022044660181309425,-0.023479200966107092,0.0,0.0,0.0
1787219252.930104,TRACKING,0,UNKNOWN,0.0,0.0,0.0,0.0,0.0,0.0,0.0,0.0,-1,0,0,4.656282283401799,0.3936258756169796,2.7520613133512963,0.14218377539149468,-0.0022044660181309425,-0.023479200966107092,0.0,0.0,0.0
1787219253.034468,TRACKING,0,UNKNOWN,0.0,0.0,0.0,0.0,0.0,0.0,0.0,0.0,-1,0,0,4.656282283401799,0.3936258756169796,2.7520613133512963,0.14218377539149468,-0.0022044660181309425,-0.023479200966107092,0.0,0.0,0.0
1787219253.1587217,TRACKING,0,UNKNOWN,0.0,0.0,0.0,0.0,0.0,0.0,0.0,0.0,-1,0,0,4.8056248098411105,0.39131041786738197,2.72739996798049,0.12724952274756351,-0.0019729202431711798,-0.02101306642902649,0.0,0.0,0.0
1787219253.2805946,TRACKING,0,UNKNOWN,0.0,0.0,0.0,0.0,0.0,0.0,0.0,0.0,-1,0,0,4.8056248098411105,0.39131041786738197,2.72739996798049,0.12724952274756351,-0.0019729202431711798,-0.02101306642902649,0.0,0.0,0.0
1787219253.3898442,TRACKING,0,UNKNOWN,0.0,0.0,0.0,0.0,0.0,0.0,0.0,0.0,-1,0,0,4.8056248098411105,0.39131041786738197,2.72739996798049,0.12724952274756351,-0.0019729202431711798,-0.02101306642902649,0.0,0.0,0.0
1787219253.4994638,TRACKING,0,UNKNOWN,0.0,0.0,0.0,0.0,0.0,0.0,0.0,0.0,-1,0,0,4.8056248098411105,0.39131041786738197,2.72739996798049,0.12724952274756351,-0.0019729202431711798,-0.02101306642902649,0.0,0.0,0.0
1787219253.6017592,TRACKING,0,UNKNOWN,0.0,0.0,0.0,0.0,0.0,0.0,0.0,0.0,-1,0,0,4.8056248098411105,0.39131041786738197,2.72739996798049,0.12724952274756351,-0.0019729202431711798,-0.02101306642902649,0.0,0.0,0.0
1787219253.7057712,TRACKING,0,UNKNOWN,0.0,0.0,0.0,0.0,0.0,0.0,0.0,0.0,-1,0,0,4.8056248098411105,0.39131041786738197,2.72739996798049,0.12724952274756351,-0.0019729202431711798,-0.02101306642902649,0.0,0.0,0.0
1787219253.822265,TRACKING,0,UNKNOWN,0.0,0.0,0.0,0.0,0.0,0.0,0.0,0.0,-1,0,0,4.8056248098411105,0.39131041786738197,2.72739996798049,0.12724952274756351,-0.0019729202431711798,-0.02101306642902649,0.0,0.0,0.0
1787219253.926632,TRACKING,0,UNKNOWN,0.0,0.0,0.0,0.0,0.0,0.0,0.0,0.0,-1,0,0,4.8056248098411105,0.39131041786738197,2.72739996798049,0.12724952274756351,-0.0019729202431711798,-0.02101306642902649,0.0,0.0,0.0
1787219254.035601,TRACKING,0,UNKNOWN,0.0,0.0,0.0,0.0,0.0,0.0,0.0,0.0,-1,0,0,4.8056248098411105,0.39131041786738197,2.72739996798049,0.12724952274756351,-0.0019729202431711798,-0.02101306642902649,0.0,0.0,0.0
1787219254.1635165,TRACKING,0,UNKNOWN,0.0,0.0,0.0,0.0,0.0,0.0,0.0,0.0,-1,0,0,4.937233073225368,0.38926991821447166,2.7056671306276274,0.11408869640913781,-0.0017688702778801495,-0.018839782693740214,0.0,0.0,0.0
1787219254.2950811,TRACKING,0,UNKNOWN,0.0,0.0,0.0,0.0,0.0,0.0,0.0,0.0,-1,0,0,4.937233073225368,0.38926991821447166,2.7056671306276274,0.11408869640913781,-0.0017688702778801495,-0.018839782693740214,0.0,0.0,0.0
1787219254.3979259,TRACKING,0,UNKNOWN,0.0,0.0,0.0,0.0,0.0,0.0,0.0,0.0,-1,0,0,4.937233073225368,0.38926991821447166,2.7056671306276274,0.11408869640913781,-0.0017688702778801495,-0.018839782693740214,0.0,0.0,0.0
1787219254.5091307,TRACKING,0,UNKNOWN,0.0,0.0,0.0,0.0,0.0,0.0,0.0,0.0,-1,0,0,4.937233073225368,0.38926991821447166,2.7056671306276274,0.11408869640913781,-0.0017688702778801495,-0.018839782693740214,0.0,0.0,0.0
1787219254.6237001,TRACKING,0,UNKNOWN,0.0,0.0,0.0,0.0,0.0,0.0,0.0,0.0,-1,0,0,4.937233073225368,0.38926991821447166,2.7056671306276274,0.11408869640913781,-0.0017688702778801495,-0.018839782693740214,0.0,0.0,0.0
1787219254.7385292,TRACKING,0,UNKNOWN,0.0,0.0,0.0,0.0,0.0,0.0,0.0,0.0,-1,0,0,4.937233073225368,0.38926991821447166,2.7056671306276274,0.11408869640913781,-0.0017688702778801495,-0.018839782693740214,0.0,0.0,0.0
1787219254.8479457,TRACKING,0,UNKNOWN,0.0,0.0,0.0,0.0,0.0,0.0,0.0,0.0,-1,0,0,4.937233073225368,0.38926991821447166,2.7056671306276274,0.11408869640913781,-0.0017688702778801495,-0.018839782693740214,0.0,0.0,0.0
1787219254.9605153,TRACKING,0,UNKNOWN,0.0,0.0,0.0,0.0,0.0,0.0,0.0,0.0,-1,0,0,4.937233073225368,0.38926991821447166,2.7056671306276274,0.11408869640913781,-0.0017688702778801495,-0.018839782693740214,0.0,0.0,0.0
1787219255.0828145,TRACKING,0,UNKNOWN,0.0,0.0,0.0,0.0,0.0,0.0,0.0,0.0,-1,0,0,4.937233073225368,0.38926991821447166,2.7056671306276274,0.11408869640913781,-0.0017688702778801495,-0.018839782693740214,0.0,0.0,0.0
1787219255.197897,TRACKING,0,UNKNOWN,0.0,0.0,0.0,0.0,0.0,0.0,0.0,0.0,-1,0,0,4.937233073225368,0.38926991821447166,2.7056671306276274,0.11408869640913781,-0.0017688702778801495,-0.018839782693740214,0.0,0.0,0.0
1787219255.3133786,TRACKING,0,UNKNOWN,0.0,0.0,0.0,0.0,0.0,0.0,0.0,0.0,-1,0,0,5.0581407206155,0.38739532458190135,2.685701315656154,0.10199793167012468,-0.0015814109146231187,-0.01684320119659288,0.0,0.0,0.0
1787219255.4288626,TRACKING,0,UNKNOWN,0.0,0.0,0.0,0.0,0.0,0.0,0.0,0.0,-1,0,0,5.0581407206155,0.38739532458190135,2.685701315656154,0.10199793167012468,-0.0015814109146231187,-0.01684320119659288,0.0,0.0,0.0
1787219255.5461018,TRACKING,0,UNKNOWN,0.0,0.0,0.0,0.0,0.0,0.0,0.0,0.0,-1,0,0,5.0581407206155,0.38739532458190135,2.685701315656154,0.10199793167012468,-0.0015814109146231187,-0.01684320119659288,0.0,0.0,0.0
1787219255.658776,TRACKING,0,UNKNOWN,0.0,0.0,0.0,0.0,0.0,0.0,0.0,0.0,-1,0,0,5.0581407206155,0.38739532458190135,2.685701315656154,0.10199793167012468,-0.0015814109146231187,-0.01684320119659288,0.0,0.0,0.0
1787219255.7852967,TRACKING,0,UNKNOWN,0.0,0.0,0.0,0.0,0.0,0.0,0.0,0.0,-1,0,0,5.0581407206155,0.38739532458190135,2.685701315656154,0.10199793167012468,-0.0015814109146231187,-0.01684320119659288,0.0,0.0,0.0
1787219255.909585,TRACKING,0,UNKNOWN,0.0,0.0,0.0,0.0,0.0,0.0,0.0,0.0,-1,0,0,5.0581407206155,0.38739532458190135,2.685701315656154,0.10199793167012468,-0.0015814109146231187,-0.01684320119659288,0.0,0.0,0.0
1787219256.017869,TRACKING,0,UNKNOWN,0.0,0.0,0.0,0.0,0.0,0.0,0.0,0.0,-1,0,0,5.0581407206155,0.38739532458190135,2.685701315656154,0.10199793167012468,-0.0015814109146231187,-0.01684320119659288,0.0,0.0,0.0
1787219256.12102,TRACKING,0,UNKNOWN,0.0,0.0,0.0,0.0,0.0,0.0,0.0,0.0,-1,0,0,5.0581407206155,0.38739532458190135,2.685701315656154,0.10199793167012468,-0.0015814109146231187,-0.01684320119659288,0.0,0.0,0.0
1787219256.2286477,TRACKING,0,UNKNOWN,0.0,0.0,0.0,0.0,0.0,0.0,0.0,0.0,-1,0,0,5.0581407206155,0.38739532458190135,2.685701315656154,0.10199793167012468,-0.0015814109146231187,-0.01684320119659288,0.0,0.0,0.0
1787219256.3294928,TRACKING,0,UNKNOWN,0.0,0.0,0.0,0.0,0.0,0.0,0.0,0.0,-1,0,0,5.1670789639509005,0.3857063086949161,2.667712041555619,0.09110410733658458,-0.0014125093259245978,-0.015044273786539341,0.0,0.0,0.0
1787219256.4584465,TRACKING,0,UNKNOWN,0.0,0.0,0.0,0.0,0.0,0.0,0.0,0.0,-1,0,0,5.1670789639509005,0.3857063086949161,2.667712041555619,0.09110410733658458,-0.0014125093259245978,-0.015044273786539341,0.0,0.0,0.0
1787219256.574444,TRACKING,0,UNKNOWN,0.0,0.0,0.0,0.0,0.0,0.0,0.0,0.0,-1,0,0,5.1670789639509005,0.3857063086949161,2.667712041555619,0.09110410733658458,-0.0014125093259245978,-0.015044273786539341,0.0,0.0,0.0
1787219256.684675,TRACKING,0,UNKNOWN,0.0,0.0,0.0,0.0,0.0,0.0,0.0,0.0,-1,0,0,5.1670789639509005,0.3857063086949161,2.667712041555619,0.09110410733658458,-0.0014125093259245978,-0.015044273786539341,0.0,0.0,0.0
1787219256.7912135,TRACKING,0,UNKNOWN,0.0,0.0,0.0,0.0,0.0,0.0,0.0,0.0,-1,0,0,5.1670789639509005,0.3857063086949161,2.667712041555619,0.09110410733658458,-0.0014125093259245978,-0.015044273786539341,0.0,0.0,0.0
1787219256.896211,TRACKING,0,UNKNOWN,0.0,0.0,0.0,0.0,0.0,0.0,0.0,0.0,-1,0,0,5.1670789639509005,0.3857063086949161,2.667712041555619,0.09110410733658458,-0.0014125093259245978,-0.015044273786539341,0.0,0.0,0.0
1787219256.99659,TRACKING,0,UNKNOWN,0.0,0.0,0.0,0.0,0.0,0.0,0.0,0.0,-1,0,0,5.1670789639509005,0.3857063086949161,2.667712041555619,0.09110410733658458,-0.0014125093259245978,-0.015044273786539341,0.0,0.0,0.0
1787219257.0992146,TRACKING,0,UNKNOWN,0.0,0.0,0.0,0.0,0.0,0.0,0.0,0.0,-1,0,0,5.1670789639509005,0.3857063086949161,2.667712041555619,0.09110410733658458,-0.0014125093259245978,-0.015044273786539341,0.0,0.0,0.0
1787219257.2050107,TRACKING,0,UNKNOWN,0.0,0.0,0.0,0.0,0.0,0.0,0.0,0.0,-1,0,0,5.1670789639509005,0.3857063086949161,2.667712041555619,0.09110410733658458,-0.0014125093259245978,-0.015044273786539341,0.0,0.0,0.0
1787219257.313643,TRACKING,0,UNKNOWN,0.0,0.0,0.0,0.0,0.0,0.0,0.0,0.0,-1,0,0,5.255689378316359,0.38433246244007235,2.6530795582019584,0.08224306590003877,-0.0012751247004402196,-0.013581025451173314,0.0,0.0,0.0
1787219257.4217708,TRACKING,0,UNKNOWN,0.0,0.0,0.0,0.0,0.0,0.0,0.0,0.0,-1,0,0,5.255689378316359,0.38433246244007235,2.6530795582019584,0.08224306590003877,-0.0012751247004402196,-0.013581025451173314,0.0,0.0,0.0
1787219257.5324047,TRACKING,0,UNKNOWN,0.0,0.0,0.0,0.0,0.0,0.0,0.0,0.0,-1,0,0,5.255689378316359,0.38433246244007235,2.6530795582019584,0.08224306590003877,-0.0012751247004402196,-0.013581025451173314,0.0,0.0,0.0
1787219257.636404,TRACKING,0,UNKNOWN,0.0,0.0,0.0,0.0,0.0,0.0,0.0,0.0,-1,0,0,5.255689378316359,0.38433246244007235,2.6530795582019584,0.08224306590003877,-0.0012751247004402196,-0.013581025451173314,0.0,0.0,0.0
1787219257.7378569,TRACKING,0,UNKNOWN,0.0,0.0,0.0,0.0,0.0,0.0,0.0,0.0,-1,0,0,5.255689378316359,0.38433246244007235,2.6530795582019584,0.08224306590003877,-0.0012751247004402196,-0.013581025451173314,0.0,0.0,0.0
1787219257.8667715,TRACKING,0,UNKNOWN,0.0,0.0,0.0,0.0,0.0,0.0,0.0,0.0,-1,0,0,5.255689378316359,0.38433246244007235,2.6530795582019584,0.08224306590003877,-0.0012751247004402196,-0.013581025451173314,0.0,0.0,0.0
1787219257.9683433,TRACKING,0,UNKNOWN,0.0,0.0,0.0,0.0,0.0,0.0,0.0,0.0,-1,0,0,5.255689378316359,0.38433246244007235,2.6530795582019584,0.08224306590003877,-0.0012751247004402196,-0.013581025451173314,0.0,0.0,0.0
1787219258.0882406,TRACKING,0,UNKNOWN,0.0,0.0,0.0,0.0,0.0,0.0,0.0,0.0,-1,0,0,5.255689378316359,0.38433246244007235,2.6530795582019584,0.08224306590003877,-0.0012751247004402196,-0.013581025451173314,0.0,0.0,0.0
1787219258.1903038,TRACKING,0,UNKNOWN,0.0,0.0,0.0,0.0,0.0,0.0,0.0,0.0,-1,0,0,5.255689378316359,0.38433246244007235,2.6530795582019584,0.08224306590003877,-0.0012751247004402196,-0.013581025451173314,0.0,0.0,0.0
1787219258.305159,TRACKING,0,UNKNOWN,0.0,0.0,0.0,0.0,0.0,0.0,0.0,0.0,-1,0,0,5.255689378316359,0.38433246244007235,2.6530795582019584,0.08224306590003877,-0.0012751247004402196,-0.013581025451173314,0.0,0.0,0.0
1787219258.4131856,TRACKING,0,UNKNOWN,0.0,0.0,0.0,0.0,0.0,0.0,0.0,0.0,-1,0,0,5.346277254251232,0.38292795694285064,2.6381205311377856,0.07318427830655143,-0.0011346741507180492,-0.012085122744756009,0.0,0.0,0.0
1787219258.5235302,TRACKING,0,UNKNOWN,0.0,0.0,0.0,0.0,0.0,0.0,0.0,0.0,-1,0,0,5.346277254251232,0.38292795694285064,2.6381205311377856,0.07318427830655143,-0.0011346741507180492,-0.012085122744756009,0.0,0.0,0.0
1787219258.6320493,TRACKING,0,UNKNOWN,0.0,0.0,0.0,0.0,0.0,0.0,0.0,0.0,-1,0,0,5.346277254251232,0.38292795694285064,2.6381205311377856,0.07318427830655143,-0.0011346741507180492,-0.012085122744756009,0.0,0.0,0.0
1787219258.7386074,TRACKING,0,UNKNOWN,0.0,0.0,0.0,0.0,0.0,0.0,0.0,0.0,-1,0,0,5.346277254251232,0.38292795694285064,2.6381205311377856,0.07318427830655143,-0.0011346741507180492,-0.012085122744756009,0.0,0.0,0.0
1787219258.8418536,TRACKING,0,UNKNOWN,0.0,0.0,0.0,0.0,0.0,0.0,0.0,0.0,-1,0,0,5.346277254251232,0.38292795694285064,2.6381205311377856,0.07318427830655143,-0.0011346741507180492,-0.012085122744756009,0.0,0.0,0.0
1787219258.9501042,TRACKING,0,UNKNOWN,0.0,0.0,0.0,0.0,0.0,0.0,0.0,0.0,-1,0,0,5.346277254251232,0.38292795694285064,2.6381205311377856,0.07318427830655143,-0.0011346741507180492,-0.012085122744756009,0.0,0.0,0.0
1787219259.0610342,TRACKING,0,UNKNOWN,0.0,0.0,0.0,0.0,0.0,0.0,0.0,0.0,-1,0,0,5.346277254251232,0.38292795694285064,2.6381205311377856,0.07318427830655143,-0.0011346741507180492,-0.012085122744756009,0.0,0.0,0.0
1787219259.1726344,TRACKING,0,UNKNOWN,0.0,0.0,0.0,0.0,0.0,0.0,0.0,0.0,-1,0,0,5.346277254251232,0.38292795694285064,2.6381205311377856,0.07318427830655143,-0.0011346741507180492,-0.012085122744756009,0.0,0.0,0.0
1787219259.273679,TRACKING,0,UNKNOWN,0.0,0.0,0.0,0.0,0.0,0.0,0.0,0.0,-1,0,0,5.346277254251232,0.38292795694285064,2.6381205311377856,0.07318427830655143,-0.0011346741507180492,-0.012085122744756009,0.0,0.0,0.0
1787219259.4215229,TRACKING,0,UNKNOWN,0.0,0.0,0.0,0.0,0.0,0.0,0.0,0.0,-1,0,0,5.422373595075894,0.38174813317610806,2.62555453143713,0.0655746442240853,-0.0010166917740437897,-0.010828522774690449,0.0,0.0,0.0
1787219259.547078,TRACKING,0,UNKNOWN,0.0,0.0,0.0,0.0,0.0,0.0,0.0,0.0,-1,0,0,5.422373595075894,0.38174813317610806,2.62555453143713,0.0655746442240853,-0.0010166917740437897,-0.010828522774690449,0.0,0.0,0.0
1787219259.6764991,TRACKING,0,UNKNOWN,0.0,0.0,0.0,0.0,0.0,0.0,0.0,0.0,-1,0,0,5.422373595075894,0.38174813317610806,2.62555453143713,0.0655746442240853,-0.0010166917740437897,-0.010828522774690449,0.0,0.0,0.0
1787219259.8047504,TRACKING,0,UNKNOWN,0.0,0.0,0.0,0.0,0.0,0.0,0.0,0.0,-1,0,0,5.422373595075894,0.38174813317610806,2.62555453143713,0.0655746442240853,-0.0010166917740437897,-0.010828522774690449,0.0,0.0,0.0
1787219259.9379382,TRACKING,0,UNKNOWN,0.0,0.0,0.0,0.0,0.0,0.0,0.0,0.0,-1,0,0,5.422373595075894,0.38174813317610806,2.62555453143713,0.0655746442240853,-0.0010166917740437897,-0.010828522774690449,0.0,0.0,0.0
1787219260.0649564,TRACKING,0,UNKNOWN,0.0,0.0,0.0,0.0,0.0,0.0,0.0,0.0,-1,0,0,5.422373595075894,0.38174813317610806,2.62555453143713,0.0655746442240853,-0.0010166917740437897,-0.010828522774690449,0.0,0.0,0.0
1787219260.19541,TRACKING,0,UNKNOWN,0.0,0.0,0.0,0.0,0.0,0.0,0.0,0.0,-1,0,0,5.422373595075894,0.38174813317610806,2.62555453143713,0.0655746442240853,-0.0010166917740437897,-0.010828522774690449,0.0,0.0,0.0
1787219260.3223493,TRACKING,0,UNKNOWN,0.0,0.0,0.0,0.0,0.0,0.0,0.0,0.0,-1,0,0,5.422373595075894,0.38174813317610806,2.62555453143713,0.0655746442240853,-0.0010166917740437897,-0.010828522774690449,0.0,0.0,0.0
1787219260.4551806,TRACKING,0,UNKNOWN,0.0,0.0,0.0,0.0,0.0,0.0,0.0,0.0,-1,0,0,5.422373595075894,0.38174813317610806,2.62555453143713,0.0655746442240853,-0.0010166917740437897,-0.010828522774690449,0.0,0.0,0.0
1787219260.5582013,TRACKING,0,UNKNOWN,0.0,0.0,0.0,0.0,0.0,0.0,0.0,0.0,-1,0,0,5.495420305875981,0.3806155919191915,2.6134921255960557,0.05826997314407659,-0.0009034376483521301,-0.009622282190583028,0.0,0.0,0.0
1787219260.663993,TRACKING,0,UNKNOWN,0.0,0.0,0.0,0.0,0.0,0.0,0.0,0.0,-1,0,0,5.495420305875981,0.3806155919191915,2.6134921255960557,0.05826997314407659,-0.0009034376483521301,-0.009622282190583028,0.0,0.0,0.0
1787219260.766879,TRACKING,0,UNKNOWN,0.0,0.0,0.0,0.0,0.0,0.0,0.0,0.0,-1,0,0,5.495420305875981,0.3806155919191915,2.6134921255960557,0.05826997314407659,-0.0009034376483521301,-0.009622282190583028,0.0,0.0,0.0
1787219260.870816,TRACKING,0,UNKNOWN,0.0,0.0,0.0,0.0,0.0,0.0,0.0,0.0,-1,0,0,5.495420305875981,0.3806155919191915,2.6134921255960557,0.05826997314407659,-0.0009034376483521301,-0.009622282190583028,0.0,0.0,0.0
1787219261.0027194,TRACKING,0,UNKNOWN,0.0,0.0,0.0,0.0,0.0,0.0,0.0,0.0,-1,0,0,5.495420305875981,0.3806155919191915,2.6134921255960557,0.05826997314407659,-0.0009034376483521301,-0.009622282190583028,0.0,0.0,0.0
1787219261.1059973,TRACKING,0,UNKNOWN,0.0,0.0,0.0,0.0,0.0,0.0,0.0,0.0,-1,0,0,5.495420305875981,0.3806155919191915,2.6134921255960557,0.05826997314407659,-0.0009034376483521301,-0.009622282190583028,0.0,0.0,0.0
1787219261.2112112,TRACKING,0,UNKNOWN,0.0,0.0,0.0,0.0,0.0,0.0,0.0,0.0,-1,0,0,5.495420305875981,0.3806155919191915,2.6134921255960557,0.05826997314407659,-0.0009034376483521301,-0.009622282190583028,0.0,0.0,0.0
1787219261.3191898,TRACKING,0,UNKNOWN,0.0,0.0,0.0,0.0,0.0,0.0,0.0,0.0,-1,0,0,5.495420305875981,0.3806155919191915,2.6134921255960557,0.05826997314407659,-0.0009034376483521301,-0.009622282190583028,0.0,0.0,0.0
1787219261.4290547,TRACKING,0,UNKNOWN,0.0,0.0,0.0,0.0,0.0,0.0,0.0,0.0,-1,0,0,5.495420305875981,0.3806155919191915,2.6134921255960557,0.05826997314407659,-0.0009034376483521301,-0.009622282190583028,0.0,0.0,0.0
1787219261.5368028,TRACKING,0,UNKNOWN,0.0,0.0,0.0,0.0,0.0,0.0,0.0,0.0,-1,0,0,5.495420305875981,0.3806155919191915,2.6134921255960557,0.05826997314407659,-0.0009034376483521301,-0.009622282190583028,0.0,0.0,0.0
1787219261.6575744,TRACKING,0,UNKNOWN,0.0,0.0,0.0,0.0,0.0,0.0,0.0,0.0,-1,0,0,5.55842338094622,0.3796387706352744,2.603088253164171,0.0519696656370527,-0.0008057555199604244,-0.00858189494739455,0.0,0.0,0.0
1787219261.7592244,TRACKING,0,UNKNOWN,0.0,0.0,0.0,0.0,0.0,0.0,0.0,0.0,-1,0,0,5.55842338094622,0.3796387706352744,2.603088253164171,0.0519696656370527,-0.0008057555199604244,-0.00858189494739455,0.0,0.0,0.0
1787219261.8915877,TRACKING,0,UNKNOWN,0.0,0.0,0.0,0.0,0.0,0.0,0.0,0.0,-1,0,0,5.55842338094622,0.3796387706352744,2.603088253164171,0.0519696656370527,-0.0008057555199604244,-0.00858189494739455,0.0,0.0,0.0
1787219262.0007372,TRACKING,0,UNKNOWN,0.0,0.0,0.0,0.0,0.0,0.0,0.0,0.0,-1,0,0,5.55842338094622,0.3796387706352744,2.603088253164171,0.0519696656370527,-0.0008057555199604244,-0.00858189494739455,0.0,0.0,0.0
1787219262.1048477,TRACKING,0,UNKNOWN,0.0,0.0,0.0,0.0,0.0,0.0,0.0,0.0,-1,0,0,5.55842338094622,0.3796387706352744,2.603088253164171,0.0519696656370527,-0.0008057555199604244,-0.00858189494739455,0.0,0.0,0.0
1787219262.2142067,TRACKING,0,UNKNOWN,0.0,0.0,0.0,0.0,0.0,0.0,0.0,0.0,-1,0,0,5.55842338094622,0.3796387706352744,2.603088253164171,0.0519696656370527,-0.0008057555199604244,-0.00858189494739455,0.0,0.0,0.0
1787219262.3166354,TRACKING,0,UNKNOWN,0.0,0.0,0.0,0.0,0.0,0.0,0.0,0.0,-1,0,0,5.55842338094622,0.3796387706352744,2.603088253164171,0.0519696656370527,-0.0008057555199604244,-0.00858189494739455,0.0,0.0,0.0
1787219262.416786,TRACKING,0,UNKNOWN,0.0,0.0,0.0,0.0,0.0,0.0,0.0,0.0,-1,0,0,5.55842338094622,0.3796387706352744,2.603088253164171,0.0519696656370527,-0.0008057555199604244,-0.00858189494739455,0.0,0.0,0.0
1787219262.5634625,TRACKING,0,UNKNOWN,0.0,0.0,0.0,0.0,0.0,0.0,0.0,0.0,-1,0,0,5.55842338094622,0.3796387706352744,2.603088253164171,0.0519696656370527,-0.0008057555199604244,-0.00858189494739455,0.0,0.0,0.0
1787219262.6994722,TRACKING,0,UNKNOWN,0.0,0.0,0.0,0.0,0.0,0.0,0.0,0.0,-1,0,0,5.61085817540254,0.3788258035985758,2.5944295502055064,0.04672618619142066,-0.000724458816290567,-0.007716024651528071,0.0,0.0,0.0
1787219262.8260112,TRACKING,0,UNKNOWN,0.0,0.0,0.0,0.0,0.0,0.0,0.0,0.0,-1,0,0,5.61085817540254,0.3788258035985758,2.5944295502055064,0.04672618619142066,-0.000724458816290567,-0.007716024651528071,0.0,0.0,0.0
1787219262.932374,TRACKING,0,UNKNOWN,0.0,0.0,0.0,0.0,0.0,0.0,0.0,0.0,-1,0,0,5.61085817540254,0.3788258035985758,2.5944295502055064,0.04672618619142066,-0.000724458816290567,-0.007716024651528071,0.0,0.0,0.0
1787219263.0377855,TRACKING,0,UNKNOWN,0.0,0.0,0.0,0.0,0.0,0.0,0.0,0.0,-1,0,0,5.61085817540254,0.3788258035985758,2.5944295502055064,0.04672618619142066,-0.000724458816290567,-0.007716024651528071,0.0,0.0,0.0
1787219263.1518178,TRACKING,0,UNKNOWN,0.0,0.0,0.0,0.0,0.0,0.0,0.0,0.0,-1,0,0,5.61085817540254,0.3788258035985758,2.5944295502055064,0.04672618619142066,-0.000724458816290567,-0.007716024651528071,0.0,0.0,0.0
1787219263.2681267,TRACKING,0,UNKNOWN,0.0,0.0,0.0,0.0,0.0,0.0,0.0,0.0,-1,0,0,5.61085817540254,0.3788258035985758,2.5944295502055064,0.04672618619142066,-0.000724458816290567,-0.007716024651528071,0.0,0.0,0.0
1787219263.395692,TRACKING,0,UNKNOWN,0.0,0.0,0.0,0.0,0.0,0.0,0.0,0.0,-1,0,0,5.61085817540254,0.3788258035985758,2.5944295502055064,0.04672618619142066,-0.000724458816290567,-0.007716024651528071,0.0,0.0,0.0
1787219263.5064783,TRACKING,0,UNKNOWN,0.0,0.0,0.0,0.0,0.0,0.0,0.0,0.0,-1,0,0,5.61085817540254,0.3788258035985758,2.5944295502055064,0.04672618619142066,-0.000724458816290567,-0.007716024651528071,0.0,0.0,0.0
1787219263.6182067,TRACKING,0,UNKNOWN,0.0,0.0,0.0,0.0,0.0,0.0,0.0,0.0,-1,0,0,5.61085817540254,0.3788258035985758,2.5944295502055064,0.04672618619142066,-0.000724458816290567,-0.007716024651528071,0.0,0.0,0.0
1787219263.7546704,TRACKING,0,UNKNOWN,0.0,0.0,0.0,0.0,0.0,0.0,0.0,0.0,-1,0,0,5.659138047422623,0.3780772559043334,2.5864569611062493,0.04189819898941237,-0.0006496040468663263,-0.006918765741602356,0.0,0.0,0.0
1787219263.8781424,TRACKING,0,UNKNOWN,0.0,0.0,0.0,0.0,0.0,0.0,0.0,0.0,-1,0,0,5.659138047422623,0.3780772559043334,2.5864569611062493,0.04189819898941237,-0.0006496040468663263,-0.006918765741602356,0.0,0.0,0.0
1787219263.9802163,TRACKING,0,UNKNOWN,0.0,0.0,0.0,0.0,0.0,0.0,0.0,0.0,-1,0,0,5.659138047422623,0.3780772559043334,2.5864569611062493,0.04189819898941237,-0.0006496040468663263,-0.006918765741602356,0.0,0.0,0.0
1787219264.0904756,TRACKING,0,UNKNOWN,0.0,0.0,0.0,0.0,0.0,0.0,0.0,0.0,-1,0,0,5.659138047422623,0.3780772559043334,2.5864569611062493,0.04189819898941237,-0.0006496040468663263,-0.006918765741602356,0.0,0.0,0.0
1787219264.1979601,TRACKING,0,UNKNOWN,0.0,0.0,0.0,0.0,0.0,0.0,0.0,0.0,-1,0,0,5.659138047422623,0.3780772559043334,2.5864569611062493,0.04189819898941237,-0.0006496040468663263,-0.006918765741602356,0.0,0.0,0.0
1787219264.3278484,TRACKING,0,UNKNOWN,0.0,0.0,0.0,0.0,0.0,0.0,0.0,0.0,-1,0,0,5.659138047422623,0.3780772559043334,2.5864569611062493,0.04189819898941237,-0.0006496040468663263,-0.006918765741602356,0.0,0.0,0.0
1787219264.4309566,TRACKING,0,UNKNOWN,0.0,0.0,0.0,0.0,0.0,0.0,0.0,0.0,-1,0,0,5.659138047422623,0.3780772559043334,2.5864569611062493,0.04189819898941237,-0.0006496040468663263,-0.006918765741602356,0.0,0.0,0.0
1787219264.5395358,TRACKING,0,UNKNOWN,0.0,0.0,0.0,0.0,0.0,0.0,0.0,0.0,-1,0,0,5.659138047422623,0.3780772559043334,2.5864569611062493,0.04189819898941237,-0.0006496040468663263,-0.006918765741602356,0.0,0.0,0.0
1787219264.641471,TRACKING,0,UNKNOWN,0.0,0.0,0.0,0.0,0.0,0.0,0.0,0.0,-1,0,0,5.659138047422623,0.3780772559043334,2.5864569611062493,0.04189819898941237,-0.0006496040468663263,-0.006918765741602356,0.0,0.0,0.0
1787219264.7669365,TRACKING,0,UNKNOWN,0.0,0.0,0.0,0.0,0.0,0.0,0.0,0.0,-1,0,0,5.702005669133516,0.3774126215951124,2.5793781119033934,0.03761143681832304,-0.0005831406159442287,-0.00621088082131677,0.0,0.0,0.0
1787219264.8708022,TRACKING,0,UNKNOWN,0.0,0.0,0.0,0.0,0.0,0.0,0.0,0.0,-1,0,0,5.702005669133516,0.3774126215951124,2.5793781119033934,0.03761143681832304,-0.0005831406159442287,-0.00621088082131677,0.0,0.0,0.0
1787219264.9884846,TRACKING,0,UNKNOWN,0.0,0.0,0.0,0.0,0.0,0.0,0.0,0.0,-1,0,0,5.702005669133516,0.3774126215951124,2.5793781119033934,0.03761143681832304,-0.0005831406159442287,-0.00621088082131677,0.0,0.0,0.0
1787219265.0999436,TRACKING,0,UNKNOWN,0.0,0.0,0.0,0.0,0.0,0.0,0.0,0.0,-1,0,0,5.702005669133516,0.3774126215951124,2.5793781119033934,0.03761143681832304,-0.0005831406159442287,-0.00621088082131677,0.0,0.0,0.0
1787219265.208445,TRACKING,0,UNKNOWN,0.0,0.0,0.0,0.0,0.0,0.0,0.0,0.0,-1,0,0,5.702005669133516,0.3774126215951124,2.5793781119033934,0.03761143681832304,-0.0005831406159442287,-0.00621088082131677,0.0,0.0,0.0
1787219265.3141758,TRACKING,0,UNKNOWN,0.0,0.0,0.0,0.0,0.0,0.0,0.0,0.0,-1,0,0,5.702005669133516,0.3774126215951124,2.5793781119033934,0.03761143681832304,-0.0005831406159442287,-0.00621088082131677,0.0,0.0,0.0
1787219265.4369445,TRACKING,0,UNKNOWN,0.0,0.0,0.0,0.0,0.0,0.0,0.0,0.0,-1,0,0,5.702005669133516,0.3774126215951124,2.5793781119033934,0.03761143681832304,-0.0005831406159442287,-0.00621088082131677,0.0,0.0,0.0
1787219265.5481508,TRACKING,0,UNKNOWN,0.0,0.0,0.0,0.0,0.0,0.0,0.0,0.0,-1,0,0,5.702005669133516,0.3774126215951124,2.5793781119033934,0.03761143681832304,-0.0005831406159442287,-0.00621088082131677,0.0,0.0,0.0
1787219265.6561863,TRACKING,0,UNKNOWN,0.0,0.0,0.0,0.0,0.0,0.0,0.0,0.0,-1,0,0,5.7390188236096185,0.3768387569537936,2.573266027103696,0.03391012137071285,-0.0005257541518123453,-0.005599672341347017,0.0,0.0,0.0
1787219265.7651653,TRACKING,0,UNKNOWN,0.0,0.0,0.0,0.0,0.0,0.0,0.0,0.0,-1,0,0,5.7390188236096185,0.3768387569537936,2.573266027103696,0.03391012137071285,-0.0005257541518123453,-0.005599672341347017,0.0,0.0,0.0
1787219265.910619,TRACKING,0,UNKNOWN,0.0,0.0,0.0,0.0,0.0,0.0,0.0,0.0,-1,0,0,5.7390188236096185,0.3768387569537936,2.573266027103696,0.03391012137071285,-0.0005257541518123453,-0.005599672341347017,0.0,0.0,0.0
1787219266.022776,TRACKING,0,UNKNOWN,0.0,0.0,0.0,0.0,0.0,0.0,0.0,0.0,-1,0,0,5.7390188236096185,0.3768387569537936,2.573266027103696,0.03391012137071285,-0.0005257541518123453,-0.005599672341347017,0.0,0.0,0.0
1787219266.1444185,TRACKING,0,UNKNOWN,0.0,0.0,0.0,0.0,0.0,0.0,0.0,0.0,-1,0,0,5.7390188236096185,0.3768387569537936,2.573266027103696,0.03391012137071285,-0.0005257541518123453,-0.005599672341347017,0.0,0.0,0.0
1787219266.2602487,TRACKING,0,UNKNOWN,0.0,0.0,0.0,0.0,0.0,0.0,0.0,0.0,-1,0,0,5.7390188236096185,0.3768387569537936,2.573266027103696,0.03391012137071285,-0.0005257541518123453,-0.005599672341347017,0.0,0.0,0.0
1787219266.362619,TRACKING,0,UNKNOWN,0.0,0.0,0.0,0.0,0.0,0.0,0.0,0.0,-1,0,0,5.7390188236096185,0.3768387569537936,2.573266027103696,0.03391012137071285,-0.0005257541518123453,-0.005599672341347017,0.0,0.0,0.0
1787219266.483414,TRACKING,0,UNKNOWN,0.0,0.0,0.0,0.0,0.0,0.0,0.0,0.0,-1,0,0,5.7390188236096185,0.3768387569537936,2.573266027103696,0.03391012137071285,-0.0005257541518123453,-0.005599672341347017,0.0,0.0,0.0
1787219266.5841668,TRACKING,0,UNKNOWN,0.0,0.0,0.0,0.0,0.0,0.0,0.0,0.0,-1,0,0,5.7390188236096185,0.3768387569537936,2.573266027103696,0.03391012137071285,-0.0005257541518123453,-0.005599672341347017,0.0,0.0,0.0
1787219266.6997457,TRACKING,0,UNKNOWN,0.0,0.0,0.0,0.0,0.0,0.0,0.0,0.0,-1,0,0,5.7390188236096185,0.3768387569537936,2.573266027103696,0.03391012137071285,-0.0005257541518123453,-0.005599672341347017,0.0,0.0,0.0
1787219266.8164196,TRACKING,0,UNKNOWN,0.0,0.0,0.0,0.0,0.0,0.0,0.0,0.0,-1,0,0,5.7390188236096185,0.3768387569537936,2.573266027103696,0.03391012137071285,-0.0005257541518123453,-0.005599672341347017,0.0,0.0,0.0
1787219266.918841,TRACKING,0,UNKNOWN,0.0,0.0,0.0,0.0,0.0,0.0,0.0,0.0,-1,0,0,5.780735190492534,0.37619197209426897,2.566377287801881,0.029738484682421303,-0.00046107566585988174,-0.004910798411165517,0.0,0.0,0.0
1787219267.0199864,TRACKING,0,UNKNOWN,0.0,0.0,0.0,0.0,0.0,0.0,0.0,0.0,-1,0,0,5.780735190492534,0.37619197209426897,2.566377287801881,0.029738484682421303,-0.00046107566585988174,-0.004910798411165517,0.0,0.0,0.0
1787219267.1254478,TRACKING,0,UNKNOWN,0.0,0.0,0.0,0.0,0.0,0.0,0.0,0.0,-1,0,0,5.780735190492534,0.37619197209426897,2.566377287801881,0.029738484682421303,-0.00046107566585988174,-0.004910798411165517,0.0,0.0,0.0
1787219267.23061,TRACKING,0,UNKNOWN,0.0,0.0,0.0,0.0,0.0,0.0,0.0,0.0,-1,0,0,5.780735190492534,0.37619197209426897,2.566377287801881,0.029738484682421303,-0.00046107566585988174,-0.004910798411165517,0.0,0.0,0.0
1787219267.3445942,TRACKING,0,UNKNOWN,0.0,0.0,0.0,0.0,0.0,0.0,0.0,0.0,-1,0,0,5.780735190492534,0.37619197209426897,2.566377287801881,0.029738484682421303,-0.00046107566585988174,-0.004910798411165517,0.0,0.0,0.0
1787219267.4566782,TRACKING,0,UNKNOWN,0.0,0.0,0.0,0.0,0.0,0.0,0.0,0.0,-1,0,0,5.780735190492534,0.37619197209426897,2.566377287801881,0.029738484682421303,-0.00046107566585988174,-0.004910798411165517,0.0,0.0,0.0
1787219267.5660322,TRACKING,0,UNKNOWN,0.0,0.0,0.0,0.0,0.0,0.0,0.0,0.0,-1,0,0,5.780735190492534,0.37619197209426897,2.566377287801881,0.029738484682421303,-0.00046107566585988174,-0.004910798411165517,0.0,0.0,0.0
1787219267.6728818,TRACKING,0,UNKNOWN,0.0,0.0,0.0,0.0,0.0,0.0,0.0,0.0,-1,0,0,5.780735190492534,0.37619197209426897,2.566377287801881,0.029738484682421303,-0.00046107566585988174,-0.004910798411165517,0.0,0.0,0.0
1787219267.7777507,TRACKING,0,UNKNOWN,0.0,0.0,0.0,0.0,0.0,0.0,0.0,0.0,-1,0,0,5.780735190492534,0.37619197209426897,2.566377287801881,0.029738484682421303,-0.00046107566585988174,-0.004910798411165517,0.0,0.0,0.0
1787219267.9171135,TRACKING,0,UNKNOWN,0.0,0.0,0.0,0.0,0.0,0.0,0.0,0.0,-1,0,0,5.780735190492534,0.37619197209426897,2.566377287801881,0.029738484682421303,-0.00046107566585988174,-0.004910798411165517,0.0,0.0,0.0
1787219268.116455,TRACKING,0,UNKNOWN,0.0,0.0,0.0,0.0,0.0,0.0,0.0,0.0,-1,0,0,5.814270059469135,0.37567203598427445,2.5608395819285796,0.02638499778476121,-0.0004090820548604284,-0.004357027823835352,0.0,0.0,0.0
1787219268.2584803,TRACKING,0,UNKNOWN,0.0,0.0,0.0,0.0,0.0,0.0,0.0,0.0,-1,0,0,5.814270059469135,0.37567203598427445,2.5608395819285796,0.02638499778476121,-0.0004090820548604284,-0.004357027823835352,0.0,0.0,0.0
1787219268.3887632,TRACKING,0,UNKNOWN,0.0,0.0,0.0,0.0,0.0,0.0,0.0,0.0,-1,0,0,5.814270059469135,0.37567203598427445,2.5608395819285796,0.02638499778476121,-0.0004090820548604284,-0.004357027823835352,0.0,0.0,0.0
1787219268.5107994,TRACKING,0,UNKNOWN,0.0,0.0,0.0,0.0,0.0,0.0,0.0,0.0,-1,0,0,5.814270059469135,0.37567203598427445,2.5608395819285796,0.02638499778476121,-0.0004090820548604284,-0.004357027823835352,0.0,0.0,0.0
1787219268.6445293,TRACKING,0,UNKNOWN,0.0,0.0,0.0,0.0,0.0,0.0,0.0,0.0,-1,0,0,5.814270059469135,0.37567203598427445,2.5608395819285796,0.02638499778476121,-0.0004090820548604284,-0.004357027823835352,0.0,0.0,0.0
1787219268.7775059,TRACKING,0,UNKNOWN,0.0,0.0,0.0,0.0,0.0,0.0,0.0,0.0,-1,0,0,5.814270059469135,0.37567203598427445,2.5608395819285796,0.02638499778476121,-0.0004090820548604284,-0.004357027823835352,0.0,0.0,0.0
1787219268.902671,TRACKING,0,UNKNOWN,0.0,0.0,0.0,0.0,0.0,0.0,0.0,0.0,-1,0,0,5.814270059469135,0.37567203598427445,2.5608395819285796,0.02638499778476121,-0.0004090820548604284,-0.004357027823835352,0.0,0.0,0.0
1787219269.0060952,TRACKING,0,UNKNOWN,0.0,0.0,0.0,0.0,0.0,0.0,0.0,0.0,-1,0,0,5.814270059469135,0.37567203598427445,2.5608395819285796,0.02638499778476121,-0.0004090820548604284,-0.004357027823835352,0.0,0.0,0.0
1787219269.1068037,TRACKING,0,UNKNOWN,0.0,0.0,0.0,0.0,0.0,0.0,0.0,0.0,-1,0,0,5.814270059469135,0.37567203598427445,2.5608395819285796,0.02638499778476121,-0.0004090820548604284,-0.004357027823835352,0.0,0.0,0.0
1787219269.2301135,TRACKING,0,UNKNOWN,0.0,0.0,0.0,0.0,0.0,0.0,0.0,0.0,-1,0,0,5.814270059469135,0.37567203598427445,2.5608395819285796,0.02638499778476121,-0.0004090820548604284,-0.004357027823835352,0.0,0.0,0.0
1787219269.3333592,TRACKING,0,UNKNOWN,0.0,0.0,0.0,0.0,0.0,0.0,0.0,0.0,-1,0,0,5.849291109770827,0.3751290576093033,2.5550564588133473,0.022882892754592037,-0.00035478421736331547,-0.0037787155123121113,0.0,0.0,0.0
1787219269.4653606,TRACKING,0,UNKNOWN,0.0,0.0,0.0,0.0,0.0,0.0,0.0,0.0,-1,0,0,5.849291109770827,0.3751290576093033,2.5550564588133473,0.022882892754592037,-0.00035478421736331547,-0.0037787155123121113,0.0,0.0,0.0
1787219269.5793924,TRACKING,0,UNKNOWN,0.0,0.0,0.0,0.0,0.0,0.0,0.0,0.0,-1,0,0,5.849291109770827,0.3751290576093033,2.5550564588133473,0.022882892754592037,-0.00035478421736331547,-0.0037787155123121113,0.0,0.0,0.0
1787219269.6849873,TRACKING,0,UNKNOWN,0.0,0.0,0.0,0.0,0.0,0.0,0.0,0.0,-1,0,0,5.849291109770827,0.3751290576093033,2.5550564588133473,0.022882892754592037,-0.00035478421736331547,-0.0037787155123121113,0.0,0.0,0.0
1787219269.8256462,TRACKING,0,UNKNOWN,0.0,0.0,0.0,0.0,0.0,0.0,0.0,0.0,-1,0,0,5.849291109770827,0.3751290576093033,2.5550564588133473,0.022882892754592037,-0.00035478421736331547,-0.0037787155123121113,0.0,0.0,0.0
1787219269.935962,TRACKING,0,UNKNOWN,0.0,0.0,0.0,0.0,0.0,0.0,0.0,0.0,-1,0,0,5.849291109770827,0.3751290576093033,2.5550564588133473,0.022882892754592037,-0.00035478421736331547,-0.0037787155123121113,0.0,0.0,0.0
1787219270.0639493,TRACKING,0,UNKNOWN,0.0,0.0,0.0,0.0,0.0,0.0,0.0,0.0,-1,0,0,5.849291109770827,0.3751290576093033,2.5550564588133473,0.022882892754592037,-0.00035478421736331547,-0.0037787155123121113,0.0,0.0,0.0
1787219270.1746304,TRACKING,0,UNKNOWN,0.0,0.0,0.0,0.0,0.0,0.0,0.0,0.0,-1,0,0,5.849291109770827,0.3751290576093033,2.5550564588133473,0.022882892754592037,-0.00035478421736331547,-0.0037787155123121113,0.0,0.0,0.0
1787219270.2803948,TRACKING,0,UNKNOWN,0.0,0.0,0.0,0.0,0.0,0.0,0.0,0.0,-1,0,0,5.849291109770827,0.3751290576093033,2.5550564588133473,0.022882892754592037,-0.00035478421736331547,-0.0037787155123121113,0.0,0.0,0.0
1787219270.4275842,TRACKING,0,UNKNOWN,0.0,0.0,0.0,0.0,0.0,0.0,0.0,0.0,-1,0,0,5.872439447422277,0.37477015784322004,2.5512339096493997,0.020568058989447063,-0.0003188942407549897,-0.003396460595917337,0.0,0.0,0.0
1787219270.532891,TRACKING,0,UNKNOWN,0.0,0.0,0.0,0.0,0.0,0.0,0.0,0.0,-1,0,0,5.872439447422277,0.37477015784322004,2.5512339096493997,0.020568058989447063,-0.0003188942407549897,-0.003396460595917337,0.0,0.0,0.0
1787219270.6411262,TRACKING,0,UNKNOWN,0.0,0.0,0.0,0.0,0.0,0.0,0.0,0.0,-1,0,0,5.872439447422277,0.37477015784322004,2.5512339096493997,0.020568058989447063,-0.0003188942407549897,-0.003396460595917337,0.0,0.0,0.0
1787219270.767346,TRACKING,0,UNKNOWN,0.0,0.0,0.0,0.0,0.0,0.0,0.0,0.0,-1,0,0,5.872439447422277,0.37477015784322004,2.5512339096493997,0.020568058989447063,-0.0003188942407549897,-0.003396460595917337,0.0,0.0,0.0
1787219270.8695915,TRACKING,0,UNKNOWN,0.0,0.0,0.0,0.0,0.0,0.0,0.0,0.0,-1,0,0,5.872439447422277,0.37477015784322004,2.5512339096493997,0.020568058989447063,-0.0003188942407549897,-0.003396460595917337,0.0,0.0,0.0
1787219270.983133,TRACKING,0,UNKNOWN,0.0,0.0,0.0,0.0,0.0,0.0,0.0,0.0,-1,0,0,5.872439447422277,0.37477015784322004,2.5512339096493997,0.020568058989447063,-0.0003188942407549897,-0.003396460595917337,0.0,0.0,0.0
1787219271.1164207,TRACKING,0,UNKNOWN,0.0,0.0,0.0,0.0,0.0,0.0,0.0,0.0,-1,0,0,5.872439447422277,0.37477015784322004,2.5512339096493997,0.020568058989447063,-0.0003188942407549897,-0.003396460595917337,0.0,0.0,0.0
1787219271.2248278,TRACKING,0,UNKNOWN,0.0,0.0,0.0,0.0,0.0,0.0,0.0,0.0,-1,0,0,5.872439447422277,0.37477015784322004,2.5512339096493997,0.020568058989447063,-0.0003188942407549897,-0.003396460595917337,0.0,0.0,0.0
1787219271.3249054,TRACKING,0,UNKNOWN,0.0,0.0,0.0,0.0,0.0,0.0,0.0,0.0,-1,0,0,5.872439447422277,0.37477015784322004,2.5512339096493997,0.020568058989447063,-0.0003188942407549897,-0.003396460595917337,0.0,0.0,0.0
1787219271.4592342,TRACKING,0,UNKNOWN,0.0,0.0,0.0,0.0,0.0,0.0,0.0,0.0,-1,0,0,5.893723548460877,0.3744401618409556,2.547719207045026,0.018439648885587065,-0.0002858946405285451,-0.003044990335479935,0.0,0.0,0.0
1787219271.562358,TRACKING,0,UNKNOWN,0.0,0.0,0.0,0.0,0.0,0.0,0.0,0.0,-1,0,0,5.893723548460877,0.3744401618409556,2.547719207045026,0.018439648885587065,-0.0002858946405285451,-0.003044990335479935,0.0,0.0,0.0
1787219271.6880612,TRACKING,0,UNKNOWN,0.0,0.0,0.0,0.0,0.0,0.0,0.0,0.0,-1,0,0,5.893723548460877,0.3744401618409556,2.547719207045026,0.018439648885587065,-0.0002858946405285451,-0.003044990335479935,0.0,0.0,0.0
1787219271.8044186,TRACKING,0,UNKNOWN,0.0,0.0,0.0,0.0,0.0,0.0,0.0,0.0,-1,0,0,5.893723548460877,0.3744401618409556,2.547719207045026,0.018439648885587065,-0.0002858946405285451,-0.003044990335479935,0.0,0.0,0.0
1787219271.9176996,TRACKING,0,UNKNOWN,0.0,0.0,0.0,0.0,0.0,0.0,0.0,0.0,-1,0,0,5.893723548460877,0.3744401618409556,2.547719207045026,0.018439648885587065,-0.0002858946405285451,-0.003044990335479935,0.0,0.0,0.0
1787219272.0260808,TRACKING,0,UNKNOWN,0.0,0.0,0.0,0.0,0.0,0.0,0.0,0.0,-1,0,0,5.893723548460877,0.3744401618409556,2.547719207045026,0.018439648885587065,-0.0002858946405285451,-0.003044990335479935,0.0,0.0,0.0
1787219272.1683888,TRACKING,0,UNKNOWN,0.0,0.0,0.0,0.0,0.0,0.0,0.0,0.0,-1,0,0,5.893723548460877,0.3744401618409556,2.547719207045026,0.018439648885587065,-0.0002858946405285451,-0.003044990335479935,0.0,0.0,0.0
1787219272.2732878,TRACKING,0,UNKNOWN,0.0,0.0,0.0,0.0,0.0,0.0,0.0,0.0,-1,0,0,5.893723548460877,0.3744401618409556,2.547719207045026,0.018439648885587065,-0.0002858946405285451,-0.003044990335479935,0.0,0.0,0.0
1787219272.3970757,TRACKING,0,UNKNOWN,0.0,0.0,0.0,0.0,0.0,0.0,0.0,0.0,-1,0,0,1.0435371585510516,0.4398952975762783,3.301618268114279,0.02623625105396562,-0.004405010102063535,-0.025314705125716177,0.0,0.0,0.0
1787219272.5125937,TRACKING,0,UNKNOWN,0.0,0.0,0.0,0.0,0.0,0.0,0.0,0.0,-1,0,0,1.0435371585510516,0.4398952975762783,3.301618268114279,0.02623625105396562,-0.004405010102063535,-0.025314705125716177,0.0,0.0,0.0
1787219272.6211355,TRACKING,0,UNKNOWN,0.0,0.0,0.0,0.0,0.0,0.0,0.0,0.0,-1,0,0,1.0435371585510516,0.4398952975762783,3.301618268114279,0.02623625105396562,-0.004405010102063535,-0.025314705125716177,0.0,0.0,0.0
1787219272.7336168,TRACKING,0,UNKNOWN,0.0,0.0,0.0,0.0,0.0,0.0,0.0,0.0,-1,0,0,1.0435371585510516,0.4398952975762783,3.301618268114279,0.02623625105396562,-0.004405010102063535,-0.025314705125716177,0.0,0.0,0.0
1787219272.866553,TRACKING,0,UNKNOWN,0.0,0.0,0.0,0.0,0.0,0.0,0.0,0.0,-1,0,0,1.0435371585510516,0.4398952975762783,3.301618268114279,0.02623625105396562,-0.004405010102063535,-0.025314705125716177,0.0,0.0,0.0
1787219272.9955213,TRACKING,0,UNKNOWN,0.0,0.0,0.0,0.0,0.0,0.0,0.0,0.0,-1,0,0,1.0435371585510516,0.4398952975762783,3.301618268114279,0.02623625105396562,-0.004405010102063535,-0.025314705125716177,0.0,0.0,0.0
1787219273.0990915,TRACKING,0,UNKNOWN,0.0,0.0,0.0,0.0,0.0,0.0,0.0,0.0,-1,0,0,1.0435371585510516,0.4398952975762783,3.301618268114279,0.02623625105396562,-0.004405010102063535,-0.025314705125716177,0.0,0.0,0.0
1787219273.2005486,TRACKING,0,UNKNOWN,0.0,0.0,0.0,0.0,0.0,0.0,0.0,0.0,-1,0,0,1.0435371585510516,0.4398952975762783,3.301618268114279,0.02623625105396562,-0.004405010102063535,-0.025314705125716177,0.0,0.0,0.0
1787219273.3010638,TRACKING,0,UNKNOWN,0.0,0.0,0.0,0.0,0.0,0.0,0.0,0.0,-1,0,0,1.0435371585510516,0.4398952975762783,3.301618268114279,0.02623625105396562,-0.004405010102063535,-0.025314705125716177,0.0,0.0,0.0
1787219273.4205017,TRACKING,0,UNKNOWN,0.0,0.0,0.0,0.0,0.0,0.0,0.0,0.0,-1,0,0,1.0708595206364595,0.43530793176891125,3.2752556015081593,0.023504014845424814,-0.003946273521326828,-0.022678438465104207,0.0,0.0,0.0
1787219273.5444257,TRACKING,0,UNKNOWN,0.0,0.0,0.0,0.0,0.0,0.0,0.0,0.0,-1,0,0,1.0708595206364595,0.43530793176891125,3.2752556015081593,0.023504014845424814,-0.003946273521326828,-0.022678438465104207,0.0,0.0,0.0
1787219273.6465929,TRACKING,0,UNKNOWN,0.0,0.0,0.0,0.0,0.0,0.0,0.0,0.0,-1,0,0,1.0708595206364595,0.43530793176891125,3.2752556015081593,0.023504014845424814,-0.003946273521326828,-0.022678438465104207,0.0,0.0,0.0
1787219273.7519674,TRACKING,0,UNKNOWN,0.0,0.0,0.0,0.0,0.0,0.0,0.0,0.0,-1,0,0,1.0708595206364595,0.43530793176891125,3.2752556015081593,0.023504014845424814,-0.003946273521326828,-0.022678438465104207,0.0,0.0,0.0
1787219273.8822203,TRACKING,0,UNKNOWN,0.0,0.0,0.0,0.0,0.0,0.0,0.0,0.0,-1,0,0,1.0708595206364595,0.43530793176891125,3.2752556015081593,0.023504014845424814,-0.003946273521326828,-0.022678438465104207,0.0,0.0,0.0
1787219273.9848459,TRACKING,0,UNKNOWN,0.0,0.0,0.0,0.0,0.0,0.0,0.0,0.0,-1,0,0,1.0708595206364595,0.43530793176891125,3.2752556015081593,0.023504014845424814,-0.003946273521326828,-0.022678438465104207,0.0,0.0,0.0
1787219274.1157246,TRACKING,0,UNKNOWN,0.0,0.0,0.0,0.0,0.0,0.0,0.0,0.0,-1,0,0,1.0708595206364595,0.43530793176891125,3.2752556015081593,0.023504014845424814,-0.003946273521326828,-0.022678438465104207,0.0,0.0,0.0
1787219274.2440307,TRACKING,0,UNKNOWN,0.0,0.0,0.0,0.0,0.0,0.0,0.0,0.0,-1,0,0,1.0708595206364595,0.43530793176891125,3.2752556015081593,0.023504014845424814,-0.003946273521326828,-0.022678438465104207,0.0,0.0,0.0
1787219274.3449848,TRACKING,0,UNKNOWN,0.0,0.0,0.0,0.0,0.0,0.0,0.0,0.0,-1,0,0,1.0708595206364595,0.43530793176891125,3.2752556015081593,0.023504014845424814,-0.003946273521326828,-0.022678438465104207,0.0,0.0,0.0
1787219274.4487343,TRACKING,0,UNKNOWN,0.0,0.0,0.0,0.0,0.0,0.0,0.0,0.0,-1,0,0,1.0708595206364595,0.43530793176891125,3.2752556015081593,0.023504014845424814,-0.003946273521326828,-0.022678438465104207,0.0,0.0,0.0
1787219274.5502264,TRACKING,0,UNKNOWN,0.0,0.0,0.0,0.0,0.0,0.0,0.0,0.0,-1,0,0,1.0973373164416822,0.43086236682281914,3.2497078358685703,0.02085623526490254,-0.003501717026717618,-0.02012366190114529,0.0,0.0,0.0
1787219274.6669383,TRACKING,0,UNKNOWN,0.0,0.0,0.0,0.0,0.0,0.0,0.0,0.0,-1,0,0,1.0973373164416822,0.43086236682281914,3.2497078358685703,0.02085623526490254,-0.003501717026717618,-0.02012366190114529,0.0,0.0,0.0
1787219274.7997384,TRACKING,0,UNKNOWN,0.0,0.0,0.0,0.0,0.0,0.0,0.0,0.0,-1,0,0,1.0973373164416822,0.43086236682281914,3.2497078358685703,0.02085623526490254,-0.003501717026717618,-0.02012366190114529,0.0,0.0,0.0
1787219274.9038498,TRACKING,0,UNKNOWN,0.0,0.0,0.0,0.0,0.0,0.0,0.0,0.0,-1,0,0,1.0973373164416822,0.43086236682281914,3.2497078358685703,0.02085623526490254,-0.003501717026717618,-0.02012366190114529,0.0,0.0,0.0
1787219275.0043788,TRACKING,0,UNKNOWN,0.0,0.0,0.0,0.0,0.0,0.0,0.0,0.0,-1,0,0,1.0973373164416822,0.43086236682281914,3.2497078358685703,0.02085623526490254,-0.003501717026717618,-0.02012366190114529,0.0,0.0,0.0
1787219275.109976,TRACKING,0,UNKNOWN,0.0,0.0,0.0,0.0,0.0,0.0,0.0,0.0,-1,0,0,1.0973373164416822,0.43086236682281914,3.2497078358685703,0.02085623526490254,-0.003501717026717618,-0.02012366190114529,0.0,0.0,0.0
1787219275.2143216,TRACKING,0,UNKNOWN,0.0,0.0,0.0,0.0,0.0,0.0,0.0,0.0,-1,0,0,1.0973373164416822,0.43086236682281914,3.2497078358685703,0.02085623526490254,-0.003501717026717618,-0.02012366190114529,0.0,0.0,0.0
1787219275.3196638,TRACKING,0,UNKNOWN,0.0,0.0,0.0,0.0,0.0,0.0,0.0,0.0,-1,0,0,1.0973373164416822,0.43086236682281914,3.2497078358685703,0.02085623526490254,-0.003501717026717618,-0.02012366190114529,0.0,0.0,0.0
1787219275.4256206,TRACKING,0,UNKNOWN,0.0,0.0,0.0,0.0,0.0,0.0,0.0,0.0,-1,0,0,1.0973373164416822,0.43086236682281914,3.2497078358685703,0.02085623526490254,-0.003501717026717618,-0.02012366190114529,0.0,0.0,0.0
1787219275.5565047,TRACKING,0,UNKNOWN,0.0,0.0,0.0,0.0,0.0,0.0,0.0,0.0,-1,0,0,1.0973373164416822,0.43086236682281914,3.2497078358685703,0.02085623526490254,-0.003501717026717618,-0.02012366190114529,0.0,0.0,0.0
1787219275.6705022,TRACKING,0,UNKNOWN,0.0,0.0,0.0,0.0,0.0,0.0,0.0,0.0,-1,0,0,0.8308184491183332,-0.5303215967286163,3.149925925443759,-0.04989637945117703,-0.2303648683551808,-0.03657024891838678,0.0,0.0,0.0
1787219275.805981,TRACKING,0,UNKNOWN,0.0,0.0,0.0,0.0,0.0,0.0,0.0,0.0,-1,0,0,0.8308184491183332,-0.5303215967286163,3.149925925443759,-0.04989637945117703,-0.2303648683551808,-0.03657024891838678,0.0,0.0,0.0
1787219275.9220006,TRACKING,0,UNKNOWN,0.0,0.0,0.0,0.0,0.0,0.0,0.0,0.0,-1,0,0,0.8308184491183332,-0.5303215967286163,3.149925925443759,-0.04989637945117703,-0.2303648683551808,-0.03657024891838678,0.0,0.0,0.0
1787219276.046431,TRACKING,0,UNKNOWN,0.0,0.0,0.0,0.0,0.0,0.0,0.0,0.0,-1,0,0,0.8308184491183332,-0.5303215967286163,3.149925925443759,-0.04989637945117703,-0.2303648683551808,-0.03657024891838678,0.0,0.0,0.0
1787219276.157026,TRACKING,0,UNKNOWN,0.0,0.0,0.0,0.0,0.0,0.0,0.0,0.0,-1,0,0,0.8308184491183332,-0.5303215967286163,3.149925925443759,-0.04989637945117703,-0.2303648683551808,-0.03657024891838678,0.0,0.0,0.0
1787219276.2839782,TRACKING,0,UNKNOWN,0.0,0.0,0.0,0.0,0.0,0.0,0.0,0.0,-1,0,0,0.8308184491183332,-0.5303215967286163,3.149925925443759,-0.04989637945117703,-0.2303648683551808,-0.03657024891838678,0.0,0.0,0.0
1787219276.4061427,TRACKING,0,UNKNOWN,0.0,0.0,0.0,0.0,0.0,0.0,0.0,0.0,-1,0,0,0.8308184491183332,-0.5303215967286163,3.149925925443759,-0.04989637945117703,-0.2303648683551808,-0.03657024891838678,0.0,0.0,0.0
1787219276.5141718,TRACKING,0,UNKNOWN,0.0,0.0,0.0,0.0,0.0,0.0,0.0,0.0,-1,0,0,0.8308184491183332,-0.5303215967286163,3.149925925443759,-0.04989637945117703,-0.2303648683551808,-0.03657024891838678,0.0,0.0,0.0
1787219276.6377099,TRACKING,0,UNKNOWN,0.0,0.0,0.0,0.0,0.0,0.0,0.0,0.0,-1,0,0,0.7797214700700887,-0.766229471834344,3.112475728388874,-0.04478668154635258,-0.20677408084460805,-0.03282522921289829,0.0,0.0,0.0
1787219276.7439406,TRACKING,0,UNKNOWN,0.0,0.0,0.0,0.0,0.0,0.0,0.0,0.0,-1,0,0,0.7797214700700887,-0.766229471834344,3.112475728388874,-0.04478668154635258,-0.20677408084460805,-0.03282522921289829,0.0,0.0,0.0
1787219276.848999,TRACKING,0,UNKNOWN,0.0,0.0,0.0,0.0,0.0,0.0,0.0,0.0,-1,0,0,0.7797214700700887,-0.766229471834344,3.112475728388874,-0.04478668154635258,-0.20677408084460805,-0.03282522921289829,0.0,0.0,0.0
1787219276.9697967,TRACKING,0,UNKNOWN,0.0,0.0,0.0,0.0,0.0,0.0,0.0,0.0,-1,0,0,0.7797214700700887,-0.766229471834344,3.112475728388874,-0.04478668154635258,-0.20677408084460805,-0.03282522921289829,0.0,0.0,0.0
1787219277.0752535,TRACKING,0,UNKNOWN,0.0,0.0,0.0,0.0,0.0,0.0,0.0,0.0,-1,0,0,0.7797214700700887,-0.766229471834344,3.112475728388874,-0.04478668154635258,-0.20677408084460805,-0.03282522921289829,0.0,0.0,0.0
1787219277.1907537,TRACKING,0,UNKNOWN,0.0,0.0,0.0,0.0,0.0,0.0,0.0,0.0,-1,0,0,0.7797214700700887,-0.766229471834344,3.112475728388874,-0.04478668154635258,-0.20677408084460805,-0.03282522921289829,0.0,0.0,0.0
1787219277.3393238,TRACKING,0,UNKNOWN,0.0,0.0,0.0,0.0,0.0,0.0,0.0,0.0,-1,0,0,0.7797214700700887,-0.766229471834344,3.112475728388874,-0.04478668154635258,-0.20677408084460805,-0.03282522921289829,0.0,0.0,0.0
1787219277.4503386,TRACKING,0,UNKNOWN,0.0,0.0,0.0,0.0,0.0,0.0,0.0,0.0,-1,0,0,0.7797214700700887,-0.766229471834344,3.112475728388874,-0.04478668154635258,-0.20677408084460805,-0.03282522921289829,0.0,0.0,0.0
1787219277.5764184,TRACKING,0,UNKNOWN,0.0,0.0,0.0,0.0,0.0,0.0,0.0,0.0,-1,0,0,0.7797214700700887,-0.766229471834344,3.112475728388874,-0.04478668154635258,-0.20677408084460805,-0.03282522921289829,0.0,0.0,0.0
1787219277.6802866,TRACKING,0,UNKNOWN,0.0,0.0,0.0,0.0,0.0,0.0,0.0,0.0,-1,0,0,0.7797214700700887,-0.766229471834344,3.112475728388874,-0.04478668154635258,-0.20677408084460805,-0.03282522921289829,0.0,0.0,0.0
1787219277.7851753,TRACKING,0,UNKNOWN,0.0,0.0,0.0,0.0,0.0,0.0,0.0,0.0,-1,0,0,0.7797214700700887,-0.766229471834344,3.112475728388874,-0.04478668154635258,-0.20677408084460805,-0.03282522921289829,0.0,0.0,0.0
1787219277.894385,TRACKING,0,UNKNOWN,0.0,0.0,0.0,0.0,0.0,0.0,0.0,0.0,-1,0,0,0.7797214700700887,-0.766229471834344,3.112475728388874,-0.04478668154635258,-0.20677408084460805,-0.03282522921289829,0.0,0.0,0.0
1787219278.0112798,TRACKING,0,UNKNOWN,0.0,0.0,0.0,0.0,0.0,0.0,0.0,0.0,-1,0,0,0.4639944961511454,-0.5138227082189338,3.308316994681203,-0.11834280406645181,-0.013712994371414183,0.046343392602717234,0.0,0.0,0.0
1787219278.1348367,TRACKING,0,UNKNOWN,0.0,0.0,0.0,0.0,0.0,0.0,0.0,0.0,-1,0,0,0.4639944961511454,-0.5138227082189338,3.308316994681203,-0.11834280406645181,-0.013712994371414183,0.046343392602717234,0.0,0.0,0.0
1787219278.275622,TRACKING,0,UNKNOWN,0.0,0.0,0.0,0.0,0.0,0.0,0.0,0.0,-1,0,0,0.4639944961511454,-0.5138227082189338,3.308316994681203,-0.11834280406645181,-0.013712994371414183,0.046343392602717234,0.0,0.0,0.0
1787219278.377448,TRACKING,0,UNKNOWN,0.0,0.0,0.0,0.0,0.0,0.0,0.0,0.0,-1,0,0,0.4639944961511454,-0.5138227082189338,3.308316994681203,-0.11834280406645181,-0.013712994371414183,0.046343392602717234,0.0,0.0,0.0
1787219278.4793446,TRACKING,0,UNKNOWN,0.0,0.0,0.0,0.0,0.0,0.0,0.0,0.0,-1,0,0,0.4639944961511454,-0.5138227082189338,3.308316994681203,-0.11834280406645181,-0.013712994371414183,0.046343392602717234,0.0,0.0,0.0
1787219278.6210713,TRACKING,0,UNKNOWN,0.0,0.0,0.0,0.0,0.0,0.0,0.0,0.0,-1,0,0,0.4639944961511454,-0.5138227082189338,3.308316994681203,-0.11834280406645181,-0.013712994371414183,0.046343392602717234,0.0,0.0,0.0
1787219278.7389567,TRACKING,0,UNKNOWN,0.0,0.0,0.0,0.0,0.0,0.0,0.0,0.0,-1,0,0,0.4639944961511454,-0.5138227082189338,3.308316994681203,-0.11834280406645181,-0.013712994371414183,0.046343392602717234,0.0,0.0,0.0
1787219278.850015,TRACKING,0,UNKNOWN,0.0,0.0,0.0,0.0,0.0,0.0,0.0,0.0,-1,0,0,0.4639944961511454,-0.5138227082189338,3.308316994681203,-0.11834280406645181,-0.013712994371414183,0.046343392602717234,0.0,0.0,0.0
1787219278.961169,TRACKING,0,UNKNOWN,0.0,0.0,0.0,0.0,0.0,0.0,0.0,0.0,-1,0,0,0.4639944961511454,-0.5138227082189338,3.308316994681203,-0.11834280406645181,-0.013712994371414183,0.046343392602717234,0.0,0.0,0.0
1787219279.0726926,TRACKING,0,UNKNOWN,0.0,0.0,0.0,0.0,0.0,0.0,0.0,0.0,-1,0,0,0.3885050251669795,-0.4312049201963738,3.3289660222049093,-0.08279010467324677,0.025743783010596013,0.028973637397612308,0.0,0.0,0.0
1787219279.1773248,TRACKING,0,UNKNOWN,0.0,0.0,0.0,0.0,0.0,0.0,0.0,0.0,-1,0,0,0.3885050251669795,-0.4312049201963738,3.3289660222049093,-0.08279010467324677,0.025743783010596013,0.028973637397612308,0.0,0.0,0.0
1787219279.3017387,TRACKING,0,UNKNOWN,0.0,0.0,0.0,0.0,0.0,0.0,0.0,0.0,-1,0,0,0.3885050251669795,-0.4312049201963738,3.3289660222049093,-0.08279010467324677,0.025743783010596013,0.028973637397612308,0.0,0.0,0.0
1787219279.428282,TRACKING,0,UNKNOWN,0.0,0.0,0.0,0.0,0.0,0.0,0.0,0.0,-1,0,0,0.3885050251669795,-0.4312049201963738,3.3289660222049093,-0.08279010467324677,0.025743783010596013,0.028973637397612308,0.0,0.0,0.0
1787219279.5727508,TRACKING,0,UNKNOWN,0.0,0.0,0.0,0.0,0.0,0.0,0.0,0.0,-1,0,0,0.3885050251669795,-0.4312049201963738,3.3289660222049093,-0.08279010467324677,0.025743783010596013,0.028973637397612308,0.0,0.0,0.0
1787219279.6736999,TRACKING,0,UNKNOWN,0.0,0.0,0.0,0.0,0.0,0.0,0.0,0.0,-1,0,0,0.3885050251669795,-0.4312049201963738,3.3289660222049093,-0.08279010467324677,0.025743783010596013,0.028973637397612308,0.0,0.0,0.0
1787219279.8050551,TRACKING,0,UNKNOWN,0.0,0.0,0.0,0.0,0.0,0.0,0.0,0.0,-1,0,0,0.3885050251669795,-0.4312049201963738,3.3289660222049093,-0.08279010467324677,0.025743783010596013,0.028973637397612308,0.0,0.0,0.0
1787219279.9303253,TRACKING,0,UNKNOWN,0.0,0.0,0.0,0.0,0.0,0.0,0.0,0.0,-1,0,0,0.3885050251669795,-0.4312049201963738,3.3289660222049093,-0.08279010467324677,0.025743783010596013,0.028973637397612308,0.0,0.0,0.0
1787219280.0774314,TRACKING,0,UNKNOWN,0.0,0.0,0.0,0.0,0.0,0.0,0.0,0.0,-1,0,0,0.3899862414424326,-0.43293570817372834,3.439707118672358,-0.039036949906351676,0.011589199021466459,0.06178770258740166,0.0,0.0,0.0
1787219280.1841648,TRACKING,0,UNKNOWN,0.0,0.0,0.0,0.0,0.0,0.0,0.0,0.0,-1,0,0,0.3899862414424326,-0.43293570817372834,3.439707118672358,-0.039036949906351676,0.011589199021466459,0.06178770258740166,0.0,0.0,0.0
1787219280.311654,TRACKING,0,UNKNOWN,0.0,0.0,0.0,0.0,0.0,0.0,0.0,0.0,-1,0,0,0.3899862414424326,-0.43293570817372834,3.439707118672358,-0.039036949906351676,0.011589199021466459,0.06178770258740166,0.0,0.0,0.0
1787219280.4609964,TRACKING,0,UNKNOWN,0.0,0.0,0.0,0.0,0.0,0.0,0.0,0.0,-1,0,0,0.3899862414424326,-0.43293570817372834,3.439707118672358,-0.039036949906351676,0.011589199021466459,0.06178770258740166,0.0,0.0,0.0
1787219280.5713816,TRACKING,0,UNKNOWN,0.0,0.0,0.0,0.0,0.0,0.0,0.0,0.0,-1,0,0,0.3899862414424326,-0.43293570817372834,3.439707118672358,-0.039036949906351676,0.011589199021466459,0.06178770258740166,0.0,0.0,0.0
1787219280.6728723,TRACKING,0,UNKNOWN,0.0,0.0,0.0,0.0,0.0,0.0,0.0,0.0,-1,0,0,0.3899862414424326,-0.43293570817372834,3.439707118672358,-0.039036949906351676,0.011589199021466459,0.06178770258740166,0.0,0.0,0.0
1787219280.7787097,TRACKING,0,UNKNOWN,0.0,0.0,0.0,0.0,0.0,0.0,0.0,0.0,-1,0,0,0.3899862414424326,-0.43293570817372834,3.439707118672358,-0.039036949906351676,0.011589199021466459,0.06178770258740166,0.0,0.0,0.0
1787219280.909006,TRACKING,0,UNKNOWN,0.0,0.0,0.0,0.0,0.0,0.0,0.0,0.0,-1,0,0,0.3899862414424326,-0.43293570817372834,3.439707118672358,-0.039036949906351676,0.011589199021466459,0.06178770258740166,0.0,0.0,0.0
1787219281.0096776,TRACKING,0,UNKNOWN,0.0,0.0,0.0,0.0,0.0,0.0,0.0,0.0,-1,0,0,0.3899862414424326,-0.43293570817372834,3.439707118672358,-0.039036949906351676,0.011589199021466459,0.06178770258740166,0.0,0.0,0.0
1787219281.121905,TRACKING,0,UNKNOWN,0.0,0.0,0.0,0.0,0.0,0.0,0.0,0.0,-1,0,0,0.4120680011891042,-0.3762332705310339,3.5443469721544862,-0.008171506350164837,0.02955650591717788,0.07280263229479207,0.0,0.0,0.0
1787219281.2310574,TRACKING,0,UNKNOWN,0.0,0.0,0.0,0.0,0.0,0.0,0.0,0.0,-1,0,0,0.4120680011891042,-0.3762332705310339,3.5443469721544862,-0.008171506350164837,0.02955650591717788,0.07280263229479207,0.0,0.0,0.0
1787219281.3576243,TRACKING,0,UNKNOWN,0.0,0.0,0.0,0.0,0.0,0.0,0.0,0.0,-1,0,0,0.4120680011891042,-0.3762332705310339,3.5443469721544862,-0.008171506350164837,0.02955650591717788,0.07280263229479207,0.0,0.0,0.0
1787219281.468557,TRACKING,0,UNKNOWN,0.0,0.0,0.0,0.0,0.0,0.0,0.0,0.0,-1,0,0,0.4120680011891042,-0.3762332705310339,3.5443469721544862,-0.008171506350164837,0.02955650591717788,0.07280263229479207,0.0,0.0,0.0
1787219281.5752296,TRACKING,0,UNKNOWN,0.0,0.0,0.0,0.0,0.0,0.0,0.0,0.0,-1,0,0,0.4120680011891042,-0.3762332705310339,3.5443469721544862,-0.008171506350164837,0.02955650591717788,0.07280263229479207,0.0,0.0,0.0
1787219281.740461,TRACKING,0,UNKNOWN,0.0,0.0,0.0,0.0,0.0,0.0,0.0,0.0,-1,0,0,0.4120680011891042,-0.3762332705310339,3.5443469721544862,-0.008171506350164837,0.02955650591717788,0.07280263229479207,0.0,0.0,0.0
1787219281.8412762,TRACKING,0,UNKNOWN,0.0,0.0,0.0,0.0,0.0,0.0,0.0,0.0,-1,0,0,0.4120680011891042,-0.3762332705310339,3.5443469721544862,-0.008171506350164837,0.02955650591717788,0.07280263229479207,0.0,0.0,0.0
1787219281.9740422,TRACKING,0,UNKNOWN,0.0,0.0,0.0,0.0,0.0,0.0,0.0,0.0,-1,0,0,0.4120680011891042,-0.3762332705310339,3.5443469721544862,-0.008171506350164837,0.02955650591717788,0.07280263229479207,0.0,0.0,0.0
1787219282.1085582,TRACKING,0,UNKNOWN,0.0,0.0,0.0,0.0,0.0,0.0,0.0,0.0,-1,0,0,0.4120680011891042,-0.3762332705310339,3.5443469721544862,-0.008171506350164837,0.02955650591717788,0.07280263229479207,0.0,0.0,0.0
1787219282.246673,TRACKING,0,UNKNOWN,0.0,0.0,0.0,0.0,0.0,0.0,0.0,0.0,-1,0,0,0.4046433768191699,-0.30080420016422604,3.374153187569058,-0.006761303210429898,0.04474055956549439,-0.03845911396508217,0.0,0.0,0.0
1787219282.3580322,TRACKING,0,UNKNOWN,0.0,0.0,0.0,0.0,0.0,0.0,0.0,0.0,-1,0,0,0.4046433768191699,-0.30080420016422604,3.374153187569058,-0.006761303210429898,0.04474055956549439,-0.03845911396508217,0.0,0.0,0.0
1787219282.475813,TRACKING,0,UNKNOWN,0.0,0.0,0.0,0.0,0.0,0.0,0.0,0.0,-1,0,0,0.4046433768191699,-0.30080420016422604,3.374153187569058,-0.006761303210429898,0.04474055956549439,-0.03845911396508217,0.0,0.0,0.0
1787219282.5976322,TRACKING,0,UNKNOWN,0.0,0.0,0.0,0.0,0.0,0.0,0.0,0.0,-1,0,0,0.4046433768191699,-0.30080420016422604,3.374153187569058,-0.006761303210429898,0.04474055956549439,-0.03845911396508217,0.0,0.0,0.0
1787219282.7178059,TRACKING,0,UNKNOWN,0.0,0.0,0.0,0.0,0.0,0.0,0.0,0.0,-1,0,0,0.4046433768191699,-0.30080420016422604,3.374153187569058,-0.006761303210429898,0.04474055956549439,-0.03845911396508217,0.0,0.0,0.0
1787219282.86607,TRACKING,0,UNKNOWN,0.0,0.0,0.0,0.0,0.0,0.0,0.0,0.0,-1,0,0,0.4046433768191699,-0.30080420016422604,3.374153187569058,-0.006761303210429898,0.04474055956549439,-0.03845911396508217,0.0,0.0,0.0
1787219282.985539,TRACKING,0,UNKNOWN,0.0,0.0,0.0,0.0,0.0,0.0,0.0,0.0,-1,0,0,0.4046433768191699,-0.30080420016422604,3.374153187569058,-0.006761303210429898,0.04474055956549439,-0.03845911396508217,0.0,0.0,0.0
1787219283.1100805,TRACKING,0,UNKNOWN,0.0,0.0,0.0,0.0,0.0,0.0,0.0,0.0,-1,0,0,0.4046433768191699,-0.30080420016422604,3.374153187569058,-0.006761303210429898,0.04474055956549439,-0.03845911396508217,0.0,0.0,0.0
1787219283.2509503,TRACKING,0,UNKNOWN,0.0,0.0,0.0,0.0,0.0,0.0,0.0,0.0,-1,0,0,0.4303834409257862,-0.35781305499646576,3.498495814049011,0.007631603920688613,-0.003149900897158525,0.03418753658300853,0.0,0.0,0.0
1787219283.3827395,TRACKING,0,UNKNOWN,0.0,0.0,0.0,0.0,0.0,0.0,0.0,0.0,-1,0,0,0.4303834409257862,-0.35781305499646576,3.498495814049011,0.007631603920688613,-0.003149900897158525,0.03418753658300853,0.0,0.0,0.0
1787219283.4916935,TRACKING,0,UNKNOWN,0.0,0.0,0.0,0.0,0.0,0.0,0.0,0.0,-1,0,0,0.4303834409257862,-0.35781305499646576,3.498495814049011,0.007631603920688613,-0.003149900897158525,0.03418753658300853,0.0,0.0,0.0
1787219283.6097422,TRACKING,0,UNKNOWN,0.0,0.0,0.0,0.0,0.0,0.0,0.0,0.0,-1,0,0,0.4303834409257862,-0.35781305499646576,3.498495814049011,0.007631603920688613,-0.003149900897158525,0.03418753658300853,0.0,0.0,0.0
1787219283.7167444,TRACKING,0,UNKNOWN,0.0,0.0,0.0,0.0,0.0,0.0,0.0,0.0,-1,0,0,0.4303834409257862,-0.35781305499646576,3.498495814049011,0.007631603920688613,-0.003149900897158525,0.03418753658300853,0.0,0.0,0.0
1787219283.8180392,TRACKING,0,UNKNOWN,0.0,0.0,0.0,0.0,0.0,0.0,0.0,0.0,-1,0,0,0.4303834409257862,-0.35781305499646576,3.498495814049011,0.007631603920688613,-0.003149900897158525,0.03418753658300853,0.0,0.0,0.0
1787219283.9224074,TRACKING,0,UNKNOWN,0.0,0.0,0.0,0.0,0.0,0.0,0.0,0.0,-1,0,0,0.4303834409257862,-0.35781305499646576,3.498495814049011,0.007631603920688613,-0.003149900897158525,0.03418753658300853,0.0,0.0,0.0
1787219284.0251203,TRACKING,0,UNKNOWN,0.0,0.0,0.0,0.0,0.0,0.0,0.0,0.0,-1,0,0,0.4303834409257862,-0.35781305499646576,3.498495814049011,0.007631603920688613,-0.003149900897158525,0.03418753658300853,0.0,0.0,0.0
1787219284.1628993,TRACKING,0,UNKNOWN,0.0,0.0,0.0,0.0,0.0,0.0,0.0,0.0,-1,0,0,0.4303834409257862,-0.35781305499646576,3.498495814049011,0.007631603920688613,-0.003149900897158525,0.03418753658300853,0.0,0.0,0.0
1787219284.263143,TRACKING,0,UNKNOWN,0.0,0.0,0.0,0.0,0.0,0.0,0.0,0.0,-1,0,0,0.4303834409257862,-0.35781305499646576,3.498495814049011,0.007631603920688613,-0.003149900897158525,0.03418753658300853,0.0,0.0,0.0
1787219284.3807878,TRACKING,0,UNKNOWN,0.0,0.0,0.0,0.0,0.0,0.0,0.0,0.0,-1,0,0,0.44531714479311124,-0.40429582228784283,3.542065451959831,0.009443900767920238,-0.020397214815609067,0.03275932153259577,0.0,0.0,0.0
1787219284.4810028,TRACKING,0,UNKNOWN,0.0,0.0,0.0,0.0,0.0,0.0,0.0,0.0,-1,0,0,0.44531714479311124,-0.40429582228784283,3.542065451959831,0.009443900767920238,-0.020397214815609067,0.03275932153259577,0.0,0.0,0.0
1787219284.6127658,TRACKING,0,UNKNOWN,0.0,0.0,0.0,0.0,0.0,0.0,0.0,0.0,-1,0,0,0.44531714479311124,-0.40429582228784283,3.542065451959831,0.009443900767920238,-0.020397214815609067,0.03275932153259577,0.0,0.0,0.0
1787219284.723442,TRACKING,0,UNKNOWN,0.0,0.0,0.0,0.0,0.0,0.0,0.0,0.0,-1,0,0,0.44531714479311124,-0.40429582228784283,3.542065451959831,0.009443900767920238,-0.020397214815609067,0.03275932153259577,0.0,0.0,0.0
1787219284.8354626,TRACKING,0,UNKNOWN,0.0,0.0,0.0,0.0,0.0,0.0,0.0,0.0,-1,0,0,0.44531714479311124,-0.40429582228784283,3.542065451959831,0.009443900767920238,-0.020397214815609067,0.03275932153259577,0.0,0.0,0.0
1787219284.9475243,TRACKING,0,UNKNOWN,0.0,0.0,0.0,0.0,0.0,0.0,0.0,0.0,-1,0,0,0.44531714479311124,-0.40429582228784283,3.542065451959831,0.009443900767920238,-0.020397214815609067,0.03275932153259577,0.0,0.0,0.0
1787219285.0824113,TRACKING,0,UNKNOWN,0.0,0.0,0.0,0.0,0.0,0.0,0.0,0.0,-1,0,0,0.44531714479311124,-0.40429582228784283,3.542065451959831,0.009443900767920238,-0.020397214815609067,0.03275932153259577,0.0,0.0,0.0
1787219285.1883752,TRACKING,0,UNKNOWN,0.0,0.0,0.0,0.0,0.0,0.0,0.0,0.0,-1,0,0,0.44531714479311124,-0.40429582228784283,3.542065451959831,0.009443900767920238,-0.020397214815609067,0.03275932153259577,0.0,0.0,0.0
1787219285.2916636,TRACKING,0,UNKNOWN,0.0,0.0,0.0,0.0,0.0,0.0,0.0,0.0,-1,0,0,0.44531714479311124,-0.40429582228784283,3.542065451959831,0.009443900767920238,-0.020397214815609067,0.03275932153259577,0.0,0.0,0.0
1787219285.4192798,TRACKING,0,UNKNOWN,0.0,0.0,0.0,0.0,0.0,0.0,0.0,0.0,-1,0,0,0.45500758579627465,-0.4252255219592889,3.5756799805763984,0.008474856667603899,-0.018304244848464456,0.02939786867093901,0.0,0.0,0.0
1787219285.5458353,TRACKING,0,UNKNOWN,0.0,0.0,0.0,0.0,0.0,0.0,0.0,0.0,-1,0,0,0.45500758579627465,-0.4252255219592889,3.5756799805763984,0.008474856667603899,-0.018304244848464456,0.02939786867093901,0.0,0.0,0.0
1787219285.6552649,TRACKING,0,UNKNOWN,0.0,0.0,0.0,0.0,0.0,0.0,0.0,0.0,-1,0,0,0.45500758579627465,-0.4252255219592889,3.5756799805763984,0.008474856667603899,-0.018304244848464456,0.02939786867093901,0.0,0.0,0.0
1787219285.7716553,TRACKING,0,UNKNOWN,0.0,0.0,0.0,0.0,0.0,0.0,0.0,0.0,-1,0,0,0.45500758579627465,-0.4252255219592889,3.5756799805763984,0.008474856667603899,-0.018304244848464456,0.02939786867093901,0.0,0.0,0.0
1787219285.8743265,TRACKING,0,UNKNOWN,0.0,0.0,0.0,0.0,0.0,0.0,0.0,0.0,-1,0,0,0.45500758579627465,-0.4252255219592889,3.5756799805763984,0.008474856667603899,-0.018304244848464456,0.02939786867093901,0.0,0.0,0.0
1787219285.9842432,TRACKING,0,UNKNOWN,0.0,0.0,0.0,0.0,0.0,0.0,0.0,0.0,-1,0,0,0.45500758579627465,-0.4252255219592889,3.5756799805763984,0.008474856667603899,-0.018304244848464456,0.02939786867093901,0.0,0.0,0.0
1787219286.0931332,TRACKING,0,UNKNOWN,0.0,0.0,0.0,0.0,0.0,0.0,0.0,0.0,-1,0,0,0.45500758579627465,-0.4252255219592889,3.5756799805763984,0.008474856667603899,-0.018304244848464456,0.02939786867093901,0.0,0.0,0.0
1787219286.2037814,TRACKING,0,UNKNOWN,0.0,0.0,0.0,0.0,0.0,0.0,0.0,0.0,-1,0,0,0.45500758579627465,-0.4252255219592889,3.5756799805763984,0.008474856667603899,-0.018304244848464456,0.02939786867093901,0.0,0.0,0.0
1787219286.3131628,TRACKING,0,UNKNOWN,0.0,0.0,0.0,0.0,0.0,0.0,0.0,0.0,-1,0,0,0.45500758579627465,-0.4252255219592889,3.5756799805763984,0.008474856667603899,-0.018304244848464456,0.02939786867093901,0.0,0.0,0.0
1787219286.4216304,TRACKING,0,UNKNOWN,0.0,0.0,0.0,0.0,0.0,0.0,0.0,0.0,-1,0,0,0.45500758579627465,-0.4252255219592889,3.5756799805763984,0.008474856667603899,-0.018304244848464456,0.02939786867093901,0.0,0.0,0.0
1787219286.5308907,TRACKING,0,UNKNOWN,0.0,0.0,0.0,0.0,0.0,0.0,0.0,0.0,-1,0,0,0.4510044581153743,-0.45327415867146337,3.5909107421393616,0.002944225977282411,-0.018780276881953235,0.020069189356631417,0.0,0.0,0.0
1787219286.636154,TRACKING,0,UNKNOWN,0.0,0.0,0.0,0.0,0.0,0.0,0.0,0.0,-1,0,0,0.4510044581153743,-0.45327415867146337,3.5909107421393616,0.002944225977282411,-0.018780276881953235,0.020069189356631417,0.0,0.0,0.0
1787219286.7674737,TRACKING,0,UNKNOWN,0.0,0.0,0.0,0.0,0.0,0.0,0.0,0.0,-1,0,0,0.4510044581153743,-0.45327415867146337,3.5909107421393616,0.002944225977282411,-0.018780276881953235,0.020069189356631417,0.0,0.0,0.0
1787219286.8695827,TRACKING,0,UNKNOWN,0.0,0.0,0.0,0.0,0.0,0.0,0.0,0.0,-1,0,0,0.4510044581153743,-0.45327415867146337,3.5909107421393616,0.002944225977282411,-0.018780276881953235,0.020069189356631417,0.0,0.0,0.0
1787219286.9735909,TRACKING,0,UNKNOWN,0.0,0.0,0.0,0.0,0.0,0.0,0.0,0.0,-1,0,0,0.4510044581153743,-0.45327415867146337,3.5909107421393616,0.002944225977282411,-0.018780276881953235,0.020069189356631417,0.0,0.0,0.0
1787219287.07623,TRACKING,0,UNKNOWN,0.0,0.0,0.0,0.0,0.0,0.0,0.0,0.0,-1,0,0,0.4510044581153743,-0.45327415867146337,3.5909107421393616,0.002944225977282411,-0.018780276881953235,0.020069189356631417,0.0,0.0,0.0
1787219287.1796541,TRACKING,0,UNKNOWN,0.0,0.0,0.0,0.0,0.0,0.0,0.0,0.0,-1,0,0,0.4510044581153743,-0.45327415867146337,3.5909107421393616,0.002944225977282411,-0.018780276881953235,0.020069189356631417,0.0,0.0,0.0
1787219287.2984183,TRACKING,0,UNKNOWN,0.0,0.0,0.0,0.0,0.0,0.0,0.0,0.0,-1,0,0,0.4510044581153743,-0.45327415867146337,3.5909107421393616,0.002944225977282411,-0.018780276881953235,0.020069189356631417,0.0,0.0,0.0
1787219287.409833,TRACKING,0,UNKNOWN,0.0,0.0,0.0,0.0,0.0,0.0,0.0,0.0,-1,0,0,0.4510044581153743,-0.45327415867146337,3.5909107421393616,0.002944225977282411,-0.018780276881953235,0.020069189356631417,0.0,0.0,0.0
1787219287.5147939,TRACKING,0,UNKNOWN,0.0,0.0,0.0,0.0,0.0,0.0,0.0,0.0,-1,0,0,0.4510044581153743,-0.45327415867146337,3.5909107421393616,0.002944225977282411,-0.018780276881953235,0.020069189356631417,0.0,0.0,0.0
1787219287.6152813,TRACKING,0,UNKNOWN,0.0,0.0,0.0,0.0,0.0,0.0,0.0,0.0,-1,0,0,0.45438538397586226,-0.4748400045906432,3.6139566774100955,0.0026061333912336193,-0.016623692290035255,0.017764595829558017,0.0,0.0,0.0
1787219287.7445436,TRACKING,0,UNKNOWN,0.0,0.0,0.0,0.0,0.0,0.0,0.0,0.0,-1,0,0,0.45438538397586226,-0.4748400045906432,3.6139566774100955,0.0026061333912336193,-0.016623692290035255,0.017764595829558017,0.0,0.0,0.0
1787219287.8567524,TRACKING,0,UNKNOWN,0.0,0.0,0.0,0.0,0.0,0.0,0.0,0.0,-1,0,0,0.45438538397586226,-0.4748400045906432,3.6139566774100955,0.0026061333912336193,-0.016623692290035255,0.017764595829558017,0.0,0.0,0.0
1787219287.9580042,TRACKING,0,UNKNOWN,0.0,0.0,0.0,0.0,0.0,0.0,0.0,0.0,-1,0,0,0.45438538397586226,-0.4748400045906432,3.6139566774100955,0.0026061333912336193,-0.016623692290035255,0.017764595829558017,0.0,0.0,0.0
1787219288.077394,TRACKING,0,UNKNOWN,0.0,0.0,0.0,0.0,0.0,0.0,0.0,0.0,-1,0,0,0.45438538397586226,-0.4748400045906432,3.6139566774100955,0.0026061333912336193,-0.016623692290035255,0.017764595829558017,0.0,0.0,0.0
1787219288.2025597,TRACKING,0,UNKNOWN,0.0,0.0,0.0,0.0,0.0,0.0,0.0,0.0,-1,0,0,0.45438538397586226,-0.4748400045906432,3.6139566774100955,0.0026061333912336193,-0.016623692290035255,0.017764595829558017,0.0,0.0,0.0
1787219288.3310506,TRACKING,0,UNKNOWN,0.0,0.0,0.0,0.0,0.0,0.0,0.0,0.0,-1,0,0,0.45438538397586226,-0.4748400045906432,3.6139566774100955,0.0026061333912336193,-0.016623692290035255,0.017764595829558017,0.0,0.0,0.0
1787219288.45845,TRACKING,0,UNKNOWN,0.0,0.0,0.0,0.0,0.0,0.0,0.0,0.0,-1,0,0,0.45438538397586226,-0.4748400045906432,3.6139566774100955,0.0026061333912336193,-0.016623692290035255,0.017764595829558017,0.0,0.0,0.0
1787219288.587478,TRACKING,0,UNKNOWN,0.0,0.0,0.0,0.0,0.0,0.0,0.0,0.0,-1,0,0,0.4569324706198321,-0.4910870565442544,3.631318783634279,0.0023514247268366325,-0.014998987094674131,0.016028385207139655,0.0,0.0,0.0
1787219288.717198,TRACKING,0,UNKNOWN,0.0,0.0,0.0,0.0,0.0,0.0,0.0,0.0,-1,0,0,0.4569324706198321,-0.4910870565442544,3.631318783634279,0.0023514247268366325,-0.014998987094674131,0.016028385207139655,0.0,0.0,0.0
1787219288.8428829,TRACKING,0,UNKNOWN,0.0,0.0,0.0,0.0,0.0,0.0,0.0,0.0,-1,0,0,0.4569324706198321,-0.4910870565442544,3.631318783634279,0.0023514247268366325,-0.014998987094674131,0.016028385207139655,0.0,0.0,0.0
1787219288.9490225,TRACKING,0,UNKNOWN,0.0,0.0,0.0,0.0,0.0,0.0,0.0,0.0,-1,0,0,0.4569324706198321,-0.4910870565442544,3.631318783634279,0.0023514247268366325,-0.014998987094674131,0.016028385207139655,0.0,0.0,0.0
1787219289.07973,TRACKING,0,UNKNOWN,0.0,0.0,0.0,0.0,0.0,0.0,0.0,0.0,-1,0,0,0.4569324706198321,-0.4910870565442544,3.631318783634279,0.0023514247268366325,-0.014998987094674131,0.016028385207139655,0.0,0.0,0.0
1787219289.1884134,TRACKING,0,UNKNOWN,0.0,0.0,0.0,0.0,0.0,0.0,0.0,0.0,-1,0,0,0.4569324706198321,-0.4910870565442544,3.631318783634279,0.0023514247268366325,-0.014998987094674131,0.016028385207139655,0.0,0.0,0.0
1787219289.3114927,TRACKING,0,UNKNOWN,0.0,0.0,0.0,0.0,0.0,0.0,0.0,0.0,-1,0,0,0.4569324706198321,-0.4910870565442544,3.631318783634279,0.0023514247268366325,-0.014998987094674131,0.016028385207139655,0.0,0.0,0.0
1787219289.4234097,TRACKING,0,UNKNOWN,0.0,0.0,0.0,0.0,0.0,0.0,0.0,0.0,-1,0,0,0.4569324706198321,-0.4910870565442544,3.631318783634279,0.0023514247268366325,-0.014998987094674131,0.016028385207139655,0.0,0.0,0.0
1787219289.5310833,TRACKING,0,UNKNOWN,0.0,0.0,0.0,0.0,0.0,0.0,0.0,0.0,-1,0,0,0.4569324706198321,-0.4910870565442544,3.631318783634279,0.0023514247268366325,-0.014998987094674131,0.016028385207139655,0.0,0.0,0.0
1787219289.656314,TRACKING,0,UNKNOWN,0.0,0.0,0.0,0.0,0.0,0.0,0.0,0.0,-1,0,0,0.43546559775054255,-0.3691952861537853,3.4833855001523637,-0.004538301952125436,0.02477260760546378,-0.031380876634867,0.0,0.0,0.0
1787219289.7652962,TRACKING,0,UNKNOWN,0.0,0.0,0.0,0.0,0.0,0.0,0.0,0.0,-1,0,0,0.43546559775054255,-0.3691952861537853,3.4833855001523637,-0.004538301952125436,0.02477260760546378,-0.031380876634867,0.0,0.0,0.0
1787219289.899499,TRACKING,0,UNKNOWN,0.0,0.0,0.0,0.0,0.0,0.0,0.0,0.0,-1,0,0,0.43546559775054255,-0.3691952861537853,3.4833855001523637,-0.004538301952125436,0.02477260760546378,-0.031380876634867,0.0,0.0,0.0
1787219290.029405,TRACKING,0,UNKNOWN,0.0,0.0,0.0,0.0,0.0,0.0,0.0,0.0,-1,0,0,0.43546559775054255,-0.3691952861537853,3.4833855001523637,-0.004538301952125436,0.02477260760546378,-0.031380876634867,0.0,0.0,0.0
1787219290.1559029,TRACKING,0,UNKNOWN,0.0,0.0,0.0,0.0,0.0,0.0,0.0,0.0,-1,0,0,0.43546559775054255,-0.3691952861537853,3.4833855001523637,-0.004538301952125436,0.02477260760546378,-0.031380876634867,0.0,0.0,0.0
1787219290.2818263,TRACKING,0,UNKNOWN,0.0,0.0,0.0,0.0,0.0,0.0,0.0,0.0,-1,0,0,0.43546559775054255,-0.3691952861537853,3.4833855001523637,-0.004538301952125436,0.02477260760546378,-0.031380876634867,0.0,0.0,0.0
1787219290.3855016,TRACKING,0,UNKNOWN,0.0,0.0,0.0,0.0,0.0,0.0,0.0,0.0,-1,0,0,0.43546559775054255,-0.3691952861537853,3.4833855001523637,-0.004538301952125436,0.02477260760546378,-0.031380876634867,0.0,0.0,0.0
1787219290.5172176,TRACKING,0,UNKNOWN,0.0,0.0,0.0,0.0,0.0,0.0,0.0,0.0,-1,0,0,0.43546559775054255,-0.3691952861537853,3.4833855001523637,-0.004538301952125436,0.02477260760546378,-0.031380876634867,0.0,0.0,0.0
1787219290.6465251,TRACKING,0,UNKNOWN,0.0,0.0,0.0,0.0,0.0,0.0,0.0,0.0,-1,0,0,0.4242288406473486,-0.32930595435942667,3.3970863746574644,-0.00656715589804847,0.02782692161954634,-0.048625991387752275,0.0,0.0,0.0
1787219290.75324,TRACKING,0,UNKNOWN,0.0,0.0,0.0,0.0,0.0,0.0,0.0,0.0,-1,0,0,0.4242288406473486,-0.32930595435942667,3.3970863746574644,-0.00656715589804847,0.02782692161954634,-0.048625991387752275,0.0,0.0,0.0
1787219290.884851,TRACKING,0,UNKNOWN,0.0,0.0,0.0,0.0,0.0,0.0,0.0,0.0,-1,0,0,0.4242288406473486,-0.32930595435942667,3.3970863746574644,-0.00656715589804847,0.02782692161954634,-0.048625991387752275,0.0,0.0,0.0
1787219290.9891567,TRACKING,0,UNKNOWN,0.0,0.0,0.0,0.0,0.0,0.0,0.0,0.0,-1,0,0,0.4242288406473486,-0.32930595435942667,3.3970863746574644,-0.00656715589804847,0.02782692161954634,-0.048625991387752275,0.0,0.0,0.0
1787219291.0986648,TRACKING,0,UNKNOWN,0.0,0.0,0.0,0.0,0.0,0.0,0.0,0.0,-1,0,0,0.4242288406473486,-0.32930595435942667,3.3970863746574644,-0.00656715589804847,0.02782692161954634,-0.048625991387752275,0.0,0.0,0.0
1787219291.226722,TRACKING,0,UNKNOWN,0.0,0.0,0.0,0.0,0.0,0.0,0.0,0.0,-1,0,0,0.4242288406473486,-0.32930595435942667,3.3970863746574644,-0.00656715589804847,0.02782692161954634,-0.048625991387752275,0.0,0.0,0.0
1787219291.34582,TRACKING,0,UNKNOWN,0.0,0.0,0.0,0.0,0.0,0.0,0.0,0.0,-1,0,0,0.4242288406473486,-0.32930595435942667,3.3970863746574644,-0.00656715589804847,0.02782692161954634,-0.048625991387752275,0.0,0.0,0.0
1787219291.4494567,TRACKING,0,UNKNOWN,0.0,0.0,0.0,0.0,0.0,0.0,0.0,0.0,-1,0,0,0.4242288406473486,-0.32930595435942667,3.3970863746574644,-0.00656715589804847,0.02782692161954634,-0.048625991387752275,0.0,0.0,0.0
1787219291.5517392,TRACKING,0,UNKNOWN,0.0,0.0,0.0,0.0,0.0,0.0,0.0,0.0,-1,0,0,0.4242288406473486,-0.32930595435942667,3.3970863746574644,-0.00656715589804847,0.02782692161954634,-0.048625991387752275,0.0,0.0,0.0
1787219291.655599,TRACKING,0,UNKNOWN,0.0,0.0,0.0,0.0,0.0,0.0,0.0,0.0,-1,0,0,0.4242288406473486,-0.32930595435942667,3.3970863746574644,-0.00656715589804847,0.02782692161954634,-0.048625991387752275,0.0,0.0,0.0
1787219291.763937,TRACKING,0,UNKNOWN,0.0,0.0,0.0,0.0,0.0,0.0,0.0,0.0,-1,0,0,0.4389697516320492,-0.39847937890037644,3.516111894314688,0.003238177656257564,-0.016563931441164994,0.028160481001083405,0.0,0.0,0.0
1787219291.8756351,TRACKING,0,UNKNOWN,0.0,0.0,0.0,0.0,0.0,0.0,0.0,0.0,-1,0,0,0.4389697516320492,-0.39847937890037644,3.516111894314688,0.003238177656257564,-0.016563931441164994,0.028160481001083405,0.0,0.0,0.0
1787219291.9885862,TRACKING,0,UNKNOWN,0.0,0.0,0.0,0.0,0.0,0.0,0.0,0.0,-1,0,0,0.4389697516320492,-0.39847937890037644,3.516111894314688,0.003238177656257564,-0.016563931441164994,0.028160481001083405,0.0,0.0,0.0
1787219292.093005,TRACKING,0,UNKNOWN,0.0,0.0,0.0,0.0,0.0,0.0,0.0,0.0,-1,0,0,0.4389697516320492,-0.39847937890037644,3.516111894314688,0.003238177656257564,-0.016563931441164994,0.028160481001083405,0.0,0.0,0.0
1787219292.195721,TRACKING,0,UNKNOWN,0.0,0.0,0.0,0.0,0.0,0.0,0.0,0.0,-1,0,0,0.4389697516320492,-0.39847937890037644,3.516111894314688,0.003238177656257564,-0.016563931441164994,0.028160481001083405,0.0,0.0,0.0
1787219292.3306327,TRACKING,0,UNKNOWN,0.0,0.0,0.0,0.0,0.0,0.0,0.0,0.0,-1,0,0,0.4389697516320492,-0.39847937890037644,3.516111894314688,0.003238177656257564,-0.016563931441164994,0.028160481001083405,0.0,0.0,0.0
1787219292.4666839,TRACKING,0,UNKNOWN,0.0,0.0,0.0,0.0,0.0,0.0,0.0,0.0,-1,0,0,0.4389697516320492,-0.39847937890037644,3.516111894314688,0.003238177656257564,-0.016563931441164994,0.028160481001083405,0.0,0.0,0.0
1787219292.58065,TRACKING,0,UNKNOWN,0.0,0.0,0.0,0.0,0.0,0.0,0.0,0.0,-1,0,0,0.4389697516320492,-0.39847937890037644,3.516111894314688,0.003238177656257564,-0.016563931441164994,0.028160481001083405,0.0,0.0,0.0
1787219292.6898487,TRACKING,0,UNKNOWN,0.0,0.0,0.0,0.0,0.0,0.0,0.0,0.0,-1,0,0,0.4389697516320492,-0.39847937890037644,3.516111894314688,0.003238177656257564,-0.016563931441164994,0.028160481001083405,0.0,0.0,0.0
1787219292.7936242,TRACKING,0,UNKNOWN,0.0,0.0,0.0,0.0,0.0,0.0,0.0,0.0,-1,0,0,0.6849744056415821,-0.524271284814135,3.359015861083238,0.10537230543031918,-0.060448956724665416,-0.05397224945378569,0.0,0.0,0.0
1787219292.9064212,TRACKING,0,UNKNOWN,0.0,0.0,0.0,0.0,0.0,0.0,0.0,0.0,-1,0,0,0.6849744056415821,-0.524271284814135,3.359015861083238,0.10537230543031918,-0.060448956724665416,-0.05397224945378569,0.0,0.0,0.0
1787219293.0180993,TRACKING,0,UNKNOWN,0.0,0.0,0.0,0.0,0.0,0.0,0.0,0.0,-1,0,0,0.6849744056415821,-0.524271284814135,3.359015861083238,0.10537230543031918,-0.060448956724665416,-0.05397224945378569,0.0,0.0,0.0
1787219293.1241248,TRACKING,0,UNKNOWN,0.0,0.0,0.0,0.0,0.0,0.0,0.0,0.0,-1,0,0,0.6849744056415821,-0.524271284814135,3.359015861083238,0.10537230543031918,-0.060448956724665416,-0.05397224945378569,0.0,0.0,0.0
1787219293.2258906,TRACKING,0,UNKNOWN,0.0,0.0,0.0,0.0,0.0,0.0,0.0,0.0,-1,0,0,0.6849744056415821,-0.524271284814135,3.359015861083238,0.10537230543031918,-0.060448956724665416,-0.05397224945378569,0.0,0.0,0.0
1787219293.3338675,TRACKING,0,UNKNOWN,0.0,0.0,0.0,0.0,0.0,0.0,0.0,0.0,-1,0,0,0.6849744056415821,-0.524271284814135,3.359015861083238,0.10537230543031918,-0.060448956724665416,-0.05397224945378569,0.0,0.0,0.0
1787219293.444966,TRACKING,0,UNKNOWN,0.0,0.0,0.0,0.0,0.0,0.0,0.0,0.0,-1,0,0,0.6849744056415821,-0.524271284814135,3.359015861083238,0.10537230543031918,-0.060448956724665416,-0.05397224945378569,0.0,0.0,0.0
1787219293.5619779,TRACKING,0,UNKNOWN,0.0,0.0,0.0,0.0,0.0,0.0,0.0,0.0,-1,0,0,0.6849744056415821,-0.524271284814135,3.359015861083238,0.10537230543031918,-0.060448956724665416,-0.05397224945378569,0.0,0.0,0.0
1787219293.67639,TRACKING,0,UNKNOWN,0.0,0.0,0.0,0.0,0.0,0.0,0.0,0.0,-1,0,0,0.6849744056415821,-0.524271284814135,3.359015861083238,0.10537230543031918,-0.060448956724665416,-0.05397224945378569,0.0,0.0,0.0
1787219293.7768035,TRACKING,0,UNKNOWN,0.0,0.0,0.0,0.0,0.0,0.0,0.0,0.0,-1,0,0,0.6849744056415821,-0.524271284814135,3.359015861083238,0.10537230543031918,-0.060448956724665416,-0.05397224945378569,0.0,0.0,0.0
1787219293.9107323,TRACKING,0,UNKNOWN,0.0,0.0,0.0,0.0,0.0,0.0,0.0,0.0,-1,0,0,0.5502635593844758,-0.473650169077365,3.37116258135367,-0.010000471240508249,-0.005181337572083687,-0.01816250044270444,0.0,0.0,0.0
1787219294.027304,TRACKING,0,UNKNOWN,0.0,0.0,0.0,0.0,0.0,0.0,0.0,0.0,-1,0,0,0.5502635593844758,-0.473650169077365,3.37116258135367,-0.010000471240508249,-0.005181337572083687,-0.01816250044270444,0.0,0.0,0.0
1787219294.1328406,TRACKING,0,UNKNOWN,0.0,0.0,0.0,0.0,0.0,0.0,0.0,0.0,-1,0,0,0.5502635593844758,-0.473650169077365,3.37116258135367,-0.010000471240508249,-0.005181337572083687,-0.01816250044270444,0.0,0.0,0.0
1787219294.2396986,TRACKING,0,UNKNOWN,0.0,0.0,0.0,0.0,0.0,0.0,0.0,0.0,-1,0,0,0.5502635593844758,-0.473650169077365,3.37116258135367,-0.010000471240508249,-0.005181337572083687,-0.01816250044270444,0.0,0.0,0.0
1787219294.347375,TRACKING,0,UNKNOWN,0.0,0.0,0.0,0.0,0.0,0.0,0.0,0.0,-1,0,0,0.5502635593844758,-0.473650169077365,3.37116258135367,-0.010000471240508249,-0.005181337572083687,-0.01816250044270444,0.0,0.0,0.0
1787219294.463667,TRACKING,0,UNKNOWN,0.0,0.0,0.0,0.0,0.0,0.0,0.0,0.0,-1,0,0,0.5502635593844758,-0.473650169077365,3.37116258135367,-0.010000471240508249,-0.005181337572083687,-0.01816250044270444,0.0,0.0,0.0
1787219294.5889592,TRACKING,0,UNKNOWN,0.0,0.0,0.0,0.0,0.0,0.0,0.0,0.0,-1,0,0,0.5502635593844758,-0.473650169077365,3.37116258135367,-0.010000471240508249,-0.005181337572083687,-0.01816250044270444,0.0,0.0,0.0
1787219294.6929731,TRACKING,0,UNKNOWN,0.0,0.0,0.0,0.0,0.0,0.0,0.0,0.0,-1,0,0,0.5502635593844758,-0.473650169077365,3.37116258135367,-0.010000471240508249,-0.005181337572083687,-0.01816250044270444,0.0,0.0,0.0
1787219294.8218036,TRACKING,0,UNKNOWN,0.0,0.0,0.0,0.0,0.0,0.0,0.0,0.0,-1,0,0,0.5502635593844758,-0.473650169077365,3.37116258135367,-0.010000471240508249,-0.005181337572083687,-0.01816250044270444,0.0,0.0,0.0
1787219294.9319267,TRACKING,0,UNKNOWN,0.0,0.0,0.0,0.0,0.0,0.0,0.0,0.0,-1,0,0,0.47458895014571695,-0.4494014062376204,3.450549551230742,-0.03689147600236501,0.007778504212302511,0.02488740747218002,0.0,0.0,0.0
1787219295.0381596,TRACKING,0,UNKNOWN,0.0,0.0,0.0,0.0,0.0,0.0,0.0,0.0,-1,0,0,0.47458895014571695,-0.4494014062376204,3.450549551230742,-0.03689147600236501,0.007778504212302511,0.02488740747218002,0.0,0.0,0.0
1787219295.1461163,TRACKING,0,UNKNOWN,0.0,0.0,0.0,0.0,0.0,0.0,0.0,0.0,-1,0,0,0.47458895014571695,-0.4494014062376204,3.450549551230742,-0.03689147600236501,0.007778504212302511,0.02488740747218002,0.0,0.0,0.0
1787219295.2522027,TRACKING,0,UNKNOWN,0.0,0.0,0.0,0.0,0.0,0.0,0.0,0.0,-1,0,0,0.47458895014571695,-0.4494014062376204,3.450549551230742,-0.03689147600236501,0.007778504212302511,0.02488740747218002,0.0,0.0,0.0
1787219295.3625762,TRACKING,0,UNKNOWN,0.0,0.0,0.0,0.0,0.0,0.0,0.0,0.0,-1,0,0,0.47458895014571695,-0.4494014062376204,3.450549551230742,-0.03689147600236501,0.007778504212302511,0.02488740747218002,0.0,0.0,0.0
1787219295.4719608,TRACKING,0,UNKNOWN,0.0,0.0,0.0,0.0,0.0,0.0,0.0,0.0,-1,0,0,0.47458895014571695,-0.4494014062376204,3.450549551230742,-0.03689147600236501,0.007778504212302511,0.02488740747218002,0.0,0.0,0.0
1787219295.59153,TRACKING,0,UNKNOWN,0.0,0.0,0.0,0.0,0.0,0.0,0.0,0.0,-1,0,0,0.47458895014571695,-0.4494014062376204,3.450549551230742,-0.03689147600236501,0.007778504212302511,0.02488740747218002,0.0,0.0,0.0
1787219295.699548,TRACKING,0,UNKNOWN,0.0,0.0,0.0,0.0,0.0,0.0,0.0,0.0,-1,0,0,0.47458895014571695,-0.4494014062376204,3.450549551230742,-0.03689147600236501,0.007778504212302511,0.02488740747218002,0.0,0.0,0.0
1787219295.8058634,TRACKING,0,UNKNOWN,0.0,0.0,0.0,0.0,0.0,0.0,0.0,0.0,-1,0,0,0.47458895014571695,-0.4494014062376204,3.450549551230742,-0.03689147600236501,0.007778504212302511,0.02488740747218002,0.0,0.0,0.0
1787219295.9444783,TRACKING,0,UNKNOWN,0.0,0.0,0.0,0.0,0.0,0.0,0.0,0.0,-1,0,0,0.4548418072406955,-0.42987401283828286,3.601617303068964,-0.025671939383604948,0.01193272459409168,0.07577325966824744,0.0,0.0,0.0
1787219296.047132,TRACKING,0,UNKNOWN,0.0,0.0,0.0,0.0,0.0,0.0,0.0,0.0,-1,0,0,0.4548418072406955,-0.42987401283828286,3.601617303068964,-0.025671939383604948,0.01193272459409168,0.07577325966824744,0.0,0.0,0.0
1787219296.1602552,TRACKING,0,UNKNOWN,0.0,0.0,0.0,0.0,0.0,0.0,0.0,0.0,-1,0,0,0.4548418072406955,-0.42987401283828286,3.601617303068964,-0.025671939383604948,0.01193272459409168,0.07577325966824744,0.0,0.0,0.0
1787219296.2842321,TRACKING,0,UNKNOWN,0.0,0.0,0.0,0.0,0.0,0.0,0.0,0.0,-1,0,0,0.4548418072406955,-0.42987401283828286,3.601617303068964,-0.025671939383604948,0.01193272459409168,0.07577325966824744,0.0,0.0,0.0
1787219296.4159086,TRACKING,0,UNKNOWN,0.0,0.0,0.0,0.0,0.0,0.0,0.0,0.0,-1,0,0,0.4548418072406955,-0.42987401283828286,3.601617303068964,-0.025671939383604948,0.01193272459409168,0.07577325966824744,0.0,0.0,0.0
1787219296.5217676,TRACKING,0,UNKNOWN,0.0,0.0,0.0,0.0,0.0,0.0,0.0,0.0,-1,0,0,0.4548418072406955,-0.42987401283828286,3.601617303068964,-0.025671939383604948,0.01193272459409168,0.07577325966824744,0.0,0.0,0.0
1787219296.6554039,TRACKING,0,UNKNOWN,0.0,0.0,0.0,0.0,0.0,0.0,0.0,0.0,-1,0,0,0.4548418072406955,-0.42987401283828286,3.601617303068964,-0.025671939383604948,0.01193272459409168,0.07577325966824744,0.0,0.0,0.0
1787219296.7826679,TRACKING,0,UNKNOWN,0.0,0.0,0.0,0.0,0.0,0.0,0.0,0.0,-1,0,0,0.4548418072406955,-0.42987401283828286,3.601617303068964,-0.025671939383604948,0.01193272459409168,0.07577325966824744,0.0,0.0,0.0
1787219296.8862448,TRACKING,0,UNKNOWN,0.0,0.0,0.0,0.0,0.0,0.0,0.0,0.0,-1,0,0,0.4548418072406955,-0.42987401283828286,3.601617303068964,-0.025671939383604948,0.01193272459409168,0.07577325966824744,0.0,0.0,0.0
1787219296.9952505,TRACKING,0,UNKNOWN,0.0,0.0,0.0,0.0,0.0,0.0,0.0,0.0,-1,0,0,0.4272080886161818,-0.417029422138309,3.683180947546553,-0.022908567521153576,0.010648265524094296,0.06761689522048855,0.0,0.0,0.0
1787219297.0997005,TRACKING,0,UNKNOWN,0.0,0.0,0.0,0.0,0.0,0.0,0.0,0.0,-1,0,0,0.4272080886161818,-0.417029422138309,3.683180947546553,-0.022908567521153576,0.010648265524094296,0.06761689522048855,0.0,0.0,0.0
1787219297.2346537,TRACKING,0,UNKNOWN,0.0,0.0,0.0,0.0,0.0,0.0,0.0,0.0,-1,0,0,0.4272080886161818,-0.417029422138309,3.683180947546553,-0.022908567521153576,0.010648265524094296,0.06761689522048855,0.0,0.0,0.0
1787219297.360486,TRACKING,0,UNKNOWN,0.0,0.0,0.0,0.0,0.0,0.0,0.0,0.0,-1,0,0,0.4272080886161818,-0.417029422138309,3.683180947546553,-0.022908567521153576,0.010648265524094296,0.06761689522048855,0.0,0.0,0.0
1787219297.4887834,TRACKING,0,UNKNOWN,0.0,0.0,0.0,0.0,0.0,0.0,0.0,0.0,-1,0,0,0.4272080886161818,-0.417029422138309,3.683180947546553,-0.022908567521153576,0.010648265524094296,0.06761689522048855,0.0,0.0,0.0
1787219297.6126935,TRACKING,0,UNKNOWN,0.0,0.0,0.0,0.0,0.0,0.0,0.0,0.0,-1,0,0,0.4272080886161818,-0.417029422138309,3.683180947546553,-0.022908567521153576,0.010648265524094296,0.06761689522048855,0.0,0.0,0.0
1787219297.7401767,TRACKING,0,UNKNOWN,0.0,0.0,0.0,0.0,0.0,0.0,0.0,0.0,-1,0,0,0.4272080886161818,-0.417029422138309,3.683180947546553,-0.022908567521153576,0.010648265524094296,0.06761689522048855,0.0,0.0,0.0
1787219297.8665934,TRACKING,0,UNKNOWN,0.0,0.0,0.0,0.0,0.0,0.0,0.0,0.0,-1,0,0,0.4272080886161818,-0.417029422138309,3.683180947546553,-0.022908567521153576,0.010648265524094296,0.06761689522048855,0.0,0.0,0.0
1787219297.9764447,TRACKING,0,UNKNOWN,0.0,0.0,0.0,0.0,0.0,0.0,0.0,0.0,-1,0,0,0.4552598042057099,-0.4515269544477016,3.742326753315855,-0.002808525660060856,-0.006091443613754329,0.0572180879726658,0.0,0.0,0.0
1787219298.1148453,TRACKING,0,UNKNOWN,0.0,0.0,0.0,0.0,0.0,0.0,0.0,0.0,-1,0,0,0.4552598042057099,-0.4515269544477016,3.742326753315855,-0.002808525660060856,-0.006091443613754329,0.0572180879726658,0.0,0.0,0.0
1787219298.2350419,TRACKING,0,UNKNOWN,0.0,0.0,0.0,0.0,0.0,0.0,0.0,0.0,-1,0,0,0.4552598042057099,-0.4515269544477016,3.742326753315855,-0.002808525660060856,-0.006091443613754329,0.0572180879726658,0.0,0.0,0.0
1787219298.3593311,TRACKING,0,UNKNOWN,0.0,0.0,0.0,0.0,0.0,0.0,0.0,0.0,-1,0,0,0.4552598042057099,-0.4515269544477016,3.742326753315855,-0.002808525660060856,-0.006091443613754329,0.0572180879726658,0.0,0.0,0.0
1787219298.4879084,TRACKING,0,UNKNOWN,0.0,0.0,0.0,0.0,0.0,0.0,0.0,0.0,-1,0,0,0.4552598042057099,-0.4515269544477016,3.742326753315855,-0.002808525660060856,-0.006091443613754329,0.0572180879726658,0.0,0.0,0.0
1787219298.6057456,TRACKING,0,UNKNOWN,0.0,0.0,0.0,0.0,0.0,0.0,0.0,0.0,-1,0,0,0.4552598042057099,-0.4515269544477016,3.742326753315855,-0.002808525660060856,-0.006091443613754329,0.0572180879726658,0.0,0.0,0.0
1787219298.7308764,TRACKING,0,UNKNOWN,0.0,0.0,0.0,0.0,0.0,0.0,0.0,0.0,-1,0,0,0.4552598042057099,-0.4515269544477016,3.742326753315855,-0.002808525660060856,-0.006091443613754329,0.0572180879726658,0.0,0.0,0.0
1787219298.8552492,TRACKING,0,UNKNOWN,0.0,0.0,0.0,0.0,0.0,0.0,0.0,0.0,-1,0,0,0.4552598042057099,-0.4515269544477016,3.742326753315855,-0.002808525660060856,-0.006091443613754329,0.0572180879726658,0.0,0.0,0.0
1787219298.989187,TRACKING,0,UNKNOWN,0.0,0.0,0.0,0.0,0.0,0.0,0.0,0.0,-1,0,0,0.45240599623425926,-0.45771661138756287,3.800467377733016,-0.0025231448629157924,-0.005472477919768201,0.0514040255309497,0.0,0.0,0.0
1787219299.107622,TRACKING,0,UNKNOWN,0.0,0.0,0.0,0.0,0.0,0.0,0.0,0.0,-1,0,0,0.45240599623425926,-0.45771661138756287,3.800467377733016,-0.0025231448629157924,-0.005472477919768201,0.0514040255309497,0.0,0.0,0.0
1787219299.251543,TRACKING,0,UNKNOWN,0.0,0.0,0.0,0.0,0.0,0.0,0.0,0.0,-1,0,0,0.45240599623425926,-0.45771661138756287,3.800467377733016,-0.0025231448629157924,-0.005472477919768201,0.0514040255309497,0.0,0.0,0.0
1787219299.3793426,TRACKING,0,UNKNOWN,0.0,0.0,0.0,0.0,0.0,0.0,0.0,0.0,-1,0,0,0.45240599623425926,-0.45771661138756287,3.800467377733016,-0.0025231448629157924,-0.005472477919768201,0.0514040255309497,0.0,0.0,0.0
1787219299.5205796,TRACKING,0,UNKNOWN,0.0,0.0,0.0,0.0,0.0,0.0,0.0,0.0,-1,0,0,0.45240599623425926,-0.45771661138756287,3.800467377733016,-0.0025231448629157924,-0.005472477919768201,0.0514040255309497,0.0,0.0,0.0
1787219299.6517868,TRACKING,0,UNKNOWN,0.0,0.0,0.0,0.0,0.0,0.0,0.0,0.0,-1,0,0,0.45240599623425926,-0.45771661138756287,3.800467377733016,-0.0025231448629157924,-0.005472477919768201,0.0514040255309497,0.0,0.0,0.0
1787219299.7870212,TRACKING,0,UNKNOWN,0.0,0.0,0.0,0.0,0.0,0.0,0.0,0.0,-1,0,0,0.45240599623425926,-0.45771661138756287,3.800467377733016,-0.0025231448629157924,-0.005472477919768201,0.0514040255309497,0.0,0.0,0.0
1787219299.9039536,TRACKING,0,UNKNOWN,0.0,0.0,0.0,0.0,0.0,0.0,0.0,0.0,-1,0,0,0.45240599623425926,-0.45771661138756287,3.800467377733016,-0.0025231448629157924,-0.005472477919768201,0.0514040255309497,0.0,0.0,0.0
1787219300.0344925,TRACKING,0,UNKNOWN,0.0,0.0,0.0,0.0,0.0,0.0,0.0,0.0,-1,0,0,0.4498683749235718,-0.46322048744144195,3.8521663319071,-0.002269382731847048,-0.004922090314380291,0.046234130113541286,0.0,0.0,0.0
1787219300.1550753,TRACKING,0,UNKNOWN,0.0,0.0,0.0,0.0,0.0,0.0,0.0,0.0,-1,0,0,0.4498683749235718,-0.46322048744144195,3.8521663319071,-0.002269382731847048,-0.004922090314380291,0.046234130113541286,0.0,0.0,0.0
1787219300.2781994,TRACKING,0,UNKNOWN,0.0,0.0,0.0,0.0,0.0,0.0,0.0,0.0,-1,0,0,0.4498683749235718,-0.46322048744144195,3.8521663319071,-0.002269382731847048,-0.004922090314380291,0.046234130113541286,0.0,0.0,0.0
1787219300.3896317,TRACKING,0,UNKNOWN,0.0,0.0,0.0,0.0,0.0,0.0,0.0,0.0,-1,0,0,0.4498683749235718,-0.46322048744144195,3.8521663319071,-0.002269382731847048,-0.004922090314380291,0.046234130113541286,0.0,0.0,0.0
1787219300.4905767,TRACKING,0,UNKNOWN,0.0,0.0,0.0,0.0,0.0,0.0,0.0,0.0,-1,0,0,0.4498683749235718,-0.46322048744144195,3.8521663319071,-0.002269382731847048,-0.004922090314380291,0.046234130113541286,0.0,0.0,0.0
1787219300.5952537,TRACKING,0,UNKNOWN,0.0,0.0,0.0,0.0,0.0,0.0,0.0,0.0,-1,0,0,0.4498683749235718,-0.46322048744144195,3.8521663319071,-0.002269382731847048,-0.004922090314380291,0.046234130113541286,0.0,0.0,0.0
1787219300.7040234,TRACKING,0,UNKNOWN,0.0,0.0,0.0,0.0,0.0,0.0,0.0,0.0,-1,0,0,0.4498683749235718,-0.46322048744144195,3.8521663319071,-0.002269382731847048,-0.004922090314380291,0.046234130113541286,0.0,0.0,0.0
1787219300.824973,TRACKING,0,UNKNOWN,0.0,0.0,0.0,0.0,0.0,0.0,0.0,0.0,-1,0,0,0.4498683749235718,-0.46322048744144195,3.8521663319071,-0.002269382731847048,-0.004922090314380291,0.046234130113541286,0.0,0.0,0.0
1787219300.928841,TRACKING,0,UNKNOWN,0.0,0.0,0.0,0.0,0.0,0.0,0.0,0.0,-1,0,0,0.4498683749235718,-0.46322048744144195,3.8521663319071,-0.002269382731847048,-0.004922090314380291,0.046234130113541286,0.0,0.0,0.0
1787219301.032688,TRACKING,0,UNKNOWN,0.0,0.0,0.0,0.0,0.0,0.0,0.0,0.0,-1,0,0,0.4498683749235718,-0.46322048744144195,3.8521663319071,-0.002269382731847048,-0.004922090314380291,0.046234130113541286,0.0,0.0,0.0
1787219301.15827,TRACKING,0,UNKNOWN,0.0,0.0,0.0,0.0,0.0,0.0,0.0,0.0,-1,0,0,0.4472207237734262,-0.4689630084799195,3.906106923792836,-0.0020046176168324907,-0.004347838210532535,0.040840070924967706,0.0,0.0,0.0
1787219301.2784903,TRACKING,0,UNKNOWN,0.0,0.0,0.0,0.0,0.0,0.0,0.0,0.0,-1,0,0,0.4472207237734262,-0.4689630084799195,3.906106923792836,-0.0020046176168324907,-0.004347838210532535,0.040840070924967706,0.0,0.0,0.0
1787219301.3871665,TRACKING,0,UNKNOWN,0.0,0.0,0.0,0.0,0.0,0.0,0.0,0.0,-1,0,0,0.4472207237734262,-0.4689630084799195,3.906106923792836,-0.0020046176168324907,-0.004347838210532535,0.040840070924967706,0.0,0.0,0.0
1787219301.4964204,TRACKING,0,UNKNOWN,0.0,0.0,0.0,0.0,0.0,0.0,0.0,0.0,-1,0,0,0.4472207237734262,-0.4689630084799195,3.906106923792836,-0.0020046176168324907,-0.004347838210532535,0.040840070924967706,0.0,0.0,0.0
1787219301.6312437,TRACKING,0,UNKNOWN,0.0,0.0,0.0,0.0,0.0,0.0,0.0,0.0,-1,0,0,0.4472207237734262,-0.4689630084799195,3.906106923792836,-0.0020046176168324907,-0.004347838210532535,0.040840070924967706,0.0,0.0,0.0
1787219301.7349327,TRACKING,0,UNKNOWN,0.0,0.0,0.0,0.0,0.0,0.0,0.0,0.0,-1,0,0,0.4472207237734262,-0.4689630084799195,3.906106923792836,-0.0020046176168324907,-0.004347838210532535,0.040840070924967706,0.0,0.0,0.0
1787219301.8382087,TRACKING,0,UNKNOWN,0.0,0.0,0.0,0.0,0.0,0.0,0.0,0.0,-1,0,0,0.4472207237734262,-0.4689630084799195,3.906106923792836,-0.0020046176168324907,-0.004347838210532535,0.040840070924967706,0.0,0.0,0.0
1787219301.9521422,TRACKING,0,UNKNOWN,0.0,0.0,0.0,0.0,0.0,0.0,0.0,0.0,-1,0,0,0.4472207237734262,-0.4689630084799195,3.906106923792836,-0.0020046176168324907,-0.004347838210532535,0.040840070924967706,0.0,0.0,0.0
1787219302.0532978,TRACKING,0,UNKNOWN,0.0,0.0,0.0,0.0,0.0,0.0,0.0,0.0,-1,0,0,0.4472207237734262,-0.4689630084799195,3.906106923792836,-0.0020046176168324907,-0.004347838210532535,0.040840070924967706,0.0,0.0,0.0
1787219302.181132,TRACKING,0,UNKNOWN,0.0,0.0,0.0,0.0,0.0,0.0,0.0,0.0,-1,0,0,0.445214936363988,-0.47331338386709193,3.9469708269003516,-0.0018040388758886734,-0.00391280067181529,0.036753680614216126,0.0,0.0,0.0
1787219302.307445,TRACKING,0,UNKNOWN,0.0,0.0,0.0,0.0,0.0,0.0,0.0,0.0,-1,0,0,0.445214936363988,-0.47331338386709193,3.9469708269003516,-0.0018040388758886734,-0.00391280067181529,0.036753680614216126,0.0,0.0,0.0
1787219302.4469066,TRACKING,0,UNKNOWN,0.0,0.0,0.0,0.0,0.0,0.0,0.0,0.0,-1,0,0,0.445214936363988,-0.47331338386709193,3.9469708269003516,-0.0018040388758886734,-0.00391280067181529,0.036753680614216126,0.0,0.0,0.0
1787219302.5539112,TRACKING,0,UNKNOWN,0.0,0.0,0.0,0.0,0.0,0.0,0.0,0.0,-1,0,0,0.445214936363988,-0.47331338386709193,3.9469708269003516,-0.0018040388758886734,-0.00391280067181529,0.036753680614216126,0.0,0.0,0.0
1787219302.709235,TRACKING,0,UNKNOWN,0.0,0.0,0.0,0.0,0.0,0.0,0.0,0.0,-1,0,0,0.445214936363988,-0.47331338386709193,3.9469708269003516,-0.0018040388758886734,-0.00391280067181529,0.036753680614216126,0.0,0.0,0.0
1787219302.848349,TRACKING,0,UNKNOWN,0.0,0.0,0.0,0.0,0.0,0.0,0.0,0.0,-1,0,0,0.445214936363988,-0.47331338386709193,3.9469708269003516,-0.0018040388758886734,-0.00391280067181529,0.036753680614216126,0.0,0.0,0.0
1787219302.9756846,TRACKING,0,UNKNOWN,0.0,0.0,0.0,0.0,0.0,0.0,0.0,0.0,-1,0,0,0.445214936363988,-0.47331338386709193,3.9469708269003516,-0.0018040388758886734,-0.00391280067181529,0.036753680614216126,0.0,0.0,0.0
1787219303.0912638,TRACKING,0,UNKNOWN,0.0,0.0,0.0,0.0,0.0,0.0,0.0,0.0,-1,0,0,0.445214936363988,-0.47331338386709193,3.9469708269003516,-0.0018040388758886734,-0.00391280067181529,0.036753680614216126,0.0,0.0,0.0
1787219303.205787,TRACKING,0,UNKNOWN,0.0,0.0,0.0,0.0,0.0,0.0,0.0,0.0,-1,0,0,0.445214936363988,-0.47331338386709193,3.9469708269003516,-0.0018040388758886734,-0.00391280067181529,0.036753680614216126,0.0,0.0,0.0
1787219303.3163733,TRACKING,0,UNKNOWN,0.0,0.0,0.0,0.0,0.0,0.0,0.0,0.0,-1,0,0,0.445214936363988,-0.47331338386709193,3.9469708269003516,-0.0018040388758886734,-0.00391280067181529,0.036753680614216126,0.0,0.0,0.0
1787219303.438168,TRACKING,0,UNKNOWN,0.0,0.0,0.0,0.0,0.0,0.0,0.0,0.0,-1,0,0,0.445214936363988,-0.47331338386709193,3.9469708269003516,-0.0018040388758886734,-0.00391280067181529,0.036753680614216126,0.0,0.0,0.0
1787219303.5424538,TRACKING,0,UNKNOWN,0.0,0.0,0.0,0.0,0.0,0.0,0.0,0.0,-1,0,0,0.445214936363988,-0.47331338386709193,3.9469708269003516,-0.0018040388758886734,-0.00391280067181529,0.036753680614216126,0.0,0.0,0.0
1787219303.6620972,TRACKING,0,UNKNOWN,0.0,0.0,0.0,0.0,0.0,0.0,0.0,0.0,-1,0,0,0.445214936363988,-0.47331338386709193,3.9469708269003516,-0.0018040388758886734,-0.00391280067181529,0.036753680614216126,0.0,0.0,0.0
1787219303.7746098,TRACKING,0,UNKNOWN,0.0,0.0,0.0,0.0,0.0,0.0,0.0,0.0,-1,0,0,0.445214936363988,-0.47331338386709193,3.9469708269003516,-0.0018040388758886734,-0.00391280067181529,0.036753680614216126,0.0,0.0,0.0
1787219303.903517,TRACKING,0,UNKNOWN,0.0,0.0,0.0,0.0,0.0,0.0,0.0,0.0,-1,0,0,0.42159998810105986,0.4203807318949118,3.3900447426966775,-0.005369786809391692,0.16490428621334233,-0.08455119355861183,0.0,0.0,0.0
1787219304.0243015,TRACKING,0,UNKNOWN,0.0,0.0,0.0,0.0,0.0,0.0,0.0,0.0,-1,0,0,0.42159998810105986,0.4203807318949118,3.3900447426966775,-0.005369786809391692,0.16490428621334233,-0.08455119355861183,0.0,0.0,0.0
1787219304.1354468,TRACKING,0,UNKNOWN,0.0,0.0,0.0,0.0,0.0,0.0,0.0,0.0,-1,0,0,0.42159998810105986,0.4203807318949118,3.3900447426966775,-0.005369786809391692,0.16490428621334233,-0.08455119355861183,0.0,0.0,0.0
1787219304.246806,TRACKING,0,UNKNOWN,0.0,0.0,0.0,0.0,0.0,0.0,0.0,0.0,-1,0,0,0.42159998810105986,0.4203807318949118,3.3900447426966775,-0.005369786809391692,0.16490428621334233,-0.08455119355861183,0.0,0.0,0.0
1787219304.355793,TRACKING,0,UNKNOWN,0.0,0.0,0.0,0.0,0.0,0.0,0.0,0.0,-1,0,0,0.42159998810105986,0.4203807318949118,3.3900447426966775,-0.005369786809391692,0.16490428621334233,-0.08455119355861183,0.0,0.0,0.0
1787219304.4703763,TRACKING,0,UNKNOWN,0.0,0.0,0.0,0.0,0.0,0.0,0.0,0.0,-1,0,0,0.42159998810105986,0.4203807318949118,3.3900447426966775,-0.005369786809391692,0.16490428621334233,-0.08455119355861183,0.0,0.0,0.0
1787219304.5941575,TRACKING,0,UNKNOWN,0.0,0.0,0.0,0.0,0.0,0.0,0.0,0.0,-1,0,0,0.42159998810105986,0.4203807318949118,3.3900447426966775,-0.005369786809391692,0.16490428621334233,-0.08455119355861183,0.0,0.0,0.0
1787219304.7067385,TRACKING,0,UNKNOWN,0.0,0.0,0.0,0.0,0.0,0.0,0.0,0.0,-1,0,0,0.42159998810105986,0.4203807318949118,3.3900447426966775,-0.005369786809391692,0.16490428621334233,-0.08455119355861183,0.0,0.0,0.0
1787219304.8459451,TRACKING,0,UNKNOWN,0.0,0.0,0.0,0.0,0.0,0.0,0.0,0.0,-1,0,0,-0.5302536123539616,0.5160960866759031,3.537824349368046,-0.36882260569357367,0.12027102247784915,0.014048820119150193,0.0,0.0,0.0
1787219304.9641757,TRACKING,0,UNKNOWN,0.0,0.0,0.0,0.0,0.0,0.0,0.0,0.0,-1,0,0,-0.5302536123539616,0.5160960866759031,3.537824349368046,-0.36882260569357367,0.12027102247784915,0.014048820119150193,0.0,0.0,0.0
1787219305.0880225,TRACKING,0,UNKNOWN,0.0,0.0,0.0,0.0,0.0,0.0,0.0,0.0,-1,0,0,-0.5302536123539616,0.5160960866759031,3.537824349368046,-0.36882260569357367,0.12027102247784915,0.014048820119150193,0.0,0.0,0.0
1787219305.2322855,TRACKING,0,UNKNOWN,0.0,0.0,0.0,0.0,0.0,0.0,0.0,0.0,-1,0,0,-0.5302536123539616,0.5160960866759031,3.537824349368046,-0.36882260569357367,0.12027102247784915,0.014048820119150193,0.0,0.0,0.0
1787219305.3643568,TRACKING,0,UNKNOWN,0.0,0.0,0.0,0.0,0.0,0.0,0.0,0.0,-1,0,0,-0.5302536123539616,0.5160960866759031,3.537824349368046,-0.36882260569357367,0.12027102247784915,0.014048820119150193,0.0,0.0,0.0
1787219305.5169501,TRACKING,0,UNKNOWN,0.0,0.0,0.0,0.0,0.0,0.0,0.0,0.0,-1,0,0,-0.5302536123539616,0.5160960866759031,3.537824349368046,-0.36882260569357367,0.12027102247784915,0.014048820119150193,0.0,0.0,0.0
1787219305.623752,TRACKING,0,UNKNOWN,0.0,0.0,0.0,0.0,0.0,0.0,0.0,0.0,-1,0,0,-0.5302536123539616,0.5160960866759031,3.537824349368046,-0.36882260569357367,0.12027102247784915,0.014048820119150193,0.0,0.0,0.0
1787219305.7894564,TRACKING,0,UNKNOWN,0.0,0.0,0.0,0.0,0.0,0.0,0.0,0.0,-1,0,0,-0.5302536123539616,0.5160960866759031,3.537824349368046,-0.36882260569357367,0.12027102247784915,0.014048820119150193,0.0,0.0,0.0
1787219305.9223304,TRACKING,0,UNKNOWN,0.0,0.0,0.0,0.0,0.0,0.0,0.0,0.0,-1,0,0,-0.5302536123539616,0.5160960866759031,3.537824349368046,-0.36882260569357367,0.12027102247784915,0.014048820119150193,0.0,0.0,0.0
1787219306.0365524,TRACKING,0,UNKNOWN,0.0,0.0,0.0,0.0,0.0,0.0,0.0,0.0,-1,0,0,-0.5302536123539616,0.5160960866759031,3.537824349368046,-0.36882260569357367,0.12027102247784915,0.014048820119150193,0.0,0.0,0.0
1787219306.2008,TRACKING,0,UNKNOWN,0.0,0.0,0.0,0.0,0.0,0.0,0.0,0.0,-1,0,0,-0.5302536123539616,0.5160960866759031,3.537824349368046,-0.36882260569357367,0.12027102247784915,0.014048820119150193,0.0,0.0,0.0
1787219306.353684,TRACKING,0,UNKNOWN,0.0,0.0,0.0,0.0,0.0,0.0,0.0,0.0,-1,0,0,-0.5302536123539616,0.5160960866759031,3.537824349368046,-0.36882260569357367,0.12027102247784915,0.014048820119150193,0.0,0.0,0.0
1787219306.503307,TRACKING,0,UNKNOWN,0.0,0.0,0.0,0.0,0.0,0.0,0.0,0.0,-1,0,0,0.05830976040663671,0.49631899964411824,3.3159065388277913,0.12761337387587168,0.020831281139488386,-0.0772265988271061,0.0,0.0,0.0
1787219306.632931,TRACKING,0,UNKNOWN,0.0,0.0,0.0,0.0,0.0,0.0,0.0,0.0,-1,0,0,0.05830976040663671,0.49631899964411824,3.3159065388277913,0.12761337387587168,0.020831281139488386,-0.0772265988271061,0.0,0.0,0.0
1787219306.743759,TRACKING,0,UNKNOWN,0.0,0.0,0.0,0.0,0.0,0.0,0.0,0.0,-1,0,0,0.05830976040663671,0.49631899964411824,3.3159065388277913,0.12761337387587168,0.020831281139488386,-0.0772265988271061,0.0,0.0,0.0
1787219306.860402,TRACKING,0,UNKNOWN,0.0,0.0,0.0,0.0,0.0,0.0,0.0,0.0,-1,0,0,0.05830976040663671,0.49631899964411824,3.3159065388277913,0.12761337387587168,0.020831281139488386,-0.0772265988271061,0.0,0.0,0.0
1787219306.9658108,TRACKING,0,UNKNOWN,0.0,0.0,0.0,0.0,0.0,0.0,0.0,0.0,-1,0,0,0.05830976040663671,0.49631899964411824,3.3159065388277913,0.12761337387587168,0.020831281139488386,-0.0772265988271061,0.0,0.0,0.0
1787219307.067841,TRACKING,0,UNKNOWN,0.0,0.0,0.0,0.0,0.0,0.0,0.0,0.0,-1,0,0,0.05830976040663671,0.49631899964411824,3.3159065388277913,0.12761337387587168,0.020831281139488386,-0.0772265988271061,0.0,0.0,0.0
1787219307.1784096,TRACKING,0,UNKNOWN,0.0,0.0,0.0,0.0,0.0,0.0,0.0,0.0,-1,0,0,0.05830976040663671,0.49631899964411824,3.3159065388277913,0.12761337387587168,0.020831281139488386,-0.0772265988271061,0.0,0.0,0.0
1787219307.2855356,TRACKING,0,UNKNOWN,0.0,0.0,0.0,0.0,0.0,0.0,0.0,0.0,-1,0,0,0.05830976040663671,0.49631899964411824,3.3159065388277913,0.12761337387587168,0.020831281139488386,-0.0772265988271061,0.0,0.0,0.0
1787219307.3990836,TRACKING,0,UNKNOWN,0.0,0.0,0.0,0.0,0.0,0.0,0.0,0.0,-1,0,0,0.05830976040663671,0.49631899964411824,3.3159065388277913,0.12761337387587168,0.020831281139488386,-0.0772265988271061,0.0,0.0,0.0
1787219307.5199263,TRACKING,0,UNKNOWN,0.0,0.0,0.0,0.0,0.0,0.0,0.0,0.0,-1,0,0,0.05830976040663671,0.49631899964411824,3.3159065388277913,0.12761337387587168,0.020831281139488386,-0.0772265988271061,0.0,0.0,0.0
1787219307.630177,TRACKING,0,UNKNOWN,0.0,0.0,0.0,0.0,0.0,0.0,0.0,0.0,-1,0,0,0.19462675751583813,0.5185710380051971,3.2334128492611485,0.11398167416495154,0.018606077303380496,-0.06897722987044182,0.0,0.0,0.0
1787219307.7403572,TRACKING,0,UNKNOWN,0.0,0.0,0.0,0.0,0.0,0.0,0.0,0.0,-1,0,0,0.19462675751583813,0.5185710380051971,3.2334128492611485,0.11398167416495154,0.018606077303380496,-0.06897722987044182,0.0,0.0,0.0
1787219307.843747,TRACKING,0,UNKNOWN,0.0,0.0,0.0,0.0,0.0,0.0,0.0,0.0,-1,0,0,0.19462675751583813,0.5185710380051971,3.2334128492611485,0.11398167416495154,0.018606077303380496,-0.06897722987044182,0.0,0.0,0.0
1787219307.9536278,TRACKING,0,UNKNOWN,0.0,0.0,0.0,0.0,0.0,0.0,0.0,0.0,-1,0,0,0.19462675751583813,0.5185710380051971,3.2334128492611485,0.11398167416495154,0.018606077303380496,-0.06897722987044182,0.0,0.0,0.0
1787219308.0843616,TRACKING,0,UNKNOWN,0.0,0.0,0.0,0.0,0.0,0.0,0.0,0.0,-1,0,0,0.19462675751583813,0.5185710380051971,3.2334128492611485,0.11398167416495154,0.018606077303380496,-0.06897722987044182,0.0,0.0,0.0
1787219308.1862833,TRACKING,0,UNKNOWN,0.0,0.0,0.0,0.0,0.0,0.0,0.0,0.0,-1,0,0,0.19462675751583813,0.5185710380051971,3.2334128492611485,0.11398167416495154,0.018606077303380496,-0.06897722987044182,0.0,0.0,0.0
1787219308.297458,TRACKING,0,UNKNOWN,0.0,0.0,0.0,0.0,0.0,0.0,0.0,0.0,-1,0,0,0.19462675751583813,0.5185710380051971,3.2334128492611485,0.11398167416495154,0.018606077303380496,-0.06897722987044182,0.0,0.0,0.0
1787219308.3997557,TRACKING,0,UNKNOWN,0.0,0.0,0.0,0.0,0.0,0.0,0.0,0.0,-1,0,0,0.19462675751583813,0.5185710380051971,3.2334128492611485,0.11398167416495154,0.018606077303380496,-0.06897722987044182,0.0,0.0,0.0
1787219308.5104036,TRACKING,0,UNKNOWN,0.0,0.0,0.0,0.0,0.0,0.0,0.0,0.0,-1,0,0,0.19462675751583813,0.5185710380051971,3.2334128492611485,0.11398167416495154,0.018606077303380496,-0.06897722987044182,0.0,0.0,0.0
1787219308.6639183,TRACKING,0,UNKNOWN,0.0,0.0,0.0,0.0,0.0,0.0,0.0,0.0,-1,0,0,0.7075993116336369,-0.7006944757485533,3.5166389796482025,0.23660534131772584,-0.4091260938122379,0.0608133682573688,0.0,0.0,0.0
1787219308.7699819,TRACKING,0,UNKNOWN,0.0,0.0,0.0,0.0,0.0,0.0,0.0,0.0,-1,0,0,0.7075993116336369,-0.7006944757485533,3.5166389796482025,0.23660534131772584,-0.4091260938122379,0.0608133682573688,0.0,0.0,0.0
1787219308.8801942,TRACKING,0,UNKNOWN,0.0,0.0,0.0,0.0,0.0,0.0,0.0,0.0,-1,0,0,0.7075993116336369,-0.7006944757485533,3.5166389796482025,0.23660534131772584,-0.4091260938122379,0.0608133682573688,0.0,0.0,0.0
1787219308.9928222,TRACKING,0,UNKNOWN,0.0,0.0,0.0,0.0,0.0,0.0,0.0,0.0,-1,0,0,0.7075993116336369,-0.7006944757485533,3.5166389796482025,0.23660534131772584,-0.4091260938122379,0.0608133682573688,0.0,0.0,0.0
1787219309.0987358,TRACKING,0,UNKNOWN,0.0,0.0,0.0,0.0,0.0,0.0,0.0,0.0,-1,0,0,0.7075993116336369,-0.7006944757485533,3.5166389796482025,0.23660534131772584,-0.4091260938122379,0.0608133682573688,0.0,0.0,0.0
1787219309.2103882,TRACKING,0,UNKNOWN,0.0,0.0,0.0,0.0,0.0,0.0,0.0,0.0,-1,0,0,0.7075993116336369,-0.7006944757485533,3.5166389796482025,0.23660534131772584,-0.4091260938122379,0.0608133682573688,0.0,0.0,0.0
1787219309.3173053,TRACKING,0,UNKNOWN,0.0,0.0,0.0,0.0,0.0,0.0,0.0,0.0,-1,0,0,0.7075993116336369,-0.7006944757485533,3.5166389796482025,0.23660534131772584,-0.4091260938122379,0.0608133682573688,0.0,0.0,0.0
1787219309.4235506,TRACKING,0,UNKNOWN,0.0,0.0,0.0,0.0,0.0,0.0,0.0,0.0,-1,0,0,0.7075993116336369,-0.7006944757485533,3.5166389796482025,0.23660534131772584,-0.4091260938122379,0.0608133682573688,0.0,0.0,0.0
1787219309.5277703,TRACKING,0,UNKNOWN,0.0,0.0,0.0,0.0,0.0,0.0,0.0,0.0,-1,0,0,0.7075993116336369,-0.7006944757485533,3.5166389796482025,0.23660534131772584,-0.4091260938122379,0.0608133682573688,0.0,0.0,0.0
1787219309.6421947,TRACKING,0,UNKNOWN,0.0,0.0,0.0,0.0,0.0,0.0,0.0,0.0,-1,0,0,0.7075993116336369,-0.7006944757485533,3.5166389796482025,0.23660534131772584,-0.4091260938122379,0.0608133682573688,0.0,0.0,0.0
1787219309.7450101,TRACKING,0,UNKNOWN,0.0,0.0,0.0,0.0,0.0,0.0,0.0,0.0,-1,0,0,0.9592588540011014,-1.1358515392618216,3.581321646321066,0.2114393870809794,-0.36561038746091107,0.05434510159008246,0.0,0.0,0.0
1787219309.8469865,TRACKING,0,UNKNOWN,0.0,0.0,0.0,0.0,0.0,0.0,0.0,0.0,-1,0,0,0.9592588540011014,-1.1358515392618216,3.581321646321066,0.2114393870809794,-0.36561038746091107,0.05434510159008246,0.0,0.0,0.0
1787219309.949079,TRACKING,0,UNKNOWN,0.0,0.0,0.0,0.0,0.0,0.0,0.0,0.0,-1,0,0,0.9592588540011014,-1.1358515392618216,3.581321646321066,0.2114393870809794,-0.36561038746091107,0.05434510159008246,0.0,0.0,0.0
1787219310.0753896,TRACKING,0,UNKNOWN,0.0,0.0,0.0,0.0,0.0,0.0,0.0,0.0,-1,0,0,0.9592588540011014,-1.1358515392618216,3.581321646321066,0.2114393870809794,-0.36561038746091107,0.05434510159008246,0.0,0.0,0.0
1787219310.1814501,TRACKING,0,UNKNOWN,0.0,0.0,0.0,0.0,0.0,0.0,0.0,0.0,-1,0,0,0.9592588540011014,-1.1358515392618216,3.581321646321066,0.2114393870809794,-0.36561038746091107,0.05434510159008246,0.0,0.0,0.0
1787219310.2953787,TRACKING,0,UNKNOWN,0.0,0.0,0.0,0.0,0.0,0.0,0.0,0.0,-1,0,0,0.9592588540011014,-1.1358515392618216,3.581321646321066,0.2114393870809794,-0.36561038746091107,0.05434510159008246,0.0,0.0,0.0
1787219310.4136565,TRACKING,0,UNKNOWN,0.0,0.0,0.0,0.0,0.0,0.0,0.0,0.0,-1,0,0,0.9592588540011014,-1.1358515392618216,3.581321646321066,0.2114393870809794,-0.36561038746091107,0.05434510159008246,0.0,0.0,0.0
1787219310.528293,TRACKING,0,UNKNOWN,0.0,0.0,0.0,0.0,0.0,0.0,0.0,0.0,-1,0,0,0.9592588540011014,-1.1358515392618216,3.581321646321066,0.2114393870809794,-0.36561038746091107,0.05434510159008246,0.0,0.0,0.0
1787219310.6440284,TRACKING,0,UNKNOWN,0.0,0.0,0.0,0.0,0.0,0.0,0.0,0.0,-1,0,0,0.9592588540011014,-1.1358515392618216,3.581321646321066,0.2114393870809794,-0.36561038746091107,0.05434510159008246,0.0,0.0,0.0
1787219310.7460763,TRACKING,0,UNKNOWN,0.0,0.0,0.0,0.0,0.0,0.0,0.0,0.0,-1,0,0,0.9592588540011014,-1.1358515392618216,3.581321646321066,0.2114393870809794,-0.36561038746091107,0.05434510159008246,0.0,0.0,0.0
1787219310.852738,TRACKING,0,UNKNOWN,0.0,0.0,0.0,0.0,0.0,0.0,0.0,0.0,-1,0,0,1.1936933918843042,-1.5412239886100152,3.6415770649229335,0.18799593329265912,-0.3250731425260917,0.04831955972989572,0.0,0.0,0.0
1787219310.9664233,TRACKING,0,UNKNOWN,0.0,0.0,0.0,0.0,0.0,0.0,0.0,0.0,-1,0,0,1.1936933918843042,-1.5412239886100152,3.6415770649229335,0.18799593329265912,-0.3250731425260917,0.04831955972989572,0.0,0.0,0.0
1787219311.0809393,TRACKING,0,UNKNOWN,0.0,0.0,0.0,0.0,0.0,0.0,0.0,0.0,-1,0,0,1.1936933918843042,-1.5412239886100152,3.6415770649229335,0.18799593329265912,-0.3250731425260917,0.04831955972989572,0.0,0.0,0.0
1787219311.2110116,TRACKING,0,UNKNOWN,0.0,0.0,0.0,0.0,0.0,0.0,0.0,0.0,-1,0,0,1.1936933918843042,-1.5412239886100152,3.6415770649229335,0.18799593329265912,-0.3250731425260917,0.04831955972989572,0.0,0.0,0.0
1787219311.3145247,TRACKING,0,UNKNOWN,0.0,0.0,0.0,0.0,0.0,0.0,0.0,0.0,-1,0,0,1.1936933918843042,-1.5412239886100152,3.6415770649229335,0.18799593329265912,-0.3250731425260917,0.04831955972989572,0.0,0.0,0.0
1787219311.4223864,TRACKING,0,UNKNOWN,0.0,0.0,0.0,0.0,0.0,0.0,0.0,0.0,-1,0,0,1.1936933918843042,-1.5412239886100152,3.6415770649229335,0.18799593329265912,-0.3250731425260917,0.04831955972989572,0.0,0.0,0.0
1787219311.5394256,TRACKING,0,UNKNOWN,0.0,0.0,0.0,0.0,0.0,0.0,0.0,0.0,-1,0,0,1.1936933918843042,-1.5412239886100152,3.6415770649229335,0.18799593329265912,-0.3250731425260917,0.04831955972989572,0.0,0.0,0.0
1787219311.6658983,TRACKING,0,UNKNOWN,0.0,0.0,0.0,0.0,0.0,0.0,0.0,0.0,-1,0,0,1.1936933918843042,-1.5412239886100152,3.6415770649229335,0.18799593329265912,-0.3250731425260917,0.04831955972989572,0.0,0.0,0.0
1787219311.7758856,TRACKING,0,UNKNOWN,0.0,0.0,0.0,0.0,0.0,0.0,0.0,0.0,-1,0,0,1.1936933918843042,-1.5412239886100152,3.6415770649229335,0.18799593329265912,-0.3250731425260917,0.04831955972989572,0.0,0.0,0.0
1787219311.8860836,TRACKING,0,UNKNOWN,0.0,0.0,0.0,0.0,0.0,0.0,0.0,0.0,-1,0,0,1.3925562919239267,-1.8850877452110546,3.6926897012881374,0.16810964328869688,-0.29068676686598777,0.04320829609337532,0.0,0.0,0.0
1787219311.993848,TRACKING,0,UNKNOWN,0.0,0.0,0.0,0.0,0.0,0.0,0.0,0.0,-1,0,0,1.3925562919239267,-1.8850877452110546,3.6926897012881374,0.16810964328869688,-0.29068676686598777,0.04320829609337532,0.0,0.0,0.0
1787219312.1108625,TRACKING,0,UNKNOWN,0.0,0.0,0.0,0.0,0.0,0.0,0.0,0.0,-1,0,0,1.3925562919239267,-1.8850877452110546,3.6926897012881374,0.16810964328869688,-0.29068676686598777,0.04320829609337532,0.0,0.0,0.0
1787219312.2180195,TRACKING,0,UNKNOWN,0.0,0.0,0.0,0.0,0.0,0.0,0.0,0.0,-1,0,0,1.3925562919239267,-1.8850877452110546,3.6926897012881374,0.16810964328869688,-0.29068676686598777,0.04320829609337532,0.0,0.0,0.0
1787219312.3306067,TRACKING,0,UNKNOWN,0.0,0.0,0.0,0.0,0.0,0.0,0.0,0.0,-1,0,0,1.3925562919239267,-1.8850877452110546,3.6926897012881374,0.16810964328869688,-0.29068676686598777,0.04320829609337532,0.0,0.0,0.0
1787219312.4441826,TRACKING,0,UNKNOWN,0.0,0.0,0.0,0.0,0.0,0.0,0.0,0.0,-1,0,0,1.3925562919239267,-1.8850877452110546,3.6926897012881374,0.16810964328869688,-0.29068676686598777,0.04320829609337532,0.0,0.0,0.0
1787219312.555495,TRACKING,0,UNKNOWN,0.0,0.0,0.0,0.0,0.0,0.0,0.0,0.0,-1,0,0,1.3925562919239267,-1.8850877452110546,3.6926897012881374,0.16810964328869688,-0.29068676686598777,0.04320829609337532,0.0,0.0,0.0
1787219312.6693234,TRACKING,0,UNKNOWN,0.0,0.0,0.0,0.0,0.0,0.0,0.0,0.0,-1,0,0,1.3925562919239267,-1.8850877452110546,3.6926897012881374,0.16810964328869688,-0.29068676686598777,0.04320829609337532,0.0,0.0,0.0
1787219312.801533,TRACKING,0,UNKNOWN,0.0,0.0,0.0,0.0,0.0,0.0,0.0,0.0,-1,0,0,1.3925562919239267,-1.8850877452110546,3.6926897012881374,0.16810964328869688,-0.29068676686598777,0.04320829609337532,0.0,0.0,0.0
1787219312.9202235,TRACKING,0,UNKNOWN,0.0,0.0,0.0,0.0,0.0,0.0,0.0,0.0,-1,0,0,1.5729085890781953,-2.1969438953463345,3.739044659303125,0.15007441357327,-0.25950115185245975,0.03857280029187658,0.0,0.0,0.0
1787219313.0387387,TRACKING,0,UNKNOWN,0.0,0.0,0.0,0.0,0.0,0.0,0.0,0.0,-1,0,0,1.5729085890781953,-2.1969438953463345,3.739044659303125,0.15007441357327,-0.25950115185245975,0.03857280029187658,0.0,0.0,0.0
1787219313.1406572,TRACKING,0,UNKNOWN,0.0,0.0,0.0,0.0,0.0,0.0,0.0,0.0,-1,0,0,1.5729085890781953,-2.1969438953463345,3.739044659303125,0.15007441357327,-0.25950115185245975,0.03857280029187658,0.0,0.0,0.0
1787219313.2424827,TRACKING,0,UNKNOWN,0.0,0.0,0.0,0.0,0.0,0.0,0.0,0.0,-1,0,0,1.5729085890781953,-2.1969438953463345,3.739044659303125,0.15007441357327,-0.25950115185245975,0.03857280029187658,0.0,0.0,0.0
1787219313.3472993,TRACKING,0,UNKNOWN,0.0,0.0,0.0,0.0,0.0,0.0,0.0,0.0,-1,0,0,1.5729085890781953,-2.1969438953463345,3.739044659303125,0.15007441357327,-0.25950115185245975,0.03857280029187658,0.0,0.0,0.0
1787219313.449467,TRACKING,0,UNKNOWN,0.0,0.0,0.0,0.0,0.0,0.0,0.0,0.0,-1,0,0,1.5729085890781953,-2.1969438953463345,3.739044659303125,0.15007441357327,-0.25950115185245975,0.03857280029187658,0.0,0.0,0.0
1787219313.5711012,TRACKING,0,UNKNOWN,0.0,0.0,0.0,0.0,0.0,0.0,0.0,0.0,-1,0,0,1.5729085890781953,-2.1969438953463345,3.739044659303125,0.15007441357327,-0.25950115185245975,0.03857280029187658,0.0,0.0,0.0
1787219313.679389,TRACKING,0,UNKNOWN,0.0,0.0,0.0,0.0,0.0,0.0,0.0,0.0,-1,0,0,1.5729085890781953,-2.1969438953463345,3.739044659303125,0.15007441357327,-0.25950115185245975,0.03857280029187658,0.0,0.0,0.0
1787219313.7928412,TRACKING,0,UNKNOWN,0.0,0.0,0.0,0.0,0.0,0.0,0.0,0.0,-1,0,0,1.5729085890781953,-2.1969438953463345,3.739044659303125,0.15007441357327,-0.25950115185245975,0.03857280029187658,0.0,0.0,0.0
1787219313.899686,TRACKING,0,UNKNOWN,0.0,0.0,0.0,0.0,0.0,0.0,0.0,0.0,-1,0,0,1.5729085890781953,-2.1969438953463345,3.739044659303125,0.15007441357327,-0.25950115185245975,0.03857280029187658,0.0,0.0,0.0
1787219314.0115519,TRACKING,0,UNKNOWN,0.0,0.0,0.0,0.0,0.0,0.0,0.0,0.0,-1,0,0,1.5729085890781953,-2.1969438953463345,3.739044659303125,0.15007441357327,-0.25950115185245975,0.03857280029187658,0.0,0.0,0.0
1787219314.1348941,TRACKING,0,UNKNOWN,0.0,0.0,0.0,0.0,0.0,0.0,0.0,0.0,-1,0,0,1.7430986210703154,-2.4912279660563623,3.782787666251442,0.133055410374058,-0.23007274478145695,0.034198499597044886,0.0,0.0,0.0
1787219314.274869,TRACKING,0,UNKNOWN,0.0,0.0,0.0,0.0,0.0,0.0,0.0,0.0,-1,0,0,1.7430986210703154,-2.4912279660563623,3.782787666251442,0.133055410374058,-0.23007274478145695,0.034198499597044886,0.0,0.0,0.0
1787219314.3825102,TRACKING,0,UNKNOWN,0.0,0.0,0.0,0.0,0.0,0.0,0.0,0.0,-1,0,0,1.7430986210703154,-2.4912279660563623,3.782787666251442,0.133055410374058,-0.23007274478145695,0.034198499597044886,0.0,0.0,0.0
1787219314.505719,TRACKING,0,UNKNOWN,0.0,0.0,0.0,0.0,0.0,0.0,0.0,0.0,-1,0,0,1.7430986210703154,-2.4912279660563623,3.782787666251442,0.133055410374058,-0.23007274478145695,0.034198499597044886,0.0,0.0,0.0
1787219314.6453576,TRACKING,0,UNKNOWN,0.0,0.0,0.0,0.0,0.0,0.0,0.0,0.0,-1,0,0,1.7430986210703154,-2.4912279660563623,3.782787666251442,0.133055410374058,-0.23007274478145695,0.034198499597044886,0.0,0.0,0.0
1787219314.7528307,TRACKING,0,UNKNOWN,0.0,0.0,0.0,0.0,0.0,0.0,0.0,0.0,-1,0,0,1.7430986210703154,-2.4912279660563623,3.782787666251442,0.133055410374058,-0.23007274478145695,0.034198499597044886,0.0,0.0,0.0
1787219314.8880153,TRACKING,0,UNKNOWN,0.0,0.0,0.0,0.0,0.0,0.0,0.0,0.0,-1,0,0,1.7430986210703154,-2.4912279660563623,3.782787666251442,0.133055410374058,-0.23007274478145695,0.034198499597044886,0.0,0.0,0.0
1787219315.010117,TRACKING,0,UNKNOWN,0.0,0.0,0.0,0.0,0.0,0.0,0.0,0.0,-1,0,0,1.7430986210703154,-2.4912279660563623,3.782787666251442,0.133055410374058,-0.23007274478145695,0.034198499597044886,0.0,0.0,0.0
1787219315.1167347,TRACKING,0,UNKNOWN,0.0,0.0,0.0,0.0,0.0,0.0,0.0,0.0,-1,0,0,1.7430986210703154,-2.4912279660563623,3.782787666251442,0.133055410374058,-0.23007274478145695,0.034198499597044886,0.0,0.0,0.0
1787219315.2218747,TRACKING,0,UNKNOWN,0.0,0.0,0.0,0.0,0.0,0.0,0.0,0.0,-1,0,0,1.7430986210703154,-2.4912279660563623,3.782787666251442,0.133055410374058,-0.23007274478145695,0.034198499597044886,0.0,0.0,0.0
1787219315.3372374,TRACKING,0,UNKNOWN,0.0,0.0,0.0,0.0,0.0,0.0,0.0,0.0,-1,0,0,1.7430986210703154,-2.4912279660563623,3.782787666251442,0.133055410374058,-0.23007274478145695,0.034198499597044886,0.0,0.0,0.0
1787219315.4699287,TRACKING,0,UNKNOWN,0.0,0.0,0.0,0.0,0.0,0.0,0.0,0.0,-1,0,0,1.7430986210703154,-2.4912279660563623,3.782787666251442,0.133055410374058,-0.23007274478145695,0.034198499597044886,0.0,0.0,0.0
1787219315.6015434,TRACKING,0,UNKNOWN,0.0,0.0,0.0,0.0,0.0,0.0,0.0,0.0,-1,0,0,1.9366805910141869,-2.8259602030994015,3.8325429742280908,0.11369721337967084,-0.19659952107715306,0.02922296879938001,0.0,0.0,0.0
1787219315.7324116,TRACKING,0,UNKNOWN,0.0,0.0,0.0,0.0,0.0,0.0,0.0,0.0,-1,0,0,1.9366805910141869,-2.8259602030994015,3.8325429742280908,0.11369721337967084,-0.19659952107715306,0.02922296879938001,0.0,0.0,0.0
1787219315.8798602,TRACKING,0,UNKNOWN,0.0,0.0,0.0,0.0,0.0,0.0,0.0,0.0,-1,0,0,1.9366805910141869,-2.8259602030994015,3.8325429742280908,0.11369721337967084,-0.19659952107715306,0.02922296879938001,0.0,0.0,0.0
1787219316.0341053,TRACKING,0,UNKNOWN,0.0,0.0,0.0,0.0,0.0,0.0,0.0,0.0,-1,0,0,1.9366805910141869,-2.8259602030994015,3.8325429742280908,0.11369721337967084,-0.19659952107715306,0.02922296879938001,0.0,0.0,0.0
1787219316.1426752,TRACKING,0,UNKNOWN,0.0,0.0,0.0,0.0,0.0,0.0,0.0,0.0,-1,0,0,1.9366805910141869,-2.8259602030994015,3.8325429742280908,0.11369721337967084,-0.19659952107715306,0.02922296879938001,0.0,0.0,0.0
1787219316.2752476,TRACKING,0,UNKNOWN,0.0,0.0,0.0,0.0,0.0,0.0,0.0,0.0,-1,0,0,1.9366805910141869,-2.8259602030994015,3.8325429742280908,0.11369721337967084,-0.19659952107715306,0.02922296879938001,0.0,0.0,0.0
1787219316.3791037,TRACKING,0,UNKNOWN,0.0,0.0,0.0,0.0,0.0,0.0,0.0,0.0,-1,0,0,1.9366805910141869,-2.8259602030994015,3.8325429742280908,0.11369721337967084,-0.19659952107715306,0.02922296879938001,0.0,0.0,0.0
1787219316.5203068,TRACKING,0,UNKNOWN,0.0,0.0,0.0,0.0,0.0,0.0,0.0,0.0,-1,0,0,1.9366805910141869,-2.8259602030994015,3.8325429742280908,0.11369721337967084,-0.19659952107715306,0.02922296879938001,0.0,0.0,0.0
1787219316.672623,TRACKING,0,UNKNOWN,0.0,0.0,0.0,0.0,0.0,0.0,0.0,0.0,-1,0,0,2.0695975513142932,-3.055793546954284,3.866705888764859,0.10040551734966022,-0.1736161866916648,0.02580667734570315,0.0,0.0,0.0
1787219316.795574,TRACKING,0,UNKNOWN,0.0,0.0,0.0,0.0,0.0,0.0,0.0,0.0,-1,0,0,2.0695975513142932,-3.055793546954284,3.866705888764859,0.10040551734966022,-0.1736161866916648,0.02580667734570315,0.0,0.0,0.0
1787219316.978502,TRACKING,0,UNKNOWN,0.0,0.0,0.0,0.0,0.0,0.0,0.0,0.0,-1,0,0,2.0695975513142932,-3.055793546954284,3.866705888764859,0.10040551734966022,-0.1736161866916648,0.02580667734570315,0.0,0.0,0.0
1787219317.1350517,TRACKING,0,UNKNOWN,0.0,0.0,0.0,0.0,0.0,0.0,0.0,0.0,-1,0,0,2.0695975513142932,-3.055793546954284,3.866705888764859,0.10040551734966022,-0.1736161866916648,0.02580667734570315,0.0,0.0,0.0
1787219317.3134687,TRACKING,0,UNKNOWN,0.0,0.0,0.0,0.0,0.0,0.0,0.0,0.0,-1,0,0,2.0695975513142932,-3.055793546954284,3.866705888764859,0.10040551734966022,-0.1736161866916648,0.02580667734570315,0.0,0.0,0.0
1787219317.4398785,TRACKING,0,UNKNOWN,0.0,0.0,0.0,0.0,0.0,0.0,0.0,0.0,-1,0,0,2.0695975513142932,-3.055793546954284,3.866705888764859,0.10040551734966022,-0.1736161866916648,0.02580667734570315,0.0,0.0,0.0
1787219317.5938022,TRACKING,0,UNKNOWN,0.0,0.0,0.0,0.0,0.0,0.0,0.0,0.0,-1,0,0,2.0695975513142932,-3.055793546954284,3.866705888764859,0.10040551734966022,-0.1736161866916648,0.02580667734570315,0.0,0.0,0.0
1787219317.6948502,TRACKING,0,UNKNOWN,0.0,0.0,0.0,0.0,0.0,0.0,0.0,0.0,-1,0,0,2.0695975513142932,-3.055793546954284,3.866705888764859,0.10040551734966022,-0.1736161866916648,0.02580667734570315,0.0,0.0,0.0
1787219317.8446045,TRACKING,0,UNKNOWN,0.0,0.0,0.0,0.0,0.0,0.0,0.0,0.0,-1,0,0,2.0695975513142932,-3.055793546954284,3.866705888764859,0.10040551734966022,-0.1736161866916648,0.02580667734570315,0.0,0.0,0.0
1787219318.0202947,TRACKING,0,UNKNOWN,0.0,0.0,0.0,0.0,0.0,0.0,0.0,0.0,-1,0,0,2.0695975513142932,-3.055793546954284,3.866705888764859,0.10040551734966022,-0.1736161866916648,0.02580667734570315,0.0,0.0,0.0
1787219318.1239169,TRACKING,0,UNKNOWN,0.0,0.0,0.0,0.0,0.0,0.0,0.0,0.0,-1,0,0,2.0695975513142932,-3.055793546954284,3.866705888764859,0.10040551734966022,-0.1736161866916648,0.02580667734570315,0.0,0.0,0.0
1787219318.2331262,TRACKING,0,UNKNOWN,0.0,0.0,0.0,0.0,0.0,0.0,0.0,0.0,-1,0,0,2.0695975513142932,-3.055793546954284,3.866705888764859,0.10040551734966022,-0.1736161866916648,0.02580667734570315,0.0,0.0,0.0
1787219318.3459623,TRACKING,0,UNKNOWN,0.0,0.0,0.0,0.0,0.0,0.0,0.0,0.0,-1,0,0,2.0695975513142932,-3.055793546954284,3.866705888764859,0.10040551734966022,-0.1736161866916648,0.02580667734570315,0.0,0.0,0.0
1787219318.4652162,TRACKING,0,UNKNOWN,0.0,0.0,0.0,0.0,0.0,0.0,0.0,0.0,-1,0,0,2.240653599609004,-3.3515750896363445,3.9106714831156117,0.08329991252018916,-0.14403803242345872,0.021410117910627892,0.0,0.0,0.0
1787219318.602144,TRACKING,0,UNKNOWN,0.0,0.0,0.0,0.0,0.0,0.0,0.0,0.0,-1,0,0,2.240653599609004,-3.3515750896363445,3.9106714831156117,0.08329991252018916,-0.14403803242345872,0.021410117910627892,0.0,0.0,0.0
1787219318.720783,TRACKING,0,UNKNOWN,0.0,0.0,0.0,0.0,0.0,0.0,0.0,0.0,-1,0,0,2.240653599609004,-3.3515750896363445,3.9106714831156117,0.08329991252018916,-0.14403803242345872,0.021410117910627892,0.0,0.0,0.0
1787219318.8300881,TRACKING,0,UNKNOWN,0.0,0.0,0.0,0.0,0.0,0.0,0.0,0.0,-1,0,0,2.240653599609004,-3.3515750896363445,3.9106714831156117,0.08329991252018916,-0.14403803242345872,0.021410117910627892,0.0,0.0,0.0
1787219318.942446,TRACKING,0,UNKNOWN,0.0,0.0,0.0,0.0,0.0,0.0,0.0,0.0,-1,0,0,2.240653599609004,-3.3515750896363445,3.9106714831156117,0.08329991252018916,-0.14403803242345872,0.021410117910627892,0.0,0.0,0.0
1787219319.0696974,TRACKING,0,UNKNOWN,0.0,0.0,0.0,0.0,0.0,0.0,0.0,0.0,-1,0,0,2.240653599609004,-3.3515750896363445,3.9106714831156117,0.08329991252018916,-0.14403803242345872,0.021410117910627892,0.0,0.0,0.0
1787219319.1779826,TRACKING,0,UNKNOWN,0.0,0.0,0.0,0.0,0.0,0.0,0.0,0.0,-1,0,0,2.240653599609004,-3.3515750896363445,3.9106714831156117,0.08329991252018916,-0.14403803242345872,0.021410117910627892,0.0,0.0,0.0
1787219319.2931843,TRACKING,0,UNKNOWN,0.0,0.0,0.0,0.0,0.0,0.0,0.0,0.0,-1,0,0,2.240653599609004,-3.3515750896363445,3.9106714831156117,0.08329991252018916,-0.14403803242345872,0.021410117910627892,0.0,0.0,0.0
1787219319.4006562,TRACKING,0,UNKNOWN,0.0,0.0,0.0,0.0,0.0,0.0,0.0,0.0,-1,0,0,2.327000140122896,-3.5008811984414305,3.932864659046369,0.07466525846879994,-0.12910742154295016,0.019190800317552176,0.0,0.0,0.0
1787219319.511654,TRACKING,0,UNKNOWN,0.0,0.0,0.0,0.0,0.0,0.0,0.0,0.0,-1,0,0,2.327000140122896,-3.5008811984414305,3.932864659046369,0.07466525846879994,-0.12910742154295016,0.019190800317552176,0.0,0.0,0.0
1787219319.6282368,TRACKING,0,UNKNOWN,0.0,0.0,0.0,0.0,0.0,0.0,0.0,0.0,-1,0,0,2.327000140122896,-3.5008811984414305,3.932864659046369,0.07466525846879994,-0.12910742154295016,0.019190800317552176,0.0,0.0,0.0
1787219319.7364063,TRACKING,0,UNKNOWN,0.0,0.0,0.0,0.0,0.0,0.0,0.0,0.0,-1,0,0,2.327000140122896,-3.5008811984414305,3.932864659046369,0.07466525846879994,-0.12910742154295016,0.019190800317552176,0.0,0.0,0.0
1787219319.866903,TRACKING,0,UNKNOWN,0.0,0.0,0.0,0.0,0.0,0.0,0.0,0.0,-1,0,0,2.327000140122896,-3.5008811984414305,3.932864659046369,0.07466525846879994,-0.12910742154295016,0.019190800317552176,0.0,0.0,0.0
1787219319.9741173,TRACKING,0,UNKNOWN,0.0,0.0,0.0,0.0,0.0,0.0,0.0,0.0,-1,0,0,2.327000140122896,-3.5008811984414305,3.932864659046369,0.07466525846879994,-0.12910742154295016,0.019190800317552176,0.0,0.0,0.0
1787219320.0836964,TRACKING,0,UNKNOWN,0.0,0.0,0.0,0.0,0.0,0.0,0.0,0.0,-1,0,0,2.327000140122896,-3.5008811984414305,3.932864659046369,0.07466525846879994,-0.12910742154295016,0.019190800317552176,0.0,0.0,0.0
1787219320.1960688,TRACKING,0,UNKNOWN,0.0,0.0,0.0,0.0,0.0,0.0,0.0,0.0,-1,0,0,2.327000140122896,-3.5008811984414305,3.932864659046369,0.07466525846879994,-0.12910742154295016,0.019190800317552176,0.0,0.0,0.0
1787219320.3205783,TRACKING,0,UNKNOWN,0.0,0.0,0.0,0.0,0.0,0.0,0.0,0.0,-1,0,0,2.327000140122896,-3.5008811984414305,3.932864659046369,0.07466525846879994,-0.12910742154295016,0.019190800317552176,0.0,0.0,0.0
1787219320.4421725,TRACKING,0,UNKNOWN,0.0,0.0,0.0,0.0,0.0,0.0,0.0,0.0,-1,0,0,2.327000140122896,-3.5008811984414305,3.932864659046369,0.07466525846879994,-0.12910742154295016,0.019190800317552176,0.0,0.0,0.0
1787219320.5682604,TRACKING,0,UNKNOWN,0.0,0.0,0.0,0.0,0.0,0.0,0.0,0.0,-1,0,0,2.4061451452816733,-3.637734773365075,3.9532068639925746,0.06675075795292222,-0.11542206405058568,0.01715657982293163,0.0,0.0,0.0
1787219320.6693604,TRACKING,0,UNKNOWN,0.0,0.0,0.0,0.0,0.0,0.0,0.0,0.0,-1,0,0,2.4061451452816733,-3.637734773365075,3.9532068639925746,0.06675075795292222,-0.11542206405058568,0.01715657982293163,0.0,0.0,0.0
1787219320.771509,TRACKING,0,UNKNOWN,0.0,0.0,0.0,0.0,0.0,0.0,0.0,0.0,-1,0,0,2.4061451452816733,-3.637734773365075,3.9532068639925746,0.06675075795292222,-0.11542206405058568,0.01715657982293163,0.0,0.0,0.0
1787219320.8746753,TRACKING,0,UNKNOWN,0.0,0.0,0.0,0.0,0.0,0.0,0.0,0.0,-1,0,0,2.4061451452816733,-3.637734773365075,3.9532068639925746,0.06675075795292222,-0.11542206405058568,0.01715657982293163,0.0,0.0,0.0
1787219320.9813375,TRACKING,0,UNKNOWN,0.0,0.0,0.0,0.0,0.0,0.0,0.0,0.0,-1,0,0,2.4061451452816733,-3.637734773365075,3.9532068639925746,0.06675075795292222,-0.11542206405058568,0.01715657982293163,0.0,0.0,0.0
1787219321.0883958,TRACKING,0,UNKNOWN,0.0,0.0,0.0,0.0,0.0,0.0,0.0,0.0,-1,0,0,2.4061451452816733,-3.637734773365075,3.9532068639925746,0.06675075795292222,-0.11542206405058568,0.01715657982293163,0.0,0.0,0.0
1787219321.1958249,TRACKING,0,UNKNOWN,0.0,0.0,0.0,0.0,0.0,0.0,0.0,0.0,-1,0,0,2.4061451452816733,-3.637734773365075,3.9532068639925746,0.06675075795292222,-0.11542206405058568,0.01715657982293163,0.0,0.0,0.0
1787219321.3299744,TRACKING,0,UNKNOWN,0.0,0.0,0.0,0.0,0.0,0.0,0.0,0.0,-1,0,0,2.4061451452816733,-3.637734773365075,3.9532068639925746,0.06675075795292222,-0.11542206405058568,0.01715657982293163,0.0,0.0,0.0
1787219321.4402523,TRACKING,0,UNKNOWN,0.0,0.0,0.0,0.0,0.0,0.0,0.0,0.0,-1,0,0,2.4061451452816733,-3.637734773365075,3.9532068639925746,0.06675075795292222,-0.11542206405058568,0.01715657982293163,0.0,0.0,0.0
1787219321.5449464,TRACKING,0,UNKNOWN,0.0,0.0,0.0,0.0,0.0,0.0,0.0,0.0,-1,0,0,2.475871684331503,-3.758302408895314,3.971128292447797,0.05977810404793923,-0.10336530049756178,0.015364436977409385,0.0,0.0,0.0
1787219321.6618843,TRACKING,0,UNKNOWN,0.0,0.0,0.0,0.0,0.0,0.0,0.0,0.0,-1,0,0,2.475871684331503,-3.758302408895314,3.971128292447797,0.05977810404793923,-0.10336530049756178,0.015364436977409385,0.0,0.0,0.0
1787219321.7728443,TRACKING,0,UNKNOWN,0.0,0.0,0.0,0.0,0.0,0.0,0.0,0.0,-1,0,0,2.475871684331503,-3.758302408895314,3.971128292447797,0.05977810404793923,-0.10336530049756178,0.015364436977409385,0.0,0.0,0.0
1787219321.8834803,TRACKING,0,UNKNOWN,0.0,0.0,0.0,0.0,0.0,0.0,0.0,0.0,-1,0,0,2.475871684331503,-3.758302408895314,3.971128292447797,0.05977810404793923,-0.10336530049756178,0.015364436977409385,0.0,0.0,0.0
1787219321.9945638,TRACKING,0,UNKNOWN,0.0,0.0,0.0,0.0,0.0,0.0,0.0,0.0,-1,0,0,2.475871684331503,-3.758302408895314,3.971128292447797,0.05977810404793923,-0.10336530049756178,0.015364436977409385,0.0,0.0,0.0
1787219322.098922,TRACKING,0,UNKNOWN,0.0,0.0,0.0,0.0,0.0,0.0,0.0,0.0,-1,0,0,2.475871684331503,-3.758302408895314,3.971128292447797,0.05977810404793923,-0.10336530049756178,0.015364436977409385,0.0,0.0,0.0
1787219322.2070234,TRACKING,0,UNKNOWN,0.0,0.0,0.0,0.0,0.0,0.0,0.0,0.0,-1,0,0,2.475871684331503,-3.758302408895314,3.971128292447797,0.05977810404793923,-0.10336530049756178,0.015364436977409385,0.0,0.0,0.0
1787219322.3419569,TRACKING,0,UNKNOWN,0.0,0.0,0.0,0.0,0.0,0.0,0.0,0.0,-1,0,0,2.475871684331503,-3.758302408895314,3.971128292447797,0.05977810404793923,-0.10336530049756178,0.015364436977409385,0.0,0.0,0.0
1787219322.444543,TRACKING,0,UNKNOWN,0.0,0.0,0.0,0.0,0.0,0.0,0.0,0.0,-1,0,0,2.475871684331503,-3.758302408895314,3.971128292447797,0.05977810404793923,-0.10336530049756178,0.015364436977409385,0.0,0.0,0.0
1787219322.5461059,TRACKING,0,UNKNOWN,0.0,0.0,0.0,0.0,0.0,0.0,0.0,0.0,-1,0,0,2.537351614989603,-3.8646104226447537,3.9869301405494753,0.05363011098212924,-0.09273449912261782,0.013784252167241525,0.0,0.0,0.0
1787219322.67178,TRACKING,0,UNKNOWN,0.0,0.0,0.0,0.0,0.0,0.0,0.0,0.0,-1,0,0,2.537351614989603,-3.8646104226447537,3.9869301405494753,0.05363011098212924,-0.09273449912261782,0.013784252167241525,0.0,0.0,0.0
1787219322.7815883,TRACKING,0,UNKNOWN,0.0,0.0,0.0,0.0,0.0,0.0,0.0,0.0,-1,0,0,2.537351614989603,-3.8646104226447537,3.9869301405494753,0.05363011098212924,-0.09273449912261782,0.013784252167241525,0.0,0.0,0.0
1787219322.9022102,TRACKING,0,UNKNOWN,0.0,0.0,0.0,0.0,0.0,0.0,0.0,0.0,-1,0,0,2.537351614989603,-3.8646104226447537,3.9869301405494753,0.05363011098212924,-0.09273449912261782,0.013784252167241525,0.0,0.0,0.0
1787219323.0175478,TRACKING,0,UNKNOWN,0.0,0.0,0.0,0.0,0.0,0.0,0.0,0.0,-1,0,0,2.537351614989603,-3.8646104226447537,3.9869301405494753,0.05363011098212924,-0.09273449912261782,0.013784252167241525,0.0,0.0,0.0
1787219323.129757,TRACKING,0,UNKNOWN,0.0,0.0,0.0,0.0,0.0,0.0,0.0,0.0,-1,0,0,2.537351614989603,-3.8646104226447537,3.9869301405494753,0.05363011098212924,-0.09273449912261782,0.013784252167241525,0.0,0.0,0.0
1787219323.2413645,TRACKING,0,UNKNOWN,0.0,0.0,0.0,0.0,0.0,0.0,0.0,0.0,-1,0,0,2.537351614989603,-3.8646104226447537,3.9869301405494753,0.05363011098212924,-0.09273449912261782,0.013784252167241525,0.0,0.0,0.0
1787219323.3463593,TRACKING,0,UNKNOWN,0.0,0.0,0.0,0.0,0.0,0.0,0.0,0.0,-1,0,0,2.537351614989603,-3.8646104226447537,3.9869301405494753,0.05363011098212924,-0.09273449912261782,0.013784252167241525,0.0,0.0,0.0
1787219323.4650757,TRACKING,0,UNKNOWN,0.0,0.0,0.0,0.0,0.0,0.0,0.0,0.0,-1,0,0,2.537351614989603,-3.8646104226447537,3.9869301405494753,0.05363011098212924,-0.09273449912261782,0.013784252167241525,0.0,0.0,0.0
1787219323.6015499,TRACKING,0,UNKNOWN,0.0,0.0,0.0,0.0,0.0,0.0,0.0,0.0,-1,0,0,2.592533344029999,-3.9600279019221385,4.00111319656386,0.048111938078089604,-0.08319275119487932,0.012365946565803034,0.0,0.0,0.0
1787219323.7104893,TRACKING,0,UNKNOWN,0.0,0.0,0.0,0.0,0.0,0.0,0.0,0.0,-1,0,0,2.592533344029999,-3.9600279019221385,4.00111319656386,0.048111938078089604,-0.08319275119487932,0.012365946565803034,0.0,0.0,0.0
1787219323.8251982,TRACKING,0,UNKNOWN,0.0,0.0,0.0,0.0,0.0,0.0,0.0,0.0,-1,0,0,2.592533344029999,-3.9600279019221385,4.00111319656386,0.048111938078089604,-0.08319275119487932,0.012365946565803034,0.0,0.0,0.0
1787219323.9344506,TRACKING,0,UNKNOWN,0.0,0.0,0.0,0.0,0.0,0.0,0.0,0.0,-1,0,0,2.592533344029999,-3.9600279019221385,4.00111319656386,0.048111938078089604,-0.08319275119487932,0.012365946565803034,0.0,0.0,0.0
1787219324.077033,TRACKING,0,UNKNOWN,0.0,0.0,0.0,0.0,0.0,0.0,0.0,0.0,-1,0,0,2.592533344029999,-3.9600279019221385,4.00111319656386,0.048111938078089604,-0.08319275119487932,0.012365946565803034,0.0,0.0,0.0
1787219324.1776612,TRACKING,0,UNKNOWN,0.0,0.0,0.0,0.0,0.0,0.0,0.0,0.0,-1,0,0,2.592533344029999,-3.9600279019221385,4.00111319656386,0.048111938078089604,-0.08319275119487932,0.012365946565803034,0.0,0.0,0.0
1787219324.2906916,TRACKING,0,UNKNOWN,0.0,0.0,0.0,0.0,0.0,0.0,0.0,0.0,-1,0,0,2.592533344029999,-3.9600279019221385,4.00111319656386,0.048111938078089604,-0.08319275119487932,0.012365946565803034,0.0,0.0,0.0
1787219324.404568,TRACKING,0,UNKNOWN,0.0,0.0,0.0,0.0,0.0,0.0,0.0,0.0,-1,0,0,2.592533344029999,-3.9600279019221385,4.00111319656386,0.048111938078089604,-0.08319275119487932,0.012365946565803034,0.0,0.0,0.0
1787219324.5165193,TRACKING,0,UNKNOWN,0.0,0.0,0.0,0.0,0.0,0.0,0.0,0.0,-1,0,0,2.592533344029999,-3.9600279019221385,4.00111319656386,0.048111938078089604,-0.08319275119487932,0.012365946565803034,0.0,0.0,0.0
1787219324.633072,TRACKING,0,UNKNOWN,0.0,0.0,0.0,0.0,0.0,0.0,0.0,0.0,-1,0,0,2.592533344029999,-3.9600279019221385,4.00111319656386,0.048111938078089604,-0.08319275119487932,0.012365946565803034,0.0,0.0,0.0
1787219324.760941,TRACKING,0,UNKNOWN,0.0,0.0,0.0,0.0,0.0,0.0,0.0,0.0,-1,0,0,2.6466937130374646,-4.053679296637266,4.015033738032039,0.04269590117734308,-0.07382761172336665,0.010973892418985168,0.0,0.0,0.0
1787219324.863066,TRACKING,0,UNKNOWN,0.0,0.0,0.0,0.0,0.0,0.0,0.0,0.0,-1,0,0,2.6466937130374646,-4.053679296637266,4.015033738032039,0.04269590117734308,-0.07382761172336665,0.010973892418985168,0.0,0.0,0.0
1787219324.9784348,TRACKING,0,UNKNOWN,0.0,0.0,0.0,0.0,0.0,0.0,0.0,0.0,-1,0,0,2.6466937130374646,-4.053679296637266,4.015033738032039,0.04269590117734308,-0.07382761172336665,0.010973892418985168,0.0,0.0,0.0
1787219325.0881593,TRACKING,0,UNKNOWN,0.0,0.0,0.0,0.0,0.0,0.0,0.0,0.0,-1,0,0,2.6466937130374646,-4.053679296637266,4.015033738032039,0.04269590117734308,-0.07382761172336665,0.010973892418985168,0.0,0.0,0.0
1787219325.2106767,TRACKING,0,UNKNOWN,0.0,0.0,0.0,0.0,0.0,0.0,0.0,0.0,-1,0,0,2.6466937130374646,-4.053679296637266,4.015033738032039,0.04269590117734308,-0.07382761172336665,0.010973892418985168,0.0,0.0,0.0
1787219325.339145,TRACKING,0,UNKNOWN,0.0,0.0,0.0,0.0,0.0,0.0,0.0,0.0,-1,0,0,2.6466937130374646,-4.053679296637266,4.015033738032039,0.04269590117734308,-0.07382761172336665,0.010973892418985168,0.0,0.0,0.0
1787219325.4433312,TRACKING,0,UNKNOWN,0.0,0.0,0.0,0.0,0.0,0.0,0.0,0.0,-1,0,0,2.6466937130374646,-4.053679296637266,4.015033738032039,0.04269590117734308,-0.07382761172336665,0.010973892418985168,0.0,0.0,0.0
1787219325.5676594,TRACKING,0,UNKNOWN,0.0,0.0,0.0,0.0,0.0,0.0,0.0,0.0,-1,0,0,2.6466937130374646,-4.053679296637266,4.015033738032039,0.04269590117734308,-0.07382761172336665,0.010973892418985168,0.0,0.0,0.0
1787219325.6818223,TRACKING,0,UNKNOWN,0.0,0.0,0.0,0.0,0.0,0.0,0.0,0.0,-1,0,0,2.6466937130374646,-4.053679296637266,4.015033738032039,0.04269590117734308,-0.07382761172336665,0.010973892418985168,0.0,0.0,0.0
1787219325.7908576,TRACKING,0,UNKNOWN,0.0,0.0,0.0,0.0,0.0,0.0,0.0,0.0,-1,0,0,2.6924950622887143,-4.132876693475956,4.026805806672536,0.03811576625221812,-0.06590787203949756,0.00979668555493542,0.0,0.0,0.0
1787219325.9096513,TRACKING,0,UNKNOWN,0.0,0.0,0.0,0.0,0.0,0.0,0.0,0.0,-1,0,0,2.6924950622887143,-4.132876693475956,4.026805806672536,0.03811576625221812,-0.06590787203949756,0.00979668555493542,0.0,0.0,0.0
1787219326.015693,TRACKING,0,UNKNOWN,0.0,0.0,0.0,0.0,0.0,0.0,0.0,0.0,-1,0,0,2.6924950622887143,-4.132876693475956,4.026805806672536,0.03811576625221812,-0.06590787203949756,0.00979668555493542,0.0,0.0,0.0
1787219326.1478388,TRACKING,0,UNKNOWN,0.0,0.0,0.0,0.0,0.0,0.0,0.0,0.0,-1,0,0,2.6924950622887143,-4.132876693475956,4.026805806672536,0.03811576625221812,-0.06590787203949756,0.00979668555493542,0.0,0.0,0.0
1787219326.2827847,TRACKING,0,UNKNOWN,0.0,0.0,0.0,0.0,0.0,0.0,0.0,0.0,-1,0,0,2.6924950622887143,-4.132876693475956,4.026805806672536,0.03811576625221812,-0.06590787203949756,0.00979668555493542,0.0,0.0,0.0
1787219326.432362,TRACKING,0,UNKNOWN,0.0,0.0,0.0,0.0,0.0,0.0,0.0,0.0,-1,0,0,2.6924950622887143,-4.132876693475956,4.026805806672536,0.03811576625221812,-0.06590787203949756,0.00979668555493542,0.0,0.0,0.0
1787219326.5569756,TRACKING,0,UNKNOWN,0.0,0.0,0.0,0.0,0.0,0.0,0.0,0.0,-1,0,0,2.6924950622887143,-4.132876693475956,4.026805806672536,0.03811576625221812,-0.06590787203949756,0.00979668555493542,0.0,0.0,0.0
1787219326.6630907,TRACKING,0,UNKNOWN,0.0,0.0,0.0,0.0,0.0,0.0,0.0,0.0,-1,0,0,2.6924950622887143,-4.132876693475956,4.026805806672536,0.03811576625221812,-0.06590787203949756,0.00979668555493542,0.0,0.0,0.0
1787219326.7984343,TRACKING,0,UNKNOWN,0.0,0.0,0.0,0.0,0.0,0.0,0.0,0.0,-1,0,0,2.6924950622887143,-4.132876693475956,4.026805806672536,0.03811576625221812,-0.06590787203949756,0.00979668555493542,0.0,0.0,0.0
1787219326.9098628,TRACKING,0,UNKNOWN,0.0,0.0,0.0,0.0,0.0,0.0,0.0,0.0,-1,0,0,2.6924950622887143,-4.132876693475956,4.026805806672536,0.03811576625221812,-0.06590787203949756,0.00979668555493542,0.0,0.0,0.0
1787219327.021672,TRACKING,0,UNKNOWN,0.0,0.0,0.0,0.0,0.0,0.0,0.0,0.0,-1,0,0,2.6924950622887143,-4.132876693475956,4.026805806672536,0.03811576625221812,-0.06590787203949756,0.00979668555493542,0.0,0.0,0.0
1787219327.163845,TRACKING,0,UNKNOWN,0.0,0.0,0.0,0.0,0.0,0.0,0.0,0.0,-1,0,0,2.742545679578327,-4.219421711566199,4.039670041282754,0.03311070452325681,-0.057253370230473284,0.008510262093913645,0.0,0.0,0.0
1787219327.2700315,TRACKING,0,UNKNOWN,0.0,0.0,0.0,0.0,0.0,0.0,0.0,0.0,-1,0,0,2.742545679578327,-4.219421711566199,4.039670041282754,0.03311070452325681,-0.057253370230473284,0.008510262093913645,0.0,0.0,0.0
1787219327.3773043,TRACKING,0,UNKNOWN,0.0,0.0,0.0,0.0,0.0,0.0,0.0,0.0,-1,0,0,2.742545679578327,-4.219421711566199,4.039670041282754,0.03311070452325681,-0.057253370230473284,0.008510262093913645,0.0,0.0,0.0
1787219327.487259,TRACKING,0,UNKNOWN,0.0,0.0,0.0,0.0,0.0,0.0,0.0,0.0,-1,0,0,2.742545679578327,-4.219421711566199,4.039670041282754,0.03311070452325681,-0.057253370230473284,0.008510262093913645,0.0,0.0,0.0
1787219327.6116986,TRACKING,0,UNKNOWN,0.0,0.0,0.0,0.0,0.0,0.0,0.0,0.0,-1,0,0,2.742545679578327,-4.219421711566199,4.039670041282754,0.03311070452325681,-0.057253370230473284,0.008510262093913645,0.0,0.0,0.0
1787219327.7328153,TRACKING,0,UNKNOWN,0.0,0.0,0.0,0.0,0.0,0.0,0.0,0.0,-1,0,0,2.742545679578327,-4.219421711566199,4.039670041282754,0.03311070452325681,-0.057253370230473284,0.008510262093913645,0.0,0.0,0.0
1787219327.8450062,TRACKING,0,UNKNOWN,0.0,0.0,0.0,0.0,0.0,0.0,0.0,0.0,-1,0,0,2.742545679578327,-4.219421711566199,4.039670041282754,0.03311070452325681,-0.057253370230473284,0.008510262093913645,0.0,0.0,0.0
1787219327.972917,TRACKING,0,UNKNOWN,0.0,0.0,0.0,0.0,0.0,0.0,0.0,0.0,-1,0,0,2.742545679578327,-4.219421711566199,4.039670041282754,0.03311070452325681,-0.057253370230473284,0.008510262093913645,0.0,0.0,0.0
1787219328.0849154,TRACKING,0,UNKNOWN,0.0,0.0,0.0,0.0,0.0,0.0,0.0,0.0,-1,0,0,2.7752484237338617,-4.27596965718222,4.048075447569362,0.02984043010770338,-0.05159857566887122,0.0076697214652528545,0.0,0.0,0.0
1787219328.2047153,TRACKING,0,UNKNOWN,0.0,0.0,0.0,0.0,0.0,0.0,0.0,0.0,-1,0,0,2.7752484237338617,-4.27596965718222,4.048075447569362,0.02984043010770338,-0.05159857566887122,0.0076697214652528545,0.0,0.0,0.0
1787219328.33541,TRACKING,0,UNKNOWN,0.0,0.0,0.0,0.0,0.0,0.0,0.0,0.0,-1,0,0,2.7752484237338617,-4.27596965718222,4.048075447569362,0.02984043010770338,-0.05159857566887122,0.0076697214652528545,0.0,0.0,0.0
1787219328.440678,TRACKING,0,UNKNOWN,0.0,0.0,0.0,0.0,0.0,0.0,0.0,0.0,-1,0,0,2.7752484237338617,-4.27596965718222,4.048075447569362,0.02984043010770338,-0.05159857566887122,0.0076697214652528545,0.0,0.0,0.0
1787219328.5743237,TRACKING,0,UNKNOWN,0.0,0.0,0.0,0.0,0.0,0.0,0.0,0.0,-1,0,0,2.7752484237338617,-4.27596965718222,4.048075447569362,0.02984043010770338,-0.05159857566887122,0.0076697214652528545,0.0,0.0,0.0
1787219328.6758292,TRACKING,0,UNKNOWN,0.0,0.0,0.0,0.0,0.0,0.0,0.0,0.0,-1,0,0,2.7752484237338617,-4.27596965718222,4.048075447569362,0.02984043010770338,-0.05159857566887122,0.0076697214652528545,0.0,0.0,0.0
1787219328.777063,TRACKING,0,UNKNOWN,0.0,0.0,0.0,0.0,0.0,0.0,0.0,0.0,-1,0,0,2.7752484237338617,-4.27596965718222,4.048075447569362,0.02984043010770338,-0.05159857566887122,0.0076697214652528545,0.0,0.0,0.0
1787219328.8825388,TRACKING,0,UNKNOWN,0.0,0.0,0.0,0.0,0.0,0.0,0.0,0.0,-1,0,0,2.7752484237338617,-4.27596965718222,4.048075447569362,0.02984043010770338,-0.05159857566887122,0.0076697214652528545,0.0,0.0,0.0
1787219328.988995,TRACKING,0,UNKNOWN,0.0,0.0,0.0,0.0,0.0,0.0,0.0,0.0,-1,0,0,2.7752484237338617,-4.27596965718222,4.048075447569362,0.02984043010770338,-0.05159857566887122,0.0076697214652528545,0.0,0.0,0.0
1787219329.1219296,TRACKING,0,UNKNOWN,0.0,0.0,0.0,0.0,0.0,0.0,0.0,0.0,-1,0,0,2.7752484237338617,-4.27596965718222,4.048075447569362,0.02984043010770338,-0.05159857566887122,0.0076697214652528545,0.0,0.0,0.0
1787219329.270961,TRACKING,0,UNKNOWN,0.0,0.0,0.0,0.0,0.0,0.0,0.0,0.0,-1,0,0,2.8095176494752065,-4.335226284219641,4.056883477993767,0.026413507533568883,-0.04567291296512909,0.006788918422812332,0.0,0.0,0.0
1787219329.3975444,TRACKING,0,UNKNOWN,0.0,0.0,0.0,0.0,0.0,0.0,0.0,0.0,-1,0,0,2.8095176494752065,-4.335226284219641,4.056883477993767,0.026413507533568883,-0.04567291296512909,0.006788918422812332,0.0,0.0,0.0
1787219329.512416,TRACKING,0,UNKNOWN,0.0,0.0,0.0,0.0,0.0,0.0,0.0,0.0,-1,0,0,2.8095176494752065,-4.335226284219641,4.056883477993767,0.026413507533568883,-0.04567291296512909,0.006788918422812332,0.0,0.0,0.0
1787219329.6286798,TRACKING,0,UNKNOWN,0.0,0.0,0.0,0.0,0.0,0.0,0.0,0.0,-1,0,0,2.8095176494752065,-4.335226284219641,4.056883477993767,0.026413507533568883,-0.04567291296512909,0.006788918422812332,0.0,0.0,0.0
1787219329.7433674,TRACKING,0,UNKNOWN,0.0,0.0,0.0,0.0,0.0,0.0,0.0,0.0,-1,0,0,2.8095176494752065,-4.335226284219641,4.056883477993767,0.026413507533568883,-0.04567291296512909,0.006788918422812332,0.0,0.0,0.0
1787219329.8613448,TRACKING,0,UNKNOWN,0.0,0.0,0.0,0.0,0.0,0.0,0.0,0.0,-1,0,0,2.8095176494752065,-4.335226284219641,4.056883477993767,0.026413507533568883,-0.04567291296512909,0.006788918422812332,0.0,0.0,0.0
1787219329.9748158,TRACKING,0,UNKNOWN,0.0,0.0,0.0,0.0,0.0,0.0,0.0,0.0,-1,0,0,2.8095176494752065,-4.335226284219641,4.056883477993767,0.026413507533568883,-0.04567291296512909,0.006788918422812332,0.0,0.0,0.0
1787219330.0789502,TRACKING,0,UNKNOWN,0.0,0.0,0.0,0.0,0.0,0.0,0.0,0.0,-1,0,0,2.8095176494752065,-4.335226284219641,4.056883477993767,0.026413507533568883,-0.04567291296512909,0.006788918422812332,0.0,0.0,0.0
1787219330.1931105,TRACKING,0,UNKNOWN,0.0,0.0,0.0,0.0,0.0,0.0,0.0,0.0,-1,0,0,2.8095176494752065,-4.335226284219641,4.056883477993767,0.026413507533568883,-0.04567291296512909,0.006788918422812332,0.0,0.0,0.0
1787219330.2931755,TRACKING,0,UNKNOWN,0.0,0.0,0.0,0.0,0.0,0.0,0.0,0.0,-1,0,0,2.8095176494752065,-4.335226284219641,4.056883477993767,0.026413507533568883,-0.04567291296512909,0.006788918422812332,0.0,0.0,0.0
1787219330.421732,TRACKING,0,UNKNOWN,0.0,0.0,0.0,0.0,0.0,0.0,0.0,0.0,-1,0,0,2.8388203100186726,-4.385894975719532,4.0644149795085935,0.02348324147922228,-0.04060604381513999,0.006035768271329691,0.0,0.0,0.0
1787219330.5744324,TRACKING,0,UNKNOWN,0.0,0.0,0.0,0.0,0.0,0.0,0.0,0.0,-1,0,0,2.8388203100186726,-4.385894975719532,4.0644149795085935,0.02348324147922228,-0.04060604381513999,0.006035768271329691,0.0,0.0,0.0
1787219330.6826186,TRACKING,0,UNKNOWN,0.0,0.0,0.0,0.0,0.0,0.0,0.0,0.0,-1,0,0,2.8388203100186726,-4.385894975719532,4.0644149795085935,0.02348324147922228,-0.04060604381513999,0.006035768271329691,0.0,0.0,0.0
1787219330.7919888,TRACKING,0,UNKNOWN,0.0,0.0,0.0,0.0,0.0,0.0,0.0,0.0,-1,0,0,2.8388203100186726,-4.385894975719532,4.0644149795085935,0.02348324147922228,-0.04060604381513999,0.006035768271329691,0.0,0.0,0.0
1787219330.9049785,TRACKING,0,UNKNOWN,0.0,0.0,0.0,0.0,0.0,0.0,0.0,0.0,-1,0,0,2.8388203100186726,-4.385894975719532,4.0644149795085935,0.02348324147922228,-0.04060604381513999,0.006035768271329691,0.0,0.0,0.0
1787219331.0104473,TRACKING,0,UNKNOWN,0.0,0.0,0.0,0.0,0.0,0.0,0.0,0.0,-1,0,0,2.8388203100186726,-4.385894975719532,4.0644149795085935,0.02348324147922228,-0.04060604381513999,0.006035768271329691,0.0,0.0,0.0
1787219331.1242914,TRACKING,0,UNKNOWN,0.0,0.0,0.0,0.0,0.0,0.0,0.0,0.0,-1,0,0,2.8388203100186726,-4.385894975719532,4.0644149795085935,0.02348324147922228,-0.04060604381513999,0.006035768271329691,0.0,0.0,0.0
1787219331.2531533,TRACKING,0,UNKNOWN,0.0,0.0,0.0,0.0,0.0,0.0,0.0,0.0,-1,0,0,2.8388203100186726,-4.385894975719532,4.0644149795085935,0.02348324147922228,-0.04060604381513999,0.006035768271329691,0.0,0.0,0.0
1787219331.3630588,TRACKING,0,UNKNOWN,0.0,0.0,0.0,0.0,0.0,0.0,0.0,0.0,-1,0,0,2.8388203100186726,-4.385894975719532,4.0644149795085935,0.02348324147922228,-0.04060604381513999,0.006035768271329691,0.0,0.0,0.0
1787219331.4646385,TRACKING,0,UNKNOWN,0.0,0.0,0.0,0.0,0.0,0.0,0.0,0.0,-1,0,0,2.8637682188813853,-4.429033648941956,4.070827203173832,0.020988450592951,-0.03629217649289762,0.00539454590480581,0.0,0.0,0.0
1787219331.5947473,TRACKING,0,UNKNOWN,0.0,0.0,0.0,0.0,0.0,0.0,0.0,0.0,-1,0,0,2.8637682188813853,-4.429033648941956,4.070827203173832,0.020988450592951,-0.03629217649289762,0.00539454590480581,0.0,0.0,0.0
1787219331.7091117,TRACKING,0,UNKNOWN,0.0,0.0,0.0,0.0,0.0,0.0,0.0,0.0,-1,0,0,2.8637682188813853,-4.429033648941956,4.070827203173832,0.020988450592951,-0.03629217649289762,0.00539454590480581,0.0,0.0,0.0
1787219331.8454115,TRACKING,0,UNKNOWN,0.0,0.0,0.0,0.0,0.0,0.0,0.0,0.0,-1,0,0,2.8637682188813853,-4.429033648941956,4.070827203173832,0.020988450592951,-0.03629217649289762,0.00539454590480581,0.0,0.0,0.0
1787219331.9507473,TRACKING,0,UNKNOWN,0.0,0.0,0.0,0.0,0.0,0.0,0.0,0.0,-1,0,0,2.8637682188813853,-4.429033648941956,4.070827203173832,0.020988450592951,-0.03629217649289762,0.00539454590480581,0.0,0.0,0.0
1787219332.0705676,TRACKING,0,UNKNOWN,0.0,0.0,0.0,0.0,0.0,0.0,0.0,0.0,-1,0,0,2.8637682188813853,-4.429033648941956,4.070827203173832,0.020988450592951,-0.03629217649289762,0.00539454590480581,0.0,0.0,0.0
1787219332.202556,TRACKING,0,UNKNOWN,0.0,0.0,0.0,0.0,0.0,0.0,0.0,0.0,-1,0,0,2.8637682188813853,-4.429033648941956,4.070827203173832,0.020988450592951,-0.03629217649289762,0.00539454590480581,0.0,0.0,0.0
1787219332.3346395,TRACKING,0,UNKNOWN,0.0,0.0,0.0,0.0,0.0,0.0,0.0,0.0,-1,0,0,2.8637682188813853,-4.429033648941956,4.070827203173832,0.020988450592951,-0.03629217649289762,0.00539454590480581,0.0,0.0,0.0
1787219332.494626,TRACKING,0,UNKNOWN,0.0,0.0,0.0,0.0,0.0,0.0,0.0,0.0,-1,0,0,2.885908433620012,-4.467317398250957,4.076517780676008,0.018774429119088335,-0.03246380156199751,0.00482548815458821,0.0,0.0,0.0
1787219332.607741,TRACKING,0,UNKNOWN,0.0,0.0,0.0,0.0,0.0,0.0,0.0,0.0,-1,0,0,2.885908433620012,-4.467317398250957,4.076517780676008,0.018774429119088335,-0.03246380156199751,0.00482548815458821,0.0,0.0,0.0
1787219332.7136579,TRACKING,0,UNKNOWN,0.0,0.0,0.0,0.0,0.0,0.0,0.0,0.0,-1,0,0,2.885908433620012,-4.467317398250957,4.076517780676008,0.018774429119088335,-0.03246380156199751,0.00482548815458821,0.0,0.0,0.0
1787219332.8170767,TRACKING,0,UNKNOWN,0.0,0.0,0.0,0.0,0.0,0.0,0.0,0.0,-1,0,0,2.885908433620012,-4.467317398250957,4.076517780676008,0.018774429119088335,-0.03246380156199751,0.00482548815458821,0.0,0.0,0.0
1787219332.9278154,TRACKING,0,UNKNOWN,0.0,0.0,0.0,0.0,0.0,0.0,0.0,0.0,-1,0,0,2.885908433620012,-4.467317398250957,4.076517780676008,0.018774429119088335,-0.03246380156199751,0.00482548815458821,0.0,0.0,0.0
1787219333.0326474,TRACKING,0,UNKNOWN,0.0,0.0,0.0,0.0,0.0,0.0,0.0,0.0,-1,0,0,2.885908433620012,-4.467317398250957,4.076517780676008,0.018774429119088335,-0.03246380156199751,0.00482548815458821,0.0,0.0,0.0
1787219333.157601,TRACKING,0,UNKNOWN,0.0,0.0,0.0,0.0,0.0,0.0,0.0,0.0,-1,0,0,2.885908433620012,-4.467317398250957,4.076517780676008,0.018774429119088335,-0.03246380156199751,0.00482548815458821,0.0,0.0,0.0
1787219333.2652395,TRACKING,0,UNKNOWN,0.0,0.0,0.0,0.0,0.0,0.0,0.0,0.0,-1,0,0,2.885908433620012,-4.467317398250957,4.076517780676008,0.018774429119088335,-0.03246380156199751,0.00482548815458821,0.0,0.0,0.0
1787219333.3980987,TRACKING,0,UNKNOWN,0.0,0.0,0.0,0.0,0.0,0.0,0.0,0.0,-1,0,0,2.885908433620012,-4.467317398250957,4.076517780676008,0.018774429119088335,-0.03246380156199751,0.00482548815458821,0.0,0.0,0.0
1787219333.5023713,TRACKING,0,UNKNOWN,0.0,0.0,0.0,0.0,0.0,0.0,0.0,0.0,-1,0,0,2.885908433620012,-4.467317398250957,4.076517780676008,0.018774429119088335,-0.03246380156199751,0.00482548815458821,0.0,0.0,0.0
1787219333.611319,TRACKING,0,UNKNOWN,0.0,0.0,0.0,0.0,0.0,0.0,0.0,0.0,-1,0,0,2.906395188564634,-4.502742067781669,4.08178337851039,0.016725753624626156,-0.02892133460892635,0.004298928371150042,0.0,0.0,0.0
1787219333.7256408,TRACKING,0,UNKNOWN,0.0,0.0,0.0,0.0,0.0,0.0,0.0,0.0,-1,0,0,2.906395188564634,-4.502742067781669,4.08178337851039,0.016725753624626156,-0.02892133460892635,0.004298928371150042,0.0,0.0,0.0
1787219333.8409002,TRACKING,0,UNKNOWN,0.0,0.0,0.0,0.0,0.0,0.0,0.0,0.0,-1,0,0,2.906395188564634,-4.502742067781669,4.08178337851039,0.016725753624626156,-0.02892133460892635,0.004298928371150042,0.0,0.0,0.0
1787219333.9494774,TRACKING,0,UNKNOWN,0.0,0.0,0.0,0.0,0.0,0.0,0.0,0.0,-1,0,0,2.906395188564634,-4.502742067781669,4.08178337851039,0.016725753624626156,-0.02892133460892635,0.004298928371150042,0.0,0.0,0.0
1787219334.0590036,TRACKING,0,UNKNOWN,0.0,0.0,0.0,0.0,0.0,0.0,0.0,0.0,-1,0,0,2.906395188564634,-4.502742067781669,4.08178337851039,0.016725753624626156,-0.02892133460892635,0.004298928371150042,0.0,0.0,0.0
1787219334.1887555,TRACKING,0,UNKNOWN,0.0,0.0,0.0,0.0,0.0,0.0,0.0,0.0,-1,0,0,2.906395188564634,-4.502742067781669,4.08178337851039,0.016725753624626156,-0.02892133460892635,0.004298928371150042,0.0,0.0,0.0
1787219334.3233,TRACKING,0,UNKNOWN,0.0,0.0,0.0,0.0,0.0,0.0,0.0,0.0,-1,0,0,2.906395188564634,-4.502742067781669,4.08178337851039,0.016725753624626156,-0.02892133460892635,0.004298928371150042,0.0,0.0,0.0
1787219334.4262037,TRACKING,0,UNKNOWN,0.0,0.0,0.0,0.0,0.0,0.0,0.0,0.0,-1,0,0,2.906395188564634,-4.502742067781669,4.08178337851039,0.016725753624626156,-0.02892133460892635,0.004298928371150042,0.0,0.0,0.0
1787219334.5409946,TRACKING,0,UNKNOWN,0.0,0.0,0.0,0.0,0.0,0.0,0.0,0.0,-1,0,0,2.906395188564634,-4.502742067781669,4.08178337851039,0.016725753624626156,-0.02892133460892635,0.004298928371150042,0.0,0.0,0.0
1787219334.6569633,TRACKING,0,UNKNOWN,0.0,0.0,0.0,0.0,0.0,0.0,0.0,0.0,-1,0,0,2.9254344140759208,-4.535663741989281,4.086676925823839,0.014821831073497457,-0.02562916718816509,0.003809573639805165,0.0,0.0,0.0
1787219334.7862742,TRACKING,0,UNKNOWN,0.0,0.0,0.0,0.0,0.0,0.0,0.0,0.0,-1,0,0,2.9254344140759208,-4.535663741989281,4.086676925823839,0.014821831073497457,-0.02562916718816509,0.003809573639805165,0.0,0.0,0.0
1787219334.8976383,TRACKING,0,UNKNOWN,0.0,0.0,0.0,0.0,0.0,0.0,0.0,0.0,-1,0,0,2.9254344140759208,-4.535663741989281,4.086676925823839,0.014821831073497457,-0.02562916718816509,0.003809573639805165,0.0,0.0,0.0
1787219335.0018473,TRACKING,0,UNKNOWN,0.0,0.0,0.0,0.0,0.0,0.0,0.0,0.0,-1,0,0,2.9254344140759208,-4.535663741989281,4.086676925823839,0.014821831073497457,-0.02562916718816509,0.003809573639805165,0.0,0.0,0.0
1787219335.1056693,TRACKING,0,UNKNOWN,0.0,0.0,0.0,0.0,0.0,0.0,0.0,0.0,-1,0,0,2.9254344140759208,-4.535663741989281,4.086676925823839,0.014821831073497457,-0.02562916718816509,0.003809573639805165,0.0,0.0,0.0
1787219335.2274072,TRACKING,0,UNKNOWN,0.0,0.0,0.0,0.0,0.0,0.0,0.0,0.0,-1,0,0,2.9254344140759208,-4.535663741989281,4.086676925823839,0.014821831073497457,-0.02562916718816509,0.003809573639805165,0.0,0.0,0.0
1787219335.3498445,TRACKING,0,UNKNOWN,0.0,0.0,0.0,0.0,0.0,0.0,0.0,0.0,-1,0,0,2.9254344140759208,-4.535663741989281,4.086676925823839,0.014821831073497457,-0.02562916718816509,0.003809573639805165,0.0,0.0,0.0
1787219335.4674497,TRACKING,0,UNKNOWN,0.0,0.0,0.0,0.0,0.0,0.0,0.0,0.0,-1,0,0,2.9254344140759208,-4.535663741989281,4.086676925823839,0.014821831073497457,-0.02562916718816509,0.003809573639805165,0.0,0.0,0.0
1787219335.5938778,TRACKING,0,UNKNOWN,0.0,0.0,0.0,0.0,0.0,0.0,0.0,0.0,-1,0,0,2.9254344140759208,-4.535663741989281,4.086676925823839,0.014821831073497457,-0.02562916718816509,0.003809573639805165,0.0,0.0,0.0
1787219335.7248893,TRACKING,0,UNKNOWN,0.0,0.0,0.0,0.0,0.0,0.0,0.0,0.0,-1,0,0,2.9254344140759208,-4.535663741989281,4.086676925823839,0.014821831073497457,-0.02562916718816509,0.003809573639805165,0.0,0.0,0.0
1787219335.8254688,TRACKING,0,UNKNOWN,0.0,0.0,0.0,0.0,0.0,0.0,0.0,0.0,-1,0,0,2.9254344140759208,-4.535663741989281,4.086676925823839,0.014821831073497457,-0.02562916718816509,0.003809573639805165,0.0,0.0,0.0
1787219335.9451067,TRACKING,0,UNKNOWN,0.0,0.0,0.0,0.0,0.0,0.0,0.0,0.0,-1,0,0,2.9254344140759208,-4.535663741989281,4.086676925823839,0.014821831073497457,-0.02562916718816509,0.003809573639805165,0.0,0.0,0.0
1787219336.0692039,TRACKING,0,UNKNOWN,0.0,0.0,0.0,0.0,0.0,0.0,0.0,0.0,-1,0,0,2.9449825119340907,-4.569465332746409,4.09170126579503,0.012867021287680476,-0.022249008112452277,0.0033071396426860556,0.0,0.0,0.0
1787219336.1699712,TRACKING,0,UNKNOWN,0.0,0.0,0.0,0.0,0.0,0.0,0.0,0.0,-1,0,0,2.9449825119340907,-4.569465332746409,4.09170126579503,0.012867021287680476,-0.022249008112452277,0.0033071396426860556,0.0,0.0,0.0
1787219336.2728243,TRACKING,0,UNKNOWN,0.0,0.0,0.0,0.0,0.0,0.0,0.0,0.0,-1,0,0,2.9449825119340907,-4.569465332746409,4.09170126579503,0.012867021287680476,-0.022249008112452277,0.0033071396426860556,0.0,0.0,0.0
1787219336.3732975,TRACKING,0,UNKNOWN,0.0,0.0,0.0,0.0,0.0,0.0,0.0,0.0,-1,0,0,2.9449825119340907,-4.569465332746409,4.09170126579503,0.012867021287680476,-0.022249008112452277,0.0033071396426860556,0.0,0.0,0.0
1787219336.5126622,TRACKING,0,UNKNOWN,0.0,0.0,0.0,0.0,0.0,0.0,0.0,0.0,-1,0,0,2.9449825119340907,-4.569465332746409,4.09170126579503,0.012867021287680476,-0.022249008112452277,0.0033071396426860556,0.0,0.0,0.0
1787219336.617319,TRACKING,0,UNKNOWN,0.0,0.0,0.0,0.0,0.0,0.0,0.0,0.0,-1,0,0,2.9449825119340907,-4.569465332746409,4.09170126579503,0.012867021287680476,-0.022249008112452277,0.0033071396426860556,0.0,0.0,0.0
1787219336.7241843,TRACKING,0,UNKNOWN,0.0,0.0,0.0,0.0,0.0,0.0,0.0,0.0,-1,0,0,2.9449825119340907,-4.569465332746409,4.09170126579503,0.012867021287680476,-0.022249008112452277,0.0033071396426860556,0.0,0.0,0.0
1787219336.829963,TRACKING,0,UNKNOWN,0.0,0.0,0.0,0.0,0.0,0.0,0.0,0.0,-1,0,0,2.9449825119340907,-4.569465332746409,4.09170126579503,0.012867021287680476,-0.022249008112452277,0.0033071396426860556,0.0,0.0,0.0
1787219336.9345052,TRACKING,0,UNKNOWN,0.0,0.0,0.0,0.0,0.0,0.0,0.0,0.0,-1,0,0,2.9449825119340907,-4.569465332746409,4.09170126579503,0.012867021287680476,-0.022249008112452277,0.0033071396426860556,0.0,0.0,0.0
1787219337.041899,TRACKING,0,UNKNOWN,0.0,0.0,0.0,0.0,0.0,0.0,0.0,0.0,-1,0,0,2.9449825119340907,-4.569465332746409,4.09170126579503,0.012867021287680476,-0.022249008112452277,0.0033071396426860556,0.0,0.0,0.0
1787219337.1500165,TRACKING,0,UNKNOWN,0.0,0.0,0.0,0.0,0.0,0.0,0.0,0.0,-1,0,0,2.9588171863762693,-4.59338755817957,4.0952571160006395,0.011483553843462623,-0.019856785569136236,0.0029515546221250766,0.0,0.0,0.0
1787219337.259493,TRACKING,0,UNKNOWN,0.0,0.0,0.0,0.0,0.0,0.0,0.0,0.0,-1,0,0,2.9588171863762693,-4.59338755817957,4.0952571160006395,0.011483553843462623,-0.019856785569136236,0.0029515546221250766,0.0,0.0,0.0
1787219337.36875,TRACKING,0,UNKNOWN,0.0,0.0,0.0,0.0,0.0,0.0,0.0,0.0,-1,0,0,2.9588171863762693,-4.59338755817957,4.0952571160006395,0.011483553843462623,-0.019856785569136236,0.0029515546221250766,0.0,0.0,0.0
1787219337.4823055,TRACKING,0,UNKNOWN,0.0,0.0,0.0,0.0,0.0,0.0,0.0,0.0,-1,0,0,2.9588171863762693,-4.59338755817957,4.0952571160006395,0.011483553843462623,-0.019856785569136236,0.0029515546221250766,0.0,0.0,0.0
1787219337.6176746,TRACKING,0,UNKNOWN,0.0,0.0,0.0,0.0,0.0,0.0,0.0,0.0,-1,0,0,2.9588171863762693,-4.59338755817957,4.0952571160006395,0.011483553843462623,-0.019856785569136236,0.0029515546221250766,0.0,0.0,0.0
1787219337.733346,TRACKING,0,UNKNOWN,0.0,0.0,0.0,0.0,0.0,0.0,0.0,0.0,-1,0,0,2.9588171863762693,-4.59338755817957,4.0952571160006395,0.011483553843462623,-0.019856785569136236,0.0029515546221250766,0.0,0.0,0.0
1787219337.8700187,TRACKING,0,UNKNOWN,0.0,0.0,0.0,0.0,0.0,0.0,0.0,0.0,-1,0,0,2.9588171863762693,-4.59338755817957,4.0952571160006395,0.011483553843462623,-0.019856785569136236,0.0029515546221250766,0.0,0.0,0.0
1787219337.9701445,TRACKING,0,UNKNOWN,0.0,0.0,0.0,0.0,0.0,0.0,0.0,0.0,-1,0,0,2.9588171863762693,-4.59338755817957,4.0952571160006395,0.011483553843462623,-0.019856785569136236,0.0029515546221250766,0.0,0.0,0.0
1787219338.0805962,TRACKING,0,UNKNOWN,0.0,0.0,0.0,0.0,0.0,0.0,0.0,0.0,-1,0,0,2.9588171863762693,-4.59338755817957,4.0952571160006395,0.011483553843462623,-0.019856785569136236,0.0029515546221250766,0.0,0.0,0.0
1787219338.184768,TRACKING,0,UNKNOWN,0.0,0.0,0.0,0.0,0.0,0.0,0.0,0.0,-1,0,0,2.9715069977725643,-4.615330143832395,4.098518708360565,0.010214572703833143,-0.017662527003853727,0.0026253953861325387,0.0,0.0,0.0
1787219338.2968476,TRACKING,0,UNKNOWN,0.0,0.0,0.0,0.0,0.0,0.0,0.0,0.0,-1,0,0,2.9715069977725643,-4.615330143832395,4.098518708360565,0.010214572703833143,-0.017662527003853727,0.0026253953861325387,0.0,0.0,0.0
1787219338.4023962,TRACKING,0,UNKNOWN,0.0,0.0,0.0,0.0,0.0,0.0,0.0,0.0,-1,0,0,2.9715069977725643,-4.615330143832395,4.098518708360565,0.010214572703833143,-0.017662527003853727,0.0026253953861325387,0.0,0.0,0.0
1787219338.517388,TRACKING,0,UNKNOWN,0.0,0.0,0.0,0.0,0.0,0.0,0.0,0.0,-1,0,0,2.9715069977725643,-4.615330143832395,4.098518708360565,0.010214572703833143,-0.017662527003853727,0.0026253953861325387,0.0,0.0,0.0
1787219338.6474013,TRACKING,0,UNKNOWN,0.0,0.0,0.0,0.0,0.0,0.0,0.0,0.0,-1,0,0,2.9715069977725643,-4.615330143832395,4.098518708360565,0.010214572703833143,-0.017662527003853727,0.0026253953861325387,0.0,0.0,0.0
1787219338.7850494,TRACKING,0,UNKNOWN,0.0,0.0,0.0,0.0,0.0,0.0,0.0,0.0,-1,0,0,2.9715069977725643,-4.615330143832395,4.098518708360565,0.010214572703833143,-0.017662527003853727,0.0026253953861325387,0.0,0.0,0.0
1787219338.890179,TRACKING,0,UNKNOWN,0.0,0.0,0.0,0.0,0.0,0.0,0.0,0.0,-1,0,0,2.9715069977725643,-4.615330143832395,4.098518708360565,0.010214572703833143,-0.017662527003853727,0.0026253953861325387,0.0,0.0,0.0
1787219339.0026293,TRACKING,0,UNKNOWN,0.0,0.0,0.0,0.0,0.0,0.0,0.0,0.0,-1,0,0,2.9715069977725643,-4.615330143832395,4.098518708360565,0.010214572703833143,-0.017662527003853727,0.0026253953861325387,0.0,0.0,0.0
1787219339.1369662,TRACKING,0,UNKNOWN,0.0,0.0,0.0,0.0,0.0,0.0,0.0,0.0,-1,0,0,2.9715069977725643,-4.615330143832395,4.098518708360565,0.010214572703833143,-0.017662527003853727,0.0026253953861325387,0.0,0.0,0.0
1787219339.2536914,TRACKING,0,UNKNOWN,0.0,0.0,0.0,0.0,0.0,0.0,0.0,0.0,-1,0,0,2.9820815938881475,-4.63361520526979,4.101236638582125,0.00915711309227484,-0.01583402086011418,0.00235360236397657,0.0,0.0,0.0
1787219339.3590176,TRACKING,0,UNKNOWN,0.0,0.0,0.0,0.0,0.0,0.0,0.0,0.0,-1,0,0,2.9820815938881475,-4.63361520526979,4.101236638582125,0.00915711309227484,-0.01583402086011418,0.00235360236397657,0.0,0.0,0.0
1787219339.4689586,TRACKING,0,UNKNOWN,0.0,0.0,0.0,0.0,0.0,0.0,0.0,0.0,-1,0,0,2.9820815938881475,-4.63361520526979,4.101236638582125,0.00915711309227484,-0.01583402086011418,0.00235360236397657,0.0,0.0,0.0
1787219339.580496,TRACKING,0,UNKNOWN,0.0,0.0,0.0,0.0,0.0,0.0,0.0,0.0,-1,0,0,2.9820815938881475,-4.63361520526979,4.101236638582125,0.00915711309227484,-0.01583402086011418,0.00235360236397657,0.0,0.0,0.0
1787219339.7024026,TRACKING,0,UNKNOWN,0.0,0.0,0.0,0.0,0.0,0.0,0.0,0.0,-1,0,0,2.9820815938881475,-4.63361520526979,4.101236638582125,0.00915711309227484,-0.01583402086011418,0.00235360236397657,0.0,0.0,0.0
1787219339.8214264,TRACKING,0,UNKNOWN,0.0,0.0,0.0,0.0,0.0,0.0,0.0,0.0,-1,0,0,2.9820815938881475,-4.63361520526979,4.101236638582125,0.00915711309227484,-0.01583402086011418,0.00235360236397657,0.0,0.0,0.0
1787219339.9282784,TRACKING,0,UNKNOWN,0.0,0.0,0.0,0.0,0.0,0.0,0.0,0.0,-1,0,0,2.9820815938881475,-4.63361520526979,4.101236638582125,0.00915711309227484,-0.01583402086011418,0.00235360236397657,0.0,0.0,0.0
1787219340.0350342,TRACKING,0,UNKNOWN,0.0,0.0,0.0,0.0,0.0,0.0,0.0,0.0,-1,0,0,2.9820815938881475,-4.63361520526979,4.101236638582125,0.00915711309227484,-0.01583402086011418,0.00235360236397657,0.0,0.0,0.0
1787219340.149964,TRACKING,0,UNKNOWN,0.0,0.0,0.0,0.0,0.0,0.0,0.0,0.0,-1,0,0,2.9820815938881475,-4.63361520526979,4.101236638582125,0.00915711309227484,-0.01583402086011418,0.00235360236397657,0.0,0.0,0.0
1787219340.2785654,TRACKING,0,UNKNOWN,0.0,0.0,0.0,0.0,0.0,0.0,0.0,0.0,-1,0,0,2.99153947308335,-4.649969295795943,4.103667545201681,0.008211325172754563,-0.01419861180749891,0.002110511702020967,0.0,0.0,0.0
1787219340.4171486,TRACKING,0,UNKNOWN,0.0,0.0,0.0,0.0,0.0,0.0,0.0,0.0,-1,0,0,2.99153947308335,-4.649969295795943,4.103667545201681,0.008211325172754563,-0.01419861180749891,0.002110511702020967,0.0,0.0,0.0
1787219340.5240571,TRACKING,0,UNKNOWN,0.0,0.0,0.0,0.0,0.0,0.0,0.0,0.0,-1,0,0,2.99153947308335,-4.649969295795943,4.103667545201681,0.008211325172754563,-0.01419861180749891,0.002110511702020967,0.0,0.0,0.0
1787219340.6366413,TRACKING,0,UNKNOWN,0.0,0.0,0.0,0.0,0.0,0.0,0.0,0.0,-1,0,0,2.99153947308335,-4.649969295795943,4.103667545201681,0.008211325172754563,-0.01419861180749891,0.002110511702020967,0.0,0.0,0.0
1787219340.7410767,TRACKING,0,UNKNOWN,0.0,0.0,0.0,0.0,0.0,0.0,0.0,0.0,-1,0,0,2.99153947308335,-4.649969295795943,4.103667545201681,0.008211325172754563,-0.01419861180749891,0.002110511702020967,0.0,0.0,0.0
1787219340.8510118,TRACKING,0,UNKNOWN,0.0,0.0,0.0,0.0,0.0,0.0,0.0,0.0,-1,0,0,2.99153947308335,-4.649969295795943,4.103667545201681,0.008211325172754563,-0.01419861180749891,0.002110511702020967,0.0,0.0,0.0
1787219340.9828298,TRACKING,0,UNKNOWN,0.0,0.0,0.0,0.0,0.0,0.0,0.0,0.0,-1,0,0,2.99153947308335,-4.649969295795943,4.103667545201681,0.008211325172754563,-0.01419861180749891,0.002110511702020967,0.0,0.0,0.0
1787219341.0907261,TRACKING,0,UNKNOWN,0.0,0.0,0.0,0.0,0.0,0.0,0.0,0.0,-1,0,0,2.99153947308335,-4.649969295795943,4.103667545201681,0.008211325172754563,-0.01419861180749891,0.002110511702020967,0.0,0.0,0.0
1787219341.201129,TRACKING,0,UNKNOWN,0.0,0.0,0.0,0.0,0.0,0.0,0.0,0.0,-1,0,0,2.99153947308335,-4.649969295795943,4.103667545201681,0.008211325172754563,-0.01419861180749891,0.002110511702020967,0.0,0.0,0.0
1787219341.308071,TRACKING,0,UNKNOWN,0.0,0.0,0.0,0.0,0.0,0.0,0.0,0.0,-1,0,0,2.99153947308335,-4.649969295795943,4.103667545201681,0.008211325172754563,-0.01419861180749891,0.002110511702020967,0.0,0.0,0.0
1787219341.422792,TRACKING,0,UNKNOWN,0.0,0.0,0.0,0.0,0.0,0.0,0.0,0.0,-1,0,0,3.0005354954156322,-4.6655247665902895,4.105979743294496,0.007311722939526361,-0.01264306472806429,0.001879291892739513,0.0,0.0,0.0
1787219341.5284867,TRACKING,0,UNKNOWN,0.0,0.0,0.0,0.0,0.0,0.0,0.0,0.0,-1,0,0,3.0005354954156322,-4.6655247665902895,4.105979743294496,0.007311722939526361,-0.01264306472806429,0.001879291892739513,0.0,0.0,0.0
1787219341.6356506,TRACKING,0,UNKNOWN,0.0,0.0,0.0,0.0,0.0,0.0,0.0,0.0,-1,0,0,3.0005354954156322,-4.6655247665902895,4.105979743294496,0.007311722939526361,-0.01264306472806429,0.001879291892739513,0.0,0.0,0.0
1787219341.7484818,TRACKING,0,UNKNOWN,0.0,0.0,0.0,0.0,0.0,0.0,0.0,0.0,-1,0,0,3.0005354954156322,-4.6655247665902895,4.105979743294496,0.007311722939526361,-0.01264306472806429,0.001879291892739513,0.0,0.0,0.0
1787219341.8841498,TRACKING,0,UNKNOWN,0.0,0.0,0.0,0.0,0.0,0.0,0.0,0.0,-1,0,0,3.0005354954156322,-4.6655247665902895,4.105979743294496,0.007311722939526361,-0.01264306472806429,0.001879291892739513,0.0,0.0,0.0
1787219341.9888477,TRACKING,0,UNKNOWN,0.0,0.0,0.0,0.0,0.0,0.0,0.0,0.0,-1,0,0,3.0005354954156322,-4.6655247665902895,4.105979743294496,0.007311722939526361,-0.01264306472806429,0.001879291892739513,0.0,0.0,0.0
1787219342.0928555,TRACKING,0,UNKNOWN,0.0,0.0,0.0,0.0,0.0,0.0,0.0,0.0,-1,0,0,3.0005354954156322,-4.6655247665902895,4.105979743294496,0.007311722939526361,-0.01264306472806429,0.001879291892739513,0.0,0.0,0.0
1787219342.1960561,TRACKING,0,UNKNOWN,0.0,0.0,0.0,0.0,0.0,0.0,0.0,0.0,-1,0,0,3.0005354954156322,-4.6655247665902895,4.105979743294496,0.007311722939526361,-0.01264306472806429,0.001879291892739513,0.0,0.0,0.0
1787219342.2988288,TRACKING,0,UNKNOWN,0.0,0.0,0.0,0.0,0.0,0.0,0.0,0.0,-1,0,0,3.0005354954156322,-4.6655247665902895,4.105979743294496,0.007311722939526361,-0.01264306472806429,0.001879291892739513,0.0,0.0,0.0
1787219342.400964,SEARCHING,0,UNKNOWN,0.0,0.0,0.0,0.0,0.0,0.0,0.0,0.0,-1,0,0,0.0,0.0,0.0,0.0,0.0,0.0,0.0,0.0,0.0
1787219342.518579,SEARCHING,0,UNKNOWN,0.0,0.0,0.0,0.0,0.0,0.0,0.0,0.0,-1,0,0,0.0,0.0,0.0,0.0,0.0,0.0,0.0,0.0,0.0
1787219342.623366,SEARCHING,0,UNKNOWN,0.0,0.0,0.0,0.0,0.0,0.0,0.0,0.0,-1,0,0,0.0,0.0,0.0,0.0,0.0,0.0,0.0,0.0,0.0
1787219342.73098,SEARCHING,0,UNKNOWN,0.0,0.0,0.0,0.0,0.0,0.0,0.0,0.0,-1,0,0,0.0,0.0,0.0,0.0,0.0,0.0,0.0,0.0,0.0
1787219342.8358436,SEARCHING,0,UNKNOWN,0.0,0.0,0.0,0.0,0.0,0.0,0.0,0.0,-1,0,0,0.0,0.0,0.0,0.0,0.0,0.0,0.0,0.0,0.0
1787219342.9515426,SEARCHING,0,UNKNOWN,0.0,0.0,0.0,0.0,0.0,0.0,0.0,0.0,-1,0,0,0.0,0.0,0.0,0.0,0.0,0.0,0.0,0.0,0.0
1787219343.0523827,SEARCHING,0,UNKNOWN,0.0,0.0,0.0,0.0,0.0,0.0,0.0,0.0,-1,0,0,0.0,0.0,0.0,0.0,0.0,0.0,0.0,0.0,0.0
1787219343.1582792,SEARCHING,0,UNKNOWN,0.0,0.0,0.0,0.0,0.0,0.0,0.0,0.0,-1,0,0,0.0,0.0,0.0,0.0,0.0,0.0,0.0,0.0,0.0
1787219343.262195,SEARCHING,0,UNKNOWN,0.0,0.0,0.0,0.0,0.0,0.0,0.0,0.0,-1,0,0,0.0,0.0,0.0,0.0,0.0,0.0,0.0,0.0,0.0
1787219343.3647916,SEARCHING,0,UNKNOWN,0.0,0.0,0.0,0.0,0.0,0.0,0.0,0.0,-1,0,0,0.0,0.0,0.0,0.0,0.0,0.0,0.0,0.0,0.0
1787219343.5318289,SEARCHING,0,UNKNOWN,0.0,0.0,0.0,0.0,0.0,0.0,0.0,0.0,-1,0,0,0.0,0.0,0.0,0.0,0.0,0.0,0.0,0.0,0.0
1787219343.6424932,SEARCHING,0,UNKNOWN,0.0,0.0,0.0,0.0,0.0,0.0,0.0,0.0,-1,0,0,0.0,0.0,0.0,0.0,0.0,0.0,0.0,0.0,0.0
1787219343.7592835,SEARCHING,0,UNKNOWN,0.0,0.0,0.0,0.0,0.0,0.0,0.0,0.0,-1,0,0,0.0,0.0,0.0,0.0,0.0,0.0,0.0,0.0,0.0
1787219343.8858676,SEARCHING,0,UNKNOWN,0.0,0.0,0.0,0.0,0.0,0.0,0.0,0.0,-1,0,0,0.0,0.0,0.0,0.0,0.0,0.0,0.0,0.0,0.0
1787219343.9900825,SEARCHING,0,UNKNOWN,0.0,0.0,0.0,0.0,0.0,0.0,0.0,0.0,-1,0,0,0.0,0.0,0.0,0.0,0.0,0.0,0.0,0.0,0.0
1787219344.0941296,SEARCHING,0,UNKNOWN,0.0,0.0,0.0,0.0,0.0,0.0,0.0,0.0,-1,0,0,0.0,0.0,0.0,0.0,0.0,0.0,0.0,0.0,0.0
1787219344.1967216,SEARCHING,0,UNKNOWN,0.0,0.0,0.0,0.0,0.0,0.0,0.0,0.0,-1,0,0,0.0,0.0,0.0,0.0,0.0,0.0,0.0,0.0,0.0
1787219344.305102,SEARCHING,0,UNKNOWN,0.0,0.0,0.0,0.0,0.0,0.0,0.0,0.0,-1,0,0,0.0,0.0,0.0,0.0,0.0,0.0,0.0,0.0,0.0
1787219344.4238338,SEARCHING,0,UNKNOWN,0.0,0.0,0.0,0.0,0.0,0.0,0.0,0.0,-1,0,0,0.0,0.0,0.0,0.0,0.0,0.0,0.0,0.0,0.0
1787219344.5646095,SEARCHING,0,UNKNOWN,0.0,0.0,0.0,0.0,0.0,0.0,0.0,0.0,-1,0,0,0.0,0.0,0.0,0.0,0.0,0.0,0.0,0.0,0.0
1787219344.676893,SEARCHING,0,UNKNOWN,0.0,0.0,0.0,0.0,0.0,0.0,0.0,0.0,-1,0,0,0.0,0.0,0.0,0.0,0.0,0.0,0.0,0.0,0.0
1787219344.7796526,SEARCHING,0,UNKNOWN,0.0,0.0,0.0,0.0,0.0,0.0,0.0,0.0,-1,0,0,0.0,0.0,0.0,0.0,0.0,0.0,0.0,0.0,0.0
1787219344.8858528,SEARCHING,0,UNKNOWN,0.0,0.0,0.0,0.0,0.0,0.0,0.0,0.0,-1,0,0,0.0,0.0,0.0,0.0,0.0,0.0,0.0,0.0,0.0
1787219344.9889698,SEARCHING,0,UNKNOWN,0.0,0.0,0.0,0.0,0.0,0.0,0.0,0.0,-1,0,0,0.0,0.0,0.0,0.0,0.0,0.0,0.0,0.0,0.0
1787219345.0918267,SEARCHING,0,UNKNOWN,0.0,0.0,0.0,0.0,0.0,0.0,0.0,0.0,-1,0,0,0.0,0.0,0.0,0.0,0.0,0.0,0.0,0.0,0.0
1787219345.2226965,SEARCHING,0,UNKNOWN,0.0,0.0,0.0,0.0,0.0,0.0,0.0,0.0,-1,0,0,0.0,0.0,0.0,0.0,0.0,0.0,0.0,0.0,0.0
1787219345.3340087,SEARCHING,0,UNKNOWN,0.0,0.0,0.0,0.0,0.0,0.0,0.0,0.0,-1,0,0,0.0,0.0,0.0,0.0,0.0,0.0,0.0,0.0,0.0
1787219345.4670236,SEARCHING,0,UNKNOWN,0.0,0.0,0.0,0.0,0.0,0.0,0.0,0.0,-1,0,0,0.0,0.0,0.0,0.0,0.0,0.0,0.0,0.0,0.0
1787219345.583994,SEARCHING,0,UNKNOWN,0.0,0.0,0.0,0.0,0.0,0.0,0.0,0.0,-1,0,0,0.0,0.0,0.0,0.0,0.0,0.0,0.0,0.0,0.0
1787219345.6910117,SEARCHING,0,UNKNOWN,0.0,0.0,0.0,0.0,0.0,0.0,0.0,0.0,-1,0,0,0.0,0.0,0.0,0.0,0.0,0.0,0.0,0.0,0.0
1787219345.8205235,SEARCHING,0,UNKNOWN,0.0,0.0,0.0,0.0,0.0,0.0,0.0,0.0,-1,0,0,0.0,0.0,0.0,0.0,0.0,0.0,0.0,0.0,0.0
1787219345.926375,SEARCHING,0,UNKNOWN,0.0,0.0,0.0,0.0,0.0,0.0,0.0,0.0,-1,0,0,0.0,0.0,0.0,0.0,0.0,0.0,0.0,0.0,0.0
1787219346.0279849,SEARCHING,0,UNKNOWN,0.0,0.0,0.0,0.0,0.0,0.0,0.0,0.0,-1,0,0,0.0,0.0,0.0,0.0,0.0,0.0,0.0,0.0,0.0
1787219346.1287198,SEARCHING,0,UNKNOWN,0.0,0.0,0.0,0.0,0.0,0.0,0.0,0.0,-1,0,0,0.0,0.0,0.0,0.0,0.0,0.0,0.0,0.0,0.0
1787219346.2638059,SEARCHING,0,UNKNOWN,0.0,0.0,0.0,0.0,0.0,0.0,0.0,0.0,-1,0,0,0.0,0.0,0.0,0.0,0.0,0.0,0.0,0.0,0.0
1787219346.3650239,SEARCHING,0,UNKNOWN,0.0,0.0,0.0,0.0,0.0,0.0,0.0,0.0,-1,0,0,0.0,0.0,0.0,0.0,0.0,0.0,0.0,0.0,0.0
1787219346.486688,SEARCHING,0,UNKNOWN,0.0,0.0,0.0,0.0,0.0,0.0,0.0,0.0,-1,0,0,0.0,0.0,0.0,0.0,0.0,0.0,0.0,0.0,0.0
1787219346.633203,SEARCHING,0,UNKNOWN,0.0,0.0,0.0,0.0,0.0,0.0,0.0,0.0,-1,0,0,0.0,0.0,0.0,0.0,0.0,0.0,0.0,0.0,0.0
1787219346.7551334,SEARCHING,0,UNKNOWN,0.0,0.0,0.0,0.0,0.0,0.0,0.0,0.0,-1,0,0,0.0,0.0,0.0,0.0,0.0,0.0,0.0,0.0,0.0
1787219346.8685164,SEARCHING,0,UNKNOWN,0.0,0.0,0.0,0.0,0.0,0.0,0.0,0.0,-1,0,0,0.0,0.0,0.0,0.0,0.0,0.0,0.0,0.0,0.0
1787219346.9960673,SEARCHING,0,UNKNOWN,0.0,0.0,0.0,0.0,0.0,0.0,0.0,0.0,-1,0,0,0.0,0.0,0.0,0.0,0.0,0.0,0.0,0.0,0.0
1787219347.125078,SEARCHING,0,UNKNOWN,0.0,0.0,0.0,0.0,0.0,0.0,0.0,0.0,-1,0,0,0.0,0.0,0.0,0.0,0.0,0.0,0.0,0.0,0.0
1787219347.245624,SEARCHING,0,UNKNOWN,0.0,0.0,0.0,0.0,0.0,0.0,0.0,0.0,-1,0,0,0.0,0.0,0.0,0.0,0.0,0.0,0.0,0.0,0.0
1787219347.3583663,SEARCHING,0,UNKNOWN,0.0,0.0,0.0,0.0,0.0,0.0,0.0,0.0,-1,0,0,0.0,0.0,0.0,0.0,0.0,0.0,0.0,0.0,0.0
1787219347.4810493,SEARCHING,0,UNKNOWN,0.0,0.0,0.0,0.0,0.0,0.0,0.0,0.0,-1,0,0,0.0,0.0,0.0,0.0,0.0,0.0,0.0,0.0,0.0
1787219347.5982466,SEARCHING,0,UNKNOWN,0.0,0.0,0.0,0.0,0.0,0.0,0.0,0.0,-1,0,0,0.0,0.0,0.0,0.0,0.0,0.0,0.0,0.0,0.0
1787219347.723414,SEARCHING,0,UNKNOWN,0.0,0.0,0.0,0.0,0.0,0.0,0.0,0.0,-1,0,0,0.0,0.0,0.0,0.0,0.0,0.0,0.0,0.0,0.0
1787219347.8471606,SEARCHING,0,UNKNOWN,0.0,0.0,0.0,0.0,0.0,0.0,0.0,0.0,-1,0,0,0.0,0.0,0.0,0.0,0.0,0.0,0.0,0.0,0.0
1787219347.9732614,SEARCHING,0,UNKNOWN,0.0,0.0,0.0,0.0,0.0,0.0,0.0,0.0,-1,0,0,0.0,0.0,0.0,0.0,0.0,0.0,0.0,0.0,0.0
1787219348.0963671,SEARCHING,0,UNKNOWN,0.0,0.0,0.0,0.0,0.0,0.0,0.0,0.0,-1,0,0,0.0,0.0,0.0,0.0,0.0,0.0,0.0,0.0,0.0
1787219348.221796,SEARCHING,0,UNKNOWN,0.0,0.0,0.0,0.0,0.0,0.0,0.0,0.0,-1,0,0,0.0,0.0,0.0,0.0,0.0,0.0,0.0,0.0,0.0
1787219348.3418033,SEARCHING,0,UNKNOWN,0.0,0.0,0.0,0.0,0.0,0.0,0.0,0.0,-1,0,0,0.0,0.0,0.0,0.0,0.0,0.0,0.0,0.0,0.0
1787219348.4664774,SEARCHING,0,UNKNOWN,0.0,0.0,0.0,0.0,0.0,0.0,0.0,0.0,-1,0,0,0.0,0.0,0.0,0.0,0.0,0.0,0.0,0.0,0.0
1787219348.6056714,SEARCHING,0,UNKNOWN,0.0,0.0,0.0,0.0,0.0,0.0,0.0,0.0,-1,0,0,0.0,0.0,0.0,0.0,0.0,0.0,0.0,0.0,0.0
1787219348.7328002,SEARCHING,0,UNKNOWN,0.0,0.0,0.0,0.0,0.0,0.0,0.0,0.0,-1,0,0,0.0,0.0,0.0,0.0,0.0,0.0,0.0,0.0,0.0
1787219348.8580515,SEARCHING,0,UNKNOWN,0.0,0.0,0.0,0.0,0.0,0.0,0.0,0.0,-1,0,0,0.0,0.0,0.0,0.0,0.0,0.0,0.0,0.0,0.0
1787219348.973926,SEARCHING,0,UNKNOWN,0.0,0.0,0.0,0.0,0.0,0.0,0.0,0.0,-1,0,0,0.0,0.0,0.0,0.0,0.0,0.0,0.0,0.0,0.0
1787219349.0937984,SEARCHING,0,UNKNOWN,0.0,0.0,0.0,0.0,0.0,0.0,0.0,0.0,-1,0,0,0.0,0.0,0.0,0.0,0.0,0.0,0.0,0.0,0.0
1787219349.2149482,SEARCHING,0,UNKNOWN,0.0,0.0,0.0,0.0,0.0,0.0,0.0,0.0,-1,0,0,0.0,0.0,0.0,0.0,0.0,0.0,0.0,0.0,0.0
1787219349.3373425,SEARCHING,0,UNKNOWN,0.0,0.0,0.0,0.0,0.0,0.0,0.0,0.0,-1,0,0,0.0,0.0,0.0,0.0,0.0,0.0,0.0,0.0,0.0
1787219349.4493973,SEARCHING,0,UNKNOWN,0.0,0.0,0.0,0.0,0.0,0.0,0.0,0.0,-1,0,0,0.0,0.0,0.0,0.0,0.0,0.0,0.0,0.0,0.0
1787219349.5563533,SEARCHING,0,UNKNOWN,0.0,0.0,0.0,0.0,0.0,0.0,0.0,0.0,-1,0,0,0.0,0.0,0.0,0.0,0.0,0.0,0.0,0.0,0.0
1787219349.6857142,SEARCHING,0,UNKNOWN,0.0,0.0,0.0,0.0,0.0,0.0,0.0,0.0,-1,0,0,0.0,0.0,0.0,0.0,0.0,0.0,0.0,0.0,0.0
1787219349.8006341,SEARCHING,0,UNKNOWN,0.0,0.0,0.0,0.0,0.0,0.0,0.0,0.0,-1,0,0,0.0,0.0,0.0,0.0,0.0,0.0,0.0,0.0,0.0
1787219349.907912,SEARCHING,0,UNKNOWN,0.0,0.0,0.0,0.0,0.0,0.0,0.0,0.0,-1,0,0,0.0,0.0,0.0,0.0,0.0,0.0,0.0,0.0,0.0
1787219350.0138626,SEARCHING,0,UNKNOWN,0.0,0.0,0.0,0.0,0.0,0.0,0.0,0.0,-1,0,0,0.0,0.0,0.0,0.0,0.0,0.0,0.0,0.0,0.0
1787219350.161368,SEARCHING,0,UNKNOWN,0.0,0.0,0.0,0.0,0.0,0.0,0.0,0.0,-1,0,0,0.0,0.0,0.0,0.0,0.0,0.0,0.0,0.0,0.0
1787219350.278913,SEARCHING,0,UNKNOWN,0.0,0.0,0.0,0.0,0.0,0.0,0.0,0.0,-1,0,0,0.0,0.0,0.0,0.0,0.0,0.0,0.0,0.0,0.0
1787219350.3987954,SEARCHING,0,UNKNOWN,0.0,0.0,0.0,0.0,0.0,0.0,0.0,0.0,-1,0,0,0.0,0.0,0.0,0.0,0.0,0.0,0.0,0.0,0.0
1787219350.521812,SEARCHING,0,UNKNOWN,0.0,0.0,0.0,0.0,0.0,0.0,0.0,0.0,-1,0,0,0.0,0.0,0.0,0.0,0.0,0.0,0.0,0.0,0.0
1787219350.637041,SEARCHING,0,UNKNOWN,0.0,0.0,0.0,0.0,0.0,0.0,0.0,0.0,-1,0,0,0.0,0.0,0.0,0.0,0.0,0.0,0.0,0.0,0.0
1787219350.7477982,SEARCHING,0,UNKNOWN,0.0,0.0,0.0,0.0,0.0,0.0,0.0,0.0,-1,0,0,0.0,0.0,0.0,0.0,0.0,0.0,0.0,0.0,0.0
1787219350.866189,SEARCHING,0,UNKNOWN,0.0,0.0,0.0,0.0,0.0,0.0,0.0,0.0,-1,0,0,0.0,0.0,0.0,0.0,0.0,0.0,0.0,0.0,0.0
1787219350.9904072,SEARCHING,0,UNKNOWN,0.0,0.0,0.0,0.0,0.0,0.0,0.0,0.0,-1,0,0,0.0,0.0,0.0,0.0,0.0,0.0,0.0,0.0,0.0
1787219351.0907362,SEARCHING,0,UNKNOWN,0.0,0.0,0.0,0.0,0.0,0.0,0.0,0.0,-1,0,0,0.0,0.0,0.0,0.0,0.0,0.0,0.0,0.0,0.0
1787219351.1942616,SEARCHING,0,UNKNOWN,0.0,0.0,0.0,0.0,0.0,0.0,0.0,0.0,-1,0,0,0.0,0.0,0.0,0.0,0.0,0.0,0.0,0.0,0.0
1787219351.2954304,SEARCHING,0,UNKNOWN,0.0,0.0,0.0,0.0,0.0,0.0,0.0,0.0,-1,0,0,0.0,0.0,0.0,0.0,0.0,0.0,0.0,0.0,0.0
1787219351.4146926,SEARCHING,0,UNKNOWN,0.0,0.0,0.0,0.0,0.0,0.0,0.0,0.0,-1,0,0,0.0,0.0,0.0,0.0,0.0,0.0,0.0,0.0,0.0
1787219351.5189683,SEARCHING,0,UNKNOWN,0.0,0.0,0.0,0.0,0.0,0.0,0.0,0.0,-1,0,0,0.0,0.0,0.0,0.0,0.0,0.0,0.0,0.0,0.0
1787219351.6499846,SEARCHING,0,UNKNOWN,0.0,0.0,0.0,0.0,0.0,0.0,0.0,0.0,-1,0,0,0.0,0.0,0.0,0.0,0.0,0.0,0.0,0.0,0.0
1787219351.7806537,SEARCHING,0,UNKNOWN,0.0,0.0,0.0,0.0,0.0,0.0,0.0,0.0,-1,0,0,0.0,0.0,0.0,0.0,0.0,0.0,0.0,0.0,0.0
1787219351.9234028,SEARCHING,0,UNKNOWN,0.0,0.0,0.0,0.0,0.0,0.0,0.0,0.0,-1,0,0,0.0,0.0,0.0,0.0,0.0,0.0,0.0,0.0,0.0
1787219352.0238483,SEARCHING,0,UNKNOWN,0.0,0.0,0.0,0.0,0.0,0.0,0.0,0.0,-1,0,0,0.0,0.0,0.0,0.0,0.0,0.0,0.0,0.0,0.0
1787219352.1636612,SEARCHING,0,UNKNOWN,0.0,0.0,0.0,0.0,0.0,0.0,0.0,0.0,-1,0,0,0.0,0.0,0.0,0.0,0.0,0.0,0.0,0.0,0.0
1787219352.27208,SEARCHING,0,UNKNOWN,0.0,0.0,0.0,0.0,0.0,0.0,0.0,0.0,-1,0,0,0.0,0.0,0.0,0.0,0.0,0.0,0.0,0.0,0.0
1787219352.3728507,SEARCHING,0,UNKNOWN,0.0,0.0,0.0,0.0,0.0,0.0,0.0,0.0,-1,0,0,0.0,0.0,0.0,0.0,0.0,0.0,0.0,0.0,0.0
1787219352.5219738,SEARCHING,0,UNKNOWN,0.0,0.0,0.0,0.0,0.0,0.0,0.0,0.0,-1,0,0,0.0,0.0,0.0,0.0,0.0,0.0,0.0,0.0,0.0
1787219352.653045,SEARCHING,0,UNKNOWN,0.0,0.0,0.0,0.0,0.0,0.0,0.0,0.0,-1,0,0,0.0,0.0,0.0,0.0,0.0,0.0,0.0,0.0,0.0
1787219352.7613556,SEARCHING,0,UNKNOWN,0.0,0.0,0.0,0.0,0.0,0.0,0.0,0.0,-1,0,0,0.0,0.0,0.0,0.0,0.0,0.0,0.0,0.0,0.0
1787219352.8907695,SEARCHING,0,UNKNOWN,0.0,0.0,0.0,0.0,0.0,0.0,0.0,0.0,-1,0,0,0.0,0.0,0.0,0.0,0.0,0.0,0.0,0.0,0.0
1787219353.0240457,SEARCHING,0,UNKNOWN,0.0,0.0,0.0,0.0,0.0,0.0,0.0,0.0,-1,0,0,0.0,0.0,0.0,0.0,0.0,0.0,0.0,0.0,0.0
1787219353.158226,SEARCHING,0,UNKNOWN,0.0,0.0,0.0,0.0,0.0,0.0,0.0,0.0,-1,0,0,0.0,0.0,0.0,0.0,0.0,0.0,0.0,0.0,0.0
1787219353.2912068,SEARCHING,0,UNKNOWN,0.0,0.0,0.0,0.0,0.0,0.0,0.0,0.0,-1,0,0,0.0,0.0,0.0,0.0,0.0,0.0,0.0,0.0,0.0
1787219353.395161,SEARCHING,0,UNKNOWN,0.0,0.0,0.0,0.0,0.0,0.0,0.0,0.0,-1,0,0,0.0,0.0,0.0,0.0,0.0,0.0,0.0,0.0,0.0
1787219353.4984548,SEARCHING,0,UNKNOWN,0.0,0.0,0.0,0.0,0.0,0.0,0.0,0.0,-1,0,0,0.0,0.0,0.0,0.0,0.0,0.0,0.0,0.0,0.0
1787219353.5992744,SEARCHING,0,UNKNOWN,0.0,0.0,0.0,0.0,0.0,0.0,0.0,0.0,-1,0,0,0.0,0.0,0.0,0.0,0.0,0.0,0.0,0.0,0.0
1787219353.7301865,SEARCHING,0,UNKNOWN,0.0,0.0,0.0,0.0,0.0,0.0,0.0,0.0,-1,0,0,0.0,0.0,0.0,0.0,0.0,0.0,0.0,0.0,0.0
1787219353.862877,SEARCHING,0,UNKNOWN,0.0,0.0,0.0,0.0,0.0,0.0,0.0,0.0,-1,0,0,0.0,0.0,0.0,0.0,0.0,0.0,0.0,0.0,0.0
1787219353.9664493,SEARCHING,0,UNKNOWN,0.0,0.0,0.0,0.0,0.0,0.0,0.0,0.0,-1,0,0,0.0,0.0,0.0,0.0,0.0,0.0,0.0,0.0,0.0
1787219354.1000473,SEARCHING,0,UNKNOWN,0.0,0.0,0.0,0.0,0.0,0.0,0.0,0.0,-1,0,0,0.0,0.0,0.0,0.0,0.0,0.0,0.0,0.0,0.0
1787219354.2195451,SEARCHING,0,UNKNOWN,0.0,0.0,0.0,0.0,0.0,0.0,0.0,0.0,-1,0,0,0.0,0.0,0.0,0.0,0.0,0.0,0.0,0.0,0.0
1787219354.3201637,SEARCHING,0,UNKNOWN,0.0,0.0,0.0,0.0,0.0,0.0,0.0,0.0,-1,0,0,0.0,0.0,0.0,0.0,0.0,0.0,0.0,0.0,0.0
1787219354.4599266,SEARCHING,0,UNKNOWN,0.0,0.0,0.0,0.0,0.0,0.0,0.0,0.0,-1,0,0,0.0,0.0,0.0,0.0,0.0,0.0,0.0,0.0,0.0
1787219354.5920033,SEARCHING,0,UNKNOWN,0.0,0.0,0.0,0.0,0.0,0.0,0.0,0.0,-1,0,0,0.0,0.0,0.0,0.0,0.0,0.0,0.0,0.0,0.0
1787219354.7156556,SEARCHING,0,UNKNOWN,0.0,0.0,0.0,0.0,0.0,0.0,0.0,0.0,-1,0,0,0.0,0.0,0.0,0.0,0.0,0.0,0.0,0.0,0.0
1787219354.84429,SEARCHING,0,UNKNOWN,0.0,0.0,0.0,0.0,0.0,0.0,0.0,0.0,-1,0,0,0.0,0.0,0.0,0.0,0.0,0.0,0.0,0.0,0.0
1787219354.9755883,SEARCHING,0,UNKNOWN,0.0,0.0,0.0,0.0,0.0,0.0,0.0,0.0,-1,0,0,0.0,0.0,0.0,0.0,0.0,0.0,0.0,0.0,0.0
1787219355.107916,SEARCHING,0,UNKNOWN,0.0,0.0,0.0,0.0,0.0,0.0,0.0,0.0,-1,0,0,0.0,0.0,0.0,0.0,0.0,0.0,0.0,0.0,0.0
1787219355.2500682,SEARCHING,0,UNKNOWN,0.0,0.0,0.0,0.0,0.0,0.0,0.0,0.0,-1,0,0,0.0,0.0,0.0,0.0,0.0,0.0,0.0,0.0,0.0
1787219355.3523405,SEARCHING,0,UNKNOWN,0.0,0.0,0.0,0.0,0.0,0.0,0.0,0.0,-1,0,0,0.0,0.0,0.0,0.0,0.0,0.0,0.0,0.0,0.0
1787219355.463653,SEARCHING,0,UNKNOWN,0.0,0.0,0.0,0.0,0.0,0.0,0.0,0.0,-1,0,0,0.0,0.0,0.0,0.0,0.0,0.0,0.0,0.0,0.0
1787219355.5914114,SEARCHING,0,UNKNOWN,0.0,0.0,0.0,0.0,0.0,0.0,0.0,0.0,-1,0,0,0.0,0.0,0.0,0.0,0.0,0.0,0.0,0.0,0.0
1787219355.723478,SEARCHING,0,UNKNOWN,0.0,0.0,0.0,0.0,0.0,0.0,0.0,0.0,-1,0,0,0.0,0.0,0.0,0.0,0.0,0.0,0.0,0.0,0.0
1787219355.8385248,SEARCHING,0,UNKNOWN,0.0,0.0,0.0,0.0,0.0,0.0,0.0,0.0,-1,0,0,0.0,0.0,0.0,0.0,0.0,0.0,0.0,0.0,0.0
1787219355.9623241,SEARCHING,0,UNKNOWN,0.0,0.0,0.0,0.0,0.0,0.0,0.0,0.0,-1,0,0,0.0,0.0,0.0,0.0,0.0,0.0,0.0,0.0,0.0
1787219356.0981088,SEARCHING,0,UNKNOWN,0.0,0.0,0.0,0.0,0.0,0.0,0.0,0.0,-1,0,0,0.0,0.0,0.0,0.0,0.0,0.0,0.0,0.0,0.0
1787219356.2840843,SEARCHING,0,UNKNOWN,0.0,0.0,0.0,0.0,0.0,0.0,0.0,0.0,-1,0,0,0.0,0.0,0.0,0.0,0.0,0.0,0.0,0.0,0.0
1787219356.420547,SEARCHING,0,UNKNOWN,0.0,0.0,0.0,0.0,0.0,0.0,0.0,0.0,-1,0,0,0.0,0.0,0.0,0.0,0.0,0.0,0.0,0.0,0.0
1787219356.582513,SEARCHING,0,UNKNOWN,0.0,0.0,0.0,0.0,0.0,0.0,0.0,0.0,-1,0,0,0.0,0.0,0.0,0.0,0.0,0.0,0.0,0.0,0.0
1787219356.746748,SEARCHING,0,UNKNOWN,0.0,0.0,0.0,0.0,0.0,0.0,0.0,0.0,-1,0,0,0.0,0.0,0.0,0.0,0.0,0.0,0.0,0.0,0.0
1787219356.8733327,SEARCHING,0,UNKNOWN,0.0,0.0,0.0,0.0,0.0,0.0,0.0,0.0,-1,0,0,0.0,0.0,0.0,0.0,0.0,0.0,0.0,0.0,0.0
1787219356.9870002,SEARCHING,0,UNKNOWN,0.0,0.0,0.0,0.0,0.0,0.0,0.0,0.0,-1,0,0,0.0,0.0,0.0,0.0,0.0,0.0,0.0,0.0,0.0
1787219357.1188984,SEARCHING,0,UNKNOWN,0.0,0.0,0.0,0.0,0.0,0.0,0.0,0.0,-1,0,0,0.0,0.0,0.0,0.0,0.0,0.0,0.0,0.0,0.0
1787219357.240573,SEARCHING,0,UNKNOWN,0.0,0.0,0.0,0.0,0.0,0.0,0.0,0.0,-1,0,0,0.0,0.0,0.0,0.0,0.0,0.0,0.0,0.0,0.0
1787219357.3486352,SEARCHING,0,UNKNOWN,0.0,0.0,0.0,0.0,0.0,0.0,0.0,0.0,-1,0,0,0.0,0.0,0.0,0.0,0.0,0.0,0.0,0.0,0.0
1787219357.4857132,SEARCHING,0,UNKNOWN,0.0,0.0,0.0,0.0,0.0,0.0,0.0,0.0,-1,0,0,0.0,0.0,0.0,0.0,0.0,0.0,0.0,0.0,0.0
1787219357.6672783,SEARCHING,0,UNKNOWN,0.0,0.0,0.0,0.0,0.0,0.0,0.0,0.0,-1,0,0,0.0,0.0,0.0,0.0,0.0,0.0,0.0,0.0,0.0
1787219357.7870152,SEARCHING,0,UNKNOWN,0.0,0.0,0.0,0.0,0.0,0.0,0.0,0.0,-1,0,0,0.0,0.0,0.0,0.0,0.0,0.0,0.0,0.0,0.0
1787219357.9087305,SEARCHING,0,UNKNOWN,0.0,0.0,0.0,0.0,0.0,0.0,0.0,0.0,-1,0,0,0.0,0.0,0.0,0.0,0.0,0.0,0.0,0.0,0.0
1787219358.029698,SEARCHING,0,UNKNOWN,0.0,0.0,0.0,0.0,0.0,0.0,0.0,0.0,-1,0,0,0.0,0.0,0.0,0.0,0.0,0.0,0.0,0.0,0.0
1787219358.1333349,SEARCHING,0,UNKNOWN,0.0,0.0,0.0,0.0,0.0,0.0,0.0,0.0,-1,0,0,0.0,0.0,0.0,0.0,0.0,0.0,0.0,0.0,0.0
1787219358.262992,SEARCHING,0,UNKNOWN,0.0,0.0,0.0,0.0,0.0,0.0,0.0,0.0,-1,0,0,0.0,0.0,0.0,0.0,0.0,0.0,0.0,0.0,0.0
1787219358.3642228,SEARCHING,0,UNKNOWN,0.0,0.0,0.0,0.0,0.0,0.0,0.0,0.0,-1,0,0,0.0,0.0,0.0,0.0,0.0,0.0,0.0,0.0,0.0
1787219358.472349,SEARCHING,0,UNKNOWN,0.0,0.0,0.0,0.0,0.0,0.0,0.0,0.0,-1,0,0,0.0,0.0,0.0,0.0,0.0,0.0,0.0,0.0,0.0
1787219358.5948594,SEARCHING,0,UNKNOWN,0.0,0.0,0.0,0.0,0.0,0.0,0.0,0.0,-1,0,0,0.0,0.0,0.0,0.0,0.0,0.0,0.0,0.0,0.0
1787219358.6956446,SEARCHING,0,UNKNOWN,0.0,0.0,0.0,0.0,0.0,0.0,0.0,0.0,-1,0,0,0.0,0.0,0.0,0.0,0.0,0.0,0.0,0.0,0.0
1787219358.826674,SEARCHING,0,UNKNOWN,0.0,0.0,0.0,0.0,0.0,0.0,0.0,0.0,-1,0,0,0.0,0.0,0.0,0.0,0.0,0.0,0.0,0.0,0.0
1787219358.9496331,SEARCHING,0,UNKNOWN,0.0,0.0,0.0,0.0,0.0,0.0,0.0,0.0,-1,0,0,0.0,0.0,0.0,0.0,0.0,0.0,0.0,0.0,0.0
1787219359.063188,SEARCHING,0,UNKNOWN,0.0,0.0,0.0,0.0,0.0,0.0,0.0,0.0,-1,0,0,0.0,0.0,0.0,0.0,0.0,0.0,0.0,0.0,0.0
1787219359.1686394,SEARCHING,0,UNKNOWN,0.0,0.0,0.0,0.0,0.0,0.0,0.0,0.0,-1,0,0,0.0,0.0,0.0,0.0,0.0,0.0,0.0,0.0,0.0
1787219359.2959611,SEARCHING,0,UNKNOWN,0.0,0.0,0.0,0.0,0.0,0.0,0.0,0.0,-1,0,0,0.0,0.0,0.0,0.0,0.0,0.0,0.0,0.0,0.0
1787219359.4051805,SEARCHING,0,UNKNOWN,0.0,0.0,0.0,0.0,0.0,0.0,0.0,0.0,-1,0,0,0.0,0.0,0.0,0.0,0.0,0.0,0.0,0.0,0.0
1787219359.5337462,SEARCHING,0,UNKNOWN,0.0,0.0,0.0,0.0,0.0,0.0,0.0,0.0,-1,0,0,0.0,0.0,0.0,0.0,0.0,0.0,0.0,0.0,0.0
1787219359.6380048,SEARCHING,0,UNKNOWN,0.0,0.0,0.0,0.0,0.0,0.0,0.0,0.0,-1,0,0,0.0,0.0,0.0,0.0,0.0,0.0,0.0,0.0,0.0
1787219359.7461727,SEARCHING,0,UNKNOWN,0.0,0.0,0.0,0.0,0.0,0.0,0.0,0.0,-1,0,0,0.0,0.0,0.0,0.0,0.0,0.0,0.0,0.0,0.0
1787219359.84936,SEARCHING,0,UNKNOWN,0.0,0.0,0.0,0.0,0.0,0.0,0.0,0.0,-1,0,0,0.0,0.0,0.0,0.0,0.0,0.0,0.0,0.0,0.0
1787219359.9531288,SEARCHING,0,UNKNOWN,0.0,0.0,0.0,0.0,0.0,0.0,0.0,0.0,-1,0,0,0.0,0.0,0.0,0.0,0.0,0.0,0.0,0.0,0.0
1787219360.088171,SEARCHING,0,UNKNOWN,0.0,0.0,0.0,0.0,0.0,0.0,0.0,0.0,-1,0,0,0.0,0.0,0.0,0.0,0.0,0.0,0.0,0.0,0.0
1787219360.2162654,SEARCHING,0,UNKNOWN,0.0,0.0,0.0,0.0,0.0,0.0,0.0,0.0,-1,0,0,0.0,0.0,0.0,0.0,0.0,0.0,0.0,0.0,0.0
1787219360.3371978,SEARCHING,0,UNKNOWN,0.0,0.0,0.0,0.0,0.0,0.0,0.0,0.0,-1,0,0,0.0,0.0,0.0,0.0,0.0,0.0,0.0,0.0,0.0
1787219360.4705336,SEARCHING,0,UNKNOWN,0.0,0.0,0.0,0.0,0.0,0.0,0.0,0.0,-1,0,0,0.0,0.0,0.0,0.0,0.0,0.0,0.0,0.0,0.0
1787219360.5846627,SEARCHING,0,UNKNOWN,0.0,0.0,0.0,0.0,0.0,0.0,0.0,0.0,-1,0,0,0.0,0.0,0.0,0.0,0.0,0.0,0.0,0.0,0.0
1787219360.6970582,SEARCHING,0,UNKNOWN,0.0,0.0,0.0,0.0,0.0,0.0,0.0,0.0,-1,0,0,0.0,0.0,0.0,0.0,0.0,0.0,0.0,0.0,0.0
1787219360.8049505,SEARCHING,0,UNKNOWN,0.0,0.0,0.0,0.0,0.0,0.0,0.0,0.0,-1,0,0,0.0,0.0,0.0,0.0,0.0,0.0,0.0,0.0,0.0
1787219360.9131317,SEARCHING,0,UNKNOWN,0.0,0.0,0.0,0.0,0.0,0.0,0.0,0.0,-1,0,0,0.0,0.0,0.0,0.0,0.0,0.0,0.0,0.0,0.0
1787219361.0382125,SEARCHING,0,UNKNOWN,0.0,0.0,0.0,0.0,0.0,0.0,0.0,0.0,-1,0,0,0.0,0.0,0.0,0.0,0.0,0.0,0.0,0.0,0.0
1787219361.1390224,SEARCHING,0,UNKNOWN,0.0,0.0,0.0,0.0,0.0,0.0,0.0,0.0,-1,0,0,0.0,0.0,0.0,0.0,0.0,0.0,0.0,0.0,0.0
1787219361.246395,SEARCHING,0,UNKNOWN,0.0,0.0,0.0,0.0,0.0,0.0,0.0,0.0,-1,0,0,0.0,0.0,0.0,0.0,0.0,0.0,0.0,0.0,0.0
1787219361.3658793,SEARCHING,0,UNKNOWN,0.0,0.0,0.0,0.0,0.0,0.0,0.0,0.0,-1,0,0,0.0,0.0,0.0,0.0,0.0,0.0,0.0,0.0,0.0
1787219361.4889226,SEARCHING,0,UNKNOWN,0.0,0.0,0.0,0.0,0.0,0.0,0.0,0.0,-1,0,0,0.0,0.0,0.0,0.0,0.0,0.0,0.0,0.0,0.0
1787219361.60245,SEARCHING,0,UNKNOWN,0.0,0.0,0.0,0.0,0.0,0.0,0.0,0.0,-1,0,0,0.0,0.0,0.0,0.0,0.0,0.0,0.0,0.0,0.0
1787219361.734161,SEARCHING,0,UNKNOWN,0.0,0.0,0.0,0.0,0.0,0.0,0.0,0.0,-1,0,0,0.0,0.0,0.0,0.0,0.0,0.0,0.0,0.0,0.0
1787219361.8530984,SEARCHING,0,UNKNOWN,0.0,0.0,0.0,0.0,0.0,0.0,0.0,0.0,-1,0,0,0.0,0.0,0.0,0.0,0.0,0.0,0.0,0.0,0.0
1787219361.9855006,SEARCHING,0,UNKNOWN,0.0,0.0,0.0,0.0,0.0,0.0,0.0,0.0,-1,0,0,0.0,0.0,0.0,0.0,0.0,0.0,0.0,0.0,0.0
1787219362.1191306,SEARCHING,0,UNKNOWN,0.0,0.0,0.0,0.0,0.0,0.0,0.0,0.0,-1,0,0,0.0,0.0,0.0,0.0,0.0,0.0,0.0,0.0,0.0
1787219362.2194188,SEARCHING,0,UNKNOWN,0.0,0.0,0.0,0.0,0.0,0.0,0.0,0.0,-1,0,0,0.0,0.0,0.0,0.0,0.0,0.0,0.0,0.0,0.0
1787219362.3314416,SEARCHING,0,UNKNOWN,0.0,0.0,0.0,0.0,0.0,0.0,0.0,0.0,-1,0,0,0.0,0.0,0.0,0.0,0.0,0.0,0.0,0.0,0.0
1787219362.467034,SEARCHING,0,UNKNOWN,0.0,0.0,0.0,0.0,0.0,0.0,0.0,0.0,-1,0,0,0.0,0.0,0.0,0.0,0.0,0.0,0.0,0.0,0.0
1787219362.5998006,SEARCHING,0,UNKNOWN,0.0,0.0,0.0,0.0,0.0,0.0,0.0,0.0,-1,0,0,0.0,0.0,0.0,0.0,0.0,0.0,0.0,0.0,0.0
1787219362.7043788,SEARCHING,0,UNKNOWN,0.0,0.0,0.0,0.0,0.0,0.0,0.0,0.0,-1,0,0,0.0,0.0,0.0,0.0,0.0,0.0,0.0,0.0,0.0
1787219362.8116536,SEARCHING,0,UNKNOWN,0.0,0.0,0.0,0.0,0.0,0.0,0.0,0.0,-1,0,0,0.0,0.0,0.0,0.0,0.0,0.0,0.0,0.0,0.0
1787219362.9183464,SEARCHING,0,UNKNOWN,0.0,0.0,0.0,0.0,0.0,0.0,0.0,0.0,-1,0,0,0.0,0.0,0.0,0.0,0.0,0.0,0.0,0.0,0.0
1787219363.0251646,SEARCHING,0,UNKNOWN,0.0,0.0,0.0,0.0,0.0,0.0,0.0,0.0,-1,0,0,0.0,0.0,0.0,0.0,0.0,0.0,0.0,0.0,0.0
1787219363.1366217,SEARCHING,0,UNKNOWN,0.0,0.0,0.0,0.0,0.0,0.0,0.0,0.0,-1,0,0,0.0,0.0,0.0,0.0,0.0,0.0,0.0,0.0,0.0
1787219363.2419083,SEARCHING,0,UNKNOWN,0.0,0.0,0.0,0.0,0.0,0.0,0.0,0.0,-1,0,0,0.0,0.0,0.0,0.0,0.0,0.0,0.0,0.0,0.0
1787219363.369984,SEARCHING,0,UNKNOWN,0.0,0.0,0.0,0.0,0.0,0.0,0.0,0.0,-1,0,0,0.0,0.0,0.0,0.0,0.0,0.0,0.0,0.0,0.0
1787219363.499963,SEARCHING,0,UNKNOWN,0.0,0.0,0.0,0.0,0.0,0.0,0.0,0.0,-1,0,0,0.0,0.0,0.0,0.0,0.0,0.0,0.0,0.0,0.0
1787219363.6021357,SEARCHING,0,UNKNOWN,0.0,0.0,0.0,0.0,0.0,0.0,0.0,0.0,-1,0,0,0.0,0.0,0.0,0.0,0.0,0.0,0.0,0.0,0.0
1787219363.7292821,SEARCHING,0,UNKNOWN,0.0,0.0,0.0,0.0,0.0,0.0,0.0,0.0,-1,0,0,0.0,0.0,0.0,0.0,0.0,0.0,0.0,0.0,0.0
1787219363.839817,SEARCHING,0,UNKNOWN,0.0,0.0,0.0,0.0,0.0,0.0,0.0,0.0,-1,0,0,0.0,0.0,0.0,0.0,0.0,0.0,0.0,0.0,0.0
1787219363.960005,SEARCHING,0,UNKNOWN,0.0,0.0,0.0,0.0,0.0,0.0,0.0,0.0,-1,0,0,0.0,0.0,0.0,0.0,0.0,0.0,0.0,0.0,0.0
1787219364.0746772,SEARCHING,0,UNKNOWN,0.0,0.0,0.0,0.0,0.0,0.0,0.0,0.0,-1,0,0,0.0,0.0,0.0,0.0,0.0,0.0,0.0,0.0,0.0
1787219364.1938534,SEARCHING,0,UNKNOWN,0.0,0.0,0.0,0.0,0.0,0.0,0.0,0.0,-1,0,0,0.0,0.0,0.0,0.0,0.0,0.0,0.0,0.0,0.0
1787219364.3010643,SEARCHING,0,UNKNOWN,0.0,0.0,0.0,0.0,0.0,0.0,0.0,0.0,-1,0,0,0.0,0.0,0.0,0.0,0.0,0.0,0.0,0.0,0.0
1787219364.4040585,SEARCHING,0,UNKNOWN,0.0,0.0,0.0,0.0,0.0,0.0,0.0,0.0,-1,0,0,0.0,0.0,0.0,0.0,0.0,0.0,0.0,0.0,0.0
1787219364.543477,SEARCHING,0,UNKNOWN,0.0,0.0,0.0,0.0,0.0,0.0,0.0,0.0,-1,0,0,0.0,0.0,0.0,0.0,0.0,0.0,0.0,0.0,0.0
1787219364.6501448,SEARCHING,0,UNKNOWN,0.0,0.0,0.0,0.0,0.0,0.0,0.0,0.0,-1,0,0,0.0,0.0,0.0,0.0,0.0,0.0,0.0,0.0,0.0
1787219364.7614064,SEARCHING,0,UNKNOWN,0.0,0.0,0.0,0.0,0.0,0.0,0.0,0.0,-1,0,0,0.0,0.0,0.0,0.0,0.0,0.0,0.0,0.0,0.0
1787219364.8672779,SEARCHING,0,UNKNOWN,0.0,0.0,0.0,0.0,0.0,0.0,0.0,0.0,-1,0,0,0.0,0.0,0.0,0.0,0.0,0.0,0.0,0.0,0.0
1787219364.9850035,SEARCHING,0,UNKNOWN,0.0,0.0,0.0,0.0,0.0,0.0,0.0,0.0,-1,0,0,0.0,0.0,0.0,0.0,0.0,0.0,0.0,0.0,0.0
1787219365.118945,SEARCHING,0,UNKNOWN,0.0,0.0,0.0,0.0,0.0,0.0,0.0,0.0,-1,0,0,0.0,0.0,0.0,0.0,0.0,0.0,0.0,0.0,0.0
1787219365.262381,SEARCHING,0,UNKNOWN,0.0,0.0,0.0,0.0,0.0,0.0,0.0,0.0,-1,0,0,0.0,0.0,0.0,0.0,0.0,0.0,0.0,0.0,0.0
1787219365.4006786,SEARCHING,0,UNKNOWN,0.0,0.0,0.0,0.0,0.0,0.0,0.0,0.0,-1,0,0,0.0,0.0,0.0,0.0,0.0,0.0,0.0,0.0,0.0
1787219365.544197,SEARCHING,0,UNKNOWN,0.0,0.0,0.0,0.0,0.0,0.0,0.0,0.0,-1,0,0,0.0,0.0,0.0,0.0,0.0,0.0,0.0,0.0,0.0
1787219365.667661,SEARCHING,0,UNKNOWN,0.0,0.0,0.0,0.0,0.0,0.0,0.0,0.0,-1,0,0,0.0,0.0,0.0,0.0,0.0,0.0,0.0,0.0,0.0
1787219365.803262,SEARCHING,0,UNKNOWN,0.0,0.0,0.0,0.0,0.0,0.0,0.0,0.0,-1,0,0,0.0,0.0,0.0,0.0,0.0,0.0,0.0,0.0,0.0
1787219365.9189372,SEARCHING,0,UNKNOWN,0.0,0.0,0.0,0.0,0.0,0.0,0.0,0.0,-1,0,0,0.0,0.0,0.0,0.0,0.0,0.0,0.0,0.0,0.0
1787219366.0289583,SEARCHING,0,UNKNOWN,0.0,0.0,0.0,0.0,0.0,0.0,0.0,0.0,-1,0,0,0.0,0.0,0.0,0.0,0.0,0.0,0.0,0.0,0.0
1787219366.1553552,SEARCHING,0,UNKNOWN,0.0,0.0,0.0,0.0,0.0,0.0,0.0,0.0,-1,0,0,0.0,0.0,0.0,0.0,0.0,0.0,0.0,0.0,0.0
1787219366.2652304,SEARCHING,0,UNKNOWN,0.0,0.0,0.0,0.0,0.0,0.0,0.0,0.0,-1,0,0,0.0,0.0,0.0,0.0,0.0,0.0,0.0,0.0,0.0
1787219366.3671353,SEARCHING,0,UNKNOWN,0.0,0.0,0.0,0.0,0.0,0.0,0.0,0.0,-1,0,0,0.0,0.0,0.0,0.0,0.0,0.0,0.0,0.0,0.0
