timestamp_utc,elapsed_s,armed,flight_mode,lat_deg,lon_deg,alt_agl_m,alt_amsl_m,vx_ms,vy_ms,vz_ms,roll_deg,pitch_deg,yaw_deg,groundspeed_ms,airspeed_ms,heading_deg,throttle_pct,battery_v,battery_a,battery_pct,gps_fix_type,satellites_visible,rc1,rc2,rc3,rc4,rc5,rc6,rc7,rc8,last_status_text
2026-07-09T13:23:04.248Z,0.503,False,UNKNOWN,0.0000000,0.0000000,-0.05,-0.04,0.00,0.00,0.01,2.10,1.34,83.12,0.00,0.00,83.0,0,0.000,-0.01,-1,1,0,0,0,0,0,0,0,0,0,
2026-07-09T13:23:04.750Z,1.005,False,STABILIZE,0.0000000,0.0000000,-0.04,-0.04,0.00,0.00,0.01,2.10,1.34,83.12,0.00,0.00,83.0,0,0.000,-0.01,-1,1,0,0,0,0,0,0,0,0,0,
2026-07-09T13:23:05.252Z,1.508,False,STABILIZE,0.0000000,0.0000000,-0.06,-0.04,0.00,0.00,0.01,2.10,1.34,83.12,0.00,0.00,83.0,0,0.000,-0.01,-1,1,0,0,0,0,0,0,0,0,0,
2026-07-09T13:23:05.753Z,2.008,False,STABILIZE,0.0000000,0.0000000,-0.08,-0.04,0.00,0.00,0.01,2.10,1.34,83.12,0.00,0.00,83.0,0,0.000,-0.01,-1,1,0,0,0,0,0,0,0,0,0,
2026-07-09T13:23:06.253Z,2.508,False,STABILIZE,0.0000000,0.0000000,-0.08,-0.04,0.00,0.00,0.01,2.10,1.34,83.12,0.00,0.00,83.0,0,0.000,-0.01,-1,1,0,0,0,0,0,0,0,0,0,
2026-07-09T13:23:06.753Z,3.008,False,STABILIZE,0.0000000,0.0000000,-0.10,-0.04,0.00,0.00,0.01,2.10,1.34,83.12,0.00,0.00,83.0,0,0.000,-0.01,-1,1,0,0,0,0,0,0,0,0,0,
2026-07-09T13:25:13.162Z,3.508,False,STABILIZE,0.0000000,0.0000000,-0.06,-0.04,0.00,0.00,0.01,2.10,1.34,83.11,0.00,0.00,83.0,0,0.000,-0.01,-1,1,0,0,0,0,0,0,0,0,0,
2026-07-09T13:25:13.664Z,4.010,False,STABILIZE,0.0000000,0.0000000,-0.07,-0.04,0.00,0.00,0.01,2.10,1.34,83.11,0.00,0.00,83.0,0,0.000,-0.01,-1,1,0,0,0,0,0,0,0,0,0,GPS 1: u-blox saving config
2026-07-09T13:25:14.257Z,4.603,False,STABILIZE,0.0000000,0.0000000,-0.15,-0.04,0.00,0.00,0.01,2.10,1.34,83.12,0.00,0.00,83.0,0,0.000,-0.01,-1,1,0,0,0,0,0,0,0,0,0,GPS 1: u-blox saving config
2026-07-09T13:25:14.757Z,5.103,False,STABILIZE,0.0000000,0.0000000,-0.10,-0.04,0.00,0.00,0.02,2.10,1.34,83.12,0.00,0.00,83.0,0,0.000,-0.01,-1,1,0,0,0,0,0,0,0,0,0,GPS 1: u-blox saving config
2026-07-09T13:25:15.259Z,5.605,False,STABILIZE,0.0000000,0.0000000,-0.09,-0.04,0.00,0.00,0.02,2.10,1.34,83.11,0.00,0.00,83.0,0,0.000,-0.01,-1,1,0,0,0,0,0,0,0,0,0,GPS 1: u-blox saving config
2026-07-09T13:25:15.761Z,6.106,False,STABILIZE,0.0000000,0.0000000,-0.10,-0.04,0.00,0.00,0.02,2.10,1.34,83.11,0.00,0.00,83.0,0,0.000,-0.01,-1,1,0,0,0,0,0,0,0,0,0,GPS 1: u-blox saving config
2026-07-09T13:25:16.261Z,6.607,False,STABILIZE,0.0000000,0.0000000,-0.11,-0.04,0.00,0.00,0.01,2.10,1.34,83.11,0.00,0.00,83.0,0,0.000,-0.01,-1,1,0,0,0,0,0,0,0,0,0,GPS 1: u-blox saving config
2026-07-09T13:25:16.761Z,7.107,False,STABILIZE,0.0000000,0.0000000,-0.10,-0.04,0.00,0.00,0.01,2.11,1.34,83.11,0.00,0.00,83.0,0,0.000,-0.01,-1,1,0,0,0,0,0,0,0,0,0,GPS 1: u-blox saving config
2026-07-09T13:25:17.261Z,7.607,False,STABILIZE,0.0000000,0.0000000,-0.08,-0.04,0.00,0.00,0.01,2.11,1.34,83.11,0.00,0.00,83.0,0,0.000,-0.01,-1,1,0,0,0,0,0,0,0,0,0,GPS 1: u-blox saving config
2026-07-09T13:25:17.761Z,8.107,False,STABILIZE,0.0000000,0.0000000,-0.09,-0.04,0.00,0.00,0.01,2.11,1.34,83.11,0.00,0.00,83.0,0,0.000,-0.01,-1,1,0,0,0,0,0,0,0,0,0,GPS 1: u-blox saving config
2026-07-09T13:25:18.261Z,8.607,False,STABILIZE,0.0000000,0.0000000,-0.09,-0.04,0.00,0.00,0.01,2.11,1.33,83.11,0.00,0.00,83.0,0,0.000,-0.01,-1,1,0,0,0,0,0,0,0,0,0,GPS 1: u-blox saving config
2026-07-09T13:25:18.762Z,9.108,False,STABILIZE,0.0000000,0.0000000,-0.06,-0.04,0.00,0.00,0.00,2.11,1.34,83.11,0.00,0.00,83.0,0,0.000,-0.01,-1,1,0,0,0,0,0,0,0,0,0,GPS 1: u-blox saving config
2026-07-09T13:25:19.264Z,9.610,False,STABILIZE,0.0000000,0.0000000,-0.05,-0.04,0.00,0.00,0.00,2.11,1.33,83.11,0.00,0.00,83.0,0,0.000,-0.01,-1,1,0,0,0,0,0,0,0,0,0,GPS 1: u-blox saving config
2026-07-09T13:25:19.764Z,10.110,False,STABILIZE,0.0000000,0.0000000,-0.08,-0.04,0.00,0.00,0.00,2.11,1.33,83.11,0.01,0.00,83.0,0,0.000,-0.01,-1,1,0,0,0,0,0,0,0,0,0,GPS 1: u-blox saving config
2026-07-09T13:25:20.358Z,10.703,False,STABILIZE,0.0000000,0.0000000,-0.08,-0.04,0.00,0.00,0.00,2.11,1.33,83.12,0.01,0.00,83.0,0,0.000,-0.01,-1,1,0,0,0,0,0,0,0,0,0,GPS 1: u-blox saving config
2026-07-09T13:25:20.858Z,11.203,False,STABILIZE,0.0000000,0.0000000,-0.06,-0.04,0.00,0.00,0.00,2.11,1.33,83.11,0.01,0.00,83.0,0,0.000,-0.01,-1,1,0,0,0,0,0,0,0,0,0,GPS 1: u-blox saving config
2026-07-09T13:25:21.358Z,11.703,False,STABILIZE,0.0000000,0.0000000,-0.06,-0.04,0.00,0.00,0.00,2.12,1.33,83.11,0.01,0.00,83.0,0,0.000,-0.01,-1,1,0,0,0,0,0,0,0,0,0,GPS 1: u-blox saving config
2026-07-09T13:25:21.860Z,12.205,False,STABILIZE,0.0000000,0.0000000,-0.09,-0.04,0.00,0.00,0.00,2.11,1.33,83.11,0.01,0.00,83.0,0,0.000,-0.01,-1,1,0,0,0,0,0,0,0,0,0,GPS 1: u-blox saving config
2026-07-09T13:25:22.360Z,12.705,False,STABILIZE,0.0000000,0.0000000,-0.06,-0.04,0.00,0.00,0.00,2.11,1.33,83.11,0.01,0.00,83.0,0,0.000,-0.01,-1,1,0,0,0,0,0,0,0,0,0,GPS 1: u-blox saving config
2026-07-09T13:25:22.860Z,13.205,False,STABILIZE,0.0000000,0.0000000,-0.08,-0.04,0.00,0.00,0.00,2.11,1.33,83.11,0.01,0.00,83.0,0,0.000,-0.01,-1,1,0,0,0,0,0,0,0,0,0,GPS 1: u-blox saving config
2026-07-09T13:25:23.360Z,13.705,False,STABILIZE,0.0000000,0.0000000,-0.06,-0.04,0.00,0.00,0.00,2.11,1.33,83.11,0.01,0.00,83.0,0,0.000,-0.01,-1,1,0,0,0,0,0,0,0,0,0,GPS 1: u-blox saving config
2026-07-09T13:25:23.860Z,14.205,False,STABILIZE,0.0000000,0.0000000,-0.07,-0.04,0.00,0.00,0.00,2.11,1.34,83.11,0.01,0.00,83.0,0,0.000,-0.01,-1,1,0,0,0,0,0,0,0,0,0,GPS 1: u-blox saving config
2026-07-09T13:25:24.360Z,14.706,False,STABILIZE,0.0000000,0.0000000,-0.04,-0.04,0.00,0.00,0.00,2.11,1.34,83.12,0.00,0.00,83.0,0,0.000,-0.01,-1,1,0,0,0,0,0,0,0,0,0,GPS 1: u-blox saving config
2026-07-09T13:25:24.860Z,15.206,False,STABILIZE,0.0000000,0.0000000,-0.06,-0.04,0.00,0.00,0.00,2.11,1.34,83.12,0.00,0.00,83.0,0,0.000,-0.01,-1,1,0,0,0,0,0,0,0,0,0,GPS 1: u-blox saving config
2026-07-09T13:25:25.360Z,15.706,False,STABILIZE,0.0000000,0.0000000,-0.06,-0.04,0.00,0.00,0.00,2.11,1.34,83.12,0.00,0.00,83.0,0,0.000,-0.01,-1,1,0,0,0,0,0,0,0,0,0,GPS 1: u-blox saving config
2026-07-09T13:25:25.862Z,16.207,False,STABILIZE,0.0000000,0.0000000,-0.05,-0.04,0.00,0.00,0.00,2.11,1.34,83.12,0.00,0.00,83.0,0,0.000,-0.01,-1,1,0,0,0,0,0,0,0,0,0,GPS 1: u-blox saving config
2026-07-09T13:25:26.362Z,16.707,False,STABILIZE,0.0000000,0.0000000,-0.09,-0.04,0.00,0.00,0.00,2.11,1.35,83.12,0.00,0.00,83.0,0,0.000,-0.01,-1,1,0,0,0,0,0,0,0,0,0,GPS 1: u-blox saving config
2026-07-09T13:25:26.862Z,17.208,False,STABILIZE,0.0000000,0.0000000,-0.05,-0.04,0.00,0.00,0.00,2.11,1.35,83.12,0.00,0.00,83.0,0,0.000,-0.01,-1,1,0,0,0,0,0,0,0,0,0,GPS 1: u-blox saving config
2026-07-09T13:25:27.365Z,17.711,False,STABILIZE,0.0000000,0.0000000,-0.06,-0.04,0.00,0.00,0.00,2.11,1.35,83.12,0.00,0.00,83.0,0,0.000,-0.01,-1,1,0,0,0,0,0,0,0,0,0,GPS 1: u-blox saving config
2026-07-09T13:25:27.867Z,18.213,False,STABILIZE,0.0000000,0.0000000,-0.06,-0.04,0.00,0.00,0.00,2.11,1.35,83.12,0.00,0.00,83.0,0,0.000,-0.01,-1,1,0,0,0,0,0,0,0,0,0,GPS 1: u-blox saving config
2026-07-09T13:25:28.367Z,18.713,False,STABILIZE,0.0000000,0.0000000,-0.07,-0.04,0.00,0.00,0.00,2.11,1.35,83.12,0.00,0.00,83.0,0,0.000,-0.01,-1,1,0,0,0,0,0,0,0,0,0,GPS 1: u-blox saving config
2026-07-09T13:25:28.961Z,19.307,False,STABILIZE,0.0000000,0.0000000,-0.06,-0.04,0.00,0.00,0.00,2.11,1.35,83.12,0.00,0.00,83.0,0,0.000,-0.01,-1,1,0,0,0,0,0,0,0,0,0,GPS 1: u-blox saving config
2026-07-09T13:25:29.462Z,19.808,False,STABILIZE,0.0000000,0.0000000,-0.05,-0.04,0.00,0.00,0.00,2.11,1.35,83.12,0.00,0.00,83.0,0,0.000,-0.01,-1,1,0,0,0,0,0,0,0,0,0,GPS 1: u-blox saving config
2026-07-09T13:25:29.962Z,20.308,False,STABILIZE,0.0000000,0.0000000,-0.06,-0.04,0.00,0.00,0.00,2.11,1.35,83.12,0.00,0.00,83.0,0,0.000,-0.01,-1,1,0,0,0,0,0,0,0,0,0,GPS 1: u-blox saving config
2026-07-09T13:25:30.463Z,20.808,False,STABILIZE,0.0000000,0.0000000,-0.09,-0.04,0.00,0.00,0.00,2.11,1.35,83.12,0.00,0.00,83.0,0,0.000,-0.01,-1,1,0,0,0,0,0,0,0,0,0,GPS 1: u-blox saving config
2026-07-09T13:25:30.963Z,21.308,False,STABILIZE,0.0000000,0.0000000,-0.07,-0.04,0.00,0.00,0.00,2.11,1.36,83.12,0.00,0.00,83.0,0,0.000,-0.01,-1,1,0,0,0,0,0,0,0,0,0,GPS 1: u-blox saving config
2026-07-09T13:25:31.464Z,21.810,False,STABILIZE,0.0000000,0.0000000,-0.06,-0.04,0.00,0.00,0.00,2.11,1.36,83.12,0.00,0.00,83.0,0,0.000,-0.01,-1,1,0,0,0,0,0,0,0,0,0,GPS 1: u-blox saving config
2026-07-09T13:25:31.964Z,22.310,False,STABILIZE,0.0000000,0.0000000,-0.07,-0.04,0.00,0.00,0.00,2.10,1.36,83.12,0.00,0.00,83.0,0,0.000,-0.01,-1,1,0,0,0,0,0,0,0,0,0,GPS 1: u-blox saving config
2026-07-09T13:25:32.465Z,22.810,False,STABILIZE,0.0000000,0.0000000,-0.08,-0.04,0.00,0.00,0.00,2.10,1.36,83.12,0.00,0.00,83.0,0,0.000,-0.01,-1,1,0,0,0,0,0,0,0,0,0,PreArm: Board (3.6v) out of range 4.3-5.8v
2026-07-09T13:25:32.965Z,23.310,False,STABILIZE,0.0000000,0.0000000,-0.09,-0.04,0.00,0.00,0.00,2.10,1.35,83.12,0.00,0.00,83.0,0,0.000,-0.01,-1,1,0,0,0,0,0,0,0,0,0,PreArm: Board (3.6v) out of range 4.3-5.8v
2026-07-09T13:25:33.557Z,23.903,False,STABILIZE,0.0000000,0.0000000,-0.10,-0.04,0.00,0.00,0.00,2.10,1.35,83.12,0.00,0.00,83.0,0,0.000,-0.01,-1,1,0,0,0,0,0,0,0,0,0,PreArm: Board (3.6v) out of range 4.3-5.8v
2026-07-09T13:25:34.058Z,24.403,False,STABILIZE,0.0000000,0.0000000,-0.12,-0.04,0.00,0.00,0.00,2.10,1.35,83.12,0.00,0.00,83.0,0,0.000,-0.01,-1,1,0,0,0,0,0,0,0,0,0,PreArm: Board (3.6v) out of range 4.3-5.8v
2026-07-09T13:25:34.560Z,24.905,False,STABILIZE,0.0000000,0.0000000,-0.14,-0.04,0.00,0.00,0.00,2.11,1.35,83.12,0.00,0.00,83.0,0,0.000,-0.01,-1,1,0,0,0,0,0,0,0,0,0,PreArm: Board (3.6v) out of range 4.3-5.8v
2026-07-09T13:25:35.062Z,25.408,False,STABILIZE,0.0000000,0.0000000,-0.10,-0.04,0.00,0.00,0.01,2.11,1.36,83.12,0.00,0.00,83.0,0,0.000,-0.01,-1,1,0,0,0,0,0,0,0,0,0,PreArm: Board (3.6v) out of range 4.3-5.8v
2026-07-09T13:25:35.564Z,25.910,False,STABILIZE,0.0000000,0.0000000,-0.13,-0.04,0.00,0.00,0.01,2.11,1.36,83.12,0.00,0.00,83.0,0,0.000,-0.01,-1,1,0,0,0,0,0,0,0,0,0,PreArm: Board (3.6v) out of range 4.3-5.8v
2026-07-09T13:25:36.065Z,26.411,False,STABILIZE,0.0000000,0.0000000,-0.14,-0.04,0.00,0.00,0.01,2.10,1.35,83.12,0.00,0.00,83.0,0,0.000,-0.01,-1,1,0,0,0,0,0,0,0,0,0,PreArm: Board (3.6v) out of range 4.3-5.8v
2026-07-09T13:25:36.596Z,26.941,False,STABILIZE,0.0000000,0.0000000,-0.14,-0.04,0.00,0.00,0.01,2.10,1.35,83.12,0.00,0.00,83.0,0,0.000,-0.01,-1,1,0,0,0,0,0,0,0,0,0,PreArm: Board (3.6v) out of range 4.3-5.8v
2026-07-09T13:25:37.158Z,27.503,False,STABILIZE,0.0000000,0.0000000,-0.12,-0.04,0.00,0.00,0.01,2.10,1.35,83.12,0.00,0.00,83.0,0,0.000,-0.01,-1,1,0,0,0,0,0,0,0,0,0,PreArm: Board (3.6v) out of range 4.3-5.8v
2026-07-09T13:25:37.660Z,28.005,False,STABILIZE,0.0000000,0.0000000,-0.15,-0.04,0.00,0.00,0.01,2.10,1.35,83.13,0.00,0.00,83.0,0,0.000,-0.01,-1,1,0,0,0,0,0,0,0,0,0,PreArm: Board (3.6v) out of range 4.3-5.8v
2026-07-09T13:25:38.160Z,28.505,False,STABILIZE,0.0000000,0.0000000,-0.14,-0.04,0.00,0.00,0.01,2.10,1.35,83.13,0.00,0.00,83.0,0,0.000,-0.01,-1,1,0,0,0,0,0,0,0,0,0,PreArm: Board (3.6v) out of range 4.3-5.8v
2026-07-09T13:25:38.660Z,29.006,False,STABILIZE,0.0000000,0.0000000,-0.12,-0.04,0.00,0.00,0.01,2.10,1.35,83.13,0.00,0.00,83.0,0,0.000,-0.01,-1,1,0,0,0,0,0,0,0,0,0,PreArm: Board (3.6v) out of range 4.3-5.8v
2026-07-09T13:25:39.160Z,29.506,False,STABILIZE,0.0000000,0.0000000,-0.14,-0.04,0.00,0.00,0.01,2.10,1.35,83.13,0.00,0.00,83.0,0,0.000,-0.01,-1,1,0,0,0,0,0,0,0,0,0,PreArm: Board (3.6v) out of range 4.3-5.8v
2026-07-09T13:25:39.661Z,30.006,False,STABILIZE,0.0000000,0.0000000,-0.11,-0.04,0.00,0.00,0.01,2.09,1.35,83.13,0.00,0.00,83.0,0,0.000,-0.01,-1,1,0,0,0,0,0,0,0,0,0,PreArm: Board (3.6v) out of range 4.3-5.8v
2026-07-09T13:25:40.162Z,30.507,False,STABILIZE,0.0000000,0.0000000,-0.13,-0.04,0.00,0.00,0.00,2.09,1.35,83.13,0.00,0.00,83.0,0,0.000,-0.01,-1,1,0,0,0,0,0,0,0,0,0,PreArm: Board (3.6v) out of range 4.3-5.8v
2026-07-09T13:25:40.662Z,31.008,False,STABILIZE,0.0000000,0.0000000,-0.12,-0.04,0.00,0.00,0.00,2.10,1.35,83.13,0.00,0.00,83.0,0,0.000,-0.01,-1,1,0,0,0,0,0,0,0,0,0,PreArm: Board (3.6v) out of range 4.3-5.8v
2026-07-09T13:25:41.162Z,31.508,False,STABILIZE,0.0000000,0.0000000,-0.12,-0.04,0.00,0.00,0.00,2.10,1.35,83.13,0.00,0.00,83.0,0,0.000,-0.01,-1,1,0,0,0,0,0,0,0,0,0,PreArm: Board (3.6v) out of range 4.3-5.8v
2026-07-09T13:25:41.664Z,32.010,False,STABILIZE,0.0000000,0.0000000,-0.10,-0.04,0.00,0.00,0.00,2.10,1.35,83.13,0.00,0.00,83.0,0,0.000,-0.01,-1,1,0,0,0,0,0,0,0,0,0,PreArm: Board (3.6v) out of range 4.3-5.8v
2026-07-09T13:25:42.257Z,32.603,False,STABILIZE,0.0000000,0.0000000,-0.11,-0.04,0.00,0.00,0.00,2.09,1.35,83.13,0.00,0.00,83.0,0,0.000,-0.01,-1,1,0,0,0,0,0,0,0,0,0,PreArm: Board (3.6v) out of range 4.3-5.8v
2026-07-09T13:25:42.757Z,33.103,False,STABILIZE,0.0000000,0.0000000,-0.11,-0.04,0.00,0.00,0.00,2.09,1.35,83.13,0.00,0.00,83.0,0,0.000,-0.01,-1,1,0,0,0,0,0,0,0,0,0,PreArm: Board (3.6v) out of range 4.3-5.8v
2026-07-09T13:25:43.259Z,33.605,False,STABILIZE,0.0000000,0.0000000,-0.12,-0.04,0.00,0.00,0.00,2.09,1.35,83.13,0.00,0.00,83.0,0,0.000,-0.01,-1,1,0,0,0,0,0,0,0,0,0,PreArm: Board (3.6v) out of range 4.3-5.8v
2026-07-09T13:25:43.760Z,34.105,False,STABILIZE,0.0000000,0.0000000,-0.12,-0.04,0.00,0.00,0.00,2.09,1.35,83.13,0.00,0.00,83.0,0,0.000,-0.01,-1,1,0,0,0,0,0,0,0,0,0,PreArm: Board (3.6v) out of range 4.3-5.8v
2026-07-09T13:25:44.260Z,34.605,False,STABILIZE,0.0000000,0.0000000,-0.11,-0.04,0.00,0.00,0.00,2.09,1.35,83.13,0.00,0.00,83.0,0,0.000,-0.01,-1,1,0,0,0,0,0,0,0,0,0,PreArm: Board (3.6v) out of range 4.3-5.8v
2026-07-09T13:25:44.760Z,35.106,False,STABILIZE,0.0000000,0.0000000,-0.09,-0.04,0.00,0.00,0.00,2.09,1.35,83.13,0.00,0.00,83.0,0,0.000,-0.01,-1,1,0,0,0,0,0,0,0,0,0,PreArm: Board (3.6v) out of range 4.3-5.8v
2026-07-09T13:25:45.260Z,35.606,False,STABILIZE,0.0000000,0.0000000,-0.10,-0.04,0.00,0.00,0.00,2.10,1.35,83.13,0.00,0.00,83.0,0,0.000,-0.01,-1,1,0,0,0,0,0,0,0,0,0,PreArm: Board (3.6v) out of range 4.3-5.8v
2026-07-09T13:25:45.760Z,36.106,False,STABILIZE,0.0000000,0.0000000,-0.11,-0.04,0.00,0.00,0.00,2.10,1.35,83.13,0.00,0.00,83.0,0,0.000,-0.01,-1,1,0,0,0,0,0,0,0,0,0,PreArm: Board (3.6v) out of range 4.3-5.8v
2026-07-09T13:25:46.262Z,36.607,False,STABILIZE,0.0000000,0.0000000,-0.09,-0.04,0.00,0.00,0.00,2.10,1.35,83.13,0.00,0.00,83.0,0,0.000,-0.01,-1,1,0,0,0,0,0,0,0,0,0,PreArm: Board (3.6v) out of range 4.3-5.8v
2026-07-09T13:25:46.762Z,37.107,False,STABILIZE,0.0000000,0.0000000,-0.13,-0.04,0.00,0.00,0.00,2.10,1.35,83.13,0.00,0.00,83.0,0,0.000,-0.01,-1,1,0,0,0,0,0,0,0,0,0,PreArm: Board (3.6v) out of range 4.3-5.8v
2026-07-09T13:25:47.262Z,37.607,False,STABILIZE,0.0000000,0.0000000,-0.13,-0.04,0.00,0.00,0.00,2.10,1.34,83.13,0.00,0.00,83.0,0,0.000,-0.01,-1,1,0,0,0,0,0,0,0,0,0,PreArm: Board (3.6v) out of range 4.3-5.8v
2026-07-09T13:25:47.764Z,38.110,False,STABILIZE,0.0000000,0.0000000,-0.14,-0.04,0.00,0.00,0.00,2.10,1.34,83.13,0.00,0.00,83.0,0,0.000,-0.01,-1,1,0,0,0,0,0,0,0,0,0,PreArm: Board (3.6v) out of range 4.3-5.8v
2026-07-09T13:25:48.269Z,38.615,False,STABILIZE,0.0000000,0.0000000,-0.09,-0.04,0.00,0.00,0.00,2.11,1.34,83.14,0.00,0.00,83.0,0,0.000,-0.01,-1,1,0,0,0,0,0,0,0,0,0,PreArm: Board (3.6v) out of range 4.3-5.8v
2026-07-09T13:25:48.869Z,39.214,False,STABILIZE,0.0000000,0.0000000,-0.13,-0.04,0.00,0.00,0.00,2.11,1.34,83.14,0.00,0.00,83.0,0,0.000,-0.01,-1,1,0,0,0,0,0,0,0,0,0,PreArm: Board (3.6v) out of range 4.3-5.8v
2026-07-09T13:25:49.461Z,39.806,False,STABILIZE,0.0000000,0.0000000,-0.08,-0.04,0.00,0.00,0.00,2.10,1.34,83.14,0.00,0.00,83.0,0,0.000,-0.01,-1,1,0,0,0,0,0,0,0,0,0,PreArm: Board (3.6v) out of range 4.3-5.8v
2026-07-09T13:25:49.961Z,40.307,False,STABILIZE,0.0000000,0.0000000,-0.13,-0.04,0.00,0.00,0.00,2.11,1.35,83.14,0.00,0.00,83.0,0,0.000,-0.01,-1,1,0,0,0,0,0,0,0,0,0,PreArm: Board (3.6v) out of range 4.3-5.8v
2026-07-09T13:25:50.461Z,40.807,False,STABILIZE,0.0000000,0.0000000,-0.09,-0.04,0.00,0.00,0.00,2.11,1.35,83.15,0.00,0.00,83.0,0,0.000,-0.01,-1,1,0,0,0,0,0,0,0,0,0,PreArm: Board (3.6v) out of range 4.3-5.8v
2026-07-09T13:25:50.961Z,41.307,False,STABILIZE,0.0000000,0.0000000,-0.10,-0.04,0.00,0.00,0.00,2.11,1.35,83.15,0.00,0.00,83.0,0,0.000,-0.01,-1,1,0,0,0,0,0,0,0,0,0,PreArm: Board (3.6v) out of range 4.3-5.8v
2026-07-09T13:25:51.461Z,41.807,False,STABILIZE,0.0000000,0.0000000,-0.09,-0.04,0.00,0.00,0.00,2.11,1.35,83.15,0.00,0.00,83.0,0,0.000,-0.01,-1,1,0,0,0,0,0,0,0,0,0,PreArm: Board (3.6v) out of range 4.3-5.8v
2026-07-09T13:25:51.962Z,42.307,False,STABILIZE,0.0000000,0.0000000,-0.13,-0.04,0.00,0.00,0.00,2.11,1.34,83.15,0.00,0.00,83.0,0,0.000,-0.01,-1,1,0,0,0,0,0,0,0,0,0,PreArm: Board (3.6v) out of range 4.3-5.8v
2026-07-09T13:25:52.462Z,42.808,False,STABILIZE,0.0000000,0.0000000,-0.10,-0.04,0.00,0.00,0.00,2.11,1.34,83.15,0.00,0.00,83.0,0,0.000,-0.01,-1,1,0,0,0,0,0,0,0,0,0,PreArm: Board (3.6v) out of range 4.3-5.8v
2026-07-09T13:25:52.963Z,43.309,False,STABILIZE,0.0000000,0.0000000,-0.14,-0.04,0.00,0.00,0.00,2.11,1.34,83.15,0.00,0.00,83.0,0,0.000,-0.01,-1,1,0,0,0,0,0,0,0,0,0,PreArm: Board (3.6v) out of range 4.3-5.8v
2026-07-09T13:25:53.465Z,43.811,False,STABILIZE,0.0000000,0.0000000,-0.13,-0.04,0.00,0.00,0.00,2.11,1.34,83.15,0.00,0.00,83.0,0,0.000,-0.01,-1,1,0,0,0,0,0,0,0,0,0,PreArm: Board (3.6v) out of range 4.3-5.8v
2026-07-09T13:25:53.967Z,44.312,False,STABILIZE,0.0000000,0.0000000,-0.09,-0.04,0.00,0.00,0.00,2.11,1.34,83.15,0.00,0.00,83.0,0,0.000,-0.01,-1,1,0,0,0,0,0,0,0,0,0,PreArm: Board (3.6v) out of range 4.3-5.8v
2026-07-09T13:25:54.563Z,44.909,False,STABILIZE,0.0000000,0.0000000,-0.08,-0.04,0.00,0.00,0.00,2.11,1.34,83.15,0.00,0.00,83.0,0,0.000,-0.01,-1,1,0,0,0,0,0,0,0,0,0,PreArm: Board (3.6v) out of range 4.3-5.8v
2026-07-09T13:25:55.063Z,45.409,False,STABILIZE,0.0000000,0.0000000,-0.08,-0.04,0.00,0.00,0.00,2.11,1.34,83.14,0.00,0.00,83.0,0,0.000,-0.01,-1,1,0,0,0,0,0,0,0,0,0,PreArm: Board (3.6v) out of range 4.3-5.8v
2026-07-09T13:25:55.567Z,45.912,False,STABILIZE,0.0000000,0.0000000,-0.10,-0.04,0.00,0.00,0.00,2.11,1.35,83.14,0.00,0.00,83.0,0,0.000,-0.01,-1,1,0,0,0,0,0,0,0,0,0,PreArm: Board (3.6v) out of range 4.3-5.8v
2026-07-09T13:25:56.160Z,46.506,False,STABILIZE,0.0000000,0.0000000,-0.10,-0.04,0.00,0.00,0.00,2.11,1.35,83.14,0.00,0.00,83.0,0,0.000,-0.01,-1,1,0,0,0,0,0,0,0,0,0,PreArm: Board (3.6v) out of range 4.3-5.8v
2026-07-09T13:25:56.665Z,47.007,False,STABILIZE,0.0000000,0.0000000,-0.10,-0.04,0.00,0.00,0.00,2.11,1.35,83.14,0.00,0.00,83.0,0,0.000,-0.01,-1,1,0,0,0,0,0,0,0,0,0,PreArm: Board (3.6v) out of range 4.3-5.8v
2026-07-09T13:25:57.162Z,47.508,False,STABILIZE,0.0000000,0.0000000,-0.05,-0.04,0.00,0.00,0.00,2.10,1.35,83.15,0.00,0.00,83.0,0,0.000,-0.01,-1,1,0,0,0,0,0,0,0,0,0,PreArm: Board (3.6v) out of range 4.3-5.8v
2026-07-09T13:25:57.664Z,48.010,False,STABILIZE,0.0000000,0.0000000,-0.10,-0.04,0.00,0.00,0.00,2.10,1.35,83.15,0.00,0.00,83.0,0,0.000,-0.01,-1,1,0,0,0,0,0,0,0,0,0,PreArm: Board (3.6v) out of range 4.3-5.8v
2026-07-09T13:25:58.165Z,48.511,False,STABILIZE,0.0000000,0.0000000,-0.09,-0.04,0.00,0.00,0.00,2.11,1.35,83.15,0.00,0.00,83.0,0,0.000,-0.01,-1,1,0,0,0,0,0,0,0,0,0,PreArm: Board (3.6v) out of range 4.3-5.8v
2026-07-09T13:25:58.665Z,49.011,False,STABILIZE,0.0000000,0.0000000,-0.09,-0.04,0.00,0.00,0.00,2.11,1.35,83.15,0.00,0.00,83.0,0,0.000,-0.01,-1,1,0,0,0,0,0,0,0,0,0,PreArm: Board (3.6v) out of range 4.3-5.8v
2026-07-09T13:25:59.166Z,49.512,False,STABILIZE,0.0000000,0.0000000,-0.08,-0.04,0.00,0.00,0.00,2.11,1.35,83.15,0.00,0.00,83.0,0,0.000,-0.01,-1,1,0,0,0,0,0,0,0,0,0,PreArm: Board (3.6v) out of range 4.3-5.8v
2026-07-09T13:25:59.669Z,50.015,False,STABILIZE,0.0000000,0.0000000,-0.08,-0.04,0.00,0.00,0.00,2.11,1.35,83.15,0.00,0.00,83.0,0,0.000,-0.01,-1,1,0,0,0,0,0,0,0,0,0,PreArm: Board (3.6v) out of range 4.3-5.8v
2026-07-09T13:26:00.260Z,50.605,False,STABILIZE,0.0000000,0.0000000,-0.06,-0.04,0.00,0.00,0.00,2.11,1.35,83.15,0.00,0.00,83.0,0,0.000,-0.01,-1,1,0,0,0,0,0,0,0,0,0,PreArm: Board (3.6v) out of range 4.3-5.8v
2026-07-09T13:26:00.760Z,51.105,False,STABILIZE,0.0000000,0.0000000,-0.10,-0.04,0.00,0.00,0.00,2.11,1.35,83.15,0.00,0.00,83.0,0,0.000,-0.01,-1,1,0,0,0,0,0,0,0,0,0,PreArm: Board (3.6v) out of range 4.3-5.8v
2026-07-09T13:26:01.260Z,51.605,False,STABILIZE,0.0000000,0.0000000,-0.09,-0.04,0.00,0.00,0.00,2.12,1.35,83.15,0.00,0.00,83.0,0,0.000,-0.01,-1,1,0,0,0,0,0,0,0,0,0,PreArm: Board (3.6v) out of range 4.3-5.8v
2026-07-09T13:26:01.760Z,52.106,False,STABILIZE,0.0000000,0.0000000,-0.14,-0.04,0.00,0.00,0.00,2.11,1.35,83.16,0.00,0.00,83.0,0,0.000,-0.01,-1,1,0,0,0,0,0,0,0,0,0,PreArm: Board (3.6v) out of range 4.3-5.8v
2026-07-09T13:26:02.261Z,52.607,False,STABILIZE,0.0000000,0.0000000,-0.05,-0.04,0.00,0.00,0.00,2.11,1.35,83.16,0.00,0.00,83.0,0,0.000,-0.01,-1,1,0,0,0,0,0,0,0,0,0,PreArm: Board (3.6v) out of range 4.3-5.8v
2026-07-09T13:26:02.762Z,53.108,False,STABILIZE,0.0000000,0.0000000,-0.09,-0.04,0.00,0.00,0.00,2.11,1.35,83.16,0.00,0.00,83.0,0,0.000,-0.01,-1,1,0,0,0,0,0,0,0,0,0,PreArm: Board (3.6v) out of range 4.3-5.8v
2026-07-09T13:26:03.263Z,53.609,False,STABILIZE,0.0000000,0.0000000,-0.08,-0.04,0.00,0.00,0.00,2.11,1.35,83.16,0.00,0.00,83.0,0,0.000,-0.01,-1,1,0,0,0,0,0,0,0,0,0,PreArm: Board (3.6v) out of range 4.3-5.8v
2026-07-09T13:26:03.763Z,54.109,False,STABILIZE,0.0000000,0.0000000,-0.08,-0.04,0.00,0.00,0.00,2.11,1.35,83.16,0.00,0.00,83.0,0,0.000,-0.01,-1,1,0,0,0,0,0,0,0,0,0,PreArm: Board (3.6v) out of range 4.3-5.8v
2026-07-09T13:26:04.264Z,54.609,False,STABILIZE,0.0000000,0.0000000,-0.09,-0.04,0.00,0.00,0.00,2.11,1.35,83.16,0.00,0.00,83.0,0,0.000,-0.01,-1,1,0,0,0,0,0,0,0,0,0,PreArm: Board (3.6v) out of range 4.3-5.8v
2026-07-09T13:26:04.764Z,55.110,False,STABILIZE,0.0000000,0.0000000,-0.07,-0.04,0.00,0.00,0.00,2.11,1.35,83.16,0.00,0.00,83.0,0,0.000,-0.01,-1,1,0,0,0,0,0,0,0,0,0,PreArm: Board (3.6v) out of range 4.3-5.8v
2026-07-09T13:26:05.264Z,55.610,False,STABILIZE,0.0000000,0.0000000,-0.10,-0.04,0.00,0.00,0.00,2.11,1.35,83.16,0.00,0.00,83.0,0,0.000,-0.01,-1,1,0,0,0,0,0,0,0,0,0,PreArm: Board (3.6v) out of range 4.3-5.8v
2026-07-09T13:26:05.765Z,56.111,False,STABILIZE,0.0000000,0.0000000,-0.06,-0.04,0.00,0.00,0.00,2.11,1.35,83.17,0.00,0.00,83.0,0,0.000,-0.01,-1,1,0,0,0,0,0,0,0,0,0,PreArm: Board (3.6v) out of range 4.3-5.8v
2026-07-09T13:26:06.267Z,56.613,False,STABILIZE,0.0000000,0.0000000,-0.09,-0.04,0.00,0.00,0.00,2.11,1.35,83.17,0.00,0.00,83.0,0,0.000,-0.01,-1,1,0,0,0,0,0,0,0,0,0,PreArm: Board (3.6v) out of range 4.3-5.8v
2026-07-09T13:26:06.767Z,57.113,False,STABILIZE,0.0000000,0.0000000,-0.06,-0.04,0.00,0.00,0.00,2.10,1.34,83.17,0.00,0.00,83.0,0,0.000,-0.01,-1,1,0,0,0,0,0,0,0,0,0,PreArm: Board (3.6v) out of range 4.3-5.8v
2026-07-09T13:26:07.267Z,57.613,False,STABILIZE,0.0000000,0.0000000,-0.09,-0.04,0.00,0.00,0.00,2.10,1.34,83.17,0.00,0.00,83.0,0,0.000,-0.01,-1,1,0,0,0,0,0,0,0,0,0,PreArm: Board (3.6v) out of range 4.3-5.8v
2026-07-09T13:26:07.769Z,58.115,False,STABILIZE,0.0000000,0.0000000,-0.11,-0.04,0.00,0.00,0.00,2.10,1.35,83.17,0.00,0.00,83.0,0,0.000,-0.01,-1,1,0,0,0,0,0,0,0,0,0,PreArm: Board (3.6v) out of range 4.3-5.8v
2026-07-09T13:26:08.359Z,58.705,False,STABILIZE,0.0000000,0.0000000,-0.09,-0.04,0.00,0.00,0.00,2.10,1.35,83.17,0.00,0.00,83.0,0,0.000,-0.01,-1,1,0,0,0,0,0,0,0,0,0,PreArm: Board (3.6v) out of range 4.3-5.8v
2026-07-09T13:26:08.862Z,59.208,False,STABILIZE,0.0000000,0.0000000,-0.07,-0.04,0.00,0.00,0.00,2.10,1.35,83.17,0.00,0.00,83.0,0,0.000,-0.01,-1,1,0,0,0,0,0,0,0,0,0,PreArm: Board (3.6v) out of range 4.3-5.8v
2026-07-09T13:26:09.362Z,59.708,False,STABILIZE,0.0000000,0.0000000,-0.10,-0.04,0.00,0.00,0.00,2.10,1.35,83.17,0.00,0.00,83.0,0,0.000,-0.01,-1,1,0,0,0,0,0,0,0,0,0,PreArm: Board (3.6v) out of range 4.3-5.8v
2026-07-09T13:26:09.862Z,60.208,False,STABILIZE,0.0000000,0.0000000,-0.09,-0.04,0.00,0.00,0.00,2.10,1.35,83.17,0.00,0.00,83.0,0,0.000,-0.01,-1,1,0,0,0,0,0,0,0,0,0,PreArm: Board (3.6v) out of range 4.3-5.8v
2026-07-09T13:26:10.363Z,60.708,False,STABILIZE,0.0000000,0.0000000,-0.06,-0.04,0.00,0.00,0.00,2.10,1.34,83.17,0.00,0.00,83.0,0,0.000,-0.01,-1,1,0,0,0,0,0,0,0,0,0,PreArm: Board (3.6v) out of range 4.3-5.8v
2026-07-09T13:26:10.863Z,61.208,False,STABILIZE,0.0000000,0.0000000,-0.11,-0.04,0.00,0.00,0.00,2.10,1.34,83.17,0.00,0.00,83.0,0,0.000,-0.01,-1,1,0,0,0,0,0,0,0,0,0,PreArm: Board (3.6v) out of range 4.3-5.8v
2026-07-09T13:26:11.363Z,61.708,False,STABILIZE,0.0000000,0.0000000,-0.14,-0.04,0.00,0.00,0.00,2.10,1.34,83.17,0.00,0.00,83.0,0,0.000,-0.01,-1,1,0,0,0,0,0,0,0,0,0,PreArm: Board (3.6v) out of range 4.3-5.8v
2026-07-09T13:26:11.863Z,62.208,False,STABILIZE,0.0000000,0.0000000,-0.12,-0.04,0.00,0.00,0.00,2.10,1.34,83.17,0.00,0.00,83.0,0,0.000,-0.01,-1,1,0,0,0,0,0,0,0,0,0,PreArm: Board (3.6v) out of range 4.3-5.8v
2026-07-09T13:26:12.363Z,62.708,False,STABILIZE,0.0000000,0.0000000,-0.12,-0.04,0.00,0.00,0.00,2.10,1.34,83.17,0.00,0.00,83.0,0,0.000,-0.01,-1,1,0,0,0,0,0,0,0,0,0,PreArm: Board (3.6v) out of range 4.3-5.8v
2026-07-09T13:26:12.863Z,63.209,False,STABILIZE,0.0000000,0.0000000,-0.12,-0.04,0.00,0.00,0.01,2.10,1.34,83.17,0.00,0.00,83.0,0,0.000,-0.01,-1,1,0,0,0,0,0,0,0,0,0,PreArm: Board (3.6v) out of range 4.3-5.8v
2026-07-09T13:26:13.363Z,63.709,False,STABILIZE,0.0000000,0.0000000,-0.14,-0.04,0.00,0.00,0.01,2.09,1.34,83.17,0.00,0.00,83.0,0,0.000,-0.01,-1,1,0,0,0,0,0,0,0,0,0,PreArm: Board (3.6v) out of range 4.3-5.8v
2026-07-09T13:26:13.863Z,64.209,False,STABILIZE,0.0000000,0.0000000,-0.14,-0.04,0.00,0.00,0.01,2.09,1.33,83.16,0.01,0.00,83.0,0,0.000,-0.01,-1,1,0,0,0,0,0,0,0,0,0,PreArm: Board (3.6v) out of range 4.3-5.8v
2026-07-09T13:26:14.365Z,64.711,False,STABILIZE,0.0000000,0.0000000,-0.15,-0.04,0.00,0.00,0.01,2.09,1.33,83.17,0.01,0.00,83.0,0,0.000,-0.01,-1,1,0,0,0,0,0,0,0,0,0,PreArm: Board (3.6v) out of range 4.3-5.8v
2026-07-09T13:26:14.865Z,65.211,False,STABILIZE,0.0000000,0.0000000,-0.14,-0.04,0.00,0.00,0.01,2.09,1.34,83.17,0.01,0.00,83.0,0,0.000,-0.01,-1,1,0,0,0,0,0,0,0,0,0,PreArm: Board (3.6v) out of range 4.3-5.8v
2026-07-09T13:26:15.365Z,65.711,False,STABILIZE,0.0000000,0.0000000,-0.15,-0.04,0.00,0.00,0.01,2.09,1.34,83.17,0.01,0.00,83.0,0,0.000,-0.01,-1,1,0,0,0,0,0,0,0,0,0,PreArm: Board (3.6v) out of range 4.3-5.8v
2026-07-09T13:26:15.866Z,66.212,False,STABILIZE,0.0000000,0.0000000,-0.18,-0.04,0.00,0.00,0.01,2.09,1.33,83.17,0.01,0.00,83.0,0,0.000,-0.01,-1,1,0,0,0,0,0,0,0,0,0,PreArm: Board (3.6v) out of range 4.3-5.8v
2026-07-09T13:26:16.367Z,66.713,False,STABILIZE,0.0000000,0.0000000,-0.15,-0.04,0.00,0.00,0.01,2.10,1.33,83.17,0.01,0.00,83.0,0,0.000,-0.01,-1,1,0,0,0,0,0,0,0,0,0,PreArm: Board (3.6v) out of range 4.3-5.8v
2026-07-09T13:26:16.867Z,67.213,False,STABILIZE,0.0000000,0.0000000,-0.15,-0.04,0.00,0.00,0.01,2.10,1.33,83.17,0.01,0.00,83.0,0,0.000,-0.01,-1,1,0,0,0,0,0,0,0,0,0,PreArm: Board (3.6v) out of range 4.3-5.8v
2026-07-09T13:26:17.367Z,67.713,False,STABILIZE,0.0000000,0.0000000,-0.18,-0.04,0.00,0.00,0.01,2.10,1.34,83.18,0.01,0.00,83.0,0,0.000,-0.01,-1,1,0,0,0,0,0,0,0,0,0,PreArm: Board (3.6v) out of range 4.3-5.8v
2026-07-09T13:26:17.868Z,68.213,False,STABILIZE,0.0000000,0.0000000,-0.18,-0.04,0.00,0.00,0.01,2.10,1.34,83.18,0.00,0.00,83.0,0,0.000,-0.01,-1,1,0,0,0,0,0,0,0,0,0,PreArm: Board (3.6v) out of range 4.3-5.8v
2026-07-09T13:26:18.461Z,68.806,False,STABILIZE,0.0000000,0.0000000,-0.19,-0.04,0.00,0.00,0.01,2.10,1.33,83.18,0.00,0.00,83.0,0,0.000,-0.01,-1,1,0,0,0,0,0,0,0,0,0,PreArm: Board (3.6v) out of range 4.3-5.8v
2026-07-09T13:26:18.961Z,69.306,False,STABILIZE,0.0000000,0.0000000,-0.20,-0.04,0.00,0.00,0.01,2.10,1.33,83.18,0.00,0.00,83.0,0,0.000,-0.01,-1,1,0,0,0,0,0,0,0,0,0,PreArm: Board (3.6v) out of range 4.3-5.8v
2026-07-09T13:26:19.461Z,69.807,False,STABILIZE,0.0000000,0.0000000,-0.20,-0.04,0.00,0.00,0.01,2.10,1.33,83.18,0.00,0.00,83.0,0,0.000,-0.01,-1,1,0,0,0,0,0,0,0,0,0,PreArm: Board (3.6v) out of range 4.3-5.8v
2026-07-09T13:26:19.963Z,70.308,False,STABILIZE,0.0000000,0.0000000,-0.18,-0.04,0.00,0.00,0.01,2.10,1.34,83.18,0.00,0.00,83.0,0,0.000,-0.01,-1,1,0,0,0,0,0,0,0,0,0,PreArm: Board (3.6v) out of range 4.3-5.8v
2026-07-09T13:26:20.463Z,70.809,False,STABILIZE,0.0000000,0.0000000,-0.18,-0.04,0.00,0.00,0.01,2.10,1.34,83.18,0.00,0.00,83.0,0,0.000,-0.01,-1,1,0,0,0,0,0,0,0,0,0,PreArm: Board (3.6v) out of range 4.3-5.8v
2026-07-09T13:26:20.964Z,71.310,False,STABILIZE,0.0000000,0.0000000,-0.18,-0.04,0.00,0.00,0.01,2.11,1.34,83.18,0.00,0.00,83.0,0,0.000,-0.01,-1,1,0,0,0,0,0,0,0,0,0,PreArm: Board (3.6v) out of range 4.3-5.8v
2026-07-09T13:26:21.465Z,71.811,False,STABILIZE,0.0000000,0.0000000,-0.20,-0.04,0.00,0.00,0.00,2.11,1.34,83.18,0.00,0.00,83.0,0,0.000,-0.01,-1,1,0,0,0,0,0,0,0,0,0,PreArm: Board (3.6v) out of range 4.3-5.8v
2026-07-09T13:26:21.966Z,72.312,False,STABILIZE,0.0000000,0.0000000,-0.17,-0.04,0.00,0.00,0.00,2.11,1.34,83.18,0.00,0.00,83.0,0,0.000,-0.01,-1,1,0,0,0,0,0,0,0,0,0,PreArm: Board (3.6v) out of range 4.3-5.8v
2026-07-09T13:26:22.468Z,72.813,False,STABILIZE,0.0000000,0.0000000,-0.18,-0.04,0.00,0.00,0.00,2.11,1.34,83.19,0.00,0.00,83.0,0,0.000,-0.01,-1,1,0,0,0,0,0,0,0,0,0,PreArm: Board (3.6v) out of range 4.3-5.8v
2026-07-09T13:26:22.968Z,73.313,False,STABILIZE,0.0000000,0.0000000,-0.21,-0.04,0.00,0.00,0.00,2.11,1.34,83.19,0.00,0.00,83.0,0,0.000,-0.01,-1,1,0,0,0,0,0,0,0,0,0,PreArm: Board (3.6v) out of range 4.3-5.8v
2026-07-09T13:26:23.468Z,73.813,False,STABILIZE,0.0000000,0.0000000,-0.19,-0.04,0.00,0.00,0.00,2.11,1.35,83.19,0.00,0.00,83.0,0,0.000,-0.01,-1,1,0,0,0,0,0,0,0,0,0,PreArm: Board (3.6v) out of range 4.3-5.8v
2026-07-09T13:26:24.060Z,74.406,False,STABILIZE,0.0000000,0.0000000,-0.26,-0.04,0.00,0.00,0.00,2.11,1.34,83.19,0.00,0.00,83.0,0,0.000,-0.01,-1,1,0,0,0,0,0,0,0,0,0,PreArm: Board (3.6v) out of range 4.3-5.8v
2026-07-09T13:26:24.560Z,74.906,False,STABILIZE,0.0000000,0.0000000,-0.23,-0.04,0.00,0.00,0.01,2.12,1.35,83.19,0.00,0.00,83.0,0,0.000,-0.01,-1,1,0,0,0,0,0,0,0,0,0,PreArm: Board (3.6v) out of range 4.3-5.8v
2026-07-09T13:26:25.063Z,75.409,False,STABILIZE,0.0000000,0.0000000,-0.26,-0.04,0.00,0.00,0.01,2.11,1.35,83.18,0.00,0.00,83.0,0,0.000,-0.01,-1,1,0,0,0,0,0,0,0,0,0,PreArm: Board (3.6v) out of range 4.3-5.8v
2026-07-09T13:26:25.563Z,75.909,False,STABILIZE,0.0000000,0.0000000,-0.25,-0.04,0.00,0.00,0.01,2.11,1.35,83.18,0.00,0.00,83.0,0,0.000,-0.01,-1,1,0,0,0,0,0,0,0,0,0,PreArm: Board (3.6v) out of range 4.3-5.8v
2026-07-09T13:26:26.063Z,76.409,False,STABILIZE,0.0000000,0.0000000,-0.20,-0.04,0.00,0.00,0.01,2.11,1.35,83.18,0.00,0.00,83.0,0,0.000,-0.01,-1,1,0,0,0,0,0,0,0,0,0,PreArm: Board (3.6v) out of range 4.3-5.8v
2026-07-09T13:26:26.563Z,76.909,False,STABILIZE,0.0000000,0.0000000,-0.24,-0.04,0.00,0.00,0.01,2.11,1.35,83.18,0.00,0.00,83.0,0,0.000,-0.01,-1,1,0,0,0,0,0,0,0,0,0,PreArm: Board (3.6v) out of range 4.3-5.8v
2026-07-09T13:26:27.064Z,77.409,False,STABILIZE,0.0000000,0.0000000,-0.22,-0.04,0.00,0.00,0.00,2.11,1.34,83.18,0.00,0.00,83.0,0,0.000,-0.01,-1,1,0,0,0,0,0,0,0,0,0,PreArm: Board (3.6v) out of range 4.3-5.8v
2026-07-09T13:26:27.567Z,77.912,False,STABILIZE,0.0000000,0.0000000,-0.27,-0.04,0.00,0.00,0.00,2.11,1.34,83.18,0.00,0.00,83.0,0,0.000,-0.01,-1,1,0,0,0,0,0,0,0,0,0,PreArm: Board (3.6v) out of range 4.3-5.8v
2026-07-09T13:26:28.069Z,78.415,False,STABILIZE,0.0000000,0.0000000,-0.23,-0.04,0.00,0.00,0.00,2.11,1.34,83.18,0.00,0.00,83.0,0,0.000,-0.01,-1,1,0,0,0,0,0,0,0,0,0,PreArm: Board (3.6v) out of range 4.3-5.8v
2026-07-09T13:26:28.602Z,78.948,False,STABILIZE,0.0000000,0.0000000,-0.25,-0.04,0.00,0.00,0.00,2.11,1.34,83.18,0.00,0.00,83.0,0,0.000,-0.01,-1,1,0,0,0,0,0,0,0,0,0,PreArm: Board (3.6v) out of range 4.3-5.8v
2026-07-09T13:26:29.160Z,79.506,False,STABILIZE,0.0000000,0.0000000,-0.25,-0.04,0.00,0.00,0.00,2.11,1.34,83.18,0.00,0.00,83.0,0,0.000,-0.01,-1,1,0,0,0,0,0,0,0,0,0,PreArm: Board (3.6v) out of range 4.3-5.8v
2026-07-09T13:26:29.664Z,80.009,False,STABILIZE,0.0000000,0.0000000,-0.26,-0.04,0.00,0.00,0.00,2.11,1.34,83.18,0.00,0.00,83.0,0,0.000,-0.01,-1,1,0,0,0,0,0,0,0,0,0,PreArm: Board (3.6v) out of range 4.3-5.8v
2026-07-09T13:26:30.164Z,80.509,False,STABILIZE,0.0000000,0.0000000,-0.24,-0.04,0.00,0.00,0.00,2.11,1.34,83.18,0.00,0.00,83.0,0,0.000,-0.01,-1,1,0,0,0,0,0,0,0,0,0,PreArm: Board (3.6v) out of range 4.3-5.8v
2026-07-09T13:26:30.664Z,81.009,False,STABILIZE,0.0000000,0.0000000,-0.26,-0.04,0.00,0.00,0.00,2.11,1.34,83.18,0.00,0.00,83.0,0,0.000,-0.01,-1,1,0,0,0,0,0,0,0,0,0,PreArm: Board (3.6v) out of range 4.3-5.8v
2026-07-09T13:26:31.164Z,81.509,False,STABILIZE,0.0000000,0.0000000,-0.23,-0.04,0.00,0.00,0.00,2.11,1.34,83.18,0.00,0.00,83.0,0,0.000,-0.01,-1,1,0,0,0,0,0,0,0,0,0,PreArm: Board (3.6v) out of range 4.3-5.8v
2026-07-09T13:26:31.664Z,82.009,False,STABILIZE,0.0000000,0.0000000,-0.25,-0.04,0.00,0.00,0.00,2.11,1.34,83.18,0.00,0.00,83.0,0,0.000,-0.01,-1,1,0,0,0,0,0,0,0,0,0,PreArm: Board (3.6v) out of range 4.3-5.8v
2026-07-09T13:26:32.166Z,82.511,False,STABILIZE,0.0000000,0.0000000,-0.28,-0.04,0.00,0.00,0.00,2.11,1.35,83.18,0.00,0.00,83.0,0,0.000,-0.01,-1,1,0,0,0,0,0,0,0,0,0,PreArm: Board (3.6v) out of range 4.3-5.8v
2026-07-09T13:26:32.667Z,83.013,False,STABILIZE,0.0000000,0.0000000,-0.26,-0.04,0.00,0.00,0.00,2.11,1.35,83.17,0.00,0.00,83.0,0,0.000,-0.01,-1,1,0,0,0,0,0,0,0,0,0,PreArm: Board (3.6v) out of range 4.3-5.8v
2026-07-09T13:26:33.169Z,83.515,False,STABILIZE,0.0000000,0.0000000,-0.23,-0.04,0.00,0.00,0.00,2.11,1.36,83.18,0.00,0.00,83.0,0,0.000,-0.01,-1,1,0,0,0,0,0,0,0,0,0,PreArm: Board (3.6v) out of range 4.3-5.8v
2026-07-09T13:26:33.761Z,84.107,False,STABILIZE,0.0000000,0.0000000,-0.22,-0.04,0.00,0.00,0.00,2.11,1.36,83.18,0.00,0.00,83.0,0,0.000,-0.01,-1,1,0,0,0,0,0,0,0,0,0,PreArm: Board (3.6v) out of range 4.3-5.8v
2026-07-09T13:26:34.263Z,84.608,False,STABILIZE,0.0000000,0.0000000,-0.26,-0.04,0.00,0.00,0.00,2.11,1.36,83.18,0.00,0.00,83.0,0,0.000,-0.01,-1,1,0,0,0,0,0,0,0,0,0,PreArm: Board (3.6v) out of range 4.3-5.8v
2026-07-09T13:26:34.763Z,85.109,False,STABILIZE,0.0000000,0.0000000,-0.26,-0.04,0.00,0.00,0.00,2.11,1.36,83.18,0.00,0.00,83.0,0,0.000,-0.01,-1,1,0,0,0,0,0,0,0,0,0,PreArm: Board (3.7v) out of range 4.3-5.8v
2026-07-09T13:26:35.264Z,85.609,False,STABILIZE,0.0000000,0.0000000,-0.23,-0.04,0.00,0.00,0.00,2.11,1.36,83.18,0.01,0.00,83.0,0,0.000,-0.01,-1,1,0,0,0,0,0,0,0,0,0,PreArm: Board (3.7v) out of range 4.3-5.8v
2026-07-09T13:26:35.764Z,86.109,False,STABILIZE,0.0000000,0.0000000,-0.25,-0.04,0.00,0.00,0.00,2.11,1.35,83.19,0.00,0.00,83.0,0,0.000,-0.01,-1,1,0,0,0,0,0,0,0,0,0,PreArm: Board (3.7v) out of range 4.3-5.8v
2026-07-09T13:26:36.264Z,86.609,False,STABILIZE,0.0000000,0.0000000,-0.24,-0.04,0.00,0.00,0.00,2.11,1.35,83.18,0.00,0.00,83.0,0,0.000,-0.01,-1,1,0,0,0,0,0,0,0,0,0,PreArm: Board (3.7v) out of range 4.3-5.8v
2026-07-09T13:26:36.765Z,87.111,False,STABILIZE,0.0000000,0.0000000,-0.24,-0.04,0.00,0.00,0.00,2.11,1.35,83.18,0.00,0.00,83.0,0,0.000,-0.01,-1,1,0,0,0,0,0,0,0,0,0,PreArm: Board (3.7v) out of range 4.3-5.8v
2026-07-09T13:26:37.266Z,87.612,False,STABILIZE,0.0000000,0.0000000,-0.27,-0.04,0.00,0.00,0.00,2.11,1.35,83.18,0.00,0.00,83.0,0,0.000,-0.01,-1,1,0,0,0,0,0,0,0,0,0,PreArm: Board (3.7v) out of range 4.3-5.8v
2026-07-09T13:26:37.768Z,88.114,False,STABILIZE,0.0000000,0.0000000,-0.25,-0.04,0.00,0.00,0.00,2.11,1.35,83.18,0.00,0.00,83.0,0,0.000,-0.01,-1,1,0,0,0,0,0,0,0,0,0,PreArm: Board (3.7v) out of range 4.3-5.8v
2026-07-09T13:26:38.270Z,88.616,False,STABILIZE,0.0000000,0.0000000,-0.24,-0.04,0.00,0.00,0.00,2.11,1.35,83.18,0.00,0.00,83.0,0,0.000,-0.01,-1,1,0,0,0,0,0,0,0,0,0,PreArm: Board (3.7v) out of range 4.3-5.8v
2026-07-09T13:26:38.861Z,89.207,False,STABILIZE,0.0000000,0.0000000,-0.22,-0.04,0.00,0.00,0.00,2.11,1.35,83.18,0.00,0.00,83.0,0,0.000,-0.01,-1,1,0,0,0,0,0,0,0,0,0,PreArm: Board (3.7v) out of range 4.3-5.8v
2026-07-09T13:26:39.361Z,89.707,False,STABILIZE,0.0000000,0.0000000,-0.20,-0.04,0.00,0.00,0.00,2.11,1.35,83.17,0.00,0.00,83.0,0,0.000,-0.01,-1,1,0,0,0,0,0,0,0,0,0,PreArm: Board (3.7v) out of range 4.3-5.8v
2026-07-09T13:26:39.863Z,90.209,False,STABILIZE,0.0000000,0.0000000,-0.20,-0.04,0.00,0.00,0.00,2.11,1.35,83.17,0.00,0.00,83.0,0,0.000,-0.01,-1,1,0,0,0,0,0,0,0,0,0,PreArm: Board (3.7v) out of range 4.3-5.8v
2026-07-09T13:26:40.365Z,90.711,False,STABILIZE,0.0000000,0.0000000,-0.23,-0.04,0.00,0.00,0.00,2.11,1.35,83.17,0.00,0.00,83.0,0,0.000,-0.01,-1,1,0,0,0,0,0,0,0,0,0,PreArm: Board (3.7v) out of range 4.3-5.8v
2026-07-09T13:26:40.866Z,91.212,False,STABILIZE,0.0000000,0.0000000,-0.22,-0.04,0.00,0.00,0.00,2.11,1.35,83.18,0.00,0.00,83.0,0,0.000,-0.01,-1,1,0,0,0,0,0,0,0,0,0,PreArm: Board (3.7v) out of range 4.3-5.8v
2026-07-09T13:26:41.368Z,91.714,False,STABILIZE,0.0000000,0.0000000,-0.21,-0.04,0.00,0.00,0.00,2.11,1.35,83.18,0.00,0.00,83.0,0,0.000,-0.01,-1,1,0,0,0,0,0,0,0,0,0,PreArm: Board (3.7v) out of range 4.3-5.8v
2026-07-09T13:26:41.868Z,92.214,False,STABILIZE,0.0000000,0.0000000,-0.24,-0.04,0.00,0.00,0.00,2.11,1.35,83.18,0.00,0.00,83.0,0,0.000,-0.01,-1,1,0,0,0,0,0,0,0,0,0,PreArm: Board (3.7v) out of range 4.3-5.8v
2026-07-09T13:26:42.369Z,92.715,False,STABILIZE,0.0000000,0.0000000,-0.23,-0.04,0.00,0.00,0.00,2.11,1.35,83.18,0.00,0.00,83.0,0,0.000,-0.01,-1,1,0,0,0,0,0,0,0,0,0,PreArm: Board (3.7v) out of range 4.3-5.8v
2026-07-09T13:26:42.964Z,93.310,False,STABILIZE,0.0000000,0.0000000,-0.25,-0.04,0.00,0.00,0.00,2.11,1.35,83.18,0.00,0.00,83.0,0,0.000,-0.01,-1,1,0,0,0,0,0,0,0,0,0,PreArm: Board (3.7v) out of range 4.3-5.8v
2026-07-09T13:26:43.465Z,93.811,False,STABILIZE,0.0000000,0.0000000,-0.25,-0.04,0.00,0.00,0.00,2.11,1.36,83.18,0.00,0.00,83.0,0,0.000,-0.01,-1,1,0,0,0,0,0,0,0,0,0,PreArm: Board (3.7v) out of range 4.3-5.8v
2026-07-09T13:26:43.965Z,94.311,False,STABILIZE,0.0000000,0.0000000,-0.26,-0.04,0.00,0.00,0.00,2.11,1.36,83.18,0.00,0.00,83.0,0,0.000,-0.01,-1,1,0,0,0,0,0,0,0,0,0,PreArm: Board (3.7v) out of range 4.3-5.8v
2026-07-09T13:26:44.465Z,94.811,False,STABILIZE,0.0000000,0.0000000,-0.24,-0.04,0.00,0.00,0.00,2.11,1.36,83.18,0.00,0.00,83.0,0,0.000,-0.01,-1,1,0,0,0,0,0,0,0,0,0,PreArm: Board (3.7v) out of range 4.3-5.8v
2026-07-09T13:26:44.966Z,95.312,False,STABILIZE,0.0000000,0.0000000,-0.26,-0.04,0.00,0.00,0.00,2.11,1.36,83.18,0.00,0.00,83.0,0,0.000,-0.01,-1,1,0,0,0,0,0,0,0,0,0,PreArm: Board (3.7v) out of range 4.3-5.8v
2026-07-09T13:26:45.467Z,95.813,False,STABILIZE,0.0000000,0.0000000,-0.28,-0.04,0.00,0.00,0.00,2.11,1.36,83.18,0.00,0.00,83.0,0,0.000,-0.01,-1,1,0,0,0,0,0,0,0,0,0,PreArm: Board (3.7v) out of range 4.3-5.8v
2026-07-09T13:26:45.967Z,96.313,False,STABILIZE,0.0000000,0.0000000,-0.29,-0.04,0.00,0.00,0.00,2.11,1.36,83.17,0.00,0.00,83.0,0,0.000,-0.01,-1,1,0,0,0,0,0,0,0,0,0,PreArm: Board (3.7v) out of range 4.3-5.8v
2026-07-09T13:26:46.467Z,96.813,False,STABILIZE,0.0000000,0.0000000,-0.24,-0.04,0.00,0.00,0.00,2.11,1.35,83.17,0.00,0.00,83.0,0,0.000,-0.01,-1,1,0,0,0,0,0,0,0,0,0,PreArm: Board (3.7v) out of range 4.3-5.8v
2026-07-09T13:26:46.967Z,97.313,False,STABILIZE,0.0000000,0.0000000,-0.28,-0.04,0.00,0.00,0.00,2.11,1.35,83.17,0.00,0.00,83.0,0,0.000,-0.01,-1,1,0,0,0,0,0,0,0,0,0,PreArm: Board (3.7v) out of range 4.3-5.8v
2026-07-09T13:26:47.468Z,97.813,False,STABILIZE,0.0000000,0.0000000,-0.31,-0.04,0.00,0.00,0.00,2.11,1.36,83.17,0.00,0.00,83.0,0,0.000,-0.01,-1,1,0,0,0,0,0,0,0,0,0,PreArm: Board (3.7v) out of range 4.3-5.8v
2026-07-09T13:26:47.968Z,98.314,False,STABILIZE,0.0000000,0.0000000,-0.31,-0.04,0.00,0.00,0.00,2.11,1.36,83.17,0.00,0.00,83.0,0,0.000,-0.01,-1,1,0,0,0,0,0,0,0,0,0,PreArm: Board (3.7v) out of range 4.3-5.8v
2026-07-09T13:26:48.561Z,98.906,False,STABILIZE,0.0000000,0.0000000,-0.27,-0.04,0.00,0.00,0.00,2.11,1.36,83.17,0.00,0.00,83.0,0,0.000,-0.01,-1,1,0,0,0,0,0,0,0,0,0,PreArm: Board (3.7v) out of range 4.3-5.8v
2026-07-09T13:26:49.061Z,99.406,False,STABILIZE,0.0000000,0.0000000,-0.28,-0.04,0.00,0.00,0.01,2.11,1.36,83.17,0.00,0.00,83.0,0,0.000,-0.01,-1,1,0,0,0,0,0,0,0,0,0,PreArm: Board (3.7v) out of range 4.3-5.8v
2026-07-09T13:26:49.561Z,99.907,False,STABILIZE,0.0000000,0.0000000,-0.28,-0.04,0.00,0.00,0.00,2.11,1.36,83.17,0.00,0.00,83.0,0,0.000,-0.01,-1,1,0,0,0,0,0,0,0,0,0,PreArm: Board (3.7v) out of range 4.3-5.8v
2026-07-09T13:26:50.061Z,100.407,False,STABILIZE,0.0000000,0.0000000,-0.30,-0.04,0.00,0.00,0.00,2.11,1.35,83.18,0.00,0.00,83.0,0,0.000,-0.01,-1,1,0,0,0,0,0,0,0,0,0,PreArm: Board (3.7v) out of range 4.3-5.8v
2026-07-09T13:26:50.561Z,100.907,False,STABILIZE,0.0000000,0.0000000,-0.28,-0.04,0.00,0.00,0.00,2.11,1.36,83.18,0.00,0.00,83.0,0,0.000,-0.01,-1,1,0,0,0,0,0,0,0,0,0,PreArm: Board (3.7v) out of range 4.3-5.8v
2026-07-09T13:26:51.066Z,101.411,False,STABILIZE,0.0000000,0.0000000,-0.27,-0.04,0.00,0.00,0.01,2.11,1.36,83.18,0.00,0.00,83.0,0,0.000,-0.01,-1,1,0,0,0,0,0,0,0,0,0,PreArm: Board (3.7v) out of range 4.3-5.8v
2026-07-09T13:26:51.566Z,101.912,False,STABILIZE,0.0000000,0.0000000,-0.28,-0.04,0.00,0.00,0.01,2.11,1.36,83.18,0.00,0.00,83.0,0,0.000,-0.01,-1,1,0,0,0,0,0,0,0,0,0,PreArm: Board (3.7v) out of range 4.3-5.8v
2026-07-09T13:26:52.067Z,102.413,False,STABILIZE,0.0000000,0.0000000,-0.26,-0.04,0.00,0.00,0.01,2.11,1.36,83.18,0.00,0.00,83.0,0,0.000,-0.01,-1,1,0,0,0,0,0,0,0,0,0,PreArm: Board (3.7v) out of range 4.3-5.8v
2026-07-09T13:26:52.568Z,102.913,False,STABILIZE,0.0000000,0.0000000,-0.29,-0.04,0.00,0.00,0.00,2.11,1.36,83.18,0.00,0.00,83.0,0,0.000,-0.01,-1,1,0,0,0,0,0,0,0,0,0,PreArm: Board (3.7v) out of range 4.3-5.8v
2026-07-09T13:26:53.073Z,103.418,False,STABILIZE,0.0000000,0.0000000,-0.28,-0.04,0.00,0.00,0.00,2.11,1.36,83.18,0.00,0.00,83.0,0,0.000,-0.01,-1,1,0,0,0,0,0,0,0,0,0,PreArm: Board (3.7v) out of range 4.3-5.8v
2026-07-09T13:26:53.600Z,103.946,False,STABILIZE,0.0000000,0.0000000,-0.27,-0.04,0.00,0.00,0.00,2.11,1.36,83.18,0.00,0.00,83.0,0,0.000,-0.01,-1,1,0,0,0,0,0,0,0,0,0,PreArm: Board (3.7v) out of range 4.3-5.8v
2026-07-09T13:26:54.162Z,104.508,False,STABILIZE,0.0000000,0.0000000,-0.28,-0.04,0.00,0.00,0.00,2.11,1.35,83.18,0.00,0.00,83.0,0,0.000,-0.01,-1,1,0,0,0,0,0,0,0,0,0,PreArm: Board (3.7v) out of range 4.3-5.8v
2026-07-09T13:26:54.663Z,105.008,False,STABILIZE,0.0000000,0.0000000,-0.28,-0.04,0.00,0.00,0.00,2.11,1.36,83.18,0.00,0.00,83.0,0,0.000,-0.01,-1,1,0,0,0,0,0,0,0,0,0,PreArm: Board (3.7v) out of range 4.3-5.8v
2026-07-09T13:26:55.164Z,105.510,False,STABILIZE,0.0000000,0.0000000,-0.29,-0.04,0.00,0.00,0.00,2.11,1.36,83.18,0.00,0.00,83.0,0,0.000,-0.01,-1,1,0,0,0,0,0,0,0,0,0,PreArm: Board (3.7v) out of range 4.3-5.8v
2026-07-09T13:26:55.665Z,106.010,False,STABILIZE,0.0000000,0.0000000,-0.25,-0.04,0.00,0.00,0.00,2.11,1.36,83.18,0.00,0.00,83.0,0,0.000,-0.01,-1,1,0,0,0,0,0,0,0,0,0,PreArm: Board (3.7v) out of range 4.3-5.8v
2026-07-09T13:26:56.167Z,106.513,False,STABILIZE,0.0000000,0.0000000,-0.30,-0.04,0.00,0.00,0.00,2.11,1.36,83.18,0.00,0.00,83.0,0,0.000,-0.01,-1,1,0,0,0,0,0,0,0,0,0,PreArm: Board (3.7v) out of range 4.3-5.8v
2026-07-09T13:26:56.669Z,107.015,False,STABILIZE,0.0000000,0.0000000,-0.28,-0.04,0.00,0.00,0.00,2.11,1.36,83.18,0.00,0.00,83.0,0,0.000,-0.01,-1,1,0,0,0,0,0,0,0,0,0,PreArm: Board (3.7v) out of range 4.3-5.8v
2026-07-09T13:26:57.170Z,107.516,False,STABILIZE,0.0000000,0.0000000,-0.28,-0.04,0.00,0.00,0.00,2.10,1.36,83.17,0.00,0.00,83.0,0,0.000,-0.01,-1,1,0,0,0,0,0,0,0,0,0,PreArm: Board (3.7v) out of range 4.3-5.8v
2026-07-09T13:26:57.763Z,108.108,False,STABILIZE,0.0000000,0.0000000,-0.30,-0.04,0.00,0.00,0.00,2.11,1.36,83.17,0.00,0.00,83.0,0,0.000,-0.01,-1,1,0,0,0,0,0,0,0,0,0,PreArm: Board (3.7v) out of range 4.3-5.8v
2026-07-09T13:26:58.263Z,108.609,False,STABILIZE,0.0000000,0.0000000,-0.28,-0.04,0.00,0.00,0.00,2.11,1.36,83.17,0.00,0.00,83.0,0,0.000,-0.01,-1,1,0,0,0,0,0,0,0,0,0,PreArm: Board (3.7v) out of range 4.3-5.8v
2026-07-09T13:26:58.763Z,109.109,False,STABILIZE,0.0000000,0.0000000,-0.28,-0.04,0.00,0.00,0.00,2.10,1.35,83.17,0.00,0.00,83.0,0,0.000,-0.01,-1,1,0,0,0,0,0,0,0,0,0,PreArm: Board (3.7v) out of range 4.3-5.8v
2026-07-09T13:26:59.265Z,109.611,False,STABILIZE,0.0000000,0.0000000,-0.27,-0.04,0.00,0.00,0.00,2.11,1.35,83.17,0.00,0.00,83.0,0,0.000,-0.01,-1,1,0,0,0,0,0,0,0,0,0,PreArm: Board (3.7v) out of range 4.3-5.8v
2026-07-09T13:26:59.766Z,110.111,False,STABILIZE,0.0000000,0.0000000,-0.29,-0.04,0.00,0.00,0.00,2.11,1.36,83.17,0.00,0.00,83.0,0,0.000,-0.01,-1,1,0,0,0,0,0,0,0,0,0,PreArm: Board (3.7v) out of range 4.3-5.8v
2026-07-09T13:27:00.267Z,110.613,False,STABILIZE,0.0000000,0.0000000,-0.26,-0.04,0.00,0.00,0.00,2.11,1.36,83.16,0.00,0.00,83.0,0,0.000,-0.01,-1,1,0,0,0,0,0,0,0,0,0,PreArm: Board (3.7v) out of range 4.3-5.8v
2026-07-09T13:27:00.815Z,111.161,False,STABILIZE,0.0000000,0.0000000,-0.27,-0.04,0.00,0.00,0.00,2.11,1.36,83.17,0.00,0.00,83.0,0,0.000,-0.01,-1,1,0,0,0,0,0,0,0,0,0,PreArm: Board (3.7v) out of range 4.3-5.8v
2026-07-09T13:27:01.359Z,111.705,False,STABILIZE,0.0000000,0.0000000,-0.27,-0.04,0.00,0.00,0.00,2.11,1.36,83.17,0.00,0.00,83.0,0,0.000,-0.01,-1,1,0,0,0,0,0,0,0,0,0,PreArm: Board (3.7v) out of range 4.3-5.8v
2026-07-09T13:27:01.859Z,112.205,False,STABILIZE,0.0000000,0.0000000,-0.25,-0.04,0.00,0.00,0.00,2.11,1.36,83.17,0.00,0.00,83.0,0,0.000,-0.01,-1,1,0,0,0,0,0,0,0,0,0,PreArm: Board (3.7v) out of range 4.3-5.8v
2026-07-09T13:27:02.360Z,112.705,False,STABILIZE,0.0000000,0.0000000,-0.26,-0.04,0.00,0.00,0.00,2.11,1.35,83.17,0.00,0.00,83.0,0,0.000,-0.01,-1,1,0,0,0,0,0,0,0,0,0,PreArm: Board (3.7v) out of range 4.3-5.8v
2026-07-09T13:27:02.861Z,113.207,False,STABILIZE,0.0000000,0.0000000,-0.23,-0.04,0.00,0.00,0.00,2.11,1.35,83.17,0.00,0.00,83.0,0,0.000,-0.01,-1,1,0,0,0,0,0,0,0,0,0,PreArm: Board (3.7v) out of range 4.3-5.8v
2026-07-09T13:27:03.362Z,113.708,False,STABILIZE,0.0000000,0.0000000,-0.25,-0.04,0.00,0.00,0.00,2.11,1.35,83.17,0.00,0.00,83.0,0,0.000,-0.01,-1,1,0,0,0,0,0,0,0,0,0,PreArm: Board (3.7v) out of range 4.3-5.8v
2026-07-09T13:27:03.862Z,114.208,False,STABILIZE,0.0000000,0.0000000,-0.25,-0.04,0.00,0.00,0.00,2.11,1.35,83.17,0.00,0.00,83.0,0,0.000,-0.01,-1,1,0,0,0,0,0,0,0,0,0,PreArm: Board (3.7v) out of range 4.3-5.8v
2026-07-09T13:27:04.363Z,114.708,False,STABILIZE,0.0000000,0.0000000,-0.26,-0.04,0.00,0.00,0.00,2.11,1.35,83.17,0.00,0.00,83.0,0,0.000,-0.01,-1,1,0,0,0,0,0,0,0,0,0,PreArm: Board (3.7v) out of range 4.3-5.8v
2026-07-09T13:27:04.864Z,115.210,False,STABILIZE,0.0000000,0.0000000,-0.26,-0.04,0.00,0.00,0.00,2.11,1.35,83.17,0.00,0.00,83.0,0,0.000,-0.01,-1,1,0,0,0,0,0,0,0,0,0,PreArm: Board (3.7v) out of range 4.3-5.8v
2026-07-09T13:27:05.365Z,115.711,False,STABILIZE,0.0000000,0.0000000,-0.28,-0.04,0.00,0.00,0.00,2.11,1.35,83.17,0.00,0.00,83.0,0,0.000,-0.01,-1,1,0,0,0,0,0,0,0,0,0,PreArm: Board (3.7v) out of range 4.3-5.8v
2026-07-09T13:27:05.866Z,116.211,False,STABILIZE,0.0000000,0.0000000,-0.24,-0.04,0.00,0.00,0.00,2.11,1.35,83.17,0.00,0.00,83.0,0,0.000,-0.01,-1,1,0,0,0,0,0,0,0,0,0,PreArm: Board (3.7v) out of range 4.3-5.8v
2026-07-09T13:27:06.366Z,116.712,False,STABILIZE,0.0000000,0.0000000,-0.25,-0.04,0.00,0.00,0.00,2.11,1.35,83.17,0.00,0.00,83.0,0,0.000,-0.01,-1,1,0,0,0,0,0,0,0,0,0,PreArm: Board (3.7v) out of range 4.3-5.8v
2026-07-09T13:27:06.866Z,117.212,False,STABILIZE,0.0000000,0.0000000,-0.26,-0.04,0.00,0.00,0.00,2.11,1.35,83.17,0.00,0.00,83.0,0,0.000,-0.01,-1,1,0,0,0,0,0,0,0,0,0,PreArm: Board (3.7v) out of range 4.3-5.8v
2026-07-09T13:27:07.367Z,117.712,False,STABILIZE,0.0000000,0.0000000,-0.25,-0.04,0.00,0.00,0.00,2.11,1.34,83.17,0.00,0.00,83.0,0,0.000,-0.01,-1,1,0,0,0,0,0,0,0,0,0,PreArm: Board (3.7v) out of range 4.3-5.8v
2026-07-09T13:27:07.867Z,118.213,False,STABILIZE,0.0000000,0.0000000,-0.27,-0.04,0.00,0.00,0.00,2.11,1.34,83.17,0.00,0.00,83.0,0,0.000,-0.01,-1,1,0,0,0,0,0,0,0,0,0,PreArm: Board (3.7v) out of range 4.3-5.8v
2026-07-09T13:27:08.367Z,118.713,False,STABILIZE,0.0000000,0.0000000,-0.27,-0.04,0.00,0.00,0.00,2.11,1.34,83.17,0.00,0.00,83.0,0,0.000,-0.01,-1,1,0,0,0,0,0,0,0,0,0,PreArm: Board (3.7v) out of range 4.3-5.8v
2026-07-09T13:27:08.869Z,119.215,False,STABILIZE,0.0000000,0.0000000,-0.26,-0.04,0.00,0.00,0.00,2.10,1.34,83.17,0.00,0.00,83.0,0,0.000,-0.01,-1,1,0,0,0,0,0,0,0,0,0,PreArm: Board (3.7v) out of range 4.3-5.8v
2026-07-09T13:27:09.460Z,119.805,False,STABILIZE,0.0000000,0.0000000,-0.26,-0.04,0.00,0.00,0.00,2.10,1.34,83.17,0.00,0.00,83.0,0,0.000,-0.01,-1,1,0,0,0,0,0,0,0,0,0,PreArm: Board (3.7v) out of range 4.3-5.8v
2026-07-09T13:27:09.961Z,120.307,False,STABILIZE,0.0000000,0.0000000,-0.28,-0.04,0.00,0.00,0.00,2.10,1.34,83.17,0.00,0.00,83.0,0,0.000,-0.01,-1,1,0,0,0,0,0,0,0,0,0,PreArm: Board (3.7v) out of range 4.3-5.8v
2026-07-09T13:27:10.461Z,120.807,False,STABILIZE,0.0000000,0.0000000,-0.24,-0.04,0.00,0.00,0.00,2.10,1.34,83.17,0.00,0.00,83.0,0,0.000,-0.01,-1,1,0,0,0,0,0,0,0,0,0,PreArm: Board (3.7v) out of range 4.3-5.8v
2026-07-09T13:27:10.962Z,121.308,False,STABILIZE,0.0000000,0.0000000,-0.26,-0.04,0.00,0.00,0.00,2.10,1.34,83.17,0.00,0.00,83.0,0,0.000,-0.01,-1,1,0,0,0,0,0,0,0,0,0,PreArm: Board (3.7v) out of range 4.3-5.8v
2026-07-09T13:27:11.464Z,121.810,False,STABILIZE,0.0000000,0.0000000,-0.26,-0.04,0.00,0.00,0.00,2.10,1.34,83.16,0.00,0.00,83.0,0,0.000,-0.01,-1,1,0,0,0,0,0,0,0,0,0,PreArm: Board (3.7v) out of range 4.3-5.8v
2026-07-09T13:27:11.964Z,122.310,False,STABILIZE,0.0000000,0.0000000,-0.27,-0.04,0.00,0.00,0.00,2.10,1.34,83.17,0.00,0.00,83.0,0,0.000,-0.01,-1,1,0,0,0,0,0,0,0,0,0,PreArm: Board (3.7v) out of range 4.3-5.8v
2026-07-09T13:27:12.464Z,122.810,False,STABILIZE,0.0000000,0.0000000,-0.26,-0.04,0.00,0.00,0.00,2.10,1.34,83.18,0.00,0.00,83.0,0,0.000,-0.01,-1,1,0,0,0,0,0,0,0,0,0,PreArm: Board (3.7v) out of range 4.3-5.8v
2026-07-09T13:27:12.966Z,123.312,False,STABILIZE,0.0000000,0.0000000,-0.29,-0.04,0.00,0.00,0.00,2.10,1.34,83.18,0.00,0.00,83.0,0,0.000,-0.01,-1,1,0,0,0,0,0,0,0,0,0,PreArm: Board (3.7v) out of range 4.3-5.8v
2026-07-09T13:27:13.466Z,123.812,False,STABILIZE,0.0000000,0.0000000,-0.28,-0.04,0.00,0.00,0.00,2.10,1.34,83.18,0.00,0.00,83.0,0,0.000,-0.01,-1,1,0,0,0,0,0,0,0,0,0,PreArm: Board (3.7v) out of range 4.3-5.8v
2026-07-09T13:27:14.058Z,124.404,False,STABILIZE,0.0000000,0.0000000,-0.28,-0.04,0.00,0.00,0.00,2.10,1.34,83.17,0.00,0.00,83.0,0,0.000,-0.01,-1,1,0,0,0,0,0,0,0,0,0,PreArm: Board (3.7v) out of range 4.3-5.8v
2026-07-09T13:27:14.558Z,124.904,False,STABILIZE,0.0000000,0.0000000,-0.28,-0.04,0.00,0.00,0.00,2.10,1.34,83.17,0.00,0.00,83.0,0,0.000,-0.01,-1,1,0,0,0,0,0,0,0,0,0,PreArm: Board (3.7v) out of range 4.3-5.8v
2026-07-09T13:27:15.061Z,125.406,False,STABILIZE,0.0000000,0.0000000,-0.30,-0.04,0.00,0.00,0.00,2.10,1.34,83.17,0.00,0.00,83.0,0,0.000,-0.01,-1,1,0,0,0,0,0,0,0,0,0,PreArm: Board (3.7v) out of range 4.3-5.8v
2026-07-09T13:27:15.561Z,125.907,False,STABILIZE,0.0000000,0.0000000,-0.31,-0.04,0.00,0.00,0.00,2.10,1.34,83.17,0.00,0.00,83.0,0,0.000,-0.01,-1,1,0,0,0,0,0,0,0,0,0,PreArm: Board (3.7v) out of range 4.3-5.8v
2026-07-09T13:27:16.063Z,126.408,False,STABILIZE,0.0000000,0.0000000,-0.29,-0.04,0.00,0.00,0.00,2.10,1.34,83.17,0.00,0.00,83.0,0,0.000,-0.01,-1,1,0,0,0,0,0,0,0,0,0,PreArm: Board (3.7v) out of range 4.3-5.8v
2026-07-09T13:27:16.564Z,126.909,False,STABILIZE,0.0000000,0.0000000,-0.30,-0.04,0.00,0.00,0.00,2.10,1.34,83.17,0.00,0.00,83.0,0,0.000,-0.01,-1,1,0,0,0,0,0,0,0,0,0,PreArm: Board (3.7v) out of range 4.3-5.8v
2026-07-09T13:27:17.064Z,127.409,False,STABILIZE,0.0000000,0.0000000,-0.29,-0.04,0.00,0.00,0.01,2.10,1.34,83.17,0.00,0.00,83.0,0,0.000,-0.01,-1,1,0,0,0,0,0,0,0,0,0,PreArm: Board (3.7v) out of range 4.3-5.8v
2026-07-09T13:27:17.566Z,127.911,False,STABILIZE,0.0000000,0.0000000,-0.33,-0.04,0.00,0.00,0.01,2.10,1.34,83.17,0.00,0.00,83.0,0,0.000,-0.01,-1,1,0,0,0,0,0,0,0,0,0,PreArm: Board (3.7v) out of range 4.3-5.8v
2026-07-09T13:27:18.066Z,128.411,False,STABILIZE,0.0000000,0.0000000,-0.29,-0.04,0.00,0.00,0.01,2.10,1.35,83.17,0.00,0.00,83.0,0,0.000,-0.01,-1,1,0,0,0,0,0,0,0,0,0,PreArm: Board (3.7v) out of range 4.3-5.8v
2026-07-09T13:27:18.566Z,128.911,False,STABILIZE,0.0000000,0.0000000,-0.33,-0.04,0.00,0.00,0.01,2.10,1.35,83.17,0.00,0.00,83.0,0,0.000,-0.01,-1,1,0,0,0,0,0,0,0,0,0,PreArm: Board (3.7v) out of range 4.3-5.8v
2026-07-09T13:27:19.066Z,129.412,False,STABILIZE,0.0000000,0.0000000,-0.32,-0.04,0.00,0.00,0.01,2.10,1.35,83.17,0.00,0.00,83.0,0,0.000,-0.01,-1,1,0,0,0,0,0,0,0,0,0,PreArm: Board (3.7v) out of range 4.3-5.8v
2026-07-09T13:27:19.566Z,129.912,False,STABILIZE,0.0000000,0.0000000,-0.32,-0.04,0.00,0.00,0.01,2.10,1.35,83.17,0.00,0.00,83.0,0,0.000,-0.01,-1,1,0,0,0,0,0,0,0,0,0,PreArm: Board (3.7v) out of range 4.3-5.8v
2026-07-09T13:27:20.161Z,130.507,False,STABILIZE,0.0000000,0.0000000,-0.32,-0.04,0.00,0.00,0.01,2.10,1.35,83.17,0.00,0.00,83.0,0,0.000,-0.01,-1,1,0,0,0,0,0,0,0,0,0,PreArm: Board (3.7v) out of range 4.3-5.8v
2026-07-09T13:27:20.663Z,131.009,False,STABILIZE,0.0000000,0.0000000,-0.31,-0.04,0.00,0.00,0.01,2.10,1.35,83.18,0.00,0.00,83.0,0,0.000,-0.01,-1,1,0,0,0,0,0,0,0,0,0,PreArm: Board (3.7v) out of range 4.3-5.8v
2026-07-09T13:27:21.165Z,131.511,False,STABILIZE,0.0000000,0.0000000,-0.35,-0.04,0.00,0.00,0.01,2.10,1.35,83.18,0.00,0.00,83.0,0,0.000,-0.01,-1,1,0,0,0,0,0,0,0,0,0,PreArm: Board (3.7v) out of range 4.3-5.8v
2026-07-09T13:27:21.758Z,132.103,False,STABILIZE,0.0000000,0.0000000,-0.30,-0.04,0.00,0.00,0.01,2.10,1.36,83.18,0.00,0.00,83.0,0,0.000,-0.01,-1,1,0,0,0,0,0,0,0,0,0,PreArm: Board (3.7v) out of range 4.3-5.8v
2026-07-09T13:27:22.261Z,132.607,False,STABILIZE,0.0000000,0.0000000,-0.35,-0.04,0.00,0.00,0.01,2.10,1.36,83.18,0.00,0.00,83.0,0,0.000,-0.01,-1,1,0,0,0,0,0,0,0,0,0,PreArm: Board (3.7v) out of range 4.3-5.8v
2026-07-09T13:27:22.763Z,133.109,False,STABILIZE,0.0000000,0.0000000,-0.34,-0.04,0.00,0.00,0.01,2.10,1.36,83.18,0.00,0.00,83.0,0,0.000,-0.01,-1,1,0,0,0,0,0,0,0,0,0,PreArm: Board (3.7v) out of range 4.3-5.8v
2026-07-09T13:27:23.263Z,133.609,False,STABILIZE,0.0000000,0.0000000,-0.33,-0.04,0.00,0.00,0.01,2.10,1.36,83.18,0.00,0.00,83.0,0,0.000,-0.01,-1,1,0,0,0,0,0,0,0,0,0,PreArm: Board (3.7v) out of range 4.3-5.8v
2026-07-09T13:27:23.763Z,134.109,False,STABILIZE,0.0000000,0.0000000,-0.34,-0.04,0.00,0.00,0.01,2.10,1.36,83.18,0.00,0.00,83.0,0,0.000,-0.01,-1,1,0,0,0,0,0,0,0,0,0,PreArm: Board (3.7v) out of range 4.3-5.8v
2026-07-09T13:27:24.265Z,134.611,False,STABILIZE,0.0000000,0.0000000,-0.35,-0.04,0.00,0.00,0.00,2.10,1.36,83.18,0.01,0.00,83.0,0,0.000,-0.01,-1,1,0,0,0,0,0,0,0,0,0,PreArm: Board (3.7v) out of range 4.3-5.8v
2026-07-09T13:27:24.766Z,135.111,False,STABILIZE,0.0000000,0.0000000,-0.33,-0.04,0.00,0.00,0.00,2.10,1.36,83.18,0.01,0.00,83.0,0,0.000,-0.01,-1,1,0,0,0,0,0,0,0,0,0,PreArm: Board (3.7v) out of range 4.3-5.8v
2026-07-09T13:27:25.360Z,135.706,False,STABILIZE,0.0000000,0.0000000,-0.31,-0.04,0.00,0.00,0.00,2.10,1.36,83.19,0.01,0.00,83.0,0,0.000,-0.01,-1,1,0,0,0,0,0,0,0,0,0,PreArm: Board (3.7v) out of range 4.3-5.8v
2026-07-09T13:27:25.862Z,136.208,False,STABILIZE,0.0000000,0.0000000,-0.33,-0.04,0.00,0.00,0.00,2.10,1.36,83.19,0.01,0.00,83.0,0,0.000,-0.01,-1,1,0,0,0,0,0,0,0,0,0,PreArm: Board (3.7v) out of range 4.3-5.8v
2026-07-09T13:27:26.363Z,136.709,False,STABILIZE,0.0000000,0.0000000,-0.35,-0.04,0.00,0.00,0.00,2.10,1.36,83.19,0.01,0.00,83.0,0,0.000,-0.01,-1,1,0,0,0,0,0,0,0,0,0,PreArm: Board (3.7v) out of range 4.3-5.8v
2026-07-09T13:27:26.864Z,137.209,False,STABILIZE,0.0000000,0.0000000,-0.31,-0.04,0.00,0.00,0.00,2.10,1.36,83.19,0.00,0.00,83.0,0,0.000,-0.01,-1,1,0,0,0,0,0,0,0,0,0,PreArm: Board (3.7v) out of range 4.3-5.8v
2026-07-09T13:27:27.365Z,137.711,False,STABILIZE,0.0000000,0.0000000,-0.35,-0.04,0.00,0.00,0.00,2.10,1.36,83.19,0.00,0.00,83.0,0,0.000,-0.01,-1,1,0,0,0,0,0,0,0,0,0,PreArm: Board (3.7v) out of range 4.3-5.8v
2026-07-09T13:27:27.865Z,138.211,False,STABILIZE,0.0000000,0.0000000,-0.33,-0.04,0.00,0.00,0.00,2.10,1.36,83.18,0.00,0.00,83.0,0,0.000,-0.01,-1,1,0,0,0,0,0,0,0,0,0,PreArm: Board (3.7v) out of range 4.3-5.8v
2026-07-09T13:27:28.458Z,138.804,False,STABILIZE,0.0000000,0.0000000,-0.33,-0.04,0.00,0.00,0.00,2.10,1.36,83.18,0.00,0.00,83.0,0,0.000,-0.01,-1,1,0,0,0,0,0,0,0,0,0,PreArm: Board (3.7v) out of range 4.3-5.8v
2026-07-09T13:27:28.958Z,139.304,False,STABILIZE,0.0000000,0.0000000,-0.31,-0.04,0.00,0.00,0.00,2.10,1.36,83.18,0.00,0.00,83.0,0,0.000,-0.01,-1,1,0,0,0,0,0,0,0,0,0,PreArm: Board (3.7v) out of range 4.3-5.8v
2026-07-09T13:27:29.462Z,139.807,False,STABILIZE,0.0000000,0.0000000,-0.35,-0.04,0.00,0.00,0.00,2.10,1.36,83.18,0.00,0.00,83.0,0,0.000,-0.01,-1,1,0,0,0,0,0,0,0,0,0,PreArm: Board (3.7v) out of range 4.3-5.8v
2026-07-09T13:27:29.963Z,140.308,False,STABILIZE,0.0000000,0.0000000,-0.31,-0.04,0.00,0.00,0.00,2.10,1.36,83.18,0.00,0.00,83.0,0,0.000,-0.01,-1,1,0,0,0,0,0,0,0,0,0,PreArm: Board (3.7v) out of range 4.3-5.8v
2026-07-09T13:27:30.463Z,140.809,False,STABILIZE,0.0000000,0.0000000,-0.33,-0.04,0.00,0.00,0.00,2.10,1.36,83.19,0.00,0.00,83.0,0,0.000,-0.01,-1,1,0,0,0,0,0,0,0,0,0,PreArm: Board (3.7v) out of range 4.3-5.8v
2026-07-09T13:27:30.965Z,141.310,False,STABILIZE,0.0000000,0.0000000,-0.30,-0.04,0.00,0.00,0.00,2.10,1.36,83.19,0.00,0.00,83.0,0,0.000,-0.01,-1,1,0,0,0,0,0,0,0,0,0,PreArm: Board (3.7v) out of range 4.3-5.8v
2026-07-09T13:27:31.465Z,141.810,False,STABILIZE,0.0000000,0.0000000,-0.30,-0.04,0.00,0.00,0.00,2.10,1.35,83.18,0.00,0.00,83.0,0,0.000,-0.01,-1,1,0,0,0,0,0,0,0,0,0,PreArm: Board (3.7v) out of range 4.3-5.8v
2026-07-09T13:27:31.965Z,142.311,False,STABILIZE,0.0000000,0.0000000,-0.29,-0.04,0.00,0.00,0.00,2.10,1.35,83.18,0.00,0.00,83.0,0,0.000,-0.01,-1,1,0,0,0,0,0,0,0,0,0,PreArm: Board (3.7v) out of range 4.3-5.8v
2026-07-09T13:27:32.465Z,142.811,False,STABILIZE,0.0000000,0.0000000,-0.29,-0.04,0.00,0.00,0.00,2.10,1.35,83.18,0.00,0.00,83.0,0,0.000,-0.01,-1,1,0,0,0,0,0,0,0,0,0,PreArm: Board (3.7v) out of range 4.3-5.8v
2026-07-09T13:27:33.057Z,143.403,False,STABILIZE,0.0000000,0.0000000,-0.30,-0.04,0.00,0.00,-0.01,2.10,1.35,83.18,0.00,0.00,83.0,0,0.000,-0.01,-1,1,0,0,0,0,0,0,0,0,0,PreArm: Board (3.7v) out of range 4.3-5.8v
2026-07-09T13:27:33.557Z,143.903,False,STABILIZE,0.0000000,0.0000000,-0.28,-0.04,0.00,0.00,0.00,2.10,1.35,83.18,0.00,0.00,83.0,0,0.000,-0.01,-1,1,0,0,0,0,0,0,0,0,0,PreArm: Board (3.7v) out of range 4.3-5.8v
2026-07-09T13:27:34.057Z,144.403,False,STABILIZE,0.0000000,0.0000000,-0.30,-0.04,0.00,0.00,-0.01,2.10,1.35,83.19,0.00,0.00,83.0,0,0.000,-0.01,-1,1,0,0,0,0,0,0,0,0,0,PreArm: Board (3.7v) out of range 4.3-5.8v
2026-07-09T13:27:34.560Z,144.906,False,STABILIZE,0.0000000,0.0000000,-0.30,-0.04,0.00,0.00,-0.01,2.10,1.35,83.19,0.00,0.00,83.0,0,0.000,-0.01,-1,1,0,0,0,0,0,0,0,0,0,PreArm: Board (3.7v) out of range 4.3-5.8v
2026-07-09T13:27:35.060Z,145.406,False,STABILIZE,0.0000000,0.0000000,-0.29,-0.04,0.00,0.00,0.00,2.10,1.35,83.19,0.00,0.00,83.0,0,0.000,-0.01,-1,1,0,0,0,0,0,0,0,0,0,PreArm: Board (3.7v) out of range 4.3-5.8v
2026-07-09T13:27:35.560Z,145.906,False,STABILIZE,0.0000000,0.0000000,-0.30,-0.04,0.00,0.00,0.00,2.10,1.35,83.18,0.00,0.00,83.0,0,0.000,-0.01,-1,1,0,0,0,0,0,0,0,0,0,PreArm: Board (3.7v) out of range 4.3-5.8v
2026-07-09T13:27:36.061Z,146.406,False,STABILIZE,0.0000000,0.0000000,-0.30,-0.04,0.00,0.00,0.00,2.10,1.35,83.18,0.00,0.00,83.0,0,0.000,-0.01,-1,1,0,0,0,0,0,0,0,0,0,PreArm: Board (3.7v) out of range 4.3-5.8v
2026-07-09T13:27:36.561Z,146.906,False,STABILIZE,0.0000000,0.0000000,-0.29,-0.04,0.00,0.00,0.00,2.10,1.35,83.19,0.00,0.00,83.0,0,0.000,-0.01,-1,1,0,0,0,0,0,0,0,0,0,PreArm: Board (3.6v) out of range 4.3-5.8v
2026-07-09T13:27:37.062Z,147.408,False,STABILIZE,0.0000000,0.0000000,-0.33,-0.04,0.00,0.00,0.00,2.10,1.35,83.19,0.00,0.00,83.0,0,0.000,-0.01,-1,1,0,0,0,0,0,0,0,0,0,PreArm: Board (3.6v) out of range 4.3-5.8v
2026-07-09T13:27:37.562Z,147.908,False,STABILIZE,0.0000000,0.0000000,-0.35,-0.04,0.00,0.00,0.00,2.09,1.35,83.18,0.00,0.00,83.0,0,0.000,-0.01,-1,1,0,0,0,0,0,0,0,0,0,PreArm: Board (3.6v) out of range 4.3-5.8v
2026-07-09T13:27:38.062Z,148.408,False,STABILIZE,0.0000000,0.0000000,-0.33,-0.04,0.00,0.00,0.00,2.09,1.35,83.18,0.00,0.00,83.0,0,0.000,-0.01,-1,1,0,0,0,0,0,0,0,0,0,PreArm: Board (3.6v) out of range 4.3-5.8v
2026-07-09T13:27:38.564Z,148.909,False,STABILIZE,0.0000000,0.0000000,-0.34,-0.04,0.00,0.00,0.00,2.10,1.35,83.18,0.00,0.00,83.0,0,0.000,-0.01,-1,1,0,0,0,0,0,0,0,0,0,PreArm: Board (3.6v) out of range 4.3-5.8v
2026-07-09T13:27:39.067Z,149.412,False,STABILIZE,0.0000000,0.0000000,-0.35,-0.04,0.00,0.00,0.00,2.10,1.35,83.18,0.00,0.00,83.0,0,0.000,-0.01,-1,1,0,0,0,0,0,0,0,0,0,PreArm: Board (3.6v) out of range 4.3-5.8v
2026-07-09T13:27:39.600Z,149.945,False,STABILIZE,0.0000000,0.0000000,-0.35,-0.04,0.00,0.00,0.00,2.10,1.35,83.19,0.00,0.00,83.0,0,0.000,-0.01,-1,1,0,0,0,0,0,0,0,0,0,PreArm: Board (3.6v) out of range 4.3-5.8v
2026-07-09T13:27:40.157Z,150.503,False,STABILIZE,0.0000000,0.0000000,-0.34,-0.04,0.00,0.00,0.00,2.10,1.35,83.19,0.00,0.00,83.0,0,0.000,-0.01,-1,1,0,0,0,0,0,0,0,0,0,PreArm: Board (3.6v) out of range 4.3-5.8v
2026-07-09T13:27:40.657Z,151.003,False,STABILIZE,0.0000000,0.0000000,-0.35,-0.04,0.00,0.00,0.00,2.10,1.36,83.19,0.00,0.00,83.0,0,0.000,-0.01,-1,1,0,0,0,0,0,0,0,0,0,PreArm: Board (3.6v) out of range 4.3-5.8v
2026-07-09T13:27:41.157Z,151.503,False,STABILIZE,0.0000000,0.0000000,-0.35,-0.04,0.00,0.00,0.00,2.10,1.36,83.19,0.00,0.00,83.0,0,0.000,-0.01,-1,1,0,0,0,0,0,0,0,0,0,PreArm: Board (3.6v) out of range 4.3-5.8v
2026-07-09T13:27:41.657Z,152.003,False,STABILIZE,0.0000000,0.0000000,-0.39,-0.04,0.00,0.00,0.01,2.10,1.36,83.19,0.00,0.00,83.0,0,0.000,-0.01,-1,1,0,0,0,0,0,0,0,0,0,PreArm: Board (3.6v) out of range 4.3-5.8v
2026-07-09T13:27:42.160Z,152.506,False,STABILIZE,0.0000000,0.0000000,-0.37,-0.04,0.00,0.00,0.01,2.10,1.36,83.19,0.00,0.00,83.0,0,0.000,-0.01,-1,1,0,0,0,0,0,0,0,0,0,PreArm: Board (3.6v) out of range 4.3-5.8v
2026-07-09T13:27:42.661Z,153.006,False,STABILIZE,0.0000000,0.0000000,-0.37,-0.04,0.00,0.00,0.01,2.10,1.36,83.19,0.01,0.00,83.0,0,0.000,-0.01,-1,1,0,0,0,0,0,0,0,0,0,PreArm: Board (3.6v) out of range 4.3-5.8v
2026-07-09T13:27:43.162Z,153.508,False,STABILIZE,0.0000000,0.0000000,-0.37,-0.04,0.00,0.00,0.01,2.10,1.36,83.19,0.01,0.00,83.0,0,0.000,-0.01,-1,1,0,0,0,0,0,0,0,0,0,PreArm: Board (3.6v) out of range 4.3-5.8v
2026-07-09T13:27:43.662Z,154.008,False,STABILIZE,0.0000000,0.0000000,-0.40,-0.04,0.00,0.00,0.01,2.10,1.36,83.19,0.00,0.00,83.0,0,0.000,-0.01,-1,1,0,0,0,0,0,0,0,0,0,PreArm: Board (3.6v) out of range 4.3-5.8v
2026-07-09T13:27:44.162Z,154.508,False,STABILIZE,0.0000000,0.0000000,-0.40,-0.04,0.00,0.00,0.01,2.10,1.36,83.19,0.01,0.00,83.0,0,0.000,-0.01,-1,1,0,0,0,0,0,0,0,0,0,PreArm: Board (3.6v) out of range 4.3-5.8v
2026-07-09T13:27:44.664Z,155.010,False,STABILIZE,0.0000000,0.0000000,-0.40,-0.04,0.00,0.00,0.01,2.10,1.36,83.19,0.01,0.00,83.0,0,0.000,-0.01,-1,1,0,0,0,0,0,0,0,0,0,PreArm: Board (3.6v) out of range 4.3-5.8v
2026-07-09T13:27:45.164Z,155.510,False,STABILIZE,0.0000000,0.0000000,-0.40,-0.04,0.00,0.00,0.01,2.10,1.36,83.19,0.01,0.00,83.0,0,0.000,-0.01,-1,1,0,0,0,0,0,0,0,0,0,PreArm: Board (3.6v) out of range 4.3-5.8v
2026-07-09T13:27:45.665Z,156.011,False,STABILIZE,0.0000000,0.0000000,-0.38,-0.04,0.00,0.00,0.01,2.10,1.36,83.19,0.01,0.00,83.0,0,0.000,-0.01,-1,1,0,0,0,0,0,0,0,0,0,PreArm: Board (3.6v) out of range 4.3-5.8v
2026-07-09T13:27:46.259Z,156.605,False,STABILIZE,0.0000000,0.0000000,-0.40,-0.04,0.00,0.00,0.01,2.10,1.36,83.19,0.01,0.00,83.0,0,0.000,-0.01,-1,1,0,0,0,0,0,0,0,0,0,PreArm: Board (3.6v) out of range 4.3-5.8v
2026-07-09T13:27:46.760Z,157.105,False,STABILIZE,0.0000000,0.0000000,-0.39,-0.04,0.00,0.00,0.01,2.10,1.36,83.19,0.01,0.00,83.0,0,0.000,-0.01,-1,1,0,0,0,0,0,0,0,0,0,PreArm: Board (3.6v) out of range 4.3-5.8v
2026-07-09T13:27:47.261Z,157.606,False,STABILIZE,0.0000000,0.0000000,-0.41,-0.04,0.00,0.00,0.01,2.10,1.36,83.19,0.01,0.00,83.0,0,0.000,-0.01,-1,1,0,0,0,0,0,0,0,0,0,PreArm: Board (3.6v) out of range 4.3-5.8v
2026-07-09T13:27:47.761Z,158.106,False,STABILIZE,0.0000000,0.0000000,-0.38,-0.04,0.00,0.00,0.01,2.10,1.36,83.19,0.01,0.00,83.0,0,0.000,-0.01,-1,1,0,0,0,0,0,0,0,0,0,PreArm: Board (3.6v) out of range 4.3-5.8v
2026-07-09T13:27:48.261Z,158.607,False,STABILIZE,0.0000000,0.0000000,-0.40,-0.04,0.00,0.00,0.01,2.10,1.36,83.18,0.01,0.00,83.0,0,0.000,-0.01,-1,1,0,0,0,0,0,0,0,0,0,PreArm: Board (3.6v) out of range 4.3-5.8v
2026-07-09T13:27:48.761Z,159.107,False,STABILIZE,0.0000000,0.0000000,-0.39,-0.04,0.00,0.00,0.01,2.10,1.36,83.18,0.01,0.00,83.0,0,0.000,-0.01,-1,1,0,0,0,0,0,0,0,0,0,PreArm: Board (3.6v) out of range 4.3-5.8v
2026-07-09T13:27:49.263Z,159.609,False,STABILIZE,0.0000000,0.0000000,-0.41,-0.04,0.00,0.00,0.01,2.10,1.36,83.19,0.01,0.00,83.0,0,0.000,-0.01,-1,1,0,0,0,0,0,0,0,0,0,PreArm: Board (3.6v) out of range 4.3-5.8v
2026-07-09T13:27:49.764Z,160.110,False,STABILIZE,0.0000000,0.0000000,-0.40,-0.04,0.00,0.00,0.01,2.10,1.36,83.19,0.00,0.00,83.0,0,0.000,-0.01,-1,1,0,0,0,0,0,0,0,0,0,PreArm: Board (3.6v) out of range 4.3-5.8v
2026-07-09T13:27:50.357Z,160.703,False,STABILIZE,0.0000000,0.0000000,-0.41,-0.04,0.00,0.00,0.01,2.10,1.35,83.19,0.00,0.00,83.0,0,0.000,-0.01,-1,1,0,0,0,0,0,0,0,0,0,PreArm: Board (3.6v) out of range 4.3-5.8v
2026-07-09T13:27:50.857Z,161.203,False,STABILIZE,0.0000000,0.0000000,-0.43,-0.04,0.00,0.00,0.01,2.10,1.35,83.19,0.00,0.00,83.0,0,0.000,-0.01,-1,1,0,0,0,0,0,0,0,0,0,PreArm: Board (3.6v) out of range 4.3-5.8v
2026-07-09T13:27:51.357Z,161.703,False,STABILIZE,0.0000000,0.0000000,-0.40,-0.04,0.00,0.00,0.01,2.10,1.35,83.18,0.00,0.00,83.0,0,0.000,-0.01,-1,1,0,0,0,0,0,0,0,0,0,PreArm: Board (3.6v) out of range 4.3-5.8v
2026-07-09T13:27:51.860Z,162.206,False,STABILIZE,0.0000000,0.0000000,-0.39,-0.04,0.00,0.00,0.00,2.10,1.35,83.19,0.00,0.00,83.0,0,0.000,-0.01,-1,1,0,0,0,0,0,0,0,0,0,PreArm: Board (3.6v) out of range 4.3-5.8v
2026-07-09T13:27:52.360Z,162.706,False,STABILIZE,0.0000000,0.0000000,-0.41,-0.04,0.00,0.00,0.00,2.10,1.35,83.19,0.00,0.00,83.0,0,0.000,-0.01,-1,1,0,0,0,0,0,0,0,0,0,PreArm: Board (3.6v) out of range 4.3-5.8v
2026-07-09T13:27:52.860Z,163.206,False,STABILIZE,0.0000000,0.0000000,-0.37,-0.04,0.00,0.00,0.00,2.10,1.35,83.19,0.00,0.00,83.0,0,0.000,-0.01,-1,1,0,0,0,0,0,0,0,0,0,PreArm: Board (3.6v) out of range 4.3-5.8v
2026-07-09T13:27:53.361Z,163.706,False,STABILIZE,0.0000000,0.0000000,-0.41,-0.04,0.00,0.00,0.00,2.10,1.35,83.19,0.00,0.00,83.0,0,0.000,-0.01,-1,1,0,0,0,0,0,0,0,0,0,PreArm: Board (3.6v) out of range 4.3-5.8v
2026-07-09T13:27:53.862Z,164.208,False,STABILIZE,0.0000000,0.0000000,-0.40,-0.04,0.00,0.00,0.00,2.10,1.35,83.19,0.00,0.00,83.0,0,0.000,-0.01,-1,1,0,0,0,0,0,0,0,0,0,PreArm: Board (3.6v) out of range 4.3-5.8v
2026-07-09T13:27:54.362Z,164.708,False,STABILIZE,0.0000000,0.0000000,-0.39,-0.04,0.00,0.00,0.00,2.10,1.36,83.19,0.00,0.00,83.0,0,0.000,-0.01,-1,1,0,0,0,0,0,0,0,0,0,PreArm: Board (3.6v) out of range 4.3-5.8v
2026-07-09T13:27:54.865Z,165.211,False,STABILIZE,0.0000000,0.0000000,-0.42,-0.04,0.00,0.00,0.00,2.10,1.36,83.19,0.00,0.00,83.0,0,0.000,-0.01,-1,1,0,0,0,0,0,0,0,0,0,PreArm: Board (3.6v) out of range 4.3-5.8v
2026-07-09T13:27:55.460Z,165.806,False,STABILIZE,0.0000000,0.0000000,-0.40,-0.04,0.00,0.00,0.00,2.10,1.36,83.19,0.00,0.00,83.0,0,0.000,-0.01,-1,1,0,0,0,0,0,0,0,0,0,PreArm: Board (3.6v) out of range 4.3-5.8v
2026-07-09T13:27:55.961Z,166.307,False,STABILIZE,0.0000000,0.0000000,-0.43,-0.04,0.00,0.00,0.00,2.10,1.36,83.19,0.00,0.00,83.0,0,0.000,-0.01,-1,1,0,0,0,0,0,0,0,0,0,PreArm: Board (3.6v) out of range 4.3-5.8v
2026-07-09T13:27:56.461Z,166.807,False,STABILIZE,0.0000000,0.0000000,-0.42,-0.04,0.00,0.00,0.00,2.10,1.36,83.19,0.00,0.00,83.0,0,0.000,-0.01,-1,1,0,0,0,0,0,0,0,0,0,PreArm: Board (3.6v) out of range 4.3-5.8v
2026-07-09T13:27:56.962Z,167.308,False,STABILIZE,0.0000000,0.0000000,-0.39,-0.04,0.00,0.00,0.00,2.10,1.36,83.19,0.00,0.00,83.0,0,0.000,-0.01,-1,1,0,0,0,0,0,0,0,0,0,PreArm: Board (3.6v) out of range 4.3-5.8v
2026-07-09T13:27:57.463Z,167.809,False,STABILIZE,0.0000000,0.0000000,-0.40,-0.04,0.00,0.00,0.00,2.11,1.36,83.19,0.00,0.00,83.0,0,0.000,-0.01,-1,1,0,0,0,0,0,0,0,0,0,PreArm: Board (3.6v) out of range 4.3-5.8v
2026-07-09T13:27:57.964Z,168.310,False,STABILIZE,0.0000000,0.0000000,-0.39,-0.04,0.00,0.00,0.00,2.10,1.36,83.18,0.00,0.00,83.0,0,0.000,-0.01,-1,1,0,0,0,0,0,0,0,0,0,PreArm: Board (3.6v) out of range 4.3-5.8v
2026-07-09T13:27:58.557Z,168.903,False,STABILIZE,0.0000000,0.0000000,-0.39,-0.04,0.00,0.00,0.00,2.11,1.35,83.18,0.00,0.00,83.0,0,0.000,-0.01,-1,1,0,0,0,0,0,0,0,0,0,PreArm: Board (3.6v) out of range 4.3-5.8v
2026-07-09T13:27:59.057Z,169.403,False,STABILIZE,0.0000000,0.0000000,-0.41,-0.04,0.00,0.00,0.00,2.11,1.35,83.18,0.00,0.00,83.0,0,0.000,-0.01,-1,1,0,0,0,0,0,0,0,0,0,PreArm: Board (3.6v) out of range 4.3-5.8v
2026-07-09T13:27:59.560Z,169.905,False,STABILIZE,0.0000000,0.0000000,-0.39,-0.04,0.00,0.00,0.00,2.10,1.35,83.18,0.00,0.00,83.0,0,0.000,-0.01,-1,1,0,0,0,0,0,0,0,0,0,PreArm: Board (3.6v) out of range 4.3-5.8v
2026-07-09T13:28:00.061Z,170.407,False,STABILIZE,0.0000000,0.0000000,-0.43,-0.04,0.00,0.00,0.00,2.10,1.35,83.18,0.00,0.00,83.0,0,0.000,-0.01,-1,1,0,0,0,0,0,0,0,0,0,PreArm: Board (3.6v) out of range 4.3-5.8v
2026-07-09T13:28:00.565Z,170.910,False,STABILIZE,0.0000000,0.0000000,-0.42,-0.04,0.00,0.00,0.00,2.10,1.35,83.18,0.00,0.00,83.0,0,0.000,-0.01,-1,1,0,0,0,0,0,0,0,0,0,PreArm: Board (3.6v) out of range 4.3-5.8v
2026-07-09T13:28:01.159Z,171.504,False,STABILIZE,0.0000000,0.0000000,-0.39,-0.04,0.00,0.00,0.00,2.10,1.35,83.18,0.00,0.00,83.0,0,0.000,-0.01,-1,1,0,0,0,0,0,0,0,0,0,PreArm: Board (3.6v) out of range 4.3-5.8v
2026-07-09T13:28:01.661Z,172.007,False,STABILIZE,0.0000000,0.0000000,-0.41,-0.04,0.00,0.00,0.00,2.10,1.35,83.18,0.00,0.00,83.0,0,0.000,-0.01,-1,1,0,0,0,0,0,0,0,0,0,PreArm: Board (3.6v) out of range 4.3-5.8v
2026-07-09T13:28:02.261Z,172.607,False,STABILIZE,0.0000000,0.0000000,-0.42,-0.04,0.00,0.00,0.00,2.10,1.34,83.18,0.00,0.00,83.0,0,0.000,-0.01,-1,1,0,0,0,0,0,0,0,0,0,PreArm: Board (3.6v) out of range 4.3-5.8v
2026-07-09T13:28:02.764Z,173.110,False,STABILIZE,0.0000000,0.0000000,-0.42,-0.04,0.00,0.00,0.00,2.09,1.34,83.18,0.00,0.00,83.0,0,0.000,-0.01,-1,1,0,0,0,0,0,0,0,0,0,PreArm: Board (3.6v) out of range 4.3-5.8v
2026-07-09T13:28:03.264Z,173.610,False,STABILIZE,0.0000000,0.0000000,-0.42,-0.04,0.00,0.00,0.00,2.09,1.34,83.18,0.00,0.00,83.0,0,0.000,-0.01,-1,1,0,0,0,0,0,0,0,0,0,PreArm: Board (3.6v) out of range 4.3-5.8v
2026-07-09T13:28:03.765Z,174.110,False,STABILIZE,0.0000000,0.0000000,-0.40,-0.04,0.00,0.00,0.00,2.10,1.34,83.18,0.00,0.00,83.0,0,0.000,-0.01,-1,1,0,0,0,0,0,0,0,0,0,PreArm: Board (3.6v) out of range 4.3-5.8v
2026-07-09T13:28:04.265Z,174.611,False,STABILIZE,0.0000000,0.0000000,-0.42,-0.04,0.00,0.00,0.00,2.10,1.34,83.18,0.00,0.00,83.0,0,0.000,-0.01,-1,1,0,0,0,0,0,0,0,0,0,PreArm: Board (3.6v) out of range 4.3-5.8v
2026-07-09T13:28:04.857Z,175.203,False,STABILIZE,0.0000000,0.0000000,-0.39,-0.04,0.00,0.00,0.00,2.09,1.34,83.18,0.00,0.00,83.0,0,0.000,-0.01,-1,1,0,0,0,0,0,0,0,0,0,PreArm: Board (3.6v) out of range 4.3-5.8v
2026-07-09T13:28:05.359Z,175.705,False,STABILIZE,0.0000000,0.0000000,-0.42,-0.04,0.00,0.00,0.00,2.10,1.34,83.18,0.00,0.00,83.0,0,0.000,-0.01,-1,1,0,0,0,0,0,0,0,0,0,PreArm: Board (3.6v) out of range 4.3-5.8v
2026-07-09T13:28:05.860Z,176.206,False,STABILIZE,0.0000000,0.0000000,-0.41,-0.04,0.00,0.00,0.00,2.10,1.34,83.19,0.00,0.00,83.0,0,0.000,-0.01,-1,1,0,0,0,0,0,0,0,0,0,PreArm: Board (3.6v) out of range 4.3-5.8v
2026-07-09T13:28:06.361Z,176.706,False,STABILIZE,0.0000000,0.0000000,-0.46,-0.04,0.00,0.00,0.00,2.10,1.34,83.19,0.00,0.00,83.0,0,0.000,-0.01,-1,1,0,0,0,0,0,0,0,0,0,PreArm: Board (3.6v) out of range 4.3-5.8v
2026-07-09T13:28:06.863Z,177.209,False,STABILIZE,0.0000000,0.0000000,-0.45,-0.04,0.00,0.00,0.00,2.10,1.34,83.19,0.00,0.00,83.0,0,0.000,-0.01,-1,1,0,0,0,0,0,0,0,0,0,PreArm: Board (3.6v) out of range 4.3-5.8v
2026-07-09T13:28:07.363Z,177.709,False,STABILIZE,0.0000000,0.0000000,-0.40,-0.04,0.00,0.00,0.00,2.10,1.35,83.19,0.00,0.00,83.0,0,0.000,-0.01,-1,1,0,0,0,0,0,0,0,0,0,PreArm: Board (3.6v) out of range 4.3-5.8v
2026-07-09T13:28:07.957Z,178.303,False,STABILIZE,0.0000000,0.0000000,-0.42,-0.04,0.00,0.00,0.00,2.11,1.35,83.19,0.00,0.00,83.0,0,0.000,-0.01,-1,1,0,0,0,0,0,0,0,0,0,PreArm: Board (3.6v) out of range 4.3-5.8v
2026-07-09T13:28:08.459Z,178.805,False,STABILIZE,0.0000000,0.0000000,-0.43,-0.04,0.00,0.00,0.00,2.11,1.35,83.19,0.00,0.00,83.0,0,0.000,-0.01,-1,1,0,0,0,0,0,0,0,0,0,PreArm: Board (3.6v) out of range 4.3-5.8v
2026-07-09T13:28:08.959Z,179.305,False,STABILIZE,0.0000000,0.0000000,-0.40,-0.04,0.00,0.00,0.00,2.11,1.35,83.19,0.00,0.00,83.0,0,0.000,-0.01,-1,1,0,0,0,0,0,0,0,0,0,PreArm: Board (3.6v) out of range 4.3-5.8v
2026-07-09T13:28:09.461Z,179.807,False,STABILIZE,0.0000000,0.0000000,-0.41,-0.04,0.00,0.00,0.00,2.11,1.35,83.19,0.00,0.00,83.0,0,0.000,-0.01,-1,1,0,0,0,0,0,0,0,0,0,PreArm: Board (3.6v) out of range 4.3-5.8v
2026-07-09T13:28:09.961Z,180.307,False,STABILIZE,0.0000000,0.0000000,-0.41,-0.04,0.00,0.00,0.00,2.11,1.35,83.18,0.00,0.00,83.0,0,0.000,-0.01,-1,1,0,0,0,0,0,0,0,0,0,PreArm: Board (3.6v) out of range 4.3-5.8v
2026-07-09T13:28:10.465Z,180.810,False,STABILIZE,0.0000000,0.0000000,-0.41,-0.04,0.00,0.00,0.00,2.11,1.35,83.18,0.00,0.00,83.0,0,0.000,-0.01,-1,1,0,0,0,0,0,0,0,0,0,PreArm: Board (3.6v) out of range 4.3-5.8v
2026-07-09T13:28:11.057Z,181.402,False,STABILIZE,0.0000000,0.0000000,-0.40,-0.04,0.00,0.00,0.00,2.10,1.35,83.18,0.00,0.00,83.0,0,0.000,-0.01,-1,1,0,0,0,0,0,0,0,0,0,PreArm: Board (3.6v) out of range 4.3-5.8v
2026-07-09T13:28:11.557Z,181.902,False,STABILIZE,0.0000000,0.0000000,-0.40,-0.04,0.00,0.00,0.00,2.10,1.35,83.18,0.00,0.00,83.0,0,0.000,-0.01,-1,1,0,0,0,0,0,0,0,0,0,PreArm: Board (3.6v) out of range 4.3-5.8v
2026-07-09T13:28:12.059Z,182.405,False,STABILIZE,0.0000000,0.0000000,-0.40,-0.04,0.00,0.00,0.00,2.10,1.34,83.18,0.00,0.00,83.0,0,0.000,-0.01,-1,1,0,0,0,0,0,0,0,0,0,PreArm: Board (3.6v) out of range 4.3-5.8v
2026-07-09T13:28:12.559Z,182.905,False,STABILIZE,0.0000000,0.0000000,-0.40,-0.04,0.00,0.00,0.00,2.10,1.35,83.18,0.00,0.00,83.0,0,0.000,-0.01,-1,1,0,0,0,0,0,0,0,0,0,PreArm: Board (3.6v) out of range 4.3-5.8v
2026-07-09T13:28:13.062Z,183.408,False,STABILIZE,0.0000000,0.0000000,-0.40,-0.04,0.00,0.00,0.00,2.10,1.34,83.18,0.00,0.00,83.0,0,0.000,-0.01,-1,1,0,0,0,0,0,0,0,0,0,PreArm: Board (3.6v) out of range 4.3-5.8v
2026-07-09T13:28:13.563Z,183.909,False,STABILIZE,0.0000000,0.0000000,-0.39,-0.04,0.00,0.00,0.00,2.10,1.35,83.18,0.00,0.00,83.0,0,0.000,-0.01,-1,1,0,0,0,0,0,0,0,0,0,PreArm: Board (3.6v) out of range 4.3-5.8v
2026-07-09T13:28:14.066Z,184.411,False,STABILIZE,0.0000000,0.0000000,-0.37,-0.04,0.00,0.00,0.00,2.10,1.35,83.17,0.00,0.00,83.0,0,0.000,-0.01,-1,1,0,0,0,0,0,0,0,0,0,PreArm: Board (3.6v) out of range 4.3-5.8v
2026-07-09T13:28:14.596Z,184.941,False,STABILIZE,0.0000000,0.0000000,-0.40,-0.04,0.00,0.00,0.00,2.10,1.35,83.17,0.00,0.00,83.0,0,0.000,-0.01,-1,1,0,0,0,0,0,0,0,0,0,PreArm: Board (3.6v) out of range 4.3-5.8v
2026-07-09T13:28:15.156Z,185.502,False,STABILIZE,0.0000000,0.0000000,-0.37,-0.04,0.00,0.00,0.00,2.10,1.35,83.17,0.00,0.00,83.0,0,0.000,-0.01,-1,1,0,0,0,0,0,0,0,0,0,PreArm: Board (3.6v) out of range 4.3-5.8v
2026-07-09T13:28:15.656Z,186.002,False,STABILIZE,0.0000000,0.0000000,-0.38,-0.04,0.00,0.00,0.00,2.10,1.35,83.17,0.00,0.00,83.0,0,0.000,-0.01,-1,1,0,0,0,0,0,0,0,0,0,PreArm: Board (3.6v) out of range 4.3-5.8v
2026-07-09T13:28:16.156Z,186.502,False,STABILIZE,0.0000000,0.0000000,-0.38,-0.04,0.00,0.00,0.00,2.09,1.35,83.17,0.00,0.00,83.0,0,0.000,-0.01,-1,1,0,0,0,0,0,0,0,0,0,PreArm: Board (3.6v) out of range 4.3-5.8v
2026-07-09T13:28:16.656Z,187.002,False,STABILIZE,0.0000000,0.0000000,-0.35,-0.04,0.00,0.00,0.00,2.10,1.35,83.17,0.00,0.00,83.0,0,0.000,-0.01,-1,1,0,0,0,0,0,0,0,0,0,PreArm: Board (3.6v) out of range 4.3-5.8v
2026-07-09T13:28:17.158Z,187.504,False,STABILIZE,0.0000000,0.0000000,-0.33,-0.04,0.00,0.00,0.00,2.09,1.35,83.17,0.00,0.00,83.0,0,0.000,-0.01,-1,1,0,0,0,0,0,0,0,0,0,PreArm: Board (3.6v) out of range 4.3-5.8v
2026-07-09T13:28:17.659Z,188.005,False,STABILIZE,0.0000000,0.0000000,-0.33,-0.04,0.00,0.00,0.00,2.09,1.36,83.17,0.00,0.00,83.0,0,0.000,-0.01,-1,1,0,0,0,0,0,0,0,0,0,PreArm: Board (3.6v) out of range 4.3-5.8v
2026-07-09T13:28:18.162Z,188.508,False,STABILIZE,0.0000000,0.0000000,-0.36,-0.04,0.00,0.00,-0.01,2.09,1.35,83.17,0.00,0.00,83.0,0,0.000,-0.01,-1,1,0,0,0,0,0,0,0,0,0,PreArm: Board (3.6v) out of range 4.3-5.8v
2026-07-09T13:28:18.662Z,189.008,False,STABILIZE,0.0000000,0.0000000,-0.33,-0.04,0.00,0.00,-0.01,2.09,1.35,83.16,0.00,0.00,83.0,0,0.000,-0.01,-1,1,0,0,0,0,0,0,0,0,0,PreArm: Board (3.6v) out of range 4.3-5.8v
2026-07-09T13:28:19.162Z,189.508,False,STABILIZE,0.0000000,0.0000000,-0.33,-0.04,0.00,0.00,-0.01,2.09,1.35,83.16,0.00,0.00,83.0,0,0.000,-0.01,-1,1,0,0,0,0,0,0,0,0,0,PreArm: Board (3.6v) out of range 4.3-5.8v
2026-07-09T13:28:19.663Z,190.009,False,STABILIZE,0.0000000,0.0000000,-0.30,-0.04,0.00,0.00,-0.01,2.09,1.35,83.16,0.00,0.00,83.0,0,0.000,-0.01,-1,1,0,0,0,0,0,0,0,0,0,PreArm: Board (3.6v) out of range 4.3-5.8v
2026-07-09T13:28:20.163Z,190.509,False,STABILIZE,0.0000000,0.0000000,-0.30,-0.04,0.00,0.00,-0.01,2.10,1.36,83.16,0.00,0.00,83.0,0,0.000,-0.01,-1,1,0,0,0,0,0,0,0,0,0,PreArm: Board (3.6v) out of range 4.3-5.8v
2026-07-09T13:28:20.663Z,191.009,False,STABILIZE,0.0000000,0.0000000,-0.31,-0.04,0.00,0.00,-0.01,2.10,1.36,83.16,0.00,0.00,83.0,0,0.000,-0.01,-1,1,0,0,0,0,0,0,0,0,0,PreArm: Board (3.6v) out of range 4.3-5.8v
2026-07-09T13:28:21.164Z,191.509,False,STABILIZE,0.0000000,0.0000000,-0.32,-0.04,0.00,0.00,-0.01,2.10,1.35,83.16,0.00,0.00,83.0,0,0.000,-0.01,-1,1,0,0,0,0,0,0,0,0,0,PreArm: Board (3.6v) out of range 4.3-5.8v
2026-07-09T13:28:21.667Z,192.013,False,STABILIZE,0.0000000,0.0000000,-0.33,-0.04,0.00,0.00,-0.01,2.10,1.35,83.16,0.00,0.00,83.0,0,0.000,-0.01,-1,1,0,0,0,0,0,0,0,0,0,PreArm: Board (3.6v) out of range 4.3-5.8v
2026-07-09T13:28:22.257Z,192.602,False,STABILIZE,0.0000000,0.0000000,-0.34,-0.04,0.00,0.00,0.00,2.10,1.35,83.16,0.00,0.00,83.0,0,0.000,-0.01,-1,1,0,0,0,0,0,0,0,0,0,PreArm: Board (3.6v) out of range 4.3-5.8v
2026-07-09T13:28:22.757Z,193.103,False,STABILIZE,0.0000000,0.0000000,-0.34,-0.04,0.00,0.00,0.00,2.10,1.35,83.15,0.00,0.00,83.0,0,0.000,-0.01,-1,1,0,0,0,0,0,0,0,0,0,PreArm: Board (3.6v) out of range 4.3-5.8v
2026-07-09T13:28:23.259Z,193.604,False,STABILIZE,0.0000000,0.0000000,-0.30,-0.04,0.00,0.00,0.00,2.11,1.36,83.15,0.00,0.00,83.0,0,0.000,-0.01,-1,1,0,0,0,0,0,0,0,0,0,PreArm: Board (3.6v) out of range 4.3-5.8v
2026-07-09T13:28:23.759Z,194.104,False,STABILIZE,0.0000000,0.0000000,-0.30,-0.04,0.00,0.00,0.00,2.11,1.35,83.15,0.00,0.00,83.0,0,0.000,-0.01,-1,1,0,0,0,0,0,0,0,0,0,PreArm: Board (3.6v) out of range 4.3-5.8v
2026-07-09T13:28:24.259Z,194.604,False,STABILIZE,0.0000000,0.0000000,-0.35,-0.04,0.00,0.00,0.00,2.11,1.36,83.15,0.00,0.00,83.0,0,0.000,-0.01,-1,1,0,0,0,0,0,0,0,0,0,PreArm: Board (3.6v) out of range 4.3-5.8v
2026-07-09T13:28:24.759Z,195.104,False,STABILIZE,0.0000000,0.0000000,-0.32,-0.04,0.00,0.00,0.00,2.11,1.36,83.15,0.00,0.00,83.0,0,0.000,-0.01,-1,1,0,0,0,0,0,0,0,0,0,PreArm: Board (3.6v) out of range 4.3-5.8v
2026-07-09T13:28:25.259Z,195.604,False,STABILIZE,0.0000000,0.0000000,-0.31,-0.04,0.00,0.00,0.00,2.11,1.35,83.15,0.00,0.00,83.0,0,0.000,-0.01,-1,1,0,0,0,0,0,0,0,0,0,PreArm: Board (3.6v) out of range 4.3-5.8v
2026-07-09T13:28:25.759Z,196.105,False,STABILIZE,0.0000000,0.0000000,-0.30,-0.04,0.00,0.00,0.00,2.11,1.35,83.15,0.00,0.00,83.0,0,0.000,-0.01,-1,1,0,0,0,0,0,0,0,0,0,PreArm: Board (3.6v) out of range 4.3-5.8v
2026-07-09T13:28:26.261Z,196.606,False,STABILIZE,0.0000000,0.0000000,-0.30,-0.04,0.00,0.00,0.00,2.11,1.35,83.15,0.00,0.00,83.0,0,0.000,-0.01,-1,1,0,0,0,0,0,0,0,0,0,PreArm: Board (3.6v) out of range 4.3-5.8v
2026-07-09T13:28:26.761Z,197.107,False,STABILIZE,0.0000000,0.0000000,-0.25,-0.04,0.00,0.00,0.00,2.11,1.35,83.14,0.00,0.00,83.0,0,0.000,-0.01,-1,1,0,0,0,0,0,0,0,0,0,PreArm: Board (3.6v) out of range 4.3-5.8v
2026-07-09T13:28:27.261Z,197.607,False,STABILIZE,0.0000000,0.0000000,-0.26,-0.04,0.00,0.00,0.00,2.11,1.35,83.14,0.00,0.00,83.0,0,0.000,-0.01,-1,1,0,0,0,0,0,0,0,0,0,PreArm: Board (3.6v) out of range 4.3-5.8v
2026-07-09T13:28:27.761Z,198.107,False,STABILIZE,0.0000000,0.0000000,-0.24,-0.04,0.00,0.00,0.00,2.11,1.35,83.14,0.00,0.00,83.0,0,0.000,-0.01,-1,1,0,0,0,0,0,0,0,0,0,PreArm: Board (3.6v) out of range 4.3-5.8v
2026-07-09T13:28:28.262Z,198.608,False,STABILIZE,0.0000000,0.0000000,-0.27,-0.04,0.00,0.00,0.00,2.10,1.35,83.14,0.00,0.00,83.0,0,0.000,-0.01,-1,1,0,0,0,0,0,0,0,0,0,PreArm: Board (3.6v) out of range 4.3-5.8v
2026-07-09T13:28:28.763Z,199.108,False,STABILIZE,0.0000000,0.0000000,-0.25,-0.04,0.00,0.00,0.00,2.10,1.35,83.14,0.00,0.00,83.0,0,0.000,-0.01,-1,1,0,0,0,0,0,0,0,0,0,PreArm: Board (3.6v) out of range 4.3-5.8v
2026-07-09T13:28:29.356Z,199.701,False,STABILIZE,0.0000000,0.0000000,-0.24,-0.04,0.00,0.00,0.00,2.10,1.35,83.14,0.00,0.00,83.0,0,0.000,-0.01,-1,1,0,0,0,0,0,0,0,0,0,PreArm: Board (3.6v) out of range 4.3-5.8v
2026-07-09T13:28:29.856Z,200.202,False,STABILIZE,0.0000000,0.0000000,-0.22,-0.04,0.00,0.00,-0.01,2.10,1.34,83.14,0.00,0.00,83.0,0,0.000,-0.01,-1,1,0,0,0,0,0,0,0,0,0,PreArm: Board (3.6v) out of range 4.3-5.8v
2026-07-09T13:28:30.356Z,200.702,False,STABILIZE,0.0000000,0.0000000,-0.22,-0.04,0.00,0.00,-0.01,2.10,1.34,83.14,0.00,0.00,83.0,0,0.000,-0.01,-1,1,0,0,0,0,0,0,0,0,0,PreArm: Board (3.6v) out of range 4.3-5.8v
2026-07-09T13:28:30.856Z,201.202,False,STABILIZE,0.0000000,0.0000000,-0.22,-0.04,0.00,0.00,-0.01,2.10,1.33,83.14,0.00,0.00,83.0,0,0.000,-0.01,-1,1,0,0,0,0,0,0,0,0,0,PreArm: Board (3.6v) out of range 4.3-5.8v
2026-07-09T13:28:31.356Z,201.702,False,STABILIZE,0.0000000,0.0000000,-0.22,-0.04,0.00,0.00,-0.01,2.09,1.33,83.13,0.00,0.00,83.0,0,0.000,-0.01,-1,1,0,0,0,0,0,0,0,0,0,PreArm: Board (3.6v) out of range 4.3-5.8v
2026-07-09T13:28:31.858Z,202.204,False,STABILIZE,0.0000000,0.0000000,-0.20,-0.04,0.00,0.00,-0.01,2.09,1.34,83.13,0.00,0.00,83.0,0,0.000,-0.01,-1,1,0,0,0,0,0,0,0,0,0,PreArm: Board (3.6v) out of range 4.3-5.8v
2026-07-09T13:28:32.358Z,202.704,False,STABILIZE,0.0000000,0.0000000,-0.22,-0.04,0.00,0.00,-0.01,2.09,1.33,83.13,0.00,0.00,83.0,0,0.000,-0.01,-1,1,0,0,0,0,0,0,0,0,0,PreArm: Board (3.6v) out of range 4.3-5.8v
2026-07-09T13:28:32.858Z,203.204,False,STABILIZE,0.0000000,0.0000000,-0.22,-0.04,0.00,0.00,-0.01,2.09,1.33,83.13,0.01,0.00,83.0,0,0.000,-0.01,-1,1,0,0,0,0,0,0,0,0,0,PreArm: Board (3.6v) out of range 4.3-5.8v
2026-07-09T13:28:33.358Z,203.704,False,STABILIZE,0.0000000,0.0000000,-0.22,-0.04,0.00,0.00,-0.01,2.09,1.33,83.12,0.01,0.00,83.0,0,0.000,-0.01,-1,1,0,0,0,0,0,0,0,0,0,PreArm: Board (3.6v) out of range 4.3-5.8v
2026-07-09T13:28:33.859Z,204.204,False,STABILIZE,0.0000000,0.0000000,-0.18,-0.04,0.00,0.00,-0.01,2.09,1.33,83.12,0.01,0.00,83.0,0,0.000,-0.01,-1,1,0,0,0,0,0,0,0,0,0,PreArm: Board (3.6v) out of range 4.3-5.8v
2026-07-09T13:28:34.359Z,204.705,False,STABILIZE,0.0000000,0.0000000,-0.20,-0.04,0.00,0.00,-0.01,2.09,1.33,83.13,0.01,0.00,83.0,0,0.000,-0.01,-1,1,0,0,0,0,0,0,0,0,0,PreArm: Board (3.6v) out of range 4.3-5.8v
2026-07-09T13:28:34.860Z,205.205,False,STABILIZE,0.0000000,0.0000000,-0.22,-0.04,0.00,0.00,-0.01,2.09,1.33,83.12,0.01,0.00,83.0,0,0.000,-0.01,-1,1,0,0,0,0,0,0,0,0,0,PreArm: Board (3.6v) out of range 4.3-5.8v
2026-07-09T13:28:35.361Z,205.707,False,STABILIZE,0.0000000,0.0000000,-0.22,-0.04,0.00,0.00,-0.01,2.09,1.33,83.12,0.01,0.00,83.0,0,0.000,-0.01,-1,1,0,0,0,0,0,0,0,0,0,PreArm: Board (3.6v) out of range 4.3-5.8v
2026-07-09T13:28:35.863Z,206.208,False,STABILIZE,0.0000000,0.0000000,-0.20,-0.04,0.00,0.00,-0.01,2.09,1.33,83.12,0.01,0.00,83.0,0,0.000,-0.01,-1,1,0,0,0,0,0,0,0,0,0,PreArm: Board (3.6v) out of range 4.3-5.8v
2026-07-09T13:28:36.456Z,206.802,False,STABILIZE,0.0000000,0.0000000,-0.17,-0.04,0.00,0.00,0.00,2.09,1.34,83.12,0.01,0.00,83.0,0,0.000,-0.01,-1,1,0,0,0,0,0,0,0,0,0,PreArm: Board (3.6v) out of range 4.3-5.8v
2026-07-09T13:28:36.958Z,207.304,False,STABILIZE,0.0000000,0.0000000,-0.18,-0.04,0.00,0.00,0.00,2.09,1.33,83.11,0.01,0.00,83.0,0,0.000,-0.01,-1,1,0,0,0,0,0,0,0,0,0,PreArm: Board (3.6v) out of range 4.3-5.8v
2026-07-09T13:28:37.458Z,207.804,False,STABILIZE,0.0000000,0.0000000,-0.19,-0.04,0.00,0.00,0.00,2.09,1.34,83.11,0.01,0.00,83.0,0,0.000,-0.01,-1,1,0,0,0,0,0,0,0,0,0,PreArm: Board (3.7v) out of range 4.3-5.8v
2026-07-09T13:28:37.958Z,208.304,False,STABILIZE,0.0000000,0.0000000,-0.17,-0.04,0.00,0.00,0.00,2.10,1.34,83.11,0.00,0.00,83.0,0,0.000,-0.01,-1,1,0,0,0,0,0,0,0,0,0,PreArm: Board (3.7v) out of range 4.3-5.8v
2026-07-09T13:28:38.458Z,208.804,False,STABILIZE,0.0000000,0.0000000,-0.17,-0.04,0.00,0.00,0.00,2.10,1.34,83.11,0.00,0.00,83.0,0,0.000,-0.01,-1,1,0,0,0,0,0,0,0,0,0,PreArm: Board (3.7v) out of range 4.3-5.8v
2026-07-09T13:28:38.958Z,209.304,False,STABILIZE,0.0000000,0.0000000,-0.20,-0.04,0.00,0.00,0.00,2.10,1.34,83.11,0.00,0.00,83.0,0,0.000,-0.01,-1,1,0,0,0,0,0,0,0,0,0,PreArm: Board (3.7v) out of range 4.3-5.8v
2026-07-09T13:28:39.458Z,209.804,False,STABILIZE,0.0000000,0.0000000,-0.19,-0.04,0.00,0.00,0.00,2.10,1.34,83.11,0.00,0.00,83.0,0,0.000,-0.01,-1,1,0,0,0,0,0,0,0,0,0,PreArm: Board (3.7v) out of range 4.3-5.8v
2026-07-09T13:28:39.959Z,210.305,False,STABILIZE,0.0000000,0.0000000,-0.22,-0.04,0.00,0.00,0.00,2.10,1.34,83.11,0.00,0.00,83.0,0,0.000,-0.01,-1,1,0,0,0,0,0,0,0,0,0,PreArm: Board (3.7v) out of range 4.3-5.8v
2026-07-09T13:28:40.461Z,210.807,False,STABILIZE,0.0000000,0.0000000,-0.22,-0.04,0.00,0.00,0.00,2.10,1.33,83.11,0.00,0.00,83.0,0,0.000,-0.01,-1,1,0,0,0,0,0,0,0,0,0,PreArm: Board (3.7v) out of range 4.3-5.8v
2026-07-09T13:28:40.962Z,211.308,False,STABILIZE,0.0000000,0.0000000,-0.23,-0.04,0.00,0.00,0.00,2.11,1.33,83.10,0.00,0.00,83.0,0,0.000,-0.01,-1,1,0,0,0,0,0,0,0,0,0,PreArm: Board (3.7v) out of range 4.3-5.8v
2026-07-09T13:28:41.463Z,211.808,False,STABILIZE,0.0000000,0.0000000,-0.21,-0.04,0.00,0.00,0.00,2.11,1.33,83.10,0.00,0.00,83.0,0,0.000,-0.01,-1,1,0,0,0,0,0,0,0,0,0,PreArm: Board (3.7v) out of range 4.3-5.8v
2026-07-09T13:28:42.057Z,212.403,False,STABILIZE,0.0000000,0.0000000,-0.23,-0.04,0.00,0.00,0.00,2.11,1.33,83.10,0.00,0.00,83.0,0,0.000,-0.01,-1,1,0,0,0,0,0,0,0,0,0,PreArm: Board (3.7v) out of range 4.3-5.8v
2026-07-09T13:28:42.558Z,212.904,False,STABILIZE,0.0000000,0.0000000,-0.24,-0.04,0.00,0.00,0.00,2.11,1.33,83.11,0.01,0.00,83.0,0,0.000,-0.01,-1,1,0,0,0,0,0,0,0,0,0,PreArm: Board (3.7v) out of range 4.3-5.8v
2026-07-09T13:28:43.059Z,213.404,False,STABILIZE,0.0000000,0.0000000,-0.26,-0.04,0.00,0.00,0.00,2.10,1.33,83.11,0.01,0.00,83.0,0,0.000,-0.01,-1,1,0,0,0,0,0,0,0,0,0,PreArm: Board (3.7v) out of range 4.3-5.8v
2026-07-09T13:28:43.560Z,213.906,False,STABILIZE,0.0000000,0.0000000,-0.22,-0.04,0.00,0.00,0.00,2.10,1.33,83.10,0.01,0.00,83.0,0,0.000,-0.01,-1,1,0,0,0,0,0,0,0,0,0,PreArm: Board (3.7v) out of range 4.3-5.8v
2026-07-09T13:28:44.062Z,214.407,False,STABILIZE,0.0000000,0.0000000,-0.25,-0.04,0.00,0.00,0.00,2.10,1.33,83.10,0.00,0.00,83.0,0,0.000,-0.01,-1,1,0,0,0,0,0,0,0,0,0,PreArm: Board (3.7v) out of range 4.3-5.8v
2026-07-09T13:28:44.562Z,214.908,False,STABILIZE,0.0000000,0.0000000,-0.29,-0.04,0.00,0.00,0.00,2.10,1.34,83.10,0.00,0.00,83.0,0,0.000,-0.01,-1,1,0,0,0,0,0,0,0,0,0,PreArm: Board (3.7v) out of range 4.3-5.8v
2026-07-09T13:28:45.062Z,215.408,False,STABILIZE,0.0000000,0.0000000,-0.24,-0.04,0.00,0.00,0.01,2.10,1.34,83.10,0.00,0.00,83.0,0,0.000,-0.01,-1,1,0,0,0,0,0,0,0,0,0,PreArm: Board (3.7v) out of range 4.3-5.8v
2026-07-09T13:28:45.564Z,215.910,False,STABILIZE,0.0000000,0.0000000,-0.30,-0.04,0.00,0.00,0.01,2.10,1.34,83.10,0.00,0.00,83.0,0,0.000,-0.01,-1,1,0,0,0,0,0,0,0,0,0,PreArm: Board (3.7v) out of range 4.3-5.8v
2026-07-09T13:28:46.065Z,216.411,False,STABILIZE,0.0000000,0.0000000,-0.32,-0.04,0.00,0.00,0.01,2.11,1.34,83.10,0.00,0.00,83.0,0,0.000,-0.01,-1,1,0,0,0,0,0,0,0,0,0,PreArm: Board (3.7v) out of range 4.3-5.8v
2026-07-09T13:28:46.595Z,216.941,False,STABILIZE,0.0000000,0.0000000,-0.28,-0.04,0.00,0.00,0.01,2.10,1.34,83.09,0.00,0.00,83.0,0,0.000,-0.01,-1,1,0,0,0,0,0,0,0,0,0,PreArm: Board (3.7v) out of range 4.3-5.8v
2026-07-09T13:28:47.156Z,217.501,False,STABILIZE,0.0000000,0.0000000,-0.26,-0.04,0.00,0.00,0.01,2.10,1.35,83.09,0.00,0.00,83.0,0,0.000,-0.01,-1,1,0,0,0,0,0,0,0,0,0,PreArm: Board (3.7v) out of range 4.3-5.8v
2026-07-09T13:28:47.656Z,218.001,False,STABILIZE,0.0000000,0.0000000,-0.30,-0.04,0.00,0.00,0.01,2.10,1.35,83.09,0.00,0.00,83.0,0,0.000,-0.01,-1,1,0,0,0,0,0,0,0,0,0,PreArm: Board (3.7v) out of range 4.3-5.8v
2026-07-09T13:28:48.156Z,218.501,False,STABILIZE,0.0000000,0.0000000,-0.31,-0.04,0.00,0.00,0.01,2.10,1.35,83.09,0.00,0.00,83.0,0,0.000,-0.01,-1,1,0,0,0,0,0,0,0,0,0,PreArm: Board (3.7v) out of range 4.3-5.8v
2026-07-09T13:28:48.656Z,219.002,False,STABILIZE,0.0000000,0.0000000,-0.30,-0.04,0.00,0.00,0.01,2.10,1.35,83.10,0.00,0.00,83.0,0,0.000,-0.01,-1,1,0,0,0,0,0,0,0,0,0,PreArm: Board (3.7v) out of range 4.3-5.8v
2026-07-09T13:28:49.156Z,219.502,False,STABILIZE,0.0000000,0.0000000,-0.30,-0.04,0.00,0.00,0.01,2.09,1.35,83.10,0.00,0.00,83.0,0,0.000,-0.01,-1,1,0,0,0,0,0,0,0,0,0,PreArm: Board (3.7v) out of range 4.3-5.8v
2026-07-09T13:28:49.656Z,220.002,False,STABILIZE,0.0000000,0.0000000,-0.32,-0.04,0.00,0.00,0.01,2.10,1.35,83.10,0.00,0.00,83.0,0,0.000,-0.01,-1,1,0,0,0,0,0,0,0,0,0,PreArm: Board (3.7v) out of range 4.3-5.8v
2026-07-09T13:28:50.156Z,220.502,False,STABILIZE,0.0000000,0.0000000,-0.34,-0.04,0.00,0.00,0.01,2.10,1.36,83.10,0.00,0.00,83.0,0,0.000,-0.01,-1,1,0,0,0,0,0,0,0,0,0,PreArm: Board (3.7v) out of range 4.3-5.8v
2026-07-09T13:28:50.659Z,221.004,False,STABILIZE,0.0000000,0.0000000,-0.32,-0.04,0.00,0.00,0.01,2.10,1.36,83.10,0.00,0.00,83.0,0,0.000,-0.01,-1,1,0,0,0,0,0,0,0,0,0,PreArm: Board (3.7v) out of range 4.3-5.8v
2026-07-09T13:28:51.162Z,221.507,False,STABILIZE,0.0000000,0.0000000,-0.33,-0.04,0.00,0.00,0.01,2.10,1.36,83.10,0.00,0.00,83.0,0,0.000,-0.01,-1,1,0,0,0,0,0,0,0,0,0,PreArm: Board (3.7v) out of range 4.3-5.8v
2026-07-09T13:28:51.756Z,222.101,False,STABILIZE,0.0000000,0.0000000,-0.34,-0.04,0.00,0.00,0.01,2.11,1.36,83.10,0.00,0.00,83.0,0,0.000,-0.01,-1,1,0,0,0,0,0,0,0,0,0,PreArm: Board (3.7v) out of range 4.3-5.8v
2026-07-09T13:28:52.260Z,222.605,False,STABILIZE,0.0000000,0.0000000,-0.34,-0.04,0.00,0.00,0.01,2.10,1.36,83.10,0.00,0.00,83.0,0,0.000,-0.01,-1,1,0,0,0,0,0,0,0,0,0,PreArm: Board (3.7v) out of range 4.3-5.8v
2026-07-09T13:28:52.761Z,223.107,False,STABILIZE,0.0000000,0.0000000,-0.33,-0.04,0.00,0.00,0.01,2.10,1.36,83.10,0.01,0.00,83.0,0,0.000,-0.01,-1,1,0,0,0,0,0,0,0,0,0,PreArm: Board (3.7v) out of range 4.3-5.8v
2026-07-09T13:28:53.261Z,223.607,False,STABILIZE,0.0000000,0.0000000,-0.35,-0.04,0.00,0.00,0.01,2.10,1.36,83.11,0.01,0.00,83.0,0,0.000,-0.01,-1,1,0,0,0,0,0,0,0,0,0,PreArm: Board (3.7v) out of range 4.3-5.8v
2026-07-09T13:28:53.763Z,224.108,False,STABILIZE,0.0000000,0.0000000,-0.34,-0.04,0.00,0.00,0.01,2.10,1.36,83.10,0.01,0.00,83.0,0,0.000,-0.01,-1,1,0,0,0,0,0,0,0,0,0,PreArm: Board (3.7v) out of range 4.3-5.8v
2026-07-09T13:28:54.356Z,224.701,False,STABILIZE,0.0000000,0.0000000,-0.33,-0.04,0.00,0.00,0.01,2.10,1.36,83.10,0.01,0.00,83.0,0,0.000,-0.01,-1,1,0,0,0,0,0,0,0,0,0,PreArm: Board (3.7v) out of range 4.3-5.8v
2026-07-09T13:28:54.858Z,225.204,False,STABILIZE,0.0000000,0.0000000,-0.34,-0.04,0.00,0.00,0.01,2.10,1.36,83.10,0.01,0.00,83.0,0,0.000,-0.01,-1,1,0,0,0,0,0,0,0,0,0,PreArm: Board (3.7v) out of range 4.3-5.8v
2026-07-09T13:28:55.358Z,225.704,False,STABILIZE,0.0000000,0.0000000,-0.30,-0.04,0.00,0.00,0.01,2.10,1.36,83.10,0.01,0.00,83.0,0,0.000,-0.01,-1,1,0,0,0,0,0,0,0,0,0,PreArm: Board (3.7v) out of range 4.3-5.8v
2026-07-09T13:28:55.858Z,226.204,False,STABILIZE,0.0000000,0.0000000,-0.32,-0.04,0.00,0.00,0.01,2.10,1.35,83.10,0.00,0.00,83.0,0,0.000,-0.01,-1,1,0,0,0,0,0,0,0,0,0,PreArm: Board (3.7v) out of range 4.3-5.8v
2026-07-09T13:28:56.358Z,226.704,False,STABILIZE,0.0000000,0.0000000,-0.35,-0.04,0.00,0.00,0.01,2.10,1.35,83.10,0.00,0.00,83.0,0,0.000,-0.01,-1,1,0,0,0,0,0,0,0,0,0,PreArm: Board (3.7v) out of range 4.3-5.8v
2026-07-09T13:28:56.858Z,227.204,False,STABILIZE,0.0000000,0.0000000,-0.35,-0.04,0.00,0.00,0.01,2.10,1.35,83.10,0.00,0.00,83.0,0,0.000,-0.01,-1,1,0,0,0,0,0,0,0,0,0,PreArm: Board (3.7v) out of range 4.3-5.8v
2026-07-09T13:28:57.360Z,227.706,False,STABILIZE,0.0000000,0.0000000,-0.32,-0.04,0.00,0.00,0.01,2.10,1.35,83.10,0.00,0.00,83.0,0,0.000,-0.01,-1,1,0,0,0,0,0,0,0,0,0,PreArm: Board (3.7v) out of range 4.3-5.8v
2026-07-09T13:28:57.860Z,228.206,False,STABILIZE,0.0000000,0.0000000,-0.35,-0.04,0.00,0.00,0.00,2.10,1.35,83.10,0.00,0.00,83.0,0,0.000,-0.01,-1,1,0,0,0,0,0,0,0,0,0,PreArm: Board (3.7v) out of range 4.3-5.8v
2026-07-09T13:28:58.361Z,228.706,False,STABILIZE,0.0000000,0.0000000,-0.34,-0.04,0.00,0.00,0.00,2.10,1.35,83.10,0.00,0.00,83.0,0,0.000,-0.01,-1,1,0,0,0,0,0,0,0,0,0,PreArm: Board (3.7v) out of range 4.3-5.8v
2026-07-09T13:28:58.864Z,229.209,False,STABILIZE,0.0000000,0.0000000,-0.35,-0.04,0.00,0.00,0.00,2.09,1.35,83.10,0.00,0.00,83.0,0,0.000,-0.01,-1,1,0,0,0,0,0,0,0,0,0,PreArm: Board (3.7v) out of range 4.3-5.8v
2026-07-09T13:28:59.455Z,229.801,False,STABILIZE,0.0000000,0.0000000,-0.36,-0.04,0.00,0.00,0.00,2.10,1.35,83.10,0.00,0.00,83.0,0,0.000,-0.01,-1,1,0,0,0,0,0,0,0,0,0,PreArm: Board (3.7v) out of range 4.3-5.8v
2026-07-09T13:28:59.959Z,230.305,False,STABILIZE,0.0000000,0.0000000,-0.34,-0.04,0.00,0.00,0.00,2.09,1.35,83.10,0.00,0.00,83.0,0,0.000,-0.01,-1,1,0,0,0,0,0,0,0,0,0,PreArm: Board (3.7v) out of range 4.3-5.8v
2026-07-09T13:29:00.460Z,230.805,False,STABILIZE,0.0000000,0.0000000,-0.36,-0.04,0.00,0.00,0.00,2.10,1.35,83.10,0.00,0.00,83.0,0,0.000,-0.01,-1,1,0,0,0,0,0,0,0,0,0,PreArm: Board (3.7v) out of range 4.3-5.8v
2026-07-09T13:29:00.960Z,231.306,False,STABILIZE,0.0000000,0.0000000,-0.38,-0.04,0.00,0.00,0.00,2.10,1.35,83.09,0.00,0.00,83.0,0,0.000,-0.01,-1,1,0,0,0,0,0,0,0,0,0,PreArm: Board (3.7v) out of range 4.3-5.8v
2026-07-09T13:29:01.460Z,231.806,False,STABILIZE,0.0000000,0.0000000,-0.34,-0.04,0.00,0.00,0.00,2.10,1.35,83.10,0.00,0.00,83.0,0,0.000,-0.01,-1,1,0,0,0,0,0,0,0,0,0,PreArm: Board (3.7v) out of range 4.3-5.8v
2026-07-09T13:29:01.960Z,232.306,False,STABILIZE,0.0000000,0.0000000,-0.34,-0.04,0.00,0.00,0.00,2.10,1.34,83.10,0.00,0.00,83.0,0,0.000,-0.01,-1,1,0,0,0,0,0,0,0,0,0,PreArm: Board (3.7v) out of range 4.3-5.8v
2026-07-09T13:29:02.460Z,232.806,False,STABILIZE,0.0000000,0.0000000,-0.31,-0.04,0.00,0.00,0.00,2.10,1.34,83.09,0.00,0.00,83.0,0,0.000,-0.01,-1,1,0,0,0,0,0,0,0,0,0,PreArm: Board (3.7v) out of range 4.3-5.8v
2026-07-09T13:29:02.961Z,233.306,False,STABILIZE,0.0000000,0.0000000,-0.34,-0.04,0.00,0.00,0.00,2.10,1.34,83.09,0.00,0.00,83.0,0,0.000,-0.01,-1,1,0,0,0,0,0,0,0,0,0,PreArm: Board (3.7v) out of range 4.3-5.8v
2026-07-09T13:29:03.461Z,233.806,False,STABILIZE,0.0000000,0.0000000,-0.34,-0.04,0.00,0.00,0.00,2.10,1.34,83.09,0.00,0.00,83.0,0,0.000,-0.01,-1,1,0,0,0,0,0,0,0,0,0,PreArm: Board (3.7v) out of range 4.3-5.8v
2026-07-09T13:29:03.963Z,234.308,False,STABILIZE,0.0000000,0.0000000,-0.35,-0.04,0.00,0.00,0.00,2.10,1.33,83.10,0.00,0.00,83.0,0,0.000,-0.01,-1,1,0,0,0,0,0,0,0,0,0,PreArm: Board (3.7v) out of range 4.3-5.8v
2026-07-09T13:29:04.463Z,234.808,False,STABILIZE,0.0000000,0.0000000,-0.35,-0.04,0.00,0.00,0.00,2.10,1.33,83.09,0.00,0.00,83.0,0,0.000,-0.01,-1,1,0,0,0,0,0,0,0,0,0,PreArm: Board (3.7v) out of range 4.3-5.8v
2026-07-09T13:29:04.963Z,235.309,False,STABILIZE,0.0000000,0.0000000,-0.36,-0.04,0.00,0.00,0.00,2.09,1.33,83.09,0.00,0.00,83.0,0,0.000,-0.01,-1,1,0,0,0,0,0,0,0,0,0,PreArm: Board (3.7v) out of range 4.3-5.8v
2026-07-09T13:29:05.556Z,235.901,False,STABILIZE,0.0000000,0.0000000,-0.39,-0.04,0.00,0.00,0.00,2.09,1.33,83.09,0.00,0.00,83.0,0,0.000,-0.01,-1,1,0,0,0,0,0,0,0,0,0,PreArm: Board (3.7v) out of range 4.3-5.8v
2026-07-09T13:29:06.059Z,236.404,False,STABILIZE,0.0000000,0.0000000,-0.38,-0.04,0.00,0.00,0.00,2.09,1.33,83.09,0.00,0.00,83.0,0,0.000,-0.01,-1,1,0,0,0,0,0,0,0,0,0,PreArm: Board (3.7v) out of range 4.3-5.8v
2026-07-09T13:29:06.560Z,236.906,False,STABILIZE,0.0000000,0.0000000,-0.36,-0.04,0.00,0.00,0.00,2.09,1.33,83.09,0.00,0.00,83.0,0,0.000,-0.01,-1,1,0,0,0,0,0,0,0,0,0,PreArm: Board (3.7v) out of range 4.3-5.8v
2026-07-09T13:29:07.061Z,237.407,False,STABILIZE,0.0000000,0.0000000,-0.37,-0.04,0.00,0.00,0.00,2.10,1.34,83.09,0.01,0.00,83.0,0,0.000,-0.01,-1,1,0,0,0,0,0,0,0,0,0,PreArm: Board (3.7v) out of range 4.3-5.8v
2026-07-09T13:29:07.561Z,237.907,False,STABILIZE,0.0000000,0.0000000,-0.35,-0.04,0.00,0.00,0.00,2.10,1.34,83.09,0.00,0.00,83.0,0,0.000,-0.01,-1,1,0,0,0,0,0,0,0,0,0,PreArm: Board (3.7v) out of range 4.3-5.8v
2026-07-09T13:29:08.063Z,238.409,False,STABILIZE,0.0000000,0.0000000,-0.40,-0.04,0.00,0.00,0.00,2.10,1.34,83.10,0.00,0.00,83.0,0,0.000,-0.01,-1,1,0,0,0,0,0,0,0,0,0,PreArm: Board (3.7v) out of range 4.3-5.8v
2026-07-09T13:29:08.564Z,238.909,False,STABILIZE,0.0000000,0.0000000,-0.38,-0.04,0.00,0.00,0.00,2.10,1.35,83.09,0.00,0.00,83.0,0,0.000,-0.01,-1,1,0,0,0,0,0,0,0,0,0,PreArm: Board (3.7v) out of range 4.3-5.8v
2026-07-09T13:29:09.157Z,239.503,False,STABILIZE,0.0000000,0.0000000,-0.40,-0.04,0.00,0.00,0.00,2.10,1.35,83.09,0.00,0.00,83.0,0,0.000,-0.01,-1,1,0,0,0,0,0,0,0,0,0,PreArm: Board (3.7v) out of range 4.3-5.8v
2026-07-09T13:29:09.659Z,240.005,False,STABILIZE,0.0000000,0.0000000,-0.41,-0.04,0.00,0.00,0.00,2.10,1.35,83.09,0.00,0.00,83.0,0,0.000,-0.01,-1,1,0,0,0,0,0,0,0,0,0,PreArm: Board (3.7v) out of range 4.3-5.8v
2026-07-09T13:29:10.162Z,240.507,False,STABILIZE,0.0000000,0.0000000,-0.43,-0.04,0.00,0.00,0.00,2.10,1.35,83.09,0.00,0.00,83.0,0,0.000,-0.01,-1,1,0,0,0,0,0,0,0,0,0,PreArm: Board (3.7v) out of range 4.3-5.8v
2026-07-09T13:29:10.664Z,241.010,False,STABILIZE,0.0000000,0.0000000,-0.40,-0.04,0.00,0.00,0.00,2.10,1.35,83.09,0.00,0.00,83.0,0,0.000,-0.01,-1,1,0,0,0,0,0,0,0,0,0,PreArm: Board (3.7v) out of range 4.3-5.8v
2026-07-09T13:29:11.258Z,241.604,False,STABILIZE,0.0000000,0.0000000,-0.40,-0.04,0.00,0.00,0.00,2.10,1.35,83.09,0.00,0.00,83.0,0,0.000,-0.01,-1,1,0,0,0,0,0,0,0,0,0,PreArm: Board (3.7v) out of range 4.3-5.8v
2026-07-09T13:29:11.759Z,242.105,False,STABILIZE,0.0000000,0.0000000,-0.45,-0.04,0.00,0.00,0.00,2.10,1.35,83.09,0.00,0.00,83.0,0,0.000,-0.01,-1,1,0,0,0,0,0,0,0,0,0,PreArm: Board (3.7v) out of range 4.3-5.8v
2026-07-09T13:29:12.260Z,242.606,False,STABILIZE,0.0000000,0.0000000,-0.41,-0.04,0.00,0.00,0.01,2.10,1.35,83.09,0.00,0.00,83.0,0,0.000,-0.01,-1,1,0,0,0,0,0,0,0,0,0,PreArm: Board (3.7v) out of range 4.3-5.8v
2026-07-09T13:29:12.760Z,243.106,False,STABILIZE,0.0000000,0.0000000,-0.42,-0.04,0.00,0.00,0.01,2.10,1.35,83.09,0.00,0.00,83.0,0,0.000,-0.01,-1,1,0,0,0,0,0,0,0,0,0,PreArm: Board (3.7v) out of range 4.3-5.8v
2026-07-09T13:29:13.260Z,243.606,False,STABILIZE,0.0000000,0.0000000,-0.43,-0.04,0.00,0.00,0.01,2.10,1.35,83.09,0.00,0.00,83.0,0,0.000,-0.01,-1,1,0,0,0,0,0,0,0,0,0,PreArm: Board (3.7v) out of range 4.3-5.8v
2026-07-09T13:29:13.760Z,244.106,False,STABILIZE,0.0000000,0.0000000,-0.41,-0.04,0.00,0.00,0.00,2.10,1.35,83.10,0.00,0.00,83.0,0,0.000,-0.01,-1,1,0,0,0,0,0,0,0,0,0,PreArm: Board (3.7v) out of range 4.3-5.8v
2026-07-09T13:29:14.261Z,244.606,False,STABILIZE,0.0000000,0.0000000,-0.39,-0.04,0.00,0.00,0.00,2.10,1.35,83.10,0.00,0.00,83.0,0,0.000,-0.01,-1,1,0,0,0,0,0,0,0,0,0,PreArm: Board (3.7v) out of range 4.3-5.8v
2026-07-09T13:29:14.761Z,245.107,False,STABILIZE,0.0000000,0.0000000,-0.41,-0.04,0.00,0.00,0.00,2.10,1.35,83.10,0.00,0.00,83.0,0,0.000,-0.01,-1,1,0,0,0,0,0,0,0,0,0,PreArm: Board (3.7v) out of range 4.3-5.8v
2026-07-09T13:29:15.262Z,245.608,False,STABILIZE,0.0000000,0.0000000,-0.45,-0.04,0.00,0.00,0.00,2.10,1.35,83.09,0.00,0.00,83.0,0,0.000,-0.01,-1,1,0,0,0,0,0,0,0,0,0,PreArm: Board (3.7v) out of range 4.3-5.8v
2026-07-09T13:29:15.763Z,246.108,False,STABILIZE,0.0000000,0.0000000,-0.41,-0.04,0.00,0.00,0.00,2.11,1.35,83.09,0.00,0.00,83.0,0,0.000,-0.01,-1,1,0,0,0,0,0,0,0,0,0,PreArm: Board (3.7v) out of range 4.3-5.8v
2026-07-09T13:29:16.357Z,246.703,False,STABILIZE,0.0000000,0.0000000,-0.44,-0.04,0.00,0.00,0.00,2.11,1.35,83.09,0.00,0.00,83.0,0,0.000,-0.01,-1,1,0,0,0,0,0,0,0,0,0,PreArm: Board (3.7v) out of range 4.3-5.8v
2026-07-09T13:29:16.858Z,247.204,False,STABILIZE,0.0000000,0.0000000,-0.43,-0.04,0.00,0.00,0.00,2.11,1.35,83.09,0.00,0.00,83.0,0,0.000,-0.01,-1,1,0,0,0,0,0,0,0,0,0,PreArm: Board (3.7v) out of range 4.3-5.8v
2026-07-09T13:29:17.361Z,247.706,False,STABILIZE,0.0000000,0.0000000,-0.43,-0.04,0.00,0.00,0.00,2.11,1.35,83.09,0.00,0.00,83.0,0,0.000,-0.01,-1,1,0,0,0,0,0,0,0,0,0,PreArm: Board (3.7v) out of range 4.3-5.8v
2026-07-09T13:29:17.861Z,248.207,False,STABILIZE,0.0000000,0.0000000,-0.44,-0.04,0.00,0.00,0.00,2.11,1.35,83.09,0.00,0.00,83.0,0,0.000,-0.01,-1,1,0,0,0,0,0,0,0,0,0,PreArm: Board (3.7v) out of range 4.3-5.8v
2026-07-09T13:29:18.363Z,248.708,False,STABILIZE,0.0000000,0.0000000,-0.46,-0.04,0.00,0.00,0.00,2.11,1.34,83.09,0.00,0.00,83.0,0,0.000,-0.01,-1,1,0,0,0,0,0,0,0,0,0,PreArm: Board (3.7v) out of range 4.3-5.8v
2026-07-09T13:29:18.864Z,249.209,False,STABILIZE,0.0000000,0.0000000,-0.44,-0.04,0.00,0.00,0.00,2.11,1.34,83.09,0.00,0.00,83.0,0,0.000,-0.01,-1,1,0,0,0,0,0,0,0,0,0,PreArm: Board (3.7v) out of range 4.3-5.8v
2026-07-09T13:29:19.365Z,249.710,False,STABILIZE,0.0000000,0.0000000,-0.43,-0.04,0.00,0.00,0.00,2.11,1.34,83.09,0.00,0.00,83.0,0,0.000,-0.01,-1,1,0,0,0,0,0,0,0,0,0,PreArm: Board (3.7v) out of range 4.3-5.8v
2026-07-09T13:29:19.956Z,250.302,False,STABILIZE,0.0000000,0.0000000,-0.47,-0.04,0.00,0.00,0.00,2.11,1.34,83.08,0.00,0.00,83.0,0,0.000,-0.01,-1,1,0,0,0,0,0,0,0,0,0,PreArm: Board (3.7v) out of range 4.3-5.8v
2026-07-09T13:29:20.457Z,250.803,False,STABILIZE,0.0000000,0.0000000,-0.45,-0.04,0.00,0.00,0.00,2.11,1.35,83.08,0.00,0.00,83.0,0,0.000,-0.01,-1,1,0,0,0,0,0,0,0,0,0,PreArm: Board (3.7v) out of range 4.3-5.8v
2026-07-09T13:29:20.962Z,251.308,False,STABILIZE,0.0000000,0.0000000,-0.44,-0.04,0.00,0.00,0.00,2.11,1.35,83.08,0.00,0.00,83.0,0,0.000,-0.01,-1,1,0,0,0,0,0,0,0,0,0,PreArm: Board (3.7v) out of range 4.3-5.8v
2026-07-09T13:29:21.463Z,251.809,False,STABILIZE,0.0000000,0.0000000,-0.45,-0.04,0.00,0.00,0.00,2.11,1.35,83.08,0.00,0.00,83.0,0,0.000,-0.01,-1,1,0,0,0,0,0,0,0,0,0,PreArm: Board (3.7v) out of range 4.3-5.8v
2026-07-09T13:29:21.963Z,252.309,False,STABILIZE,0.0000000,0.0000000,-0.46,-0.04,0.00,0.00,0.00,2.11,1.35,83.08,0.00,0.00,83.0,0,0.000,-0.01,-1,1,0,0,0,0,0,0,0,0,0,PreArm: Board (3.7v) out of range 4.3-5.8v
2026-07-09T13:29:22.464Z,252.810,False,STABILIZE,0.0000000,0.0000000,-0.44,-0.04,0.00,0.00,0.00,2.11,1.34,83.07,0.00,0.00,83.0,0,0.000,-0.01,-1,1,0,0,0,0,0,0,0,0,0,PreArm: Board (3.7v) out of range 4.3-5.8v
2026-07-09T13:29:22.965Z,253.310,False,STABILIZE,0.0000000,0.0000000,-0.48,-0.04,0.00,0.00,0.00,2.10,1.34,83.07,0.00,0.00,83.0,0,0.000,-0.01,-1,1,0,0,0,0,0,0,0,0,0,PreArm: Board (3.7v) out of range 4.3-5.8v
2026-07-09T13:29:23.465Z,253.811,False,STABILIZE,0.0000000,0.0000000,-0.46,-0.04,0.00,0.00,0.00,2.10,1.34,83.07,0.00,0.00,83.0,0,0.000,-0.01,-1,1,0,0,0,0,0,0,0,0,0,PreArm: Board (3.7v) out of range 4.3-5.8v
2026-07-09T13:29:24.057Z,254.403,False,STABILIZE,0.0000000,0.0000000,-0.49,-0.04,0.00,0.00,0.00,2.10,1.34,83.07,0.00,0.00,83.0,0,0.000,-0.01,-1,1,0,0,0,0,0,0,0,0,0,PreArm: Board (3.7v) out of range 4.3-5.8v
2026-07-09T13:29:24.557Z,254.903,False,STABILIZE,0.0000000,0.0000000,-0.45,-0.04,0.00,0.00,0.00,2.11,1.34,83.07,0.00,0.00,83.0,0,0.000,-0.01,-1,1,0,0,0,0,0,0,0,0,0,PreArm: Board (3.7v) out of range 4.3-5.8v
2026-07-09T13:29:25.058Z,255.404,False,STABILIZE,0.0000000,0.0000000,-0.48,-0.04,0.00,0.00,0.00,2.11,1.34,83.06,0.00,0.00,83.0,0,0.000,-0.01,-1,1,0,0,0,0,0,0,0,0,0,PreArm: Board (3.7v) out of range 4.3-5.8v
2026-07-09T13:29:25.563Z,255.908,False,STABILIZE,0.0000000,0.0000000,-0.48,-0.04,0.00,0.00,0.00,2.10,1.34,83.06,0.00,0.00,83.0,0,0.000,-0.01,-1,1,0,0,0,0,0,0,0,0,0,PreArm: Board (3.7v) out of range 4.3-5.8v
2026-07-09T13:29:26.063Z,256.409,False,STABILIZE,0.0000000,0.0000000,-0.53,-0.04,0.00,0.00,0.00,2.10,1.34,83.06,0.00,0.00,83.0,0,0.000,-0.01,-1,1,0,0,0,0,0,0,0,0,0,PreArm: Board (3.7v) out of range 4.3-5.8v
2026-07-09T13:29:26.600Z,256.946,False,STABILIZE,0.0000000,0.0000000,-0.51,-0.04,0.00,0.00,0.00,2.10,1.34,83.06,0.00,0.00,83.0,0,0.000,-0.01,-1,1,0,0,0,0,0,0,0,0,0,PreArm: Board (3.7v) out of range 4.3-5.8v
2026-07-09T13:29:27.156Z,257.501,False,STABILIZE,0.0000000,0.0000000,-0.54,-0.04,0.00,0.00,0.00,2.10,1.35,83.06,0.00,0.00,83.0,0,0.000,-0.01,-1,1,0,0,0,0,0,0,0,0,0,PreArm: Board (3.7v) out of range 4.3-5.8v
2026-07-09T13:29:27.657Z,258.003,False,STABILIZE,0.0000000,0.0000000,-0.55,-0.04,0.00,0.00,0.00,2.10,1.35,83.06,0.00,0.00,83.0,0,0.000,-0.01,-1,1,0,0,0,0,0,0,0,0,0,PreArm: Board (3.7v) out of range 4.3-5.8v
2026-07-09T13:29:28.157Z,258.503,False,STABILIZE,0.0000000,0.0000000,-0.49,-0.04,0.00,0.00,0.00,2.10,1.35,83.06,0.00,0.00,83.0,0,0.000,-0.01,-1,1,0,0,0,0,0,0,0,0,0,PreArm: Board (3.7v) out of range 4.3-5.8v
2026-07-09T13:29:28.657Z,259.003,False,STABILIZE,0.0000000,0.0000000,-0.56,-0.04,0.00,0.00,0.00,2.10,1.35,83.06,0.00,0.00,83.0,0,0.000,-0.01,-1,1,0,0,0,0,0,0,0,0,0,PreArm: Board (3.7v) out of range 4.3-5.8v
2026-07-09T13:29:29.159Z,259.504,False,STABILIZE,0.0000000,0.0000000,-0.56,-0.04,0.00,0.00,0.00,2.10,1.35,83.05,0.00,0.00,83.0,0,0.000,-0.01,-1,1,0,0,0,0,0,0,0,0,0,PreArm: Board (3.7v) out of range 4.3-5.8v
2026-07-09T13:29:29.659Z,260.004,False,STABILIZE,0.0000000,0.0000000,-0.52,-0.04,0.00,0.00,0.00,2.10,1.35,83.05,0.00,0.00,83.0,0,0.000,-0.01,-1,1,0,0,0,0,0,0,0,0,0,PreArm: Board (3.7v) out of range 4.3-5.8v
2026-07-09T13:29:30.159Z,260.504,False,STABILIZE,0.0000000,0.0000000,-0.55,-0.04,0.00,0.00,0.01,2.11,1.35,83.05,0.00,0.00,83.0,0,0.000,-0.01,-1,1,0,0,0,0,0,0,0,0,0,PreArm: Board (3.7v) out of range 4.3-5.8v
2026-07-09T13:29:30.659Z,261.005,False,STABILIZE,0.0000000,0.0000000,-0.58,-0.04,0.00,0.00,0.01,2.11,1.35,83.05,0.00,0.00,83.0,0,0.000,-0.01,-1,1,0,0,0,0,0,0,0,0,0,PreArm: Board (3.7v) out of range 4.3-5.8v
2026-07-09T13:29:31.159Z,261.505,False,STABILIZE,0.0000000,0.0000000,-0.55,-0.04,0.00,0.00,0.01,2.11,1.35,83.05,0.00,0.00,83.0,0,0.000,-0.01,-1,1,0,0,0,0,0,0,0,0,0,PreArm: Board (3.7v) out of range 4.3-5.8v
2026-07-09T13:29:31.659Z,262.005,False,STABILIZE,0.0000000,0.0000000,-0.56,-0.04,0.00,0.00,0.00,2.10,1.35,83.05,0.00,0.00,83.0,0,0.000,-0.01,-1,1,0,0,0,0,0,0,0,0,0,PreArm: Board (3.7v) out of range 4.3-5.8v
2026-07-09T13:29:32.160Z,262.505,False,STABILIZE,0.0000000,0.0000000,-0.53,-0.04,0.00,0.00,0.00,2.10,1.35,83.05,0.00,0.00,83.0,0,0.000,-0.01,-1,1,0,0,0,0,0,0,0,0,0,PreArm: Board (3.7v) out of range 4.3-5.8v
2026-07-09T13:29:32.660Z,263.005,False,STABILIZE,0.0000000,0.0000000,-0.57,-0.04,0.00,0.00,0.00,2.10,1.35,83.05,0.00,0.00,83.0,0,0.000,-0.01,-1,1,0,0,0,0,0,0,0,0,0,PreArm: Board (3.7v) out of range 4.3-5.8v
2026-07-09T13:29:33.160Z,263.506,False,STABILIZE,0.0000000,0.0000000,-0.56,-0.04,0.00,0.00,0.00,2.10,1.35,83.04,0.00,0.00,83.0,0,0.000,-0.01,-1,1,0,0,0,0,0,0,0,0,0,PreArm: Board (3.7v) out of range 4.3-5.8v
2026-07-09T13:29:33.662Z,264.007,False,STABILIZE,0.0000000,0.0000000,-0.52,-0.04,0.00,0.00,0.00,2.10,1.35,83.05,0.00,0.00,83.0,0,0.000,-0.01,-1,1,0,0,0,0,0,0,0,0,0,PreArm: Board (3.7v) out of range 4.3-5.8v
2026-07-09T13:29:34.163Z,264.509,False,STABILIZE,0.0000000,0.0000000,-0.53,-0.04,0.00,0.00,0.00,2.10,1.35,83.05,0.00,0.00,83.0,0,0.000,-0.01,-1,1,0,0,0,0,0,0,0,0,0,PreArm: Board (3.7v) out of range 4.3-5.8v
2026-07-09T13:29:34.756Z,265.102,False,STABILIZE,0.0000000,0.0000000,-0.54,-0.04,0.00,0.00,0.00,2.10,1.35,83.05,0.00,0.00,83.0,0,0.000,-0.01,-1,1,0,0,0,0,0,0,0,0,0,PreArm: Board (3.7v) out of range 4.3-5.8v
2026-07-09T13:29:35.259Z,265.605,False,STABILIZE,0.0000000,0.0000000,-0.58,-0.04,0.00,0.00,0.00,2.10,1.35,83.05,0.00,0.00,83.0,0,0.000,-0.01,-1,1,0,0,0,0,0,0,0,0,0,PreArm: Board (3.7v) out of range 4.3-5.8v
2026-07-09T13:29:35.759Z,266.105,False,STABILIZE,0.0000000,0.0000000,-0.53,-0.04,0.00,0.00,0.00,2.10,1.36,83.04,0.00,0.00,83.0,0,0.000,-0.01,-1,1,0,0,0,0,0,0,0,0,0,PreArm: Board (3.7v) out of range 4.3-5.8v
2026-07-09T13:29:36.259Z,266.605,False,STABILIZE,0.0000000,0.0000000,-0.55,-0.04,0.00,0.00,0.00,2.10,1.36,83.05,0.00,0.00,83.0,0,0.000,-0.01,-1,1,0,0,0,0,0,0,0,0,0,PreArm: Board (3.7v) out of range 4.3-5.8v
2026-07-09T13:29:36.760Z,267.105,False,STABILIZE,0.0000000,0.0000000,-0.54,-0.04,0.00,0.00,0.00,2.10,1.36,83.05,0.00,0.00,83.0,0,0.000,-0.01,-1,1,0,0,0,0,0,0,0,0,0,PreArm: Board (3.7v) out of range 4.3-5.8v
2026-07-09T13:29:37.260Z,267.605,False,STABILIZE,0.0000000,0.0000000,-0.52,-0.04,0.00,0.00,0.00,2.10,1.36,83.05,0.00,0.00,83.0,0,0.000,-0.01,-1,1,0,0,0,0,0,0,0,0,0,PreArm: Board (3.7v) out of range 4.3-5.8v
2026-07-09T13:29:37.762Z,268.108,False,STABILIZE,0.0000000,0.0000000,-0.52,-0.04,0.00,0.00,0.00,2.11,1.35,83.05,0.00,0.00,83.0,0,0.000,-0.01,-1,1,0,0,0,0,0,0,0,0,0,PreArm: Board (3.7v) out of range 4.3-5.8v
2026-07-09T13:29:38.262Z,268.608,False,STABILIZE,0.0000000,0.0000000,-0.53,-0.04,0.00,0.00,0.00,2.10,1.35,83.06,0.00,0.00,83.0,0,0.000,-0.01,-1,1,0,0,0,0,0,0,0,0,0,PreArm: Board (3.7v) out of range 4.3-5.8v
2026-07-09T13:29:38.763Z,269.109,False,STABILIZE,0.0000000,0.0000000,-0.52,-0.04,0.00,0.00,0.00,2.10,1.35,83.06,0.00,0.00,83.0,0,0.000,-0.01,-1,1,0,0,0,0,0,0,0,0,0,PreArm: Board (3.7v) out of range 4.3-5.8v
2026-07-09T13:29:39.263Z,269.609,False,STABILIZE,0.0000000,0.0000000,-0.53,-0.04,0.00,0.00,0.00,2.10,1.35,83.06,0.00,0.00,83.0,0,0.000,-0.01,-1,1,0,0,0,0,0,0,0,0,0,PreArm: Board (3.7v) out of range 4.3-5.8v
2026-07-09T13:29:39.763Z,270.109,False,STABILIZE,0.0000000,0.0000000,-0.50,-0.04,0.00,0.00,0.00,2.10,1.35,83.06,0.00,0.00,83.0,0,0.000,-0.01,-1,1,0,0,0,0,0,0,0,0,0,PreArm: Board (3.7v) out of range 4.3-5.8v
2026-07-09T13:29:40.263Z,270.609,False,STABILIZE,0.0000000,0.0000000,-0.50,-0.04,0.00,0.00,0.00,2.10,1.35,83.06,0.00,0.00,83.0,0,0.000,-0.01,-1,1,0,0,0,0,0,0,0,0,0,PreArm: Board (3.7v) out of range 4.3-5.8v
2026-07-09T13:29:40.765Z,271.111,False,STABILIZE,0.0000000,0.0000000,-0.50,-0.04,0.00,0.00,0.00,2.10,1.36,83.06,0.00,0.00,83.0,0,0.000,-0.01,-1,1,0,0,0,0,0,0,0,0,0,PreArm: Board (3.7v) out of range 4.3-5.8v
2026-07-09T13:29:41.266Z,271.611,False,STABILIZE,0.0000000,0.0000000,-0.52,-0.04,0.00,0.00,0.00,2.10,1.36,83.06,0.00,0.00,83.0,0,0.000,-0.01,-1,1,0,0,0,0,0,0,0,0,0,PreArm: Board (3.7v) out of range 4.3-5.8v
2026-07-09T13:29:41.857Z,272.202,False,STABILIZE,0.0000000,0.0000000,-0.48,-0.04,0.00,0.00,0.00,2.10,1.35,83.06,0.00,0.00,83.0,0,0.000,-0.01,-1,1,0,0,0,0,0,0,0,0,0,PreArm: Board (3.7v) out of range 4.3-5.8v
2026-07-09T13:29:42.357Z,272.703,False,STABILIZE,0.0000000,0.0000000,-0.50,-0.04,0.00,0.00,0.00,2.10,1.35,83.06,0.00,0.00,83.0,0,0.000,-0.01,-1,1,0,0,0,0,0,0,0,0,0,PreArm: Board (3.7v) out of range 4.3-5.8v
2026-07-09T13:29:42.857Z,273.203,False,STABILIZE,0.0000000,0.0000000,-0.48,-0.04,0.00,0.00,-0.01,2.10,1.35,83.06,0.00,0.00,83.0,0,0.000,-0.01,-1,1,0,0,0,0,0,0,0,0,0,PreArm: Board (3.7v) out of range 4.3-5.8v
2026-07-09T13:29:43.359Z,273.704,False,STABILIZE,0.0000000,0.0000000,-0.48,-0.04,0.00,0.00,-0.01,2.10,1.35,83.07,0.00,0.00,83.0,0,0.000,-0.01,-1,1,0,0,0,0,0,0,0,0,0,PreArm: Board (3.7v) out of range 4.3-5.8v
2026-07-09T13:29:43.859Z,274.204,False,STABILIZE,0.0000000,0.0000000,-0.43,-0.04,0.00,0.00,-0.01,2.10,1.35,83.07,0.00,0.00,83.0,0,0.000,-0.01,-1,1,0,0,0,0,0,0,0,0,0,PreArm: Board (3.7v) out of range 4.3-5.8v
2026-07-09T13:29:44.359Z,274.704,False,STABILIZE,0.0000000,0.0000000,-0.50,-0.04,0.00,0.00,-0.01,2.10,1.35,83.07,0.00,0.00,83.0,0,0.000,-0.01,-1,1,0,0,0,0,0,0,0,0,0,PreArm: Board (3.7v) out of range 4.3-5.8v
2026-07-09T13:29:44.859Z,275.205,False,STABILIZE,0.0000000,0.0000000,-0.45,-0.04,0.00,0.00,-0.01,2.10,1.35,83.07,0.00,0.00,83.0,0,0.000,-0.01,-1,1,0,0,0,0,0,0,0,0,0,PreArm: Board (3.7v) out of range 4.3-5.8v
2026-07-09T13:29:45.359Z,275.705,False,STABILIZE,0.0000000,0.0000000,-0.44,-0.04,0.00,0.00,-0.01,2.11,1.35,83.07,0.00,0.00,83.0,0,0.000,-0.01,-1,1,0,0,0,0,0,0,0,0,0,PreArm: Board (3.7v) out of range 4.3-5.8v
2026-07-09T13:29:45.859Z,276.205,False,STABILIZE,0.0000000,0.0000000,-0.46,-0.04,0.00,0.00,-0.01,2.11,1.35,83.07,0.00,0.00,83.0,0,0.000,-0.01,-1,1,0,0,0,0,0,0,0,0,0,PreArm: Board (3.7v) out of range 4.3-5.8v
2026-07-09T13:29:46.359Z,276.705,False,STABILIZE,0.0000000,0.0000000,-0.46,-0.04,0.00,0.00,-0.01,2.11,1.35,83.06,0.00,0.00,83.0,0,0.000,-0.01,-1,1,0,0,0,0,0,0,0,0,0,PreArm: Board (3.7v) out of range 4.3-5.8v
2026-07-09T13:29:46.860Z,277.205,False,STABILIZE,0.0000000,0.0000000,-0.44,-0.04,0.00,0.00,-0.01,2.11,1.35,83.06,0.00,0.00,83.0,0,0.000,-0.01,-1,1,0,0,0,0,0,0,0,0,0,PreArm: Board (3.7v) out of range 4.3-5.8v
2026-07-09T13:29:47.361Z,277.707,False,STABILIZE,0.0000000,0.0000000,-0.46,-0.04,0.00,0.00,-0.01,2.11,1.36,83.07,0.00,0.00,83.0,0,0.000,-0.01,-1,1,0,0,0,0,0,0,0,0,0,PreArm: Board (3.7v) out of range 4.3-5.8v
2026-07-09T13:29:47.864Z,278.210,False,STABILIZE,0.0000000,0.0000000,-0.45,-0.04,0.00,0.00,0.00,2.11,1.35,83.07,0.00,0.00,83.0,0,0.000,-0.01,-1,1,0,0,0,0,0,0,0,0,0,PreArm: Board (3.7v) out of range 4.3-5.8v
2026-07-09T13:29:48.365Z,278.710,False,STABILIZE,0.0000000,0.0000000,-0.43,-0.04,0.00,0.00,0.00,2.11,1.35,83.07,0.00,0.00,83.0,0,0.000,-0.01,-1,1,0,0,0,0,0,0,0,0,0,PreArm: Board (3.7v) out of range 4.3-5.8v
2026-07-09T13:29:48.956Z,279.302,False,STABILIZE,0.0000000,0.0000000,-0.42,-0.04,0.00,0.00,0.00,2.12,1.35,83.07,0.00,0.00,83.0,0,0.000,-0.01,-1,1,0,0,0,0,0,0,0,0,0,PreArm: Board (3.7v) out of range 4.3-5.8v
2026-07-09T13:29:49.457Z,279.803,False,STABILIZE,0.0000000,0.0000000,-0.45,-0.04,0.00,0.00,0.00,2.12,1.35,83.07,0.00,0.00,83.0,0,0.000,-0.01,-1,1,0,0,0,0,0,0,0,0,0,PreArm: Board (3.7v) out of range 4.3-5.8v
2026-07-09T13:29:49.958Z,280.304,False,STABILIZE,0.0000000,0.0000000,-0.43,-0.04,0.00,0.00,0.00,2.12,1.35,83.08,0.00,0.00,83.0,0,0.000,-0.01,-1,1,0,0,0,0,0,0,0,0,0,PreArm: Board (3.7v) out of range 4.3-5.8v
2026-07-09T13:29:50.458Z,280.804,False,STABILIZE,0.0000000,0.0000000,-0.46,-0.04,0.00,0.00,0.00,2.12,1.36,83.08,0.00,0.00,83.0,0,0.000,-0.01,-1,1,0,0,0,0,0,0,0,0,0,PreArm: Board (3.7v) out of range 4.3-5.8v
2026-07-09T13:29:50.959Z,281.305,False,STABILIZE,0.0000000,0.0000000,-0.46,-0.04,0.00,0.00,0.00,2.12,1.35,83.08,0.00,0.00,83.0,0,0.000,-0.01,-1,1,0,0,0,0,0,0,0,0,0,PreArm: Board (3.7v) out of range 4.3-5.8v
2026-07-09T13:29:51.459Z,281.805,False,STABILIZE,0.0000000,0.0000000,-0.45,-0.04,0.00,0.00,0.00,2.12,1.35,83.08,0.00,0.00,83.0,0,0.000,-0.01,-1,1,0,0,0,0,0,0,0,0,0,PreArm: Board (3.7v) out of range 4.3-5.8v
2026-07-09T13:29:51.959Z,282.305,False,STABILIZE,0.0000000,0.0000000,-0.49,-0.04,0.00,0.00,0.00,2.12,1.36,83.08,0.00,0.00,83.0,0,0.000,-0.01,-1,1,0,0,0,0,0,0,0,0,0,PreArm: Board (3.7v) out of range 4.3-5.8v
2026-07-09T13:29:52.460Z,282.805,False,STABILIZE,0.0000000,0.0000000,-0.49,-0.04,0.00,0.00,0.00,2.11,1.36,83.08,0.01,0.00,83.0,0,0.000,-0.01,-1,1,0,0,0,0,0,0,0,0,0,PreArm: Board (3.7v) out of range 4.3-5.8v
2026-07-09T13:29:52.960Z,283.305,False,STABILIZE,0.0000000,0.0000000,-0.46,-0.04,0.00,0.00,0.00,2.11,1.35,83.08,0.01,0.00,83.0,0,0.000,-0.01,-1,1,0,0,0,0,0,0,0,0,0,PreArm: Board (3.7v) out of range 4.3-5.8v
2026-07-09T13:29:53.463Z,283.808,False,STABILIZE,0.0000000,0.0000000,-0.46,-0.04,0.00,0.00,0.00,2.11,1.35,83.08,0.01,0.00,83.0,0,0.000,-0.01,-1,1,0,0,0,0,0,0,0,0,0,PreArm: Board (3.7v) out of range 4.3-5.8v
2026-07-09T13:29:53.963Z,284.308,False,STABILIZE,0.0000000,0.0000000,-0.47,-0.04,0.00,0.00,0.00,2.12,1.35,83.08,0.01,0.00,83.0,0,0.000,-0.01,-1,1,0,0,0,0,0,0,0,0,0,PreArm: Board (3.7v) out of range 4.3-5.8v
2026-07-09T13:29:54.463Z,284.809,False,STABILIZE,0.0000000,0.0000000,-0.46,-0.04,0.00,0.00,0.00,2.12,1.35,83.08,0.01,0.00,83.0,0,0.000,-0.01,-1,1,0,0,0,0,0,0,0,0,0,PreArm: Board (3.7v) out of range 4.3-5.8v
2026-07-09T13:29:54.963Z,285.309,False,STABILIZE,0.0000000,0.0000000,-0.52,-0.04,0.00,0.00,0.00,2.11,1.35,83.08,0.00,0.00,83.0,0,0.000,-0.01,-1,1,0,0,0,0,0,0,0,0,0,PreArm: Board (3.7v) out of range 4.3-5.8v
2026-07-09T13:29:55.464Z,285.809,False,STABILIZE,0.0000000,0.0000000,-0.46,-0.04,0.00,0.00,0.00,2.11,1.35,83.08,0.00,0.00,83.0,0,0.000,-0.01,-1,1,0,0,0,0,0,0,0,0,0,PreArm: Board (3.7v) out of range 4.3-5.8v
2026-07-09T13:29:55.964Z,286.309,False,STABILIZE,0.0000000,0.0000000,-0.50,-0.04,0.00,0.00,0.00,2.11,1.35,83.08,0.00,0.00,83.0,0,0.000,-0.01,-1,1,0,0,0,0,0,0,0,0,0,PreArm: Board (3.7v) out of range 4.3-5.8v
2026-07-09T13:29:56.556Z,286.901,False,STABILIZE,0.0000000,0.0000000,-0.48,-0.04,0.00,0.00,0.00,2.10,1.35,83.08,0.00,0.00,83.0,0,0.000,-0.01,-1,1,0,0,0,0,0,0,0,0,0,PreArm: Board (3.7v) out of range 4.3-5.8v
2026-07-09T13:29:57.057Z,287.402,False,STABILIZE,0.0000000,0.0000000,-0.46,-0.04,0.00,0.00,0.00,2.10,1.35,83.08,0.00,0.00,83.0,0,0.000,-0.01,-1,1,0,0,0,0,0,0,0,0,0,PreArm: Board (3.7v) out of range 4.3-5.8v
2026-07-09T13:29:57.560Z,287.906,False,STABILIZE,0.0000000,0.0000000,-0.50,-0.04,0.00,0.00,0.00,2.10,1.35,83.08,0.00,0.00,83.0,0,0.000,-0.01,-1,1,0,0,0,0,0,0,0,0,0,PreArm: Board (3.7v) out of range 4.3-5.8v
2026-07-09T13:29:58.065Z,288.411,False,STABILIZE,0.0000000,0.0000000,-0.48,-0.04,0.00,0.00,0.00,2.10,1.35,83.08,0.00,0.00,83.0,0,0.000,-0.01,-1,1,0,0,0,0,0,0,0,0,0,PreArm: Board (3.7v) out of range 4.3-5.8v
2026-07-09T13:29:58.596Z,288.942,False,STABILIZE,0.0000000,0.0000000,-0.48,-0.04,0.00,0.00,0.00,2.10,1.35,83.08,0.00,0.00,83.0,0,0.000,-0.01,-1,1,0,0,0,0,0,0,0,0,0,PreArm: Board (3.7v) out of range 4.3-5.8v
2026-07-09T13:29:59.157Z,289.502,False,STABILIZE,0.0000000,0.0000000,-0.49,-0.04,0.00,0.00,0.00,2.10,1.35,83.08,0.00,0.00,83.0,0,0.000,-0.01,-1,1,0,0,0,0,0,0,0,0,0,PreArm: Board (3.7v) out of range 4.3-5.8v
2026-07-09T13:29:59.659Z,290.004,False,STABILIZE,0.0000000,0.0000000,-0.47,-0.04,0.00,0.00,0.00,2.09,1.35,83.07,0.00,0.00,83.0,0,0.000,-0.01,-1,1,0,0,0,0,0,0,0,0,0,PreArm: Board (3.7v) out of range 4.3-5.8v
2026-07-09T13:30:00.161Z,290.507,False,STABILIZE,0.0000000,0.0000000,-0.50,-0.04,0.00,0.00,0.00,2.09,1.35,83.08,0.00,0.00,83.0,0,0.000,-0.01,-1,1,0,0,0,0,0,0,0,0,0,PreArm: Board (3.7v) out of range 4.3-5.8v
2026-07-09T13:30:00.664Z,291.009,False,STABILIZE,0.0000000,0.0000000,-0.48,-0.04,0.00,0.00,0.00,2.09,1.35,83.07,0.00,0.00,83.0,0,0.000,-0.01,-1,1,0,0,0,0,0,0,0,0,0,PreArm: Board (3.7v) out of range 4.3-5.8v
2026-07-09T13:30:01.164Z,291.510,False,STABILIZE,0.0000000,0.0000000,-0.49,-0.04,0.00,0.00,0.00,2.09,1.35,83.08,0.00,0.00,83.0,0,0.000,-0.01,-1,1,0,0,0,0,0,0,0,0,0,PreArm: Board (3.7v) out of range 4.3-5.8v
2026-07-09T13:30:01.664Z,292.010,False,STABILIZE,0.0000000,0.0000000,-0.51,-0.04,0.00,0.00,0.00,2.09,1.35,83.08,0.00,0.00,83.0,0,0.000,-0.01,-1,1,0,0,0,0,0,0,0,0,0,PreArm: Board (3.7v) out of range 4.3-5.8v
2026-07-09T13:30:02.164Z,292.510,False,STABILIZE,0.0000000,0.0000000,-0.48,-0.04,0.00,0.00,0.00,2.09,1.35,83.08,0.01,0.00,83.0,0,0.000,-0.01,-1,1,0,0,0,0,0,0,0,0,0,PreArm: Board (3.7v) out of range 4.3-5.8v
2026-07-09T13:30:02.756Z,293.102,False,STABILIZE,0.0000000,0.0000000,-0.50,-0.04,0.00,0.00,0.00,2.09,1.35,83.08,0.01,0.00,83.0,0,0.000,-0.01,-1,1,0,0,0,0,0,0,0,0,0,PreArm: Board (3.7v) out of range 4.3-5.8v
2026-07-09T13:30:03.257Z,293.603,False,STABILIZE,0.0000000,0.0000000,-0.50,-0.04,0.00,0.00,0.00,2.10,1.35,83.08,0.01,0.00,83.0,0,0.000,-0.01,-1,1,0,0,0,0,0,0,0,0,0,PreArm: Board (3.7v) out of range 4.3-5.8v
2026-07-09T13:30:03.759Z,294.105,False,STABILIZE,0.0000000,0.0000000,-0.49,-0.04,0.00,0.00,0.00,2.10,1.35,83.08,0.00,0.00,83.0,0,0.000,-0.01,-1,1,0,0,0,0,0,0,0,0,0,PreArm: Board (3.7v) out of range 4.3-5.8v
2026-07-09T13:30:04.259Z,294.605,False,STABILIZE,0.0000000,0.0000000,-0.48,-0.04,0.00,0.00,0.00,2.10,1.35,83.08,0.00,0.00,83.0,0,0.000,-0.01,-1,1,0,0,0,0,0,0,0,0,0,PreArm: Board (3.7v) out of range 4.3-5.8v
2026-07-09T13:30:04.760Z,295.105,False,STABILIZE,0.0000000,0.0000000,-0.49,-0.04,0.00,0.00,0.00,2.11,1.35,83.08,0.00,0.00,83.0,0,0.000,-0.01,-1,1,0,0,0,0,0,0,0,0,0,PreArm: Board (3.7v) out of range 4.3-5.8v
2026-07-09T13:30:05.260Z,295.605,False,STABILIZE,0.0000000,0.0000000,-0.50,-0.04,0.00,0.00,0.00,2.11,1.35,83.08,0.00,0.00,83.0,0,0.000,-0.01,-1,1,0,0,0,0,0,0,0,0,0,PreArm: Board (3.7v) out of range 4.3-5.8v
2026-07-09T13:30:05.760Z,296.105,False,STABILIZE,0.0000000,0.0000000,-0.48,-0.04,0.00,0.00,0.00,2.11,1.35,83.08,0.00,0.00,83.0,0,0.000,-0.01,-1,1,0,0,0,0,0,0,0,0,0,PreArm: Board (3.7v) out of range 4.3-5.8v
2026-07-09T13:30:06.262Z,296.607,False,STABILIZE,0.0000000,0.0000000,-0.47,-0.04,0.00,0.00,0.00,2.11,1.35,83.08,0.00,0.00,83.0,0,0.000,-0.01,-1,1,0,0,0,0,0,0,0,0,0,PreArm: Board (3.7v) out of range 4.3-5.8v
2026-07-09T13:30:06.763Z,297.109,False,STABILIZE,0.0000000,0.0000000,-0.51,-0.04,0.00,0.00,0.00,2.11,1.35,83.08,0.00,0.00,83.0,0,0.000,-0.01,-1,1,0,0,0,0,0,0,0,0,0,PreArm: Board (3.7v) out of range 4.3-5.8v
2026-07-09T13:30:07.263Z,297.609,False,STABILIZE,0.0000000,0.0000000,-0.49,-0.04,0.00,0.00,0.00,2.11,1.35,83.08,0.00,0.00,83.0,0,0.000,-0.01,-1,1,0,0,0,0,0,0,0,0,0,PreArm: Board (3.7v) out of range 4.3-5.8v
2026-07-09T13:30:07.763Z,298.109,False,STABILIZE,0.0000000,0.0000000,-0.49,-0.04,0.00,0.00,0.00,2.11,1.35,83.08,0.00,0.00,83.0,0,0.000,-0.01,-1,1,0,0,0,0,0,0,0,0,0,PreArm: Board (3.7v) out of range 4.3-5.8v
2026-07-09T13:30:08.264Z,298.610,False,STABILIZE,0.0000000,0.0000000,-0.51,-0.04,0.00,0.00,0.00,2.11,1.35,83.08,0.00,0.00,83.0,0,0.000,-0.01,-1,1,0,0,0,0,0,0,0,0,0,PreArm: Board (3.7v) out of range 4.3-5.8v
2026-07-09T13:30:08.766Z,299.112,False,STABILIZE,0.0000000,0.0000000,-0.52,-0.04,0.00,0.00,0.00,2.11,1.35,83.09,0.00,0.00,83.0,0,0.000,-0.01,-1,1,0,0,0,0,0,0,0,0,0,PreArm: Board (3.7v) out of range 4.3-5.8v
2026-07-09T13:30:09.357Z,299.702,False,STABILIZE,0.0000000,0.0000000,-0.48,-0.04,0.00,0.00,0.00,2.11,1.36,83.09,0.00,0.00,83.0,0,0.000,-0.01,-1,1,0,0,0,0,0,0,0,0,0,PreArm: Board (3.7v) out of range 4.3-5.8v
2026-07-09T13:30:09.857Z,300.203,False,STABILIZE,0.0000000,0.0000000,-0.50,-0.04,0.00,0.00,0.00,2.11,1.35,83.09,0.00,0.00,83.0,0,0.000,-0.01,-1,1,0,0,0,0,0,0,0,0,0,PreArm: Board (3.7v) out of range 4.3-5.8v
2026-07-09T13:30:10.357Z,300.703,False,STABILIZE,0.0000000,0.0000000,-0.52,-0.04,0.00,0.00,0.00,2.11,1.35,83.09,0.00,0.00,83.0,0,0.000,-0.01,-1,1,0,0,0,0,0,0,0,0,0,PreArm: Board (3.6v) out of range 4.3-5.8v
2026-07-09T13:30:10.859Z,301.205,False,STABILIZE,0.0000000,0.0000000,-0.50,-0.04,0.00,0.00,0.00,2.11,1.35,83.09,0.00,0.00,83.0,0,0.000,-0.01,-1,1,0,0,0,0,0,0,0,0,0,PreArm: Board (3.6v) out of range 4.3-5.8v
2026-07-09T13:30:11.360Z,301.705,False,STABILIZE,0.0000000,0.0000000,-0.52,-0.04,0.00,0.00,0.00,2.11,1.35,83.09,0.00,0.00,83.0,0,0.000,-0.01,-1,1,0,0,0,0,0,0,0,0,0,PreArm: Board (3.6v) out of range 4.3-5.8v
2026-07-09T13:30:11.861Z,302.206,False,STABILIZE,0.0000000,0.0000000,-0.53,-0.04,0.00,0.00,0.00,2.11,1.35,83.09,0.00,0.00,83.0,0,0.000,-0.01,-1,1,0,0,0,0,0,0,0,0,0,PreArm: Board (3.6v) out of range 4.3-5.8v
2026-07-09T13:30:12.361Z,302.706,False,STABILIZE,0.0000000,0.0000000,-0.53,-0.04,0.00,0.00,0.00,2.10,1.35,83.09,0.00,0.00,83.0,0,0.000,-0.01,-1,1,0,0,0,0,0,0,0,0,0,PreArm: Board (3.6v) out of range 4.3-5.8v
2026-07-09T13:30:12.861Z,303.207,False,STABILIZE,0.0000000,0.0000000,-0.54,-0.04,0.00,0.00,0.00,2.10,1.34,83.09,0.00,0.00,83.0,0,0.000,-0.01,-1,1,0,0,0,0,0,0,0,0,0,PreArm: Board (3.6v) out of range 4.3-5.8v
2026-07-09T13:30:13.362Z,303.707,False,STABILIZE,0.0000000,0.0000000,-0.51,-0.04,0.00,0.00,0.00,2.10,1.35,83.09,0.00,0.00,83.0,0,0.000,-0.01,-1,1,0,0,0,0,0,0,0,0,0,PreArm: Board (3.6v) out of range 4.3-5.8v
2026-07-09T13:30:13.862Z,304.207,False,STABILIZE,0.0000000,0.0000000,-0.55,-0.04,0.00,0.00,0.00,2.10,1.34,83.09,0.00,0.00,83.0,0,0.000,-0.01,-1,1,0,0,0,0,0,0,0,0,0,PreArm: Board (3.6v) out of range 4.3-5.8v
2026-07-09T13:30:14.362Z,304.708,False,STABILIZE,0.0000000,0.0000000,-0.52,-0.04,0.00,0.00,0.00,2.10,1.34,83.09,0.00,0.00,83.0,0,0.000,-0.01,-1,1,0,0,0,0,0,0,0,0,0,PreArm: Board (3.6v) out of range 4.3-5.8v
2026-07-09T13:30:14.864Z,305.210,False,STABILIZE,0.0000000,0.0000000,-0.56,-0.04,0.00,0.00,0.00,2.10,1.34,83.09,0.00,0.00,83.0,0,0.000,-0.01,-1,1,0,0,0,0,0,0,0,0,0,PreArm: Board (3.6v) out of range 4.3-5.8v
2026-07-09T13:30:15.457Z,305.803,False,STABILIZE,0.0000000,0.0000000,-0.55,-0.04,0.00,0.00,0.00,2.10,1.34,83.09,0.00,0.00,83.0,0,0.000,-0.01,-1,1,0,0,0,0,0,0,0,0,0,PreArm: Board (3.6v) out of range 4.3-5.8v
2026-07-09T13:30:15.959Z,306.305,False,STABILIZE,0.0000000,0.0000000,-0.56,-0.04,0.00,0.00,0.00,2.11,1.34,83.09,0.00,0.00,83.0,0,0.000,-0.01,-1,1,0,0,0,0,0,0,0,0,0,PreArm: Board (3.6v) out of range 4.3-5.8v
2026-07-09T13:30:16.461Z,306.806,False,STABILIZE,0.0000000,0.0000000,-0.57,-0.04,0.00,0.00,0.00,2.11,1.33,83.09,0.00,0.00,83.0,0,0.000,-0.01,-1,1,0,0,0,0,0,0,0,0,0,PreArm: Board (3.6v) out of range 4.3-5.8v
2026-07-09T13:30:16.961Z,307.306,False,STABILIZE,0.0000000,0.0000000,-0.51,-0.04,0.00,0.00,0.00,2.11,1.34,83.09,0.00,0.00,83.0,0,0.000,-0.01,-1,1,0,0,0,0,0,0,0,0,0,PreArm: Board (3.6v) out of range 4.3-5.8v
2026-07-09T13:30:17.461Z,307.807,False,STABILIZE,0.0000000,0.0000000,-0.55,-0.04,0.00,0.00,0.00,2.11,1.34,83.09,0.00,0.00,83.0,0,0.000,-0.01,-1,1,0,0,0,0,0,0,0,0,0,PreArm: Board (3.6v) out of range 4.3-5.8v
2026-07-09T13:30:17.961Z,308.307,False,STABILIZE,0.0000000,0.0000000,-0.55,-0.04,0.00,0.00,0.00,2.11,1.34,83.09,0.00,0.00,83.0,0,0.000,-0.01,-1,1,0,0,0,0,0,0,0,0,0,PreArm: Board (3.6v) out of range 4.3-5.8v
2026-07-09T13:30:18.461Z,308.807,False,STABILIZE,0.0000000,0.0000000,-0.61,-0.04,0.00,0.00,0.00,2.11,1.34,83.09,0.00,0.00,83.0,0,0.000,-0.01,-1,1,0,0,0,0,0,0,0,0,0,PreArm: Board (3.6v) out of range 4.3-5.8v
2026-07-09T13:30:18.961Z,309.307,False,STABILIZE,0.0000000,0.0000000,-0.58,-0.04,0.00,0.00,0.00,2.11,1.34,83.09,0.01,0.00,83.0,0,0.000,-0.01,-1,1,0,0,0,0,0,0,0,0,0,PreArm: Board (3.6v) out of range 4.3-5.8v
2026-07-09T13:30:19.462Z,309.807,False,STABILIZE,0.0000000,0.0000000,-0.58,-0.04,0.00,0.00,0.00,2.11,1.34,83.09,0.00,0.00,83.0,0,0.000,-0.01,-1,1,0,0,0,0,0,0,0,0,0,PreArm: Board (3.6v) out of range 4.3-5.8v
2026-07-09T13:30:19.963Z,310.309,False,STABILIZE,0.0000000,0.0000000,-0.56,-0.04,0.00,0.00,0.00,2.11,1.34,83.09,0.00,0.00,83.0,0,0.000,-0.01,-1,1,0,0,0,0,0,0,0,0,0,PreArm: Board (3.6v) out of range 4.3-5.8v
2026-07-09T13:30:20.463Z,310.809,False,STABILIZE,0.0000000,0.0000000,-0.61,-0.04,0.00,0.00,0.00,2.11,1.34,83.09,0.00,0.00,83.0,0,0.000,-0.01,-1,1,0,0,0,0,0,0,0,0,0,PreArm: Board (3.6v) out of range 4.3-5.8v
2026-07-09T13:30:20.963Z,311.309,False,STABILIZE,0.0000000,0.0000000,-0.58,-0.04,0.00,0.00,0.00,2.11,1.34,83.10,0.00,0.00,83.0,0,0.000,-0.01,-1,1,0,0,0,0,0,0,0,0,0,PreArm: Board (3.6v) out of range 4.3-5.8v
2026-07-09T13:30:21.464Z,311.810,False,STABILIZE,0.0000000,0.0000000,-0.62,-0.04,0.00,0.00,0.00,2.11,1.34,83.10,0.00,0.00,83.0,0,0.000,-0.01,-1,1,0,0,0,0,0,0,0,0,0,PreArm: Board (3.6v) out of range 4.3-5.8v
2026-07-09T13:30:21.964Z,312.310,False,STABILIZE,0.0000000,0.0000000,-0.60,-0.04,0.00,0.00,0.00,2.11,1.34,83.10,0.00,0.00,83.0,0,0.000,-0.01,-1,1,0,0,0,0,0,0,0,0,0,PreArm: Board (3.6v) out of range 4.3-5.8v
2026-07-09T13:30:22.557Z,312.903,False,STABILIZE,0.0000000,0.0000000,-0.59,-0.04,0.00,0.00,0.00,2.11,1.34,83.10,0.00,0.00,83.0,0,0.000,-0.01,-1,1,0,0,0,0,0,0,0,0,0,PreArm: Board (3.6v) out of range 4.3-5.8v
2026-07-09T13:30:23.058Z,313.403,False,STABILIZE,0.0000000,0.0000000,-0.59,-0.04,0.00,0.00,0.00,2.11,1.35,83.10,0.00,0.00,83.0,0,0.000,-0.01,-1,1,0,0,0,0,0,0,0,0,0,PreArm: Board (3.6v) out of range 4.3-5.8v
2026-07-09T13:30:23.559Z,313.905,False,STABILIZE,0.0000000,0.0000000,-0.60,-0.04,0.00,0.00,0.00,2.11,1.35,83.10,0.00,0.00,83.0,0,0.000,-0.01,-1,1,0,0,0,0,0,0,0,0,0,PreArm: Board (3.6v) out of range 4.3-5.8v
2026-07-09T13:30:24.059Z,314.405,False,STABILIZE,0.0000000,0.0000000,-0.60,-0.04,0.00,0.00,0.00,2.11,1.35,83.10,0.00,0.00,83.0,0,0.000,-0.01,-1,1,0,0,0,0,0,0,0,0,0,PreArm: Board (3.6v) out of range 4.3-5.8v
2026-07-09T13:30:24.559Z,314.905,False,STABILIZE,0.0000000,0.0000000,-0.60,-0.04,0.00,0.00,0.00,2.11,1.34,83.10,0.00,0.00,83.0,0,0.000,-0.01,-1,1,0,0,0,0,0,0,0,0,0,PreArm: Board (3.6v) out of range 4.3-5.8v
2026-07-09T13:30:25.061Z,315.407,False,STABILIZE,0.0000000,0.0000000,-0.63,-0.04,0.00,0.00,0.00,2.11,1.34,83.10,0.00,0.00,83.0,0,0.000,-0.01,-1,1,0,0,0,0,0,0,0,0,0,PreArm: Board (3.6v) out of range 4.3-5.8v
2026-07-09T13:30:25.563Z,315.908,False,STABILIZE,0.0000000,0.0000000,-0.62,-0.04,0.00,0.00,0.00,2.11,1.34,83.10,0.00,0.00,83.0,0,0.000,-0.01,-1,1,0,0,0,0,0,0,0,0,0,PreArm: Board (3.6v) out of range 4.3-5.8v
2026-07-09T13:30:26.063Z,316.409,False,STABILIZE,0.0000000,0.0000000,-0.63,-0.04,0.00,0.00,0.00,2.11,1.34,83.10,0.00,0.00,83.0,0,0.000,-0.01,-1,1,0,0,0,0,0,0,0,0,0,PreArm: Board (3.6v) out of range 4.3-5.8v
2026-07-09T13:30:26.564Z,316.909,False,STABILIZE,0.0000000,0.0000000,-0.60,-0.04,0.00,0.00,0.00,2.10,1.34,83.10,0.00,0.00,83.0,0,0.000,-0.01,-1,1,0,0,0,0,0,0,0,0,0,PreArm: Board (3.6v) out of range 4.3-5.8v
2026-07-09T13:30:27.157Z,317.502,False,STABILIZE,0.0000000,0.0000000,-0.64,-0.04,0.00,0.00,0.00,2.10,1.34,83.10,0.00,0.00,83.0,0,0.000,-0.01,-1,1,0,0,0,0,0,0,0,0,0,PreArm: Board (3.6v) out of range 4.3-5.8v
2026-07-09T13:30:27.657Z,318.002,False,STABILIZE,0.0000000,0.0000000,-0.61,-0.04,0.00,0.00,0.00,2.10,1.35,83.10,0.00,0.00,83.0,0,0.000,-0.01,-1,1,0,0,0,0,0,0,0,0,0,PreArm: Board (3.6v) out of range 4.3-5.8v
2026-07-09T13:30:28.157Z,318.503,False,STABILIZE,0.0000000,0.0000000,-0.65,-0.04,0.00,0.00,0.00,2.11,1.35,83.10,0.00,0.00,83.0,0,0.000,-0.01,-1,1,0,0,0,0,0,0,0,0,0,PreArm: Board (3.6v) out of range 4.3-5.8v
2026-07-09T13:30:28.657Z,319.003,False,STABILIZE,0.0000000,0.0000000,-0.64,-0.04,0.00,0.00,0.00,2.11,1.35,83.10,0.00,0.00,83.0,0,0.000,-0.01,-1,1,0,0,0,0,0,0,0,0,0,PreArm: Board (3.6v) out of range 4.3-5.8v
2026-07-09T13:30:29.157Z,319.503,False,STABILIZE,0.0000000,0.0000000,-0.65,-0.04,0.00,0.00,0.00,2.11,1.35,83.10,0.00,0.00,83.0,0,0.000,-0.01,-1,1,0,0,0,0,0,0,0,0,0,PreArm: Board (3.6v) out of range 4.3-5.8v
2026-07-09T13:30:29.657Z,320.003,False,STABILIZE,0.0000000,0.0000000,-0.62,-0.04,0.00,0.00,0.00,2.11,1.35,83.11,0.00,0.00,83.0,0,0.000,-0.01,-1,1,0,0,0,0,0,0,0,0,0,PreArm: Board (3.6v) out of range 4.3-5.8v
2026-07-09T13:30:30.157Z,320.503,False,STABILIZE,0.0000000,0.0000000,-0.61,-0.04,0.00,0.00,0.00,2.11,1.35,83.11,0.00,0.00,83.0,0,0.000,-0.01,-1,1,0,0,0,0,0,0,0,0,0,PreArm: Board (3.6v) out of range 4.3-5.8v
2026-07-09T13:30:30.659Z,321.004,False,STABILIZE,0.0000000,0.0000000,-0.64,-0.04,0.00,0.00,0.00,2.10,1.35,83.11,0.00,0.00,83.0,0,0.000,-0.01,-1,1,0,0,0,0,0,0,0,0,0,PreArm: Board (3.6v) out of range 4.3-5.8v
2026-07-09T13:30:31.159Z,321.504,False,STABILIZE,0.0000000,0.0000000,-0.65,-0.04,0.00,0.00,0.00,2.10,1.35,83.11,0.00,0.00,83.0,0,0.000,-0.01,-1,1,0,0,0,0,0,0,0,0,0,PreArm: Board (3.6v) out of range 4.3-5.8v
2026-07-09T13:30:31.659Z,322.005,False,STABILIZE,0.0000000,0.0000000,-0.66,-0.04,0.00,0.00,0.00,2.10,1.35,83.11,0.00,0.00,83.0,0,0.000,-0.01,-1,1,0,0,0,0,0,0,0,0,0,PreArm: Board (3.6v) out of range 4.3-5.8v
2026-07-09T13:30:32.159Z,322.505,False,STABILIZE,0.0000000,0.0000000,-0.64,-0.04,0.00,0.00,0.00,2.10,1.35,83.11,0.00,0.00,83.0,0,0.000,-0.01,-1,1,0,0,0,0,0,0,0,0,0,PreArm: Board (3.6v) out of range 4.3-5.8v
2026-07-09T13:30:32.661Z,323.007,False,STABILIZE,0.0000000,0.0000000,-0.64,-0.04,0.00,0.00,0.00,2.10,1.35,83.11,0.00,0.00,83.0,0,0.000,-0.01,-1,1,0,0,0,0,0,0,0,0,0,PreArm: Board (3.6v) out of range 4.3-5.8v
2026-07-09T13:30:33.164Z,323.510,False,STABILIZE,0.0000000,0.0000000,-0.69,-0.04,0.00,0.00,0.00,2.10,1.35,83.11,0.00,0.00,83.0,0,0.000,-0.01,-1,1,0,0,0,0,0,0,0,0,0,PreArm: Board (3.6v) out of range 4.3-5.8v
2026-07-09T13:30:33.664Z,324.010,False,STABILIZE,0.0000000,0.0000000,-0.66,-0.04,0.00,0.00,0.00,2.10,1.35,83.11,0.00,0.00,83.0,0,0.000,-0.01,-1,1,0,0,0,0,0,0,0,0,0,PreArm: Board (3.6v) out of range 4.3-5.8v
2026-07-09T13:30:34.259Z,324.605,False,STABILIZE,0.0000000,0.0000000,-0.65,-0.04,0.00,0.00,0.00,2.10,1.34,83.11,0.00,0.00,83.0,0,0.000,-0.01,-1,1,0,0,0,0,0,0,0,0,0,PreArm: Board (3.6v) out of range 4.3-5.8v
2026-07-09T13:30:34.759Z,325.105,False,STABILIZE,0.0000000,0.0000000,-0.66,-0.04,0.00,0.00,0.00,2.10,1.35,83.11,0.00,0.00,83.0,0,0.000,-0.01,-1,1,0,0,0,0,0,0,0,0,0,PreArm: Board (3.6v) out of range 4.3-5.8v
2026-07-09T13:30:35.261Z,325.607,False,STABILIZE,0.0000000,0.0000000,-0.64,-0.04,0.00,0.00,0.00,2.10,1.35,83.11,0.00,0.00,83.0,0,0.000,-0.01,-1,1,0,0,0,0,0,0,0,0,0,PreArm: Board (3.6v) out of range 4.3-5.8v
2026-07-09T13:30:35.763Z,326.108,False,STABILIZE,0.0000000,0.0000000,-0.71,-0.04,0.00,0.00,0.00,2.10,1.35,83.11,0.00,0.00,83.0,0,0.000,-0.01,-1,1,0,0,0,0,0,0,0,0,0,PreArm: Board (3.6v) out of range 4.3-5.8v
2026-07-09T13:30:36.263Z,326.609,False,STABILIZE,0.0000000,0.0000000,-0.69,-0.04,0.00,0.00,0.00,2.10,1.35,83.11,0.00,0.00,83.0,0,0.000,-0.01,-1,1,0,0,0,0,0,0,0,0,0,PreArm: Board (3.6v) out of range 4.3-5.8v
2026-07-09T13:30:36.764Z,327.109,False,STABILIZE,0.0000000,0.0000000,-0.64,-0.04,0.00,0.00,0.00,2.10,1.35,83.10,0.00,0.00,83.0,0,0.000,-0.01,-1,1,0,0,0,0,0,0,0,0,0,PreArm: Board (3.6v) out of range 4.3-5.8v
2026-07-09T13:30:37.357Z,327.702,False,STABILIZE,0.0000000,0.0000000,-0.65,-0.04,0.00,0.00,0.00,2.10,1.36,83.10,0.00,0.00,83.0,0,0.000,-0.01,-1,1,0,0,0,0,0,0,0,0,0,PreArm: Board (3.6v) out of range 4.3-5.8v
2026-07-09T13:30:37.857Z,328.202,False,STABILIZE,0.0000000,0.0000000,-0.67,-0.04,0.00,0.00,0.00,2.10,1.36,83.10,0.00,0.00,83.0,0,0.000,-0.01,-1,1,0,0,0,0,0,0,0,0,0,PreArm: Board (3.6v) out of range 4.3-5.8v
2026-07-09T13:30:38.359Z,328.705,False,STABILIZE,0.0000000,0.0000000,-0.66,-0.04,0.00,0.00,0.00,2.10,1.36,83.10,0.00,0.00,83.0,0,0.000,-0.01,-1,1,0,0,0,0,0,0,0,0,0,PreArm: Board (3.6v) out of range 4.3-5.8v
2026-07-09T13:30:38.859Z,329.205,False,STABILIZE,0.0000000,0.0000000,-0.66,-0.04,0.00,0.00,0.00,2.10,1.36,83.10,0.00,0.00,83.0,0,0.000,-0.01,-1,1,0,0,0,0,0,0,0,0,0,PreArm: Board (3.6v) out of range 4.3-5.8v
2026-07-09T13:30:39.359Z,329.705,False,STABILIZE,0.0000000,0.0000000,-0.69,-0.04,0.00,0.00,0.00,2.11,1.36,83.10,0.00,0.00,83.0,0,0.000,-0.01,-1,1,0,0,0,0,0,0,0,0,0,PreArm: Board (3.6v) out of range 4.3-5.8v
2026-07-09T13:30:39.860Z,330.206,False,STABILIZE,0.0000000,0.0000000,-0.70,-0.04,0.00,0.00,0.00,2.11,1.36,83.10,0.00,0.00,83.0,0,0.000,-0.01,-1,1,0,0,0,0,0,0,0,0,0,PreArm: Board (3.6v) out of range 4.3-5.8v
2026-07-09T13:30:40.361Z,330.707,False,STABILIZE,0.0000000,0.0000000,-0.69,-0.04,0.00,0.00,0.00,2.10,1.36,83.09,0.00,0.00,83.0,0,0.000,-0.01,-1,1,0,0,0,0,0,0,0,0,0,PreArm: Board (3.6v) out of range 4.3-5.8v
2026-07-09T13:30:40.861Z,331.207,False,STABILIZE,0.0000000,0.0000000,-0.70,-0.04,0.00,0.00,0.00,2.10,1.36,83.10,0.00,0.00,83.0,0,0.000,-0.01,-1,1,0,0,0,0,0,0,0,0,0,PreArm: Board (3.6v) out of range 4.3-5.8v
2026-07-09T13:30:41.362Z,331.708,False,STABILIZE,0.0000000,0.0000000,-0.71,-0.04,0.00,0.00,0.00,2.10,1.36,83.09,0.00,0.00,83.0,0,0.000,-0.01,-1,1,0,0,0,0,0,0,0,0,0,PreArm: Board (3.7v) out of range 4.3-5.8v
2026-07-09T13:30:41.865Z,332.210,False,STABILIZE,0.0000000,0.0000000,-0.68,-0.04,0.00,0.00,0.00,2.10,1.36,83.09,0.00,0.00,83.0,0,0.000,-0.01,-1,1,0,0,0,0,0,0,0,0,0,PreArm: Board (3.7v) out of range 4.3-5.8v
2026-07-09T13:30:42.460Z,332.805,False,STABILIZE,0.0000000,0.0000000,-0.70,-0.04,0.00,0.00,0.00,2.10,1.35,83.09,0.00,0.00,83.0,0,0.000,-0.01,-1,1,0,0,0,0,0,0,0,0,0,PreArm: Board (3.7v) out of range 4.3-5.8v
2026-07-09T13:30:42.960Z,333.306,False,STABILIZE,0.0000000,0.0000000,-0.65,-0.04,0.00,0.00,0.00,2.10,1.35,83.09,0.00,0.00,83.0,0,0.000,-0.01,-1,1,0,0,0,0,0,0,0,0,0,PreArm: Board (3.7v) out of range 4.3-5.8v
2026-07-09T13:30:43.462Z,333.807,False,STABILIZE,0.0000000,0.0000000,-0.65,-0.04,0.00,0.00,0.00,2.10,1.35,83.09,0.00,0.00,83.0,0,0.000,-0.01,-1,1,0,0,0,0,0,0,0,0,0,PreArm: Board (3.7v) out of range 4.3-5.8v
2026-07-09T13:30:43.962Z,334.308,False,STABILIZE,0.0000000,0.0000000,-0.68,-0.04,0.00,0.00,0.00,2.10,1.34,83.09,0.00,0.00,83.0,0,0.000,-0.01,-1,1,0,0,0,0,0,0,0,0,0,PreArm: Board (3.7v) out of range 4.3-5.8v
2026-07-09T13:30:44.462Z,334.808,False,STABILIZE,0.0000000,0.0000000,-0.69,-0.04,0.00,0.00,0.00,2.10,1.34,83.09,0.00,0.00,83.0,0,0.000,-0.01,-1,1,0,0,0,0,0,0,0,0,0,PreArm: Board (3.7v) out of range 4.3-5.8v
2026-07-09T13:30:44.962Z,335.308,False,STABILIZE,0.0000000,0.0000000,-0.68,-0.04,0.00,0.00,0.00,2.10,1.34,83.09,0.00,0.00,83.0,0,0.000,-0.01,-1,1,0,0,0,0,0,0,0,0,0,PreArm: Board (3.7v) out of range 4.3-5.8v
2026-07-09T13:30:45.462Z,335.808,False,STABILIZE,0.0000000,0.0000000,-0.70,-0.04,0.00,0.00,0.00,2.10,1.33,83.09,0.00,0.00,83.0,0,0.000,-0.01,-1,1,0,0,0,0,0,0,0,0,0,PreArm: Board (3.7v) out of range 4.3-5.8v
2026-07-09T13:30:45.965Z,336.310,False,STABILIZE,0.0000000,0.0000000,-0.67,-0.04,0.00,0.00,0.00,2.10,1.33,83.09,0.00,0.00,83.0,0,0.000,-0.01,-1,1,0,0,0,0,0,0,0,0,0,PreArm: Board (3.7v) out of range 4.3-5.8v
2026-07-09T13:30:46.557Z,336.903,False,STABILIZE,0.0000000,0.0000000,-0.69,-0.04,0.00,0.00,0.00,2.10,1.33,83.09,0.00,0.00,83.0,0,0.000,-0.01,-1,1,0,0,0,0,0,0,0,0,0,PreArm: Board (3.7v) out of range 4.3-5.8v
2026-07-09T13:30:47.058Z,337.403,False,STABILIZE,0.0000000,0.0000000,-0.67,-0.04,0.00,0.00,0.00,2.10,1.33,83.09,0.01,0.00,83.0,0,0.000,-0.01,-1,1,0,0,0,0,0,0,0,0,0,PreArm: Board (3.7v) out of range 4.3-5.8v
2026-07-09T13:30:47.559Z,337.905,False,STABILIZE,0.0000000,0.0000000,-0.69,-0.04,0.00,0.00,0.00,2.10,1.33,83.09,0.01,0.00,83.0,0,0.000,-0.01,-1,1,0,0,0,0,0,0,0,0,0,PreArm: Board (3.7v) out of range 4.3-5.8v
2026-07-09T13:30:48.059Z,338.405,False,STABILIZE,0.0000000,0.0000000,-0.67,-0.04,0.00,0.00,0.00,2.10,1.34,83.10,0.01,0.00,83.0,0,0.000,-0.01,-1,1,0,0,0,0,0,0,0,0,0,PreArm: Board (3.7v) out of range 4.3-5.8v
2026-07-09T13:30:48.560Z,338.906,False,STABILIZE,0.0000000,0.0000000,-0.67,-0.04,0.00,0.00,0.00,2.10,1.34,83.10,0.00,0.00,83.0,0,0.000,-0.01,-1,1,0,0,0,0,0,0,0,0,0,PreArm: Board (3.7v) out of range 4.3-5.8v
2026-07-09T13:30:49.061Z,339.407,False,STABILIZE,0.0000000,0.0000000,-0.67,-0.04,0.00,0.00,0.00,2.10,1.34,83.10,0.00,0.00,83.0,0,0.000,-0.01,-1,1,0,0,0,0,0,0,0,0,0,PreArm: Board (3.7v) out of range 4.3-5.8v
2026-07-09T13:30:49.561Z,339.907,False,STABILIZE,0.0000000,0.0000000,-0.70,-0.04,0.00,0.00,0.00,2.10,1.34,83.11,0.00,0.00,83.0,0,0.000,-0.01,-1,1,0,0,0,0,0,0,0,0,0,PreArm: Board (3.7v) out of range 4.3-5.8v
2026-07-09T13:30:50.061Z,340.407,False,STABILIZE,0.0000000,0.0000000,-0.66,-0.04,0.00,0.00,0.00,2.10,1.35,83.11,0.00,0.00,83.0,0,0.000,-0.01,-1,1,0,0,0,0,0,0,0,0,0,PreArm: Board (3.7v) out of range 4.3-5.8v
2026-07-09T13:30:50.562Z,340.908,False,STABILIZE,0.0000000,0.0000000,-0.71,-0.04,0.00,0.00,0.00,2.10,1.35,83.11,0.00,0.00,83.0,0,0.000,-0.01,-1,1,0,0,0,0,0,0,0,0,0,PreArm: Board (3.7v) out of range 4.3-5.8v
2026-07-09T13:30:51.065Z,341.411,False,STABILIZE,0.0000000,0.0000000,-0.68,-0.04,0.00,0.00,0.00,2.10,1.35,83.11,0.00,0.00,83.0,0,0.000,-0.01,-1,1,0,0,0,0,0,0,0,0,0,PreArm: Board (3.7v) out of range 4.3-5.8v
2026-07-09T13:30:51.566Z,341.912,False,STABILIZE,0.0000000,0.0000000,-0.68,-0.04,0.00,0.00,0.00,2.10,1.36,83.11,0.00,0.00,83.0,0,0.000,-0.01,-1,1,0,0,0,0,0,0,0,0,0,PreArm: Board (3.7v) out of range 4.3-5.8v
2026-07-09T13:30:52.157Z,342.503,False,STABILIZE,0.0000000,0.0000000,-0.68,-0.04,0.00,0.00,0.00,2.10,1.36,83.12,0.00,0.00,83.0,0,0.000,-0.01,-1,1,0,0,0,0,0,0,0,0,0,PreArm: Board (3.7v) out of range 4.3-5.8v
2026-07-09T13:30:52.657Z,343.003,False,STABILIZE,0.0000000,0.0000000,-0.69,-0.04,0.00,0.00,0.00,2.10,1.36,83.11,0.00,0.00,83.0,0,0.000,-0.01,-1,1,0,0,0,0,0,0,0,0,0,PreArm: Board (3.7v) out of range 4.3-5.8v
2026-07-09T13:30:53.159Z,343.505,False,STABILIZE,0.0000000,0.0000000,-0.69,-0.04,0.00,0.00,0.00,2.10,1.36,83.11,0.00,0.00,83.0,0,0.000,-0.01,-1,1,0,0,0,0,0,0,0,0,0,PreArm: Board (3.7v) out of range 4.3-5.8v
2026-07-09T13:30:53.661Z,344.007,False,STABILIZE,0.0000000,0.0000000,-0.74,-0.04,0.00,0.00,0.00,2.10,1.36,83.11,0.00,0.00,83.0,0,0.000,-0.01,-1,1,0,0,0,0,0,0,0,0,0,PreArm: Board (3.7v) out of range 4.3-5.8v
2026-07-09T13:30:54.161Z,344.507,False,STABILIZE,0.0000000,0.0000000,-0.73,-0.04,0.00,0.00,0.00,2.10,1.36,83.11,0.00,0.00,83.0,0,0.000,-0.01,-1,1,0,0,0,0,0,0,0,0,0,PreArm: Board (3.7v) out of range 4.3-5.8v
2026-07-09T13:30:54.663Z,345.009,False,STABILIZE,0.0000000,0.0000000,-0.74,-0.04,0.00,0.00,0.00,2.10,1.36,83.11,0.00,0.00,83.0,0,0.000,-0.01,-1,1,0,0,0,0,0,0,0,0,0,PreArm: Board (3.7v) out of range 4.3-5.8v
2026-07-09T13:30:55.163Z,345.509,False,STABILIZE,0.0000000,0.0000000,-0.75,-0.04,0.00,0.00,0.00,2.10,1.35,83.11,0.00,0.00,83.0,0,0.000,-0.01,-1,1,0,0,0,0,0,0,0,0,0,PreArm: Board (3.7v) out of range 4.3-5.8v
2026-07-09T13:30:55.756Z,346.102,False,STABILIZE,0.0000000,0.0000000,-0.74,-0.04,0.00,0.00,0.00,2.11,1.35,83.12,0.00,0.00,83.0,0,0.000,-0.01,-1,1,0,0,0,0,0,0,0,0,0,PreArm: Board (3.7v) out of range 4.3-5.8v
2026-07-09T13:30:56.259Z,346.604,False,STABILIZE,0.0000000,0.0000000,-0.76,-0.04,0.00,0.00,0.00,2.10,1.36,83.12,0.00,0.00,83.0,0,0.000,-0.01,-1,1,0,0,0,0,0,0,0,0,0,PreArm: Board (3.7v) out of range 4.3-5.8v
2026-07-09T13:30:56.761Z,347.107,False,STABILIZE,0.0000000,0.0000000,-0.70,-0.04,0.00,0.00,0.01,2.10,1.35,83.11,0.00,0.00,83.0,0,0.000,-0.01,-1,1,0,0,0,0,0,0,0,0,0,PreArm: Board (3.7v) out of range 4.3-5.8v
2026-07-09T13:30:57.261Z,347.607,False,STABILIZE,0.0000000,0.0000000,-0.75,-0.04,0.00,0.00,0.01,2.10,1.35,83.11,0.00,0.00,83.0,0,0.000,-0.01,-1,1,0,0,0,0,0,0,0,0,0,PreArm: Board (3.7v) out of range 4.3-5.8v
2026-07-09T13:30:57.761Z,348.107,False,STABILIZE,0.0000000,0.0000000,-0.76,-0.04,0.00,0.00,0.01,2.10,1.35,83.11,0.00,0.00,83.0,0,0.000,-0.01,-1,1,0,0,0,0,0,0,0,0,0,PreArm: Board (3.7v) out of range 4.3-5.8v
2026-07-09T13:30:58.261Z,348.607,False,STABILIZE,0.0000000,0.0000000,-0.77,-0.04,0.00,0.00,0.01,2.10,1.35,83.11,0.00,0.00,83.0,0,0.000,-0.01,-1,1,0,0,0,0,0,0,0,0,0,PreArm: Board (3.7v) out of range 4.3-5.8v
2026-07-09T13:30:58.762Z,349.107,False,STABILIZE,0.0000000,0.0000000,-0.75,-0.04,0.00,0.00,0.01,2.10,1.34,83.11,0.00,0.00,83.0,0,0.000,-0.01,-1,1,0,0,0,0,0,0,0,0,0,PreArm: Board (3.7v) out of range 4.3-5.8v
2026-07-09T13:30:59.265Z,349.610,False,STABILIZE,0.0000000,0.0000000,-0.73,-0.04,0.00,0.00,0.00,2.10,1.35,83.11,0.00,0.00,83.0,0,0.000,-0.01,-1,1,0,0,0,0,0,0,0,0,0,PreArm: Board (3.7v) out of range 4.3-5.8v
2026-07-09T13:30:59.859Z,350.204,False,STABILIZE,0.0000000,0.0000000,-0.76,-0.04,0.00,0.00,0.00,2.10,1.35,83.11,0.00,0.00,83.0,0,0.000,-0.01,-1,1,0,0,0,0,0,0,0,0,0,PreArm: Board (3.7v) out of range 4.3-5.8v
2026-07-09T13:31:00.359Z,350.704,False,STABILIZE,0.0000000,0.0000000,-0.75,-0.04,0.00,0.00,0.00,2.10,1.35,83.11,0.00,0.00,83.0,0,0.000,-0.01,-1,1,0,0,0,0,0,0,0,0,0,PreArm: Board (3.7v) out of range 4.3-5.8v
2026-07-09T13:31:00.860Z,351.205,False,STABILIZE,0.0000000,0.0000000,-0.72,-0.04,0.00,0.00,0.01,2.10,1.35,83.11,0.00,0.00,83.0,0,0.000,-0.01,-1,1,0,0,0,0,0,0,0,0,0,PreArm: Board (3.7v) out of range 4.3-5.8v
2026-07-09T13:31:01.361Z,351.707,False,STABILIZE,0.0000000,0.0000000,-0.79,-0.04,0.00,0.00,0.01,2.10,1.35,83.11,0.00,0.00,83.0,0,0.000,-0.01,-1,1,0,0,0,0,0,0,0,0,0,PreArm: Board (3.7v) out of range 4.3-5.8v
2026-07-09T13:31:01.864Z,352.209,False,STABILIZE,0.0000000,0.0000000,-0.76,-0.04,0.00,0.00,0.01,2.11,1.35,83.11,0.00,0.00,83.0,0,0.000,-0.01,-1,1,0,0,0,0,0,0,0,0,0,PreArm: Board (3.7v) out of range 4.3-5.8v
2026-07-09T13:31:02.364Z,352.710,False,STABILIZE,0.0000000,0.0000000,-0.75,-0.04,0.00,0.00,0.00,2.11,1.35,83.11,0.00,0.00,83.0,0,0.000,-0.01,-1,1,0,0,0,0,0,0,0,0,0,PreArm: Board (3.7v) out of range 4.3-5.8v
2026-07-09T13:31:02.956Z,353.302,False,STABILIZE,0.0000000,0.0000000,-0.79,-0.04,0.00,0.00,0.00,2.10,1.35,83.12,0.00,0.00,83.0,0,0.000,-0.01,-1,1,0,0,0,0,0,0,0,0,0,PreArm: Board (3.7v) out of range 4.3-5.8v
2026-07-09T13:31:03.456Z,353.802,False,STABILIZE,0.0000000,0.0000000,-0.80,-0.04,0.00,0.00,0.00,2.10,1.35,83.12,0.00,0.00,83.0,0,0.000,-0.01,-1,1,0,0,0,0,0,0,0,0,0,PreArm: Board (3.7v) out of range 4.3-5.8v
2026-07-09T13:31:03.956Z,354.302,False,STABILIZE,0.0000000,0.0000000,-0.77,-0.04,0.00,0.00,0.00,2.10,1.35,83.12,0.00,0.00,83.0,0,0.000,-0.01,-1,1,0,0,0,0,0,0,0,0,0,PreArm: Board (3.7v) out of range 4.3-5.8v
2026-07-09T13:31:04.459Z,354.805,False,STABILIZE,0.0000000,0.0000000,-0.80,-0.04,0.00,0.00,0.00,2.10,1.35,83.12,0.00,0.00,83.0,0,0.000,-0.01,-1,1,0,0,0,0,0,0,0,0,0,PreArm: Board (3.7v) out of range 4.3-5.8v
2026-07-09T13:31:04.959Z,355.305,False,STABILIZE,0.0000000,0.0000000,-0.79,-0.04,0.00,0.00,0.00,2.10,1.35,83.12,0.00,0.00,83.0,0,0.000,-0.01,-1,1,0,0,0,0,0,0,0,0,0,PreArm: Board (3.7v) out of range 4.3-5.8v
2026-07-09T13:31:05.460Z,355.805,False,STABILIZE,0.0000000,0.0000000,-0.78,-0.04,0.00,0.00,0.00,2.10,1.35,83.12,0.00,0.00,83.0,0,0.000,-0.01,-1,1,0,0,0,0,0,0,0,0,0,PreArm: Board (3.7v) out of range 4.3-5.8v
2026-07-09T13:31:05.960Z,356.306,False,STABILIZE,0.0000000,0.0000000,-0.80,-0.04,0.00,0.00,0.00,2.10,1.35,83.12,0.00,0.00,83.0,0,0.000,-0.01,-1,1,0,0,0,0,0,0,0,0,0,PreArm: Board (3.7v) out of range 4.3-5.8v
2026-07-09T13:31:06.461Z,356.807,False,STABILIZE,0.0000000,0.0000000,-0.82,-0.04,0.00,0.00,0.00,2.10,1.36,83.12,0.00,0.00,83.0,0,0.000,-0.01,-1,1,0,0,0,0,0,0,0,0,0,PreArm: Board (3.7v) out of range 4.3-5.8v
2026-07-09T13:31:06.964Z,357.309,False,STABILIZE,0.0000000,0.0000000,-0.81,-0.04,0.00,0.00,0.00,2.10,1.36,83.12,0.00,0.00,83.0,0,0.000,-0.01,-1,1,0,0,0,0,0,0,0,0,0,PreArm: Board (3.7v) out of range 4.3-5.8v
2026-07-09T13:31:07.556Z,357.902,False,STABILIZE,0.0000000,0.0000000,-0.84,-0.04,0.00,0.00,0.00,2.10,1.35,83.12,0.00,0.00,83.0,0,0.000,-0.01,-1,1,0,0,0,0,0,0,0,0,0,PreArm: Board (3.7v) out of range 4.3-5.8v
2026-07-09T13:31:08.056Z,358.402,False,STABILIZE,0.0000000,0.0000000,-0.81,-0.04,0.00,0.00,0.00,2.10,1.35,83.12,0.00,0.00,83.0,0,0.000,-0.01,-1,1,0,0,0,0,0,0,0,0,0,PreArm: Board (3.7v) out of range 4.3-5.8v
2026-07-09T13:31:08.556Z,358.902,False,STABILIZE,0.0000000,0.0000000,-0.83,-0.04,0.00,0.00,0.00,2.10,1.35,83.12,0.00,0.00,83.0,0,0.000,-0.01,-1,1,0,0,0,0,0,0,0,0,0,PreArm: Board (3.7v) out of range 4.3-5.8v
2026-07-09T13:31:09.057Z,359.402,False,STABILIZE,0.0000000,0.0000000,-0.83,-0.04,0.00,0.00,0.00,2.10,1.35,83.12,0.00,0.00,83.0,0,0.000,-0.01,-1,1,0,0,0,0,0,0,0,0,0,PreArm: Board (3.7v) out of range 4.3-5.8v
2026-07-09T13:31:09.557Z,359.903,False,STABILIZE,0.0000000,0.0000000,-0.84,-0.04,0.00,0.00,0.00,2.10,1.34,83.12,0.00,0.00,83.0,0,0.000,-0.01,-1,1,0,0,0,0,0,0,0,0,0,PreArm: Board (3.7v) out of range 4.3-5.8v
2026-07-09T13:31:10.059Z,360.405,False,STABILIZE,0.0000000,0.0000000,-0.83,-0.04,0.00,0.00,0.00,2.10,1.34,83.12,0.00,0.00,83.0,0,0.000,-0.01,-1,1,0,0,0,0,0,0,0,0,0,PreArm: Board (3.7v) out of range 4.3-5.8v
2026-07-09T13:31:10.559Z,360.905,False,STABILIZE,0.0000000,0.0000000,-0.85,-0.04,0.00,0.00,0.00,2.10,1.34,83.12,0.00,0.00,83.0,0,0.000,-0.01,-1,1,0,0,0,0,0,0,0,0,0,PreArm: Board (3.7v) out of range 4.3-5.8v
2026-07-09T13:31:11.060Z,361.405,False,STABILIZE,0.0000000,0.0000000,-0.85,-0.04,0.00,0.00,0.00,2.10,1.34,83.12,0.00,0.00,83.0,0,0.000,-0.01,-1,1,0,0,0,0,0,0,0,0,0,PreArm: Board (3.7v) out of range 4.3-5.8v
2026-07-09T13:31:11.561Z,361.907,False,STABILIZE,0.0000000,0.0000000,-0.83,-0.04,0.00,0.00,0.00,2.10,1.34,83.12,0.00,0.00,83.0,0,0.000,-0.01,-1,1,0,0,0,0,0,0,0,0,0,PreArm: Board (3.8v) out of range 4.3-5.8v
2026-07-09T13:31:12.062Z,362.407,False,STABILIZE,0.0000000,0.0000000,-0.85,-0.04,0.00,0.00,0.00,2.10,1.34,83.13,0.00,0.00,83.0,0,0.000,-0.01,-1,1,0,0,0,0,0,0,0,0,0,PreArm: Board (3.8v) out of range 4.3-5.8v
2026-07-09T13:31:12.562Z,362.907,False,STABILIZE,0.0000000,0.0000000,-0.85,-0.04,0.00,0.00,0.00,2.10,1.34,83.12,0.00,0.00,83.0,0,0.000,-0.01,-1,1,0,0,0,0,0,0,0,0,0,PreArm: Board (3.8v) out of range 4.3-5.8v
2026-07-09T13:31:13.062Z,363.407,False,STABILIZE,0.0000000,0.0000000,-0.83,-0.04,0.00,0.00,0.00,2.10,1.34,83.12,0.00,0.00,83.0,0,0.000,-0.01,-1,1,0,0,0,0,0,0,0,0,0,PreArm: Board (3.8v) out of range 4.3-5.8v
2026-07-09T13:31:13.563Z,363.909,False,STABILIZE,0.0000000,0.0000000,-0.86,-0.04,0.00,0.00,0.00,2.10,1.33,83.12,0.00,0.00,83.0,0,0.000,-0.01,-1,1,0,0,0,0,0,0,0,0,0,PreArm: Board (3.8v) out of range 4.3-5.8v
2026-07-09T13:31:14.063Z,364.409,False,STABILIZE,0.0000000,0.0000000,-0.82,-0.04,0.00,0.00,0.00,2.10,1.33,83.12,0.00,0.00,83.0,0,0.000,-0.01,-1,1,0,0,0,0,0,0,0,0,0,PreArm: Board (3.8v) out of range 4.3-5.8v
2026-07-09T13:31:14.563Z,364.909,False,STABILIZE,0.0000000,0.0000000,-0.83,-0.04,0.00,0.00,0.00,2.10,1.33,83.12,0.00,0.00,83.0,0,0.000,-0.01,-1,1,0,0,0,0,0,0,0,0,0,PreArm: Board (3.8v) out of range 4.3-5.8v
2026-07-09T13:31:15.157Z,365.502,False,STABILIZE,0.0000000,0.0000000,-0.85,-0.04,0.00,0.00,0.00,2.10,1.33,83.13,0.00,0.00,83.0,0,0.000,-0.01,-1,1,0,0,0,0,0,0,0,0,0,PreArm: Board (3.8v) out of range 4.3-5.8v
2026-07-09T13:31:15.659Z,366.005,False,STABILIZE,0.0000000,0.0000000,-0.82,-0.04,0.00,0.00,0.00,2.11,1.33,83.13,0.00,0.00,83.0,0,0.000,-0.01,-1,1,0,0,0,0,0,0,0,0,0,PreArm: Board (3.8v) out of range 4.3-5.8v
2026-07-09T13:31:16.160Z,366.505,False,STABILIZE,0.0000000,0.0000000,-0.82,-0.04,0.00,0.00,0.00,2.10,1.34,83.13,0.00,0.00,83.0,0,0.000,-0.01,-1,1,0,0,0,0,0,0,0,0,0,PreArm: Board (3.8v) out of range 4.3-5.8v
2026-07-09T13:31:16.662Z,367.007,False,STABILIZE,0.0000000,0.0000000,-0.82,-0.04,0.00,0.00,0.00,2.10,1.34,83.13,0.00,0.00,83.0,0,0.000,-0.01,-1,1,0,0,0,0,0,0,0,0,0,PreArm: Board (3.8v) out of range 4.3-5.8v
2026-07-09T13:31:17.164Z,367.509,False,STABILIZE,0.0000000,0.0000000,-0.83,-0.04,0.00,0.00,0.00,2.10,1.34,83.13,0.00,0.00,83.0,0,0.000,-0.01,-1,1,0,0,0,0,0,0,0,0,0,PreArm: Board (3.8v) out of range 4.3-5.8v
2026-07-09T13:31:17.757Z,368.103,False,STABILIZE,0.0000000,0.0000000,-0.81,-0.04,0.00,0.00,0.00,2.10,1.34,83.13,0.00,0.00,83.0,0,0.000,-0.01,-1,1,0,0,0,0,0,0,0,0,0,PreArm: Board (3.8v) out of range 4.3-5.8v
2026-07-09T13:31:18.261Z,368.607,False,STABILIZE,0.0000000,0.0000000,-0.82,-0.04,0.00,0.00,0.00,2.10,1.34,83.13,0.00,0.00,83.0,0,0.000,-0.01,-1,1,0,0,0,0,0,0,0,0,0,PreArm: Board (3.8v) out of range 4.3-5.8v
2026-07-09T13:31:18.764Z,369.109,False,STABILIZE,0.0000000,0.0000000,-0.83,-0.04,0.00,0.00,0.00,2.10,1.34,83.14,0.00,0.00,83.0,0,0.000,-0.01,-1,1,0,0,0,0,0,0,0,0,0,PreArm: Board (3.8v) out of range 4.3-5.8v
2026-07-09T13:31:19.264Z,369.610,False,STABILIZE,0.0000000,0.0000000,-0.84,-0.04,0.00,0.00,0.00,2.10,1.35,83.14,0.00,0.00,83.0,0,0.000,-0.01,-1,1,0,0,0,0,0,0,0,0,0,PreArm: Board (3.8v) out of range 4.3-5.8v
2026-07-09T13:31:19.765Z,370.110,False,STABILIZE,0.0000000,0.0000000,-0.81,-0.04,0.00,0.00,0.00,2.10,1.35,83.14,0.00,0.00,83.0,0,0.000,-0.01,-1,1,0,0,0,0,0,0,0,0,0,PreArm: Board (3.8v) out of range 4.3-5.8v
2026-07-09T13:31:20.358Z,370.704,False,STABILIZE,0.0000000,0.0000000,-0.83,-0.04,0.00,0.00,0.00,2.10,1.35,83.14,0.00,0.00,83.0,0,0.000,-0.01,-1,1,0,0,0,0,0,0,0,0,0,PreArm: Board (3.8v) out of range 4.3-5.8v
2026-07-09T13:31:20.859Z,371.204,False,STABILIZE,0.0000000,0.0000000,-0.82,-0.04,0.00,0.00,0.00,2.11,1.35,83.14,0.00,0.00,83.0,0,0.000,-0.01,-1,1,0,0,0,0,0,0,0,0,0,PreArm: Board (3.8v) out of range 4.3-5.8v
2026-07-09T13:31:21.359Z,371.705,False,STABILIZE,0.0000000,0.0000000,-0.81,-0.04,0.00,0.00,0.00,2.11,1.35,83.13,0.00,0.00,83.0,0,0.000,-0.01,-1,1,0,0,0,0,0,0,0,0,0,PreArm: Board (3.8v) out of range 4.3-5.8v
2026-07-09T13:31:21.859Z,372.205,False,STABILIZE,0.0000000,0.0000000,-0.81,-0.04,0.00,0.00,0.00,2.10,1.35,83.13,0.00,0.00,83.0,0,0.000,-0.01,-1,1,0,0,0,0,0,0,0,0,0,PreArm: Board (3.8v) out of range 4.3-5.8v
2026-07-09T13:31:22.360Z,372.705,False,STABILIZE,0.0000000,0.0000000,-0.81,-0.04,0.00,0.00,0.00,2.10,1.35,83.13,0.00,0.00,83.0,0,0.000,-0.01,-1,1,0,0,0,0,0,0,0,0,0,PreArm: Board (3.8v) out of range 4.3-5.8v
2026-07-09T13:31:22.861Z,373.206,False,STABILIZE,0.0000000,0.0000000,-0.80,-0.04,0.00,0.00,0.00,2.10,1.35,83.13,0.00,0.00,83.0,0,0.000,-0.01,-1,1,0,0,0,0,0,0,0,0,0,PreArm: Board (3.8v) out of range 4.3-5.8v
2026-07-09T13:31:23.361Z,373.707,False,STABILIZE,0.0000000,0.0000000,-0.80,-0.04,0.00,0.00,0.00,2.10,1.35,83.13,0.00,0.00,83.0,0,0.000,-0.01,-1,1,0,0,0,0,0,0,0,0,0,PreArm: Board (3.8v) out of range 4.3-5.8v
2026-07-09T13:31:23.864Z,374.210,False,STABILIZE,0.0000000,0.0000000,-0.83,-0.04,0.00,0.00,0.00,2.10,1.35,83.13,0.00,0.00,83.0,0,0.000,-0.01,-1,1,0,0,0,0,0,0,0,0,0,PreArm: Board (3.8v) out of range 4.3-5.8v
2026-07-09T13:31:24.364Z,374.710,False,STABILIZE,0.0000000,0.0000000,-0.83,-0.04,0.00,0.00,0.00,2.10,1.35,83.13,0.00,0.00,83.0,0,0.000,-0.01,-1,1,0,0,0,0,0,0,0,0,0,PreArm: Board (3.8v) out of range 4.3-5.8v
2026-07-09T13:31:24.864Z,375.210,False,STABILIZE,0.0000000,0.0000000,-0.82,-0.04,0.00,0.00,0.00,2.10,1.35,83.13,0.00,0.00,83.0,0,0.000,-0.01,-1,1,0,0,0,0,0,0,0,0,0,PreArm: Board (3.8v) out of range 4.3-5.8v
2026-07-09T13:31:25.456Z,375.802,False,STABILIZE,0.0000000,0.0000000,-0.82,-0.04,0.00,0.00,0.00,2.10,1.35,83.13,0.00,0.00,83.0,0,0.000,-0.01,-1,1,0,0,0,0,0,0,0,0,0,PreArm: Board (3.8v) out of range 4.3-5.8v
2026-07-09T13:31:25.956Z,376.302,False,STABILIZE,0.0000000,0.0000000,-0.83,-0.04,0.00,0.00,0.00,2.10,1.35,83.13,0.00,0.00,83.0,0,0.000,-0.01,-1,1,0,0,0,0,0,0,0,0,0,PreArm: Board (3.8v) out of range 4.3-5.8v
2026-07-09T13:31:26.456Z,376.802,False,STABILIZE,0.0000000,0.0000000,-0.81,-0.04,0.00,0.00,0.00,2.10,1.35,83.13,0.00,0.00,83.0,0,0.000,-0.01,-1,1,0,0,0,0,0,0,0,0,0,PreArm: Board (3.8v) out of range 4.3-5.8v
2026-07-09T13:31:26.957Z,377.302,False,STABILIZE,0.0000000,0.0000000,-0.79,-0.04,0.00,0.00,0.00,2.10,1.35,83.13,0.00,0.00,83.0,0,0.000,-0.01,-1,1,0,0,0,0,0,0,0,0,0,PreArm: Board (3.8v) out of range 4.3-5.8v
2026-07-09T13:31:27.457Z,377.802,False,STABILIZE,0.0000000,0.0000000,-0.83,-0.04,0.00,0.00,0.00,2.10,1.35,83.13,0.00,0.00,83.0,0,0.000,-0.01,-1,1,0,0,0,0,0,0,0,0,0,PreArm: Board (3.8v) out of range 4.3-5.8v
2026-07-09T13:31:27.961Z,378.307,False,STABILIZE,0.0000000,0.0000000,-0.79,-0.04,0.00,0.00,0.00,2.10,1.35,83.14,0.00,0.00,83.0,0,0.000,-0.01,-1,1,0,0,0,0,0,0,0,0,0,PreArm: Board (3.8v) out of range 4.3-5.8v
2026-07-09T13:31:28.464Z,378.810,False,STABILIZE,0.0000000,0.0000000,-0.79,-0.04,0.00,0.00,0.00,2.11,1.35,83.14,0.00,0.00,83.0,0,0.000,-0.01,-1,1,0,0,0,0,0,0,0,0,0,PreArm: Board (3.8v) out of range 4.3-5.8v
2026-07-09T13:31:28.964Z,379.310,False,STABILIZE,0.0000000,0.0000000,-0.81,-0.04,0.00,0.00,0.00,2.11,1.35,83.13,0.00,0.00,83.0,0,0.000,-0.01,-1,1,0,0,0,0,0,0,0,0,0,PreArm: Board (3.8v) out of range 4.3-5.8v
2026-07-09T13:31:29.556Z,379.902,False,STABILIZE,0.0000000,0.0000000,-0.79,-0.04,0.00,0.00,0.00,2.11,1.35,83.13,0.00,0.00,83.0,0,0.000,-0.01,-1,1,0,0,0,0,0,0,0,0,0,PreArm: Board (3.8v) out of range 4.3-5.8v
2026-07-09T13:31:30.057Z,380.402,False,STABILIZE,0.0000000,0.0000000,-0.79,-0.04,0.00,0.00,0.00,2.11,1.35,83.13,0.00,0.00,83.0,0,0.000,-0.01,-1,1,0,0,0,0,0,0,0,0,0,PreArm: Board (3.8v) out of range 4.3-5.8v
2026-07-09T13:31:30.557Z,380.902,False,STABILIZE,0.0000000,0.0000000,-0.77,-0.04,0.00,0.00,0.00,2.11,1.35,83.13,0.00,0.00,83.0,0,0.000,-0.01,-1,1,0,0,0,0,0,0,0,0,0,PreArm: Board (3.8v) out of range 4.3-5.8v
2026-07-09T13:31:31.057Z,381.402,False,STABILIZE,0.0000000,0.0000000,-0.81,-0.04,0.00,0.00,0.00,2.10,1.35,83.13,0.00,0.00,83.0,0,0.000,-0.01,-1,1,0,0,0,0,0,0,0,0,0,PreArm: Board (3.8v) out of range 4.3-5.8v
2026-07-09T13:31:31.557Z,381.902,False,STABILIZE,0.0000000,0.0000000,-0.75,-0.04,0.00,0.00,0.00,2.11,1.34,83.12,0.00,0.00,83.0,0,0.000,-0.01,-1,1,0,0,0,0,0,0,0,0,0,PreArm: Board (3.8v) out of range 4.3-5.8v
2026-07-09T13:31:32.057Z,382.402,False,STABILIZE,0.0000000,0.0000000,-0.77,-0.04,0.00,0.00,0.00,2.11,1.34,83.12,0.00,0.00,83.0,0,0.000,-0.01,-1,1,0,0,0,0,0,0,0,0,0,PreArm: Board (3.8v) out of range 4.3-5.8v
2026-07-09T13:31:32.557Z,382.902,False,STABILIZE,0.0000000,0.0000000,-0.78,-0.04,0.01,-0.01,0.00,2.27,1.32,84.00,0.02,0.00,84.0,0,0.000,-0.01,-1,1,0,0,0,0,0,0,0,0,0,PreArm: Board (3.8v) out of range 4.3-5.8v
2026-07-09T13:31:33.057Z,383.402,False,STABILIZE,0.0000000,0.0000000,-0.75,-0.04,0.00,0.00,0.00,2.13,1.33,83.85,0.00,0.00,83.0,0,0.000,-0.01,-1,1,0,0,0,0,0,0,0,0,0,PreArm: Board (3.8v) out of range 4.3-5.8v
2026-07-09T13:31:33.557Z,383.902,False,STABILIZE,0.0000000,0.0000000,-0.76,-0.04,0.00,0.00,0.00,2.11,1.35,83.95,0.00,0.00,83.0,0,0.000,-0.01,-1,1,0,0,0,0,0,0,0,0,0,PreArm: Board (3.8v) out of range 4.3-5.8v
2026-07-09T13:31:34.057Z,384.403,False,STABILIZE,0.0000000,0.0000000,-0.75,-0.04,0.00,0.00,0.00,2.11,1.34,83.93,0.00,0.00,83.0,0,0.000,-0.01,-1,1,0,0,0,0,0,0,0,0,0,PreArm: Board (3.8v) out of range 4.3-5.8v
2026-07-09T13:31:34.557Z,384.903,False,STABILIZE,0.0000000,0.0000000,-0.77,-0.04,0.00,0.00,0.00,2.11,1.34,83.92,0.00,0.00,83.0,0,0.000,-0.01,-1,1,0,0,0,0,0,0,0,0,0,PreArm: Board (3.8v) out of range 4.3-5.8v
2026-07-09T13:31:35.060Z,385.406,False,STABILIZE,0.0000000,0.0000000,-0.78,-0.04,0.00,0.00,0.00,2.11,1.34,83.92,0.00,0.00,83.0,0,0.000,-0.01,-1,1,0,0,0,0,0,0,0,0,0,PreArm: Board (3.8v) out of range 4.3-5.8v
2026-07-09T13:31:35.562Z,385.908,False,STABILIZE,0.0000000,0.0000000,-0.78,-0.04,0.00,0.00,0.00,2.12,1.34,83.92,0.00,0.00,83.0,0,0.000,-0.01,-1,1,0,0,0,0,0,0,0,0,0,PreArm: Board (3.8v) out of range 4.3-5.8v
2026-07-09T13:31:36.062Z,386.408,False,STABILIZE,0.0000000,0.0000000,-0.77,-0.04,0.00,0.00,0.00,2.12,1.34,83.92,0.00,0.00,83.0,0,0.000,-0.01,-1,1,0,0,0,0,0,0,0,0,0,PreArm: Board (3.8v) out of range 4.3-5.8v
2026-07-09T13:31:36.564Z,386.909,False,STABILIZE,0.0000000,0.0000000,-0.75,-0.04,0.00,0.00,0.00,2.11,1.34,83.92,0.00,0.00,83.0,0,0.000,-0.01,-1,1,0,0,0,0,0,0,0,0,0,PreArm: Board (3.8v) out of range 4.3-5.8v
2026-07-09T13:31:37.064Z,387.409,False,STABILIZE,0.0000000,0.0000000,-0.76,-0.04,0.00,0.00,0.00,2.12,1.34,83.92,0.00,0.00,83.0,0,0.000,-0.01,-1,1,0,0,0,0,0,0,0,0,0,PreArm: Board (3.8v) out of range 4.3-5.8v
2026-07-09T13:31:37.566Z,387.911,False,STABILIZE,0.0000000,0.0000000,-0.73,-0.04,0.00,0.00,0.00,2.12,1.34,83.92,0.00,0.00,83.0,0,0.000,-0.01,-1,1,0,0,0,0,0,0,0,0,0,PreArm: Board (3.8v) out of range 4.3-5.8v
2026-07-09T13:31:38.156Z,388.502,False,STABILIZE,0.0000000,0.0000000,-0.77,-0.04,0.00,0.00,0.00,2.11,1.34,83.92,0.00,0.00,83.0,0,0.000,-0.01,-1,1,0,0,0,0,0,0,0,0,0,PreArm: Board (3.8v) out of range 4.3-5.8v
2026-07-09T13:31:38.659Z,389.005,False,STABILIZE,0.0000000,0.0000000,-0.77,-0.04,0.00,0.00,0.00,2.11,1.34,83.92,0.00,0.00,83.0,0,0.000,-0.01,-1,1,0,0,0,0,0,0,0,0,0,PreArm: Board (3.8v) out of range 4.3-5.8v
2026-07-09T13:31:39.159Z,389.505,False,STABILIZE,0.0000000,0.0000000,-0.81,-0.04,0.00,0.00,0.00,2.11,1.34,83.92,0.00,0.00,83.0,0,0.000,-0.01,-1,1,0,0,0,0,0,0,0,0,0,PreArm: Board (3.8v) out of range 4.3-5.8v
2026-07-09T13:31:39.659Z,390.005,False,STABILIZE,0.0000000,0.0000000,-0.77,-0.04,0.00,0.00,0.00,2.11,1.34,83.91,0.00,0.00,83.0,0,0.000,-0.01,-1,1,0,0,0,0,0,0,0,0,0,PreArm: Board (3.8v) out of range 4.3-5.8v
2026-07-09T13:31:40.159Z,390.505,False,STABILIZE,0.0000000,0.0000000,-0.79,-0.04,0.00,0.00,0.00,2.11,1.34,83.91,0.00,0.00,83.0,0,0.000,-0.01,-1,1,0,0,0,0,0,0,0,0,0,PreArm: Board (3.8v) out of range 4.3-5.8v
2026-07-09T13:31:40.659Z,391.005,False,STABILIZE,0.0000000,0.0000000,-0.80,-0.04,0.00,0.00,0.00,2.11,1.34,83.90,0.00,0.00,83.0,0,0.000,-0.01,-1,1,0,0,0,0,0,0,0,0,0,PreArm: Board (3.8v) out of range 4.3-5.8v
2026-07-09T13:31:41.160Z,391.506,False,STABILIZE,0.0000000,0.0000000,-0.80,-0.04,0.00,0.00,0.00,2.11,1.33,83.91,0.00,0.00,83.0,0,0.000,-0.01,-1,1,0,0,0,0,0,0,0,0,0,PreArm: Board (3.8v) out of range 4.3-5.8v
2026-07-09T13:31:41.661Z,392.006,False,STABILIZE,0.0000000,0.0000000,-0.84,-0.04,0.00,0.00,0.00,2.11,1.33,83.91,0.00,0.00,83.0,0,0.000,-0.01,-1,1,0,0,0,0,0,0,0,0,0,PreArm: Board (3.8v) out of range 4.3-5.8v
2026-07-09T13:31:42.161Z,392.507,False,STABILIZE,0.0000000,0.0000000,-0.78,-0.04,0.00,0.00,0.00,2.11,1.33,83.90,0.00,0.00,83.0,0,0.000,-0.01,-1,1,0,0,0,0,0,0,0,0,0,PreArm: Board (3.8v) out of range 4.3-5.8v
2026-07-09T13:31:42.663Z,393.008,False,STABILIZE,0.0000000,0.0000000,-0.78,-0.04,0.00,0.00,0.00,2.11,1.33,83.90,0.00,0.00,83.0,0,0.000,-0.01,-1,1,0,0,0,0,0,0,0,0,0,PreArm: Board (3.8v) out of range 4.3-5.8v
2026-07-09T13:31:43.163Z,393.509,False,STABILIZE,0.0000000,0.0000000,-0.83,-0.04,0.00,0.00,0.00,2.11,1.33,83.90,0.01,0.00,83.0,0,0.000,-0.01,-1,1,0,0,0,0,0,0,0,0,0,PreArm: Board (3.8v) out of range 4.3-5.8v
2026-07-09T13:31:43.756Z,394.102,False,STABILIZE,0.0000000,0.0000000,-0.84,-0.04,0.00,0.00,0.01,2.11,1.33,83.90,0.01,0.00,83.0,0,0.000,-0.01,-1,1,0,0,0,0,0,0,0,0,0,PreArm: Board (3.8v) out of range 4.3-5.8v
2026-07-09T13:31:44.256Z,394.602,False,STABILIZE,0.0000000,0.0000000,-0.81,-0.04,0.00,0.00,0.01,2.11,1.33,83.90,0.00,0.00,83.0,0,0.000,-0.01,-1,1,0,0,0,0,0,0,0,0,0,PreArm: Board (3.8v) out of range 4.3-5.8v
2026-07-09T13:31:44.756Z,395.102,False,STABILIZE,0.0000000,0.0000000,-0.81,-0.04,0.00,0.00,0.01,2.11,1.33,83.91,0.00,0.00,83.0,0,0.000,-0.01,-1,1,0,0,0,0,0,0,0,0,0,PreArm: Board (3.8v) out of range 4.3-5.8v
2026-07-09T13:31:45.259Z,395.604,False,STABILIZE,0.0000000,0.0000000,-0.81,-0.04,0.00,0.00,0.01,2.12,1.34,83.91,0.00,0.00,83.0,0,0.000,-0.01,-1,1,0,0,0,0,0,0,0,0,0,PreArm: Board (3.8v) out of range 4.3-5.8v
2026-07-09T13:31:45.759Z,396.105,False,STABILIZE,0.0000000,0.0000000,-0.84,-0.04,0.00,0.00,0.01,2.12,1.34,83.91,0.00,0.00,83.0,0,0.000,-0.01,-1,1,0,0,0,0,0,0,0,0,0,PreArm: Board (3.8v) out of range 4.3-5.8v
2026-07-09T13:31:46.259Z,396.605,False,STABILIZE,0.0000000,0.0000000,-0.83,-0.04,0.00,0.00,0.01,2.12,1.34,83.91,0.00,0.00,83.0,0,0.000,-0.01,-1,1,0,0,0,0,0,0,0,0,0,PreArm: Board (3.8v) out of range 4.3-5.8v
2026-07-09T13:31:46.759Z,397.105,False,STABILIZE,0.0000000,0.0000000,-0.81,-0.04,0.00,0.00,0.01,2.12,1.33,83.91,0.00,0.00,83.0,0,0.000,-0.01,-1,1,0,0,0,0,0,0,0,0,0,PreArm: Board (3.8v) out of range 4.3-5.8v
2026-07-09T13:31:47.259Z,397.605,False,STABILIZE,0.0000000,0.0000000,-0.81,-0.04,0.00,0.00,0.01,2.12,1.34,83.91,0.00,0.00,83.0,0,0.000,-0.01,-1,1,0,0,0,0,0,0,0,0,0,PreArm: Board (3.8v) out of range 4.3-5.8v
2026-07-09T13:31:47.759Z,398.105,False,STABILIZE,0.0000000,0.0000000,-0.83,-0.04,0.00,0.00,0.00,2.11,1.34,83.92,0.00,0.00,83.0,0,0.000,-0.01,-1,1,0,0,0,0,0,0,0,0,0,PreArm: Board (3.8v) out of range 4.3-5.8v
2026-07-09T13:31:48.260Z,398.606,False,STABILIZE,0.0000000,0.0000000,-0.84,-0.04,0.00,0.00,0.00,2.12,1.34,83.91,0.00,0.00,83.0,0,0.000,-0.01,-1,1,0,0,0,0,0,0,0,0,0,PreArm: Board (3.8v) out of range 4.3-5.8v
2026-07-09T13:31:48.761Z,399.107,False,STABILIZE,0.0000000,0.0000000,-0.83,-0.04,0.00,0.00,0.00,2.12,1.34,83.92,0.00,0.00,83.0,0,0.000,-0.01,-1,1,0,0,0,0,0,0,0,0,0,PreArm: Board (3.8v) out of range 4.3-5.8v
2026-07-09T13:31:49.263Z,399.609,False,STABILIZE,0.0000000,0.0000000,-0.87,-0.04,0.00,0.00,0.00,2.11,1.34,83.91,0.00,0.00,83.0,0,0.000,-0.01,-1,1,0,0,0,0,0,0,0,0,0,PreArm: Board (3.8v) out of range 4.3-5.8v
2026-07-09T13:31:49.857Z,400.202,False,STABILIZE,0.0000000,0.0000000,-0.89,-0.04,0.00,0.00,0.00,2.11,1.35,83.92,0.00,0.00,83.0,0,0.000,-0.01,-1,1,0,0,0,0,0,0,0,0,0,PreArm: Board (3.8v) out of range 4.3-5.8v
2026-07-09T13:31:50.357Z,400.702,False,STABILIZE,0.0000000,0.0000000,-0.84,-0.04,0.00,0.00,0.01,2.12,1.35,83.92,0.00,0.00,83.0,0,0.000,-0.01,-1,1,0,0,0,0,0,0,0,0,0,PreArm: Board (3.8v) out of range 4.3-5.8v
2026-07-09T13:31:50.859Z,401.205,False,STABILIZE,0.0000000,0.0000000,-0.87,-0.04,0.00,0.00,0.01,2.12,1.35,83.92,0.00,0.00,83.0,0,0.000,-0.01,-1,1,0,0,0,0,0,0,0,0,0,PreArm: Board (3.8v) out of range 4.3-5.8v
2026-07-09T13:31:51.361Z,401.706,False,STABILIZE,0.0000000,0.0000000,-0.86,-0.04,0.00,0.00,0.01,2.12,1.35,83.92,0.00,0.00,83.0,0,0.000,-0.01,-1,1,0,0,0,0,0,0,0,0,0,PreArm: Board (3.8v) out of range 4.3-5.8v
2026-07-09T13:31:51.862Z,402.207,False,STABILIZE,0.0000000,0.0000000,-0.86,-0.04,0.00,0.00,0.01,2.12,1.35,83.92,0.00,0.00,83.0,0,0.000,-0.01,-1,1,0,0,0,0,0,0,0,0,0,PreArm: Board (3.8v) out of range 4.3-5.8v
2026-07-09T13:31:52.364Z,402.709,False,STABILIZE,0.0000000,0.0000000,-0.87,-0.04,0.00,0.00,0.01,2.12,1.35,83.92,0.00,0.00,83.0,0,0.000,-0.01,-1,1,0,0,0,0,0,0,0,0,0,PreArm: Board (3.8v) out of range 4.3-5.8v
2026-07-09T13:31:52.864Z,403.210,False,STABILIZE,0.0000000,0.0000000,-0.87,-0.04,0.00,0.00,0.01,2.12,1.35,83.92,0.00,0.00,83.0,0,0.000,-0.01,-1,1,0,0,0,0,0,0,0,0,0,PreArm: Board (3.8v) out of range 4.3-5.8v
2026-07-09T13:31:53.458Z,403.803,False,STABILIZE,0.0000000,0.0000000,-0.87,-0.04,0.00,0.00,0.01,2.12,1.35,83.92,0.00,0.00,83.0,0,0.000,-0.01,-1,1,0,0,0,0,0,0,0,0,0,PreArm: Board (3.8v) out of range 4.3-5.8v
2026-07-09T13:31:53.959Z,404.304,False,STABILIZE,0.0000000,0.0000000,-0.87,-0.04,0.00,0.00,0.00,2.12,1.35,83.92,0.00,0.00,83.0,0,0.000,-0.01,-1,1,0,0,0,0,0,0,0,0,0,PreArm: Board (3.8v) out of range 4.3-5.8v
2026-07-09T13:31:54.459Z,404.804,False,STABILIZE,0.0000000,0.0000000,-0.88,-0.04,0.00,0.00,0.00,2.12,1.35,83.93,0.00,0.00,83.0,0,0.000,-0.01,-1,1,0,0,0,0,0,0,0,0,0,PreArm: Board (3.8v) out of range 4.3-5.8v
2026-07-09T13:31:54.959Z,405.305,False,STABILIZE,0.0000000,0.0000000,-0.83,-0.04,0.00,0.00,0.00,2.12,1.35,83.93,0.00,0.00,83.0,0,0.000,-0.01,-1,1,0,0,0,0,0,0,0,0,0,PreArm: Board (3.8v) out of range 4.3-5.8v
2026-07-09T13:31:55.460Z,405.806,False,STABILIZE,0.0000000,0.0000000,-0.84,-0.04,0.00,0.00,0.00,2.12,1.35,83.93,0.00,0.00,83.0,0,0.000,-0.01,-1,1,0,0,0,0,0,0,0,0,0,PreArm: Board (3.8v) out of range 4.3-5.8v
2026-07-09T13:31:55.961Z,406.306,False,STABILIZE,0.0000000,0.0000000,-0.86,-0.04,0.00,0.00,0.00,2.12,1.34,83.93,0.00,0.00,83.0,0,0.000,-0.01,-1,1,0,0,0,0,0,0,0,0,0,PreArm: Board (3.8v) out of range 4.3-5.8v
2026-07-09T13:31:56.461Z,406.806,False,STABILIZE,0.0000000,0.0000000,-0.87,-0.04,0.00,0.00,0.00,2.12,1.34,83.93,0.00,0.00,83.0,0,0.000,-0.01,-1,1,0,0,0,0,0,0,0,0,0,PreArm: Board (3.8v) out of range 4.3-5.8v
2026-07-09T13:31:56.962Z,407.307,False,STABILIZE,0.0000000,0.0000000,-0.84,-0.04,0.00,0.00,0.00,2.12,1.34,83.93,0.00,0.00,83.0,0,0.000,-0.01,-1,1,0,0,0,0,0,0,0,0,0,PreArm: Board (3.8v) out of range 4.3-5.8v
2026-07-09T13:31:57.462Z,407.807,False,STABILIZE,0.0000000,0.0000000,-0.85,-0.04,0.00,0.00,0.00,2.12,1.34,83.93,0.00,0.00,83.0,0,0.000,-0.01,-1,1,0,0,0,0,0,0,0,0,0,PreArm: Board (3.8v) out of range 4.3-5.8v
2026-07-09T13:31:57.962Z,408.307,False,STABILIZE,0.0000000,0.0000000,-0.89,-0.04,0.00,0.00,0.00,2.12,1.34,83.93,0.00,0.00,83.0,0,0.000,-0.01,-1,1,0,0,0,0,0,0,0,0,0,PreArm: Board (3.8v) out of range 4.3-5.8v
2026-07-09T13:31:58.462Z,408.808,False,STABILIZE,0.0000000,0.0000000,-0.86,-0.04,0.00,0.00,0.00,2.12,1.34,83.93,0.00,0.00,83.0,0,0.000,-0.01,-1,1,0,0,0,0,0,0,0,0,0,PreArm: Board (3.8v) out of range 4.3-5.8v
2026-07-09T13:31:58.963Z,409.308,False,STABILIZE,0.0000000,0.0000000,-0.87,-0.04,0.00,0.00,0.00,2.11,1.34,83.94,0.00,0.00,83.0,0,0.000,-0.01,-1,1,0,0,0,0,0,0,0,0,0,PreArm: Board (3.8v) out of range 4.3-5.8v
2026-07-09T13:31:59.463Z,409.809,False,STABILIZE,0.0000000,0.0000000,-0.87,-0.04,0.00,0.00,0.00,2.11,1.35,83.94,0.00,0.00,83.0,0,0.000,-0.01,-1,1,0,0,0,0,0,0,0,0,0,PreArm: Board (3.8v) out of range 4.3-5.8v
2026-07-09T13:31:59.963Z,410.309,False,STABILIZE,0.0000000,0.0000000,-0.85,-0.04,0.00,0.00,0.00,2.11,1.35,83.94,0.00,0.00,83.0,0,0.000,-0.01,-1,1,0,0,0,0,0,0,0,0,0,PreArm: Board (3.8v) out of range 4.3-5.8v
2026-07-09T13:32:00.463Z,410.809,False,STABILIZE,0.0000000,0.0000000,-0.87,-0.04,0.00,0.00,0.00,2.11,1.35,83.94,0.00,0.00,83.0,0,0.000,-0.01,-1,1,0,0,0,0,0,0,0,0,0,PreArm: Board (3.8v) out of range 4.3-5.8v
2026-07-09T13:32:01.056Z,411.402,False,STABILIZE,0.0000000,0.0000000,-0.88,-0.04,0.00,0.00,0.00,2.11,1.35,83.94,0.00,0.00,83.0,0,0.000,-0.01,-1,1,0,0,0,0,0,0,0,0,0,PreArm: Board (3.8v) out of range 4.3-5.8v
2026-07-09T13:32:01.556Z,411.902,False,STABILIZE,0.0000000,0.0000000,-0.87,-0.04,0.00,0.00,0.00,2.11,1.35,83.94,0.00,0.00,83.0,0,0.000,-0.01,-1,1,0,0,0,0,0,0,0,0,0,PreArm: Board (3.8v) out of range 4.3-5.8v
2026-07-09T13:32:02.056Z,412.402,False,STABILIZE,0.0000000,0.0000000,-0.89,-0.04,0.00,0.00,0.00,2.11,1.35,83.94,0.00,0.00,83.0,0,0.000,-0.01,-1,1,0,0,0,0,0,0,0,0,0,PreArm: Board (3.8v) out of range 4.3-5.8v
2026-07-09T13:32:02.556Z,412.902,False,STABILIZE,0.0000000,0.0000000,-0.86,-0.04,0.00,0.00,0.00,2.11,1.35,83.94,0.00,0.00,83.0,0,0.000,-0.01,-1,1,0,0,0,0,0,0,0,0,0,PreArm: Board (3.8v) out of range 4.3-5.8v
2026-07-09T13:32:03.056Z,413.402,False,STABILIZE,0.0000000,0.0000000,-0.86,-0.04,0.00,0.00,0.00,2.11,1.35,83.94,0.00,0.00,83.0,0,0.000,-0.01,-1,1,0,0,0,0,0,0,0,0,0,PreArm: Board (3.8v) out of range 4.3-5.8v
2026-07-09T13:32:03.557Z,413.902,False,STABILIZE,0.0000000,0.0000000,-0.86,-0.04,0.00,0.00,0.00,2.11,1.35,83.95,0.00,0.00,83.0,0,0.000,-0.01,-1,1,0,0,0,0,0,0,0,0,0,PreArm: Board (3.8v) out of range 4.3-5.8v
2026-07-09T13:32:04.057Z,414.402,False,STABILIZE,0.0000000,0.0000000,-0.91,-0.04,0.00,0.00,0.00,2.11,1.34,83.95,0.00,0.00,83.0,0,0.000,-0.01,-1,1,0,0,0,0,0,0,0,0,0,PreArm: Board (3.8v) out of range 4.3-5.8v
2026-07-09T13:32:04.557Z,414.902,False,STABILIZE,0.0000000,0.0000000,-0.87,-0.04,0.00,0.00,0.00,2.11,1.34,83.94,0.00,0.00,83.0,0,0.000,-0.01,-1,1,0,0,0,0,0,0,0,0,0,PreArm: Board (3.8v) out of range 4.3-5.8v
2026-07-09T13:32:05.057Z,415.403,False,STABILIZE,0.0000000,0.0000000,-0.92,-0.04,0.00,0.00,0.00,2.10,1.34,83.94,0.00,0.00,83.0,0,0.000,-0.01,-1,1,0,0,0,0,0,0,0,0,0,PreArm: Board (3.8v) out of range 4.3-5.8v
2026-07-09T13:32:05.559Z,415.904,False,STABILIZE,0.0000000,0.0000000,-0.87,-0.04,0.00,0.00,0.00,2.11,1.34,83.95,0.00,0.00,83.0,0,0.000,-0.01,-1,1,0,0,0,0,0,0,0,0,0,PreArm: Board (3.8v) out of range 4.3-5.8v
2026-07-09T13:32:06.059Z,416.404,False,STABILIZE,0.0000000,0.0000000,-0.89,-0.04,0.00,0.00,0.00,2.11,1.34,83.95,0.00,0.00,83.0,0,0.000,-0.01,-1,1,0,0,0,0,0,0,0,0,0,PreArm: Board (3.8v) out of range 4.3-5.8v
2026-07-09T13:32:06.559Z,416.904,False,STABILIZE,0.0000000,0.0000000,-0.89,-0.04,0.00,0.00,0.00,2.11,1.35,83.94,0.00,0.00,83.0,0,0.000,-0.01,-1,1,0,0,0,0,0,0,0,0,0,PreArm: Board (3.8v) out of range 4.3-5.8v
2026-07-09T13:32:07.059Z,417.405,False,STABILIZE,0.0000000,0.0000000,-0.91,-0.04,0.00,0.00,0.00,2.11,1.35,83.94,0.00,0.00,83.0,0,0.000,-0.01,-1,1,0,0,0,0,0,0,0,0,0,PreArm: Board (3.8v) out of range 4.3-5.8v
2026-07-09T13:32:07.562Z,417.907,False,STABILIZE,0.0000000,0.0000000,-0.88,-0.04,0.00,0.00,0.00,2.11,1.35,83.94,0.00,0.00,83.0,0,0.000,-0.01,-1,1,0,0,0,0,0,0,0,0,0,PreArm: Board (3.8v) out of range 4.3-5.8v
2026-07-09T13:32:08.066Z,418.411,False,STABILIZE,0.0000000,0.0000000,-0.91,-0.04,0.00,0.00,0.00,2.10,1.36,83.94,0.00,0.00,83.0,0,0.000,-0.01,-1,1,0,0,0,0,0,0,0,0,0,PreArm: Board (3.8v) out of range 4.3-5.8v
2026-07-09T13:32:08.594Z,418.940,False,STABILIZE,0.0000000,0.0000000,-0.89,-0.04,0.00,0.00,0.00,2.10,1.36,83.94,0.00,0.00,83.0,0,0.000,-0.01,-1,1,0,0,0,0,0,0,0,0,0,PreArm: Board (3.8v) out of range 4.3-5.8v
2026-07-09T13:32:09.157Z,419.502,False,STABILIZE,0.0000000,0.0000000,-0.90,-0.04,0.00,0.00,0.00,2.10,1.36,83.94,0.00,0.00,83.0,0,0.000,-0.01,-1,1,0,0,0,0,0,0,0,0,0,PreArm: Board (3.8v) out of range 4.3-5.8v
2026-07-09T13:32:09.659Z,420.005,False,STABILIZE,0.0000000,0.0000000,-0.90,-0.04,0.00,0.00,0.00,2.11,1.36,83.94,0.00,0.00,83.0,0,0.000,-0.01,-1,1,0,0,0,0,0,0,0,0,0,PreArm: Board (3.8v) out of range 4.3-5.8v
2026-07-09T13:32:10.161Z,420.507,False,STABILIZE,0.0000000,0.0000000,-0.89,-0.04,0.00,0.00,0.00,2.11,1.36,83.94,0.01,0.00,83.0,0,0.000,-0.01,-1,1,0,0,0,0,0,0,0,0,0,PreArm: Board (3.8v) out of range 4.3-5.8v
2026-07-09T13:32:10.664Z,421.010,False,STABILIZE,0.0000000,0.0000000,-0.89,-0.04,0.00,0.00,0.00,2.11,1.36,83.94,0.01,0.00,83.0,0,0.000,-0.01,-1,1,0,0,0,0,0,0,0,0,0,PreArm: Board (3.8v) out of range 4.3-5.8v
2026-07-09T13:32:11.257Z,421.602,False,STABILIZE,0.0000000,0.0000000,-0.90,-0.04,0.00,0.00,0.00,2.11,1.36,83.94,0.01,0.00,83.0,0,0.000,-0.01,-1,1,0,0,0,0,0,0,0,0,0,PreArm: Board (3.8v) out of range 4.3-5.8v
2026-07-09T13:32:11.757Z,422.102,False,STABILIZE,0.0000000,0.0000000,-0.91,-0.04,0.00,0.00,0.00,2.11,1.36,83.94,0.01,0.00,83.0,0,0.000,-0.01,-1,1,0,0,0,0,0,0,0,0,0,PreArm: Board (3.8v) out of range 4.3-5.8v
2026-07-09T13:32:12.257Z,422.603,False,STABILIZE,0.0000000,0.0000000,-0.91,-0.04,0.00,0.00,0.00,2.12,1.35,83.94,0.00,0.00,83.0,0,0.000,-0.01,-1,1,0,0,0,0,0,0,0,0,0,PreArm: Board (3.8v) out of range 4.3-5.8v
2026-07-09T13:32:12.759Z,423.104,False,STABILIZE,0.0000000,0.0000000,-0.89,-0.04,0.00,0.00,0.00,2.12,1.35,83.94,0.00,0.00,83.0,0,0.000,-0.01,-1,1,0,0,0,0,0,0,0,0,0,PreArm: Board (3.8v) out of range 4.3-5.8v
2026-07-09T13:32:13.259Z,423.605,False,STABILIZE,0.0000000,0.0000000,-0.90,-0.04,0.00,0.00,0.00,2.11,1.35,83.94,0.00,0.00,83.0,0,0.000,-0.01,-1,1,0,0,0,0,0,0,0,0,0,PreArm: Board (3.8v) out of range 4.3-5.8v
2026-07-09T13:32:13.759Z,424.105,False,STABILIZE,0.0000000,0.0000000,-0.89,-0.04,0.00,0.00,0.00,2.12,1.35,83.94,0.00,0.00,83.0,0,0.000,-0.01,-1,1,0,0,0,0,0,0,0,0,0,PreArm: Board (3.8v) out of range 4.3-5.8v
2026-07-09T13:32:14.259Z,424.605,False,STABILIZE,0.0000000,0.0000000,-0.89,-0.04,0.00,0.00,0.00,2.11,1.35,83.94,0.00,0.00,83.0,0,0.000,-0.01,-1,1,0,0,0,0,0,0,0,0,0,PreArm: Board (3.8v) out of range 4.3-5.8v
2026-07-09T13:32:14.761Z,425.106,False,STABILIZE,0.0000000,0.0000000,-0.89,-0.04,0.00,0.00,0.00,2.11,1.34,83.94,0.00,0.00,83.0,0,0.000,-0.01,-1,1,0,0,0,0,0,0,0,0,0,PreArm: Board (3.8v) out of range 4.3-5.8v
2026-07-09T13:32:15.261Z,425.607,False,STABILIZE,0.0000000,0.0000000,-0.89,-0.04,0.00,0.00,0.00,2.11,1.34,83.93,0.00,0.00,83.0,0,0.000,-0.01,-1,1,0,0,0,0,0,0,0,0,0,PreArm: Board (3.8v) out of range 4.3-5.8v
2026-07-09T13:32:15.763Z,426.109,False,STABILIZE,0.0000000,0.0000000,-0.90,-0.04,0.00,0.00,0.00,2.11,1.34,83.93,0.00,0.00,83.0,0,0.000,-0.01,-1,1,0,0,0,0,0,0,0,0,0,PreArm: Board (3.8v) out of range 4.3-5.8v
2026-07-09T13:32:16.264Z,426.609,False,STABILIZE,0.0000000,0.0000000,-0.91,-0.04,0.00,0.00,0.00,2.11,1.34,83.93,0.00,0.00,83.0,0,0.000,-0.01,-1,1,0,0,0,0,0,0,0,0,0,PreArm: Board (3.8v) out of range 4.3-5.8v
2026-07-09T13:32:16.856Z,427.202,False,STABILIZE,0.0000000,0.0000000,-0.89,-0.04,0.00,0.00,0.00,2.11,1.34,83.93,0.00,0.00,83.0,0,0.000,-0.01,-1,1,0,0,0,0,0,0,0,0,0,PreArm: Board (3.8v) out of range 4.3-5.8v
2026-07-09T13:32:17.356Z,427.702,False,STABILIZE,0.0000000,0.0000000,-0.89,-0.04,0.00,0.00,0.00,2.11,1.34,83.93,0.00,0.00,83.0,0,0.000,-0.01,-1,1,0,0,0,0,0,0,0,0,0,PreArm: Board (3.8v) out of range 4.3-5.8v
2026-07-09T13:32:17.858Z,428.204,False,STABILIZE,0.0000000,0.0000000,-0.90,-0.04,0.00,0.00,0.00,2.11,1.34,83.93,0.00,0.00,83.0,0,0.000,-0.01,-1,1,0,0,0,0,0,0,0,0,0,PreArm: Board (3.8v) out of range 4.3-5.8v
2026-07-09T13:32:18.358Z,428.704,False,STABILIZE,0.0000000,0.0000000,-0.89,-0.04,0.00,0.00,0.00,2.11,1.34,83.93,0.00,0.00,83.0,0,0.000,-0.01,-1,1,0,0,0,0,0,0,0,0,0,PreArm: Board (3.8v) out of range 4.3-5.8v
2026-07-09T13:32:18.858Z,429.204,False,STABILIZE,0.0000000,0.0000000,-0.92,-0.04,0.00,0.00,0.00,2.11,1.34,83.92,0.00,0.00,83.0,0,0.000,-0.01,-1,1,0,0,0,0,0,0,0,0,0,PreArm: Board (3.8v) out of range 4.3-5.8v
2026-07-09T13:32:19.359Z,429.705,False,STABILIZE,0.0000000,0.0000000,-0.92,-0.04,0.00,0.00,0.00,2.11,1.34,83.92,0.00,0.00,83.0,0,0.000,-0.01,-1,1,0,0,0,0,0,0,0,0,0,PreArm: Board (3.8v) out of range 4.3-5.8v
2026-07-09T13:32:19.860Z,430.205,False,STABILIZE,0.0000000,0.0000000,-0.92,-0.04,0.00,0.00,0.00,2.11,1.34,83.92,0.00,0.00,83.0,0,0.000,-0.01,-1,1,0,0,0,0,0,0,0,0,0,PreArm: Board (3.8v) out of range 4.3-5.8v
2026-07-09T13:32:20.360Z,430.706,False,STABILIZE,0.0000000,0.0000000,-0.90,-0.04,0.00,0.00,0.00,2.11,1.34,83.92,0.00,0.00,83.0,0,0.000,-0.01,-1,1,0,0,0,0,0,0,0,0,0,PreArm: Board (3.8v) out of range 4.3-5.8v
2026-07-09T13:32:20.861Z,431.206,False,STABILIZE,0.0000000,0.0000000,-0.90,-0.04,0.00,0.00,0.00,2.11,1.34,83.92,0.00,0.00,83.0,0,0.000,-0.01,-1,1,0,0,0,0,0,0,0,0,0,PreArm: Board (3.8v) out of range 4.3-5.8v
2026-07-09T13:32:21.362Z,431.707,False,STABILIZE,0.0000000,0.0000000,-0.93,-0.04,0.00,0.00,0.00,2.11,1.34,83.92,0.00,0.00,83.0,0,0.000,-0.01,-1,1,0,0,0,0,0,0,0,0,0,PreArm: Board (3.8v) out of range 4.3-5.8v
2026-07-09T13:32:21.862Z,432.208,False,STABILIZE,0.0000000,0.0000000,-0.90,-0.04,0.00,0.00,0.00,2.11,1.34,83.92,0.00,0.00,83.0,0,0.000,-0.01,-1,1,0,0,0,0,0,0,0,0,0,PreArm: Board (3.8v) out of range 4.3-5.8v
2026-07-09T13:32:22.363Z,432.709,False,STABILIZE,0.0000000,0.0000000,-0.91,-0.04,0.00,0.00,0.00,2.11,1.33,83.92,0.00,0.00,83.0,0,0.000,-0.01,-1,1,0,0,0,0,0,0,0,0,0,PreArm: Board (3.8v) out of range 4.3-5.8v
2026-07-09T13:32:22.864Z,433.209,False,STABILIZE,0.0000000,0.0000000,-0.91,-0.04,0.00,0.00,0.00,2.11,1.34,83.91,0.00,0.00,83.0,0,0.000,-0.01,-1,1,0,0,0,0,0,0,0,0,0,PreArm: Board (3.8v) out of range 4.3-5.8v
2026-07-09T13:32:23.457Z,433.802,False,STABILIZE,0.0000000,0.0000000,-0.93,-0.04,0.00,0.00,0.00,2.11,1.34,83.91,0.00,0.00,83.0,0,0.000,-0.01,-1,1,0,0,0,0,0,0,0,0,0,PreArm: Board (3.8v) out of range 4.3-5.8v
2026-07-09T13:32:23.957Z,434.302,False,STABILIZE,0.0000000,0.0000000,-0.94,-0.04,0.00,0.00,0.00,2.11,1.34,83.91,0.00,0.00,83.0,0,0.000,-0.01,-1,1,0,0,0,0,0,0,0,0,0,PreArm: Board (3.8v) out of range 4.3-5.8v
2026-07-09T13:32:24.457Z,434.803,False,STABILIZE,0.0000000,0.0000000,-0.95,-0.04,0.00,0.00,0.00,2.11,1.33,83.91,0.00,0.00,83.0,0,0.000,-0.01,-1,1,0,0,0,0,0,0,0,0,0,PreArm: Board (3.8v) out of range 4.3-5.8v
2026-07-09T13:32:24.957Z,435.303,False,STABILIZE,0.0000000,0.0000000,-0.93,-0.04,0.00,0.00,0.00,2.11,1.33,83.91,0.00,0.00,83.0,0,0.000,-0.01,-1,1,0,0,0,0,0,0,0,0,0,PreArm: Board (3.8v) out of range 4.3-5.8v
2026-07-09T13:32:25.459Z,435.804,False,STABILIZE,0.0000000,0.0000000,-0.96,-0.04,0.00,0.00,0.00,2.11,1.33,83.91,0.00,0.00,83.0,0,0.000,-0.01,-1,1,0,0,0,0,0,0,0,0,0,PreArm: Board (3.8v) out of range 4.3-5.8v
2026-07-09T13:32:25.959Z,436.304,False,STABILIZE,0.0000000,0.0000000,-0.96,-0.04,0.00,0.00,0.00,2.11,1.34,83.91,0.00,0.00,83.0,0,0.000,-0.01,-1,1,0,0,0,0,0,0,0,0,0,PreArm: Board (3.8v) out of range 4.3-5.8v
2026-07-09T13:32:26.459Z,436.804,False,STABILIZE,0.0000000,0.0000000,-0.96,-0.04,0.00,0.00,0.00,2.11,1.34,83.91,0.00,0.00,83.0,0,0.000,-0.01,-1,1,0,0,0,0,0,0,0,0,0,PreArm: Board (3.8v) out of range 4.3-5.8v
2026-07-09T13:32:26.959Z,437.304,False,STABILIZE,0.0000000,0.0000000,-0.96,-0.04,0.00,0.00,0.00,2.11,1.34,83.91,0.00,0.00,83.0,0,0.000,-0.01,-1,1,0,0,0,0,0,0,0,0,0,PreArm: Board (3.8v) out of range 4.3-5.8v
2026-07-09T13:32:27.459Z,437.804,False,STABILIZE,0.0000000,0.0000000,-0.99,-0.04,0.00,0.00,0.00,2.11,1.34,83.91,0.00,0.00,83.0,0,0.000,-0.01,-1,1,0,0,0,0,0,0,0,0,0,PreArm: Board (3.8v) out of range 4.3-5.8v
2026-07-09T13:32:27.959Z,438.304,False,STABILIZE,0.0000000,0.0000000,-0.94,-0.04,0.00,0.00,0.00,2.11,1.34,83.91,0.00,0.00,83.0,0,0.000,-0.01,-1,1,0,0,0,0,0,0,0,0,0,PreArm: Board (3.8v) out of range 4.3-5.8v
2026-07-09T13:32:28.459Z,438.805,False,STABILIZE,0.0000000,0.0000000,-0.97,-0.04,0.00,0.00,0.00,2.11,1.34,83.91,0.00,0.00,83.0,0,0.000,-0.01,-1,1,0,0,0,0,0,0,0,0,0,PreArm: Board (3.8v) out of range 4.3-5.8v
2026-07-09T13:32:28.961Z,439.307,False,STABILIZE,0.0000000,0.0000000,-0.96,-0.04,0.00,0.00,0.01,2.11,1.35,83.91,0.00,0.00,83.0,0,0.000,-0.01,-1,1,0,0,0,0,0,0,0,0,0,PreArm: Board (3.8v) out of range 4.3-5.8v
2026-07-09T13:32:29.556Z,439.902,False,STABILIZE,0.0000000,0.0000000,-0.98,-0.04,0.00,0.00,0.01,2.11,1.35,83.90,0.00,0.00,83.0,0,0.000,-0.01,-1,1,0,0,0,0,0,0,0,0,0,PreArm: Board (3.8v) out of range 4.3-5.8v
2026-07-09T13:32:30.059Z,440.404,False,STABILIZE,0.0000000,0.0000000,-0.98,-0.04,0.00,0.00,0.01,2.11,1.35,83.90,0.00,0.00,83.0,0,0.000,-0.01,-1,1,0,0,0,0,0,0,0,0,0,PreArm: Board (3.8v) out of range 4.3-5.8v
2026-07-09T13:32:30.559Z,440.904,False,STABILIZE,0.0000000,0.0000000,-0.95,-0.04,0.00,0.00,0.01,2.11,1.35,83.90,0.00,0.00,83.0,0,0.000,-0.01,-1,1,0,0,0,0,0,0,0,0,0,PreArm: Board (3.8v) out of range 4.3-5.8v
2026-07-09T13:32:31.059Z,441.405,False,STABILIZE,0.0000000,0.0000000,-0.99,-0.04,0.00,0.00,0.00,2.11,1.35,83.90,0.00,0.00,83.0,0,0.000,-0.01,-1,1,0,0,0,0,0,0,0,0,0,PreArm: Board (3.8v) out of range 4.3-5.8v
2026-07-09T13:32:31.560Z,441.905,False,STABILIZE,0.0000000,0.0000000,-0.98,-0.04,0.00,0.00,0.00,2.11,1.35,83.90,0.00,0.00,83.0,0,0.000,-0.01,-1,1,0,0,0,0,0,0,0,0,0,PreArm: Board (3.8v) out of range 4.3-5.8v
2026-07-09T13:32:32.061Z,442.406,False,STABILIZE,0.0000000,0.0000000,-0.99,-0.04,0.00,0.00,0.00,2.11,1.35,83.90,0.00,0.00,83.0,0,0.000,-0.01,-1,1,0,0,0,0,0,0,0,0,0,PreArm: Board (3.8v) out of range 4.3-5.8v
2026-07-09T13:32:32.561Z,442.906,False,STABILIZE,0.0000000,0.0000000,-0.97,-0.04,0.00,0.00,0.00,2.11,1.36,83.90,0.00,0.00,83.0,0,0.000,-0.01,-1,1,0,0,0,0,0,0,0,0,0,PreArm: Board (3.8v) out of range 4.3-5.8v
2026-07-09T13:32:33.063Z,443.408,False,STABILIZE,0.0000000,0.0000000,-1.02,-0.04,0.00,0.00,0.00,2.11,1.36,83.89,0.00,0.00,83.0,0,0.000,-0.01,-1,1,0,0,0,0,0,0,0,0,0,PreArm: Board (3.8v) out of range 4.3-5.8v
2026-07-09T13:32:33.564Z,443.910,False,STABILIZE,0.0000000,0.0000000,-0.98,-0.04,0.00,0.00,0.00,2.11,1.36,83.90,0.00,0.00,83.0,0,0.000,-0.01,-1,1,0,0,0,0,0,0,0,0,0,PreArm: Board (3.8v) out of range 4.3-5.8v
2026-07-09T13:32:34.064Z,444.410,False,STABILIZE,0.0000000,0.0000000,-0.99,-0.04,0.00,0.00,0.00,2.11,1.36,83.90,0.00,0.00,83.0,0,0.000,-0.01,-1,1,0,0,0,0,0,0,0,0,0,PreArm: Board (3.8v) out of range 4.3-5.8v
2026-07-09T13:32:34.594Z,444.940,False,STABILIZE,0.0000000,0.0000000,-1.02,-0.04,0.00,0.00,0.00,2.11,1.35,83.90,0.00,0.00,83.0,0,0.000,-0.01,-1,1,0,0,0,0,0,0,0,0,0,PreArm: Board (3.8v) out of range 4.3-5.8v
2026-07-09T13:32:35.156Z,445.502,False,STABILIZE,0.0000000,0.0000000,-1.03,-0.04,0.00,0.00,0.00,2.11,1.36,83.89,0.00,0.00,83.0,0,0.000,-0.01,-1,1,0,0,0,0,0,0,0,0,0,PreArm: Board (3.8v) out of range 4.3-5.8v
2026-07-09T13:32:35.656Z,446.002,False,STABILIZE,0.0000000,0.0000000,-0.97,-0.04,0.00,0.00,0.00,2.11,1.35,83.89,0.00,0.00,83.0,0,0.000,-0.01,-1,1,0,0,0,0,0,0,0,0,0,PreArm: Board (3.8v) out of range 4.3-5.8v
2026-07-09T13:32:36.156Z,446.502,False,STABILIZE,0.0000000,0.0000000,-0.98,-0.04,0.00,0.00,0.00,2.11,1.35,83.89,0.00,0.00,83.0,0,0.000,-0.01,-1,1,0,0,0,0,0,0,0,0,0,PreArm: Board (3.8v) out of range 4.3-5.8v
2026-07-09T13:32:36.656Z,447.002,False,STABILIZE,0.0000000,0.0000000,-1.01,-0.04,0.00,0.00,0.00,2.11,1.35,83.89,0.00,0.00,83.0,0,0.000,-0.01,-1,1,0,0,0,0,0,0,0,0,0,PreArm: Board (3.8v) out of range 4.3-5.8v
2026-07-09T13:32:37.157Z,447.502,False,STABILIZE,0.0000000,0.0000000,-0.98,-0.04,0.00,0.00,0.00,2.11,1.34,83.89,0.00,0.00,83.0,0,0.000,-0.01,-1,1,0,0,0,0,0,0,0,0,0,PreArm: Board (3.8v) out of range 4.3-5.8v
2026-07-09T13:32:37.657Z,448.002,False,STABILIZE,0.0000000,0.0000000,-0.99,-0.04,0.00,0.00,0.00,2.11,1.34,83.89,0.00,0.00,83.0,0,0.000,-0.01,-1,1,0,0,0,0,0,0,0,0,0,PreArm: Board (3.8v) out of range 4.3-5.8v
2026-07-09T13:32:38.159Z,448.504,False,STABILIZE,0.0000000,0.0000000,-0.99,-0.04,0.00,0.00,0.00,2.11,1.35,83.90,0.00,0.00,83.0,0,0.000,-0.01,-1,1,0,0,0,0,0,0,0,0,0,PreArm: Board (3.8v) out of range 4.3-5.8v
2026-07-09T13:32:38.659Z,449.005,False,STABILIZE,0.0000000,0.0000000,-0.98,-0.04,0.00,0.00,0.00,2.11,1.35,83.89,0.00,0.00,83.0,0,0.000,-0.01,-1,1,0,0,0,0,0,0,0,0,0,PreArm: Board (3.8v) out of range 4.3-5.8v
2026-07-09T13:32:39.160Z,449.506,False,STABILIZE,0.0000000,0.0000000,-0.97,-0.04,0.00,0.00,0.00,2.10,1.35,83.89,0.00,0.00,83.0,0,0.000,-0.01,-1,1,0,0,0,0,0,0,0,0,0,PreArm: Board (3.8v) out of range 4.3-5.8v
2026-07-09T13:32:39.661Z,450.007,False,STABILIZE,0.0000000,0.0000000,-0.97,-0.04,0.00,0.00,0.00,2.10,1.34,83.90,0.00,0.00,83.0,0,0.000,-0.01,-1,1,0,0,0,0,0,0,0,0,0,PreArm: Board (3.8v) out of range 4.3-5.8v
2026-07-09T13:32:40.163Z,450.509,False,STABILIZE,0.0000000,0.0000000,-0.99,-0.04,0.00,0.00,0.00,2.10,1.34,83.89,0.00,0.00,83.0,0,0.000,-0.01,-1,1,0,0,0,0,0,0,0,0,0,PreArm: Board (3.8v) out of range 4.3-5.8v
2026-07-09T13:32:40.663Z,451.009,False,STABILIZE,0.0000000,0.0000000,-0.98,-0.04,0.00,0.00,0.00,2.10,1.35,83.89,0.00,0.00,83.0,0,0.000,-0.01,-1,1,0,0,0,0,0,0,0,0,0,PreArm: Board (3.8v) out of range 4.3-5.8v
2026-07-09T13:32:41.164Z,451.510,False,STABILIZE,0.0000000,0.0000000,-0.95,-0.04,0.00,0.00,0.00,2.11,1.35,83.89,0.00,0.00,83.0,0,0.000,-0.01,-1,1,0,0,0,0,0,0,0,0,0,PreArm: Board (3.8v) out of range 4.3-5.8v
2026-07-09T13:32:41.665Z,452.011,False,STABILIZE,0.0000000,0.0000000,-0.97,-0.04,0.00,0.00,0.00,2.11,1.35,83.89,0.00,0.00,83.0,0,0.000,-0.01,-1,1,0,0,0,0,0,0,0,0,0,PreArm: Board (3.8v) out of range 4.3-5.8v
2026-07-09T13:32:42.257Z,452.602,False,STABILIZE,0.0000000,0.0000000,-0.97,-0.04,0.00,0.00,0.00,2.11,1.35,83.89,0.00,0.00,83.0,0,0.000,-0.01,-1,1,0,0,0,0,0,0,0,0,0,PreArm: Board (3.8v) out of range 4.3-5.8v
2026-07-09T13:32:42.757Z,453.103,False,STABILIZE,0.0000000,0.0000000,-0.95,-0.04,0.00,0.00,0.00,2.10,1.35,83.89,0.00,0.00,83.0,0,0.000,-0.01,-1,1,0,0,0,0,0,0,0,0,0,PreArm: Board (3.8v) out of range 4.3-5.8v
2026-07-09T13:32:43.259Z,453.604,False,STABILIZE,0.0000000,0.0000000,-0.96,-0.04,0.00,0.00,0.00,2.10,1.35,83.88,0.00,0.00,83.0,0,0.000,-0.01,-1,1,0,0,0,0,0,0,0,0,0,PreArm: Board (3.8v) out of range 4.3-5.8v
2026-07-09T13:32:43.759Z,454.104,False,STABILIZE,0.0000000,0.0000000,-0.96,-0.04,0.00,0.00,0.00,2.10,1.35,83.88,0.00,0.00,83.0,0,0.000,-0.01,-1,1,0,0,0,0,0,0,0,0,0,PreArm: Board (3.7v) out of range 4.3-5.8v
2026-07-09T13:32:44.259Z,454.604,False,STABILIZE,0.0000000,0.0000000,-0.96,-0.04,0.00,0.00,0.00,2.10,1.35,83.88,0.00,0.00,83.0,0,0.000,-0.01,-1,1,0,0,0,0,0,0,0,0,0,PreArm: Board (3.7v) out of range 4.3-5.8v
2026-07-09T13:32:44.761Z,455.106,False,STABILIZE,0.0000000,0.0000000,-0.96,-0.04,0.00,0.00,0.00,2.11,1.35,83.88,0.00,0.00,83.0,0,0.000,-0.01,-1,1,0,0,0,0,0,0,0,0,0,PreArm: Board (3.7v) out of range 4.3-5.8v
2026-07-09T13:32:45.261Z,455.607,False,STABILIZE,0.0000000,0.0000000,-0.94,-0.04,0.00,0.00,0.00,2.10,1.35,83.88,0.00,0.00,83.0,0,0.000,-0.01,-1,1,0,0,0,0,0,0,0,0,0,PreArm: Board (3.7v) out of range 4.3-5.8v
2026-07-09T13:32:45.762Z,456.108,False,STABILIZE,0.0000000,0.0000000,-0.97,-0.04,0.00,0.00,0.00,2.11,1.35,83.88,0.00,0.00,83.0,0,0.000,-0.01,-1,1,0,0,0,0,0,0,0,0,0,PreArm: Board (3.7v) out of range 4.3-5.8v
2026-07-09T13:32:46.264Z,456.609,False,STABILIZE,0.0000000,0.0000000,-0.93,-0.04,0.00,0.00,0.00,2.10,1.35,83.88,0.01,0.00,83.0,0,0.000,-0.01,-1,1,0,0,0,0,0,0,0,0,0,PreArm: Board (3.7v) out of range 4.3-5.8v
2026-07-09T13:32:46.764Z,457.110,False,STABILIZE,0.0000000,0.0000000,-0.94,-0.04,0.00,0.00,0.00,2.11,1.35,83.88,0.01,0.00,83.0,0,0.000,-0.01,-1,1,0,0,0,0,0,0,0,0,0,PreArm: Board (3.7v) out of range 4.3-5.8v
2026-07-09T13:32:47.357Z,457.703,False,STABILIZE,0.0000000,0.0000000,-0.93,-0.04,0.00,0.00,0.00,2.11,1.35,83.88,0.01,0.00,83.0,0,0.000,-0.01,-1,1,0,0,0,0,0,0,0,0,0,PreArm: Board (3.7v) out of range 4.3-5.8v
2026-07-09T13:32:47.857Z,458.203,False,STABILIZE,0.0000000,0.0000000,-0.92,-0.04,0.00,0.00,-0.01,2.11,1.35,83.88,0.00,0.00,83.0,0,0.000,-0.01,-1,1,0,0,0,0,0,0,0,0,0,PreArm: Board (3.7v) out of range 4.3-5.8v
2026-07-09T13:32:48.357Z,458.703,False,STABILIZE,0.0000000,0.0000000,-0.95,-0.04,0.00,0.00,-0.01,2.11,1.35,83.88,0.00,0.00,83.0,0,0.000,-0.01,-1,1,0,0,0,0,0,0,0,0,0,PreArm: Board (3.7v) out of range 4.3-5.8v
2026-07-09T13:32:48.858Z,459.204,False,STABILIZE,0.0000000,0.0000000,-0.94,-0.04,0.00,0.00,-0.01,2.11,1.35,83.88,0.00,0.00,83.0,0,0.000,-0.01,-1,1,0,0,0,0,0,0,0,0,0,PreArm: Board (3.7v) out of range 4.3-5.8v
2026-07-09T13:32:49.359Z,459.704,False,STABILIZE,0.0000000,0.0000000,-0.94,-0.04,0.00,0.00,0.00,2.11,1.35,83.88,0.00,0.00,83.0,0,0.000,-0.01,-1,1,0,0,0,0,0,0,0,0,0,PreArm: Board (3.7v) out of range 4.3-5.8v
2026-07-09T13:32:49.862Z,460.207,False,STABILIZE,0.0000000,0.0000000,-0.95,-0.04,0.00,0.00,0.00,2.11,1.36,83.88,0.00,0.00,83.0,0,0.000,-0.01,-1,1,0,0,0,0,0,0,0,0,0,PreArm: Board (3.7v) out of range 4.3-5.8v
2026-07-09T13:32:50.362Z,460.708,False,STABILIZE,0.0000000,0.0000000,-0.96,-0.04,0.00,0.00,0.00,2.11,1.36,83.88,0.00,0.00,83.0,0,0.000,-0.01,-1,1,0,0,0,0,0,0,0,0,0,PreArm: Board (3.7v) out of range 4.3-5.8v
2026-07-09T13:32:50.864Z,461.209,False,STABILIZE,0.0000000,0.0000000,-0.93,-0.04,0.00,0.00,0.00,2.11,1.36,83.88,0.00,0.00,83.0,0,0.000,-0.01,-1,1,0,0,0,0,0,0,0,0,0,PreArm: Board (3.7v) out of range 4.3-5.8v
2026-07-09T13:32:51.456Z,461.802,False,STABILIZE,0.0000000,0.0000000,-0.94,-0.04,0.00,0.00,0.00,2.11,1.36,83.88,0.00,0.00,83.0,0,0.000,-0.01,-1,1,0,0,0,0,0,0,0,0,0,PreArm: Board (3.7v) out of range 4.3-5.8v
2026-07-09T13:32:51.956Z,462.302,False,STABILIZE,0.0000000,0.0000000,-0.95,-0.04,0.00,0.00,0.00,2.11,1.36,83.88,0.00,0.00,83.0,0,0.000,-0.01,-1,1,0,0,0,0,0,0,0,0,0,PreArm: Board (3.7v) out of range 4.3-5.8v
2026-07-09T13:32:52.456Z,462.802,False,STABILIZE,0.0000000,0.0000000,-0.94,-0.04,0.00,0.00,0.00,2.11,1.36,83.88,0.00,0.00,83.0,0,0.000,-0.01,-1,1,0,0,0,0,0,0,0,0,0,PreArm: Board (3.7v) out of range 4.3-5.8v
2026-07-09T13:32:52.956Z,463.302,False,STABILIZE,0.0000000,0.0000000,-0.93,-0.04,0.00,0.00,0.00,2.11,1.36,83.88,0.01,0.00,83.0,0,0.000,-0.01,-1,1,0,0,0,0,0,0,0,0,0,PreArm: Board (3.7v) out of range 4.3-5.8v
2026-07-09T13:32:53.456Z,463.802,False,STABILIZE,0.0000000,0.0000000,-0.95,-0.04,0.00,0.00,0.00,2.11,1.36,83.88,0.01,0.00,83.0,0,0.000,-0.01,-1,1,0,0,0,0,0,0,0,0,0,PreArm: Board (3.7v) out of range 4.3-5.8v
2026-07-09T13:32:53.956Z,464.302,False,STABILIZE,0.0000000,0.0000000,-0.92,-0.04,0.00,0.00,0.00,2.12,1.36,83.88,0.01,0.00,83.0,0,0.000,-0.01,-1,1,0,0,0,0,0,0,0,0,0,PreArm: Board (3.7v) out of range 4.3-5.8v
2026-07-09T13:32:54.456Z,464.802,False,STABILIZE,0.0000000,0.0000000,-0.94,-0.04,0.00,0.00,0.00,2.11,1.36,83.88,0.01,0.00,83.0,0,0.000,-0.01,-1,1,0,0,0,0,0,0,0,0,0,PreArm: Board (3.7v) out of range 4.3-5.8v
2026-07-09T13:32:54.956Z,465.302,False,STABILIZE,0.0000000,0.0000000,-0.91,-0.04,0.00,0.00,0.00,2.11,1.35,83.88,0.01,0.00,83.0,0,0.000,-0.01,-1,1,0,0,0,0,0,0,0,0,0,PreArm: Board (3.7v) out of range 4.3-5.8v
2026-07-09T13:32:55.456Z,465.802,False,STABILIZE,0.0000000,0.0000000,-0.91,-0.04,0.00,0.00,0.00,2.12,1.35,83.88,0.01,0.00,83.0,0,0.000,-0.01,-1,1,0,0,0,0,0,0,0,0,0,PreArm: Board (3.7v) out of range 4.3-5.8v
2026-07-09T13:32:55.956Z,466.302,False,STABILIZE,0.0000000,0.0000000,-0.94,-0.04,0.00,0.00,0.00,2.12,1.35,83.88,0.00,0.00,83.0,0,0.000,-0.01,-1,1,0,0,0,0,0,0,0,0,0,PreArm: Board (3.7v) out of range 4.3-5.8v
2026-07-09T13:32:56.456Z,466.802,False,STABILIZE,0.0000000,0.0000000,-0.93,-0.04,0.00,0.00,0.00,2.11,1.35,83.88,0.00,0.00,83.0,0,0.000,-0.01,-1,1,0,0,0,0,0,0,0,0,0,PreArm: Board (3.7v) out of range 4.3-5.8v
2026-07-09T13:32:56.957Z,467.302,False,STABILIZE,0.0000000,0.0000000,-0.94,-0.04,0.00,0.00,0.00,2.11,1.35,83.88,0.00,0.00,83.0,0,0.000,-0.01,-1,1,0,0,0,0,0,0,0,0,0,PreArm: Board (3.7v) out of range 4.3-5.8v
2026-07-09T13:32:57.457Z,467.802,False,STABILIZE,0.0000000,0.0000000,-0.95,-0.04,0.00,0.00,0.00,2.11,1.35,83.88,0.00,0.00,83.0,0,0.000,-0.01,-1,1,0,0,0,0,0,0,0,0,0,PreArm: Board (3.7v) out of range 4.3-5.8v
2026-07-09T13:32:57.957Z,468.302,False,STABILIZE,0.0000000,0.0000000,-0.95,-0.04,0.00,0.00,0.00,2.11,1.35,83.88,0.00,0.00,83.0,0,0.000,-0.01,-1,1,0,0,0,0,0,0,0,0,0,PreArm: Board (3.7v) out of range 4.3-5.8v
2026-07-09T13:32:58.457Z,468.802,False,STABILIZE,0.0000000,0.0000000,-0.95,-0.04,0.00,0.00,0.00,2.11,1.35,83.88,0.00,0.00,83.0,0,0.000,-0.01,-1,1,0,0,0,0,0,0,0,0,0,PreArm: Board (3.7v) out of range 4.3-5.8v
2026-07-09T13:32:58.958Z,469.304,False,STABILIZE,0.0000000,0.0000000,-0.94,-0.04,0.00,0.00,0.00,2.11,1.36,83.88,0.00,0.00,83.0,0,0.000,-0.01,-1,1,0,0,0,0,0,0,0,0,0,PreArm: Board (3.7v) out of range 4.3-5.8v
2026-07-09T13:32:59.459Z,469.804,False,STABILIZE,0.0000000,0.0000000,-0.94,-0.04,0.00,0.00,0.00,2.11,1.35,83.88,0.00,0.00,83.0,0,0.000,-0.01,-1,1,0,0,0,0,0,0,0,0,0,PreArm: Board (3.7v) out of range 4.3-5.8v
2026-07-09T13:32:59.959Z,470.304,False,STABILIZE,0.0000000,0.0000000,-0.95,-0.04,0.00,0.00,0.00,2.11,1.35,83.88,0.00,0.00,83.0,0,0.000,-0.01,-1,1,0,0,0,0,0,0,0,0,0,PreArm: Board (3.7v) out of range 4.3-5.8v
2026-07-09T13:33:00.459Z,470.805,False,STABILIZE,0.0000000,0.0000000,-0.93,-0.04,0.00,0.00,0.00,2.11,1.35,83.88,0.00,0.00,83.0,0,0.000,-0.01,-1,1,0,0,0,0,0,0,0,0,0,PreArm: Board (3.7v) out of range 4.3-5.8v
2026-07-09T13:33:00.964Z,471.310,False,STABILIZE,0.0000000,0.0000000,-0.96,-0.04,0.00,0.00,0.00,2.11,1.34,83.88,0.00,0.00,83.0,0,0.000,-0.01,-1,1,0,0,0,0,0,0,0,0,0,PreArm: Board (3.7v) out of range 4.3-5.8v
2026-07-09T13:33:01.556Z,471.902,False,STABILIZE,0.0000000,0.0000000,-0.93,-0.04,0.00,0.00,0.00,2.10,1.34,83.88,0.00,0.00,83.0,0,0.000,-0.01,-1,1,0,0,0,0,0,0,0,0,0,PreArm: Board (3.7v) out of range 4.3-5.8v
2026-07-09T13:33:02.057Z,472.402,False,STABILIZE,0.0000000,0.0000000,-0.94,-0.04,0.00,0.00,0.00,2.10,1.34,83.88,0.00,0.00,83.0,0,0.000,-0.01,-1,1,0,0,0,0,0,0,0,0,0,PreArm: Board (3.7v) out of range 4.3-5.8v
2026-07-09T13:33:02.559Z,472.904,False,STABILIZE,0.0000000,0.0000000,-0.96,-0.04,0.00,0.00,0.00,2.11,1.34,83.88,0.00,0.00,83.0,0,0.000,-0.01,-1,1,0,0,0,0,0,0,0,0,0,PreArm: Board (3.7v) out of range 4.3-5.8v
2026-07-09T13:33:03.059Z,473.404,False,STABILIZE,0.0000000,0.0000000,-0.94,-0.04,0.00,0.00,0.00,2.11,1.33,83.88,0.00,0.00,83.0,0,0.000,-0.01,-1,1,0,0,0,0,0,0,0,0,0,PreArm: Board (3.7v) out of range 4.3-5.8v
2026-07-09T13:33:03.560Z,473.906,False,STABILIZE,0.0000000,0.0000000,-0.95,-0.04,0.00,0.00,0.00,2.11,1.33,83.89,0.00,0.00,83.0,0,0.000,-0.01,-1,1,0,0,0,0,0,0,0,0,0,PreArm: Board (3.7v) out of range 4.3-5.8v
2026-07-09T13:33:04.061Z,474.406,False,STABILIZE,0.0000000,0.0000000,-0.97,-0.04,0.00,0.00,0.00,2.11,1.33,83.89,0.00,0.00,83.0,0,0.000,-0.01,-1,1,0,0,0,0,0,0,0,0,0,PreArm: Board (3.7v) out of range 4.3-5.8v
2026-07-09T13:33:04.563Z,474.908,False,STABILIZE,0.0000000,0.0000000,-0.93,-0.04,0.00,0.00,0.00,2.11,1.33,83.89,0.00,0.00,83.0,0,0.000,-0.01,-1,1,0,0,0,0,0,0,0,0,0,PreArm: Board (3.7v) out of range 4.3-5.8v
2026-07-09T13:33:05.063Z,475.409,False,STABILIZE,0.0000000,0.0000000,-0.95,-0.04,0.00,0.00,0.00,2.11,1.33,83.88,0.00,0.00,83.0,0,0.000,-0.01,-1,1,0,0,0,0,0,0,0,0,0,PreArm: Board (3.7v) out of range 4.3-5.8v
2026-07-09T13:33:05.564Z,475.909,False,STABILIZE,0.0000000,0.0000000,-0.92,-0.04,0.00,0.00,0.00,2.11,1.33,83.88,0.00,0.00,83.0,0,0.000,-0.01,-1,1,0,0,0,0,0,0,0,0,0,PreArm: Board (3.7v) out of range 4.3-5.8v
2026-07-09T13:33:06.064Z,476.409,False,STABILIZE,0.0000000,0.0000000,-0.96,-0.04,0.00,0.00,0.00,2.11,1.33,83.88,0.01,0.00,83.0,0,0.000,-0.01,-1,1,0,0,0,0,0,0,0,0,0,PreArm: Board (3.7v) out of range 4.3-5.8v
2026-07-09T13:33:06.564Z,476.910,False,STABILIZE,0.0000000,0.0000000,-0.98,-0.04,0.00,0.00,0.00,2.11,1.33,83.88,0.01,0.00,83.0,0,0.000,-0.01,-1,1,0,0,0,0,0,0,0,0,0,PreArm: Board (3.7v) out of range 4.3-5.8v
2026-07-09T13:33:07.156Z,477.501,False,STABILIZE,0.0000000,0.0000000,-0.97,-0.04,0.00,0.00,0.00,2.11,1.33,83.89,0.01,0.00,83.0,0,0.000,-0.01,-1,1,0,0,0,0,0,0,0,0,0,PreArm: Board (3.7v) out of range 4.3-5.8v
2026-07-09T13:33:07.657Z,478.003,False,STABILIZE,0.0000000,0.0000000,-0.95,-0.04,0.00,0.00,0.00,2.11,1.33,83.89,0.01,0.00,83.0,0,0.000,-0.01,-1,1,0,0,0,0,0,0,0,0,0,PreArm: Board (3.7v) out of range 4.3-5.8v
2026-07-09T13:33:08.157Z,478.503,False,STABILIZE,0.0000000,0.0000000,-0.97,-0.04,0.00,0.00,0.00,2.10,1.33,83.89,0.01,0.00,83.0,0,0.000,-0.01,-1,1,0,0,0,0,0,0,0,0,0,PreArm: Board (3.7v) out of range 4.3-5.8v
2026-07-09T13:33:08.658Z,479.003,False,STABILIZE,0.0000000,0.0000000,-0.97,-0.04,0.00,0.00,0.00,2.10,1.33,83.89,0.00,0.00,83.0,0,0.000,-0.01,-1,1,0,0,0,0,0,0,0,0,0,PreArm: Board (3.7v) out of range 4.3-5.8v
2026-07-09T13:33:09.158Z,479.504,False,STABILIZE,0.0000000,0.0000000,-0.98,-0.04,0.00,0.00,0.00,2.10,1.33,83.88,0.01,0.00,83.0,0,0.000,-0.01,-1,1,0,0,0,0,0,0,0,0,0,PreArm: Board (3.7v) out of range 4.3-5.8v
2026-07-09T13:33:09.658Z,480.004,False,STABILIZE,0.0000000,0.0000000,-0.97,-0.04,0.00,0.00,0.00,2.10,1.33,83.88,0.01,0.00,83.0,0,0.000,-0.01,-1,1,0,0,0,0,0,0,0,0,0,PreArm: Board (3.7v) out of range 4.3-5.8v
2026-07-09T13:33:10.158Z,480.504,False,STABILIZE,0.0000000,0.0000000,-1.00,-0.04,0.00,0.00,0.00,2.10,1.33,83.88,0.01,0.00,83.0,0,0.000,-0.01,-1,1,0,0,0,0,0,0,0,0,0,PreArm: Board (3.7v) out of range 4.3-5.8v
2026-07-09T13:33:10.659Z,481.005,False,STABILIZE,0.0000000,0.0000000,-0.95,-0.04,0.00,0.00,0.00,2.10,1.33,83.89,0.01,0.00,83.0,0,0.000,-0.01,-1,1,0,0,0,0,0,0,0,0,0,PreArm: Board (3.7v) out of range 4.3-5.8v
2026-07-09T13:33:11.161Z,481.507,False,STABILIZE,0.0000000,0.0000000,-0.99,-0.04,0.00,0.00,0.00,2.10,1.33,83.88,0.01,0.00,83.0,0,0.000,-0.01,-1,1,0,0,0,0,0,0,0,0,0,PreArm: Board (3.7v) out of range 4.3-5.8v
2026-07-09T13:33:11.663Z,482.008,False,STABILIZE,0.0000000,0.0000000,-1.01,-0.04,0.00,0.00,0.00,2.11,1.33,83.88,0.01,0.00,83.0,0,0.000,-0.01,-1,1,0,0,0,0,0,0,0,0,0,PreArm: Board (3.7v) out of range 4.3-5.8v
2026-07-09T13:33:12.163Z,482.509,False,STABILIZE,0.0000000,0.0000000,-1.00,-0.04,0.00,0.00,0.00,2.11,1.33,83.89,0.01,0.00,83.0,0,0.000,-0.01,-1,1,0,0,0,0,0,0,0,0,0,PreArm: Board (3.7v) out of range 4.3-5.8v
2026-07-09T13:33:12.663Z,483.009,False,STABILIZE,0.0000000,0.0000000,-0.98,-0.04,0.00,0.00,0.00,2.11,1.33,83.89,0.01,0.00,83.0,0,0.000,-0.01,-1,1,0,0,0,0,0,0,0,0,0,PreArm: Board (3.7v) out of range 4.3-5.8v
2026-07-09T13:33:13.163Z,483.509,False,STABILIZE,0.0000000,0.0000000,-1.00,-0.04,0.00,0.00,0.00,2.11,1.33,83.89,0.00,0.00,83.0,0,0.000,-0.01,-1,1,0,0,0,0,0,0,0,0,0,PreArm: Board (3.7v) out of range 4.3-5.8v
2026-07-09T13:33:13.665Z,484.011,False,STABILIZE,0.0000000,0.0000000,-1.01,-0.04,0.00,0.00,0.00,2.11,1.33,83.89,0.00,0.00,83.0,0,0.000,-0.01,-1,1,0,0,0,0,0,0,0,0,0,PreArm: Board (3.7v) out of range 4.3-5.8v
2026-07-09T13:33:14.256Z,484.602,False,STABILIZE,0.0000000,0.0000000,-0.98,-0.04,0.00,0.00,0.00,2.12,1.34,83.89,0.00,0.00,83.0,0,0.000,-0.01,-1,1,0,0,0,0,0,0,0,0,0,PreArm: Board (3.7v) out of range 4.3-5.8v
2026-07-09T13:33:14.759Z,485.105,False,STABILIZE,0.0000000,0.0000000,-1.01,-0.04,0.00,0.00,0.00,2.12,1.34,83.89,0.00,0.00,83.0,0,0.000,-0.01,-1,1,0,0,0,0,0,0,0,0,0,PreArm: Board (3.7v) out of range 4.3-5.8v
2026-07-09T13:33:15.262Z,485.608,False,STABILIZE,0.0000000,0.0000000,-0.97,-0.04,0.00,0.00,0.00,2.12,1.34,83.89,0.00,0.00,83.0,0,0.000,-0.01,-1,1,0,0,0,0,0,0,0,0,0,PreArm: Board (3.7v) out of range 4.3-5.8v
2026-07-09T13:33:15.763Z,486.109,False,STABILIZE,0.0000000,0.0000000,-1.01,-0.04,0.00,0.00,0.00,2.12,1.35,83.89,0.00,0.00,83.0,0,0.000,-0.01,-1,1,0,0,0,0,0,0,0,0,0,PreArm: Board (3.7v) out of range 4.3-5.8v
2026-07-09T13:33:16.264Z,486.609,False,STABILIZE,0.0000000,0.0000000,-1.00,-0.04,0.00,0.00,0.00,2.12,1.35,83.89,0.00,0.00,83.0,0,0.000,-0.01,-1,1,0,0,0,0,0,0,0,0,0,PreArm: Board (3.7v) out of range 4.3-5.8v
2026-07-09T13:33:16.764Z,487.110,False,STABILIZE,0.0000000,0.0000000,-1.03,-0.04,0.00,0.00,0.00,2.12,1.35,83.89,0.00,0.00,83.0,0,0.000,-0.01,-1,1,0,0,0,0,0,0,0,0,0,PreArm: Board (3.7v) out of range 4.3-5.8v
2026-07-09T13:33:17.355Z,487.701,False,STABILIZE,0.0000000,0.0000000,-1.00,-0.04,0.00,0.00,0.00,2.12,1.35,83.89,0.00,0.00,83.0,0,0.000,-0.01,-1,1,0,0,0,0,0,0,0,0,0,PreArm: Board (3.7v) out of range 4.3-5.8v
2026-07-09T13:33:17.857Z,488.202,False,STABILIZE,0.0000000,0.0000000,-1.00,-0.04,0.00,0.00,0.00,2.12,1.35,83.89,0.00,0.00,83.0,0,0.000,-0.01,-1,1,0,0,0,0,0,0,0,0,0,PreArm: Board (3.7v) out of range 4.3-5.8v
2026-07-09T13:33:18.358Z,488.704,False,STABILIZE,0.0000000,0.0000000,-1.02,-0.04,0.00,0.00,0.00,2.12,1.35,83.90,0.00,0.00,83.0,0,0.000,-0.01,-1,1,0,0,0,0,0,0,0,0,0,PreArm: Board (3.7v) out of range 4.3-5.8v
2026-07-09T13:33:18.861Z,489.207,False,STABILIZE,0.0000000,0.0000000,-1.02,-0.04,0.00,0.00,0.00,2.11,1.35,83.90,0.00,0.00,83.0,0,0.000,-0.01,-1,1,0,0,0,0,0,0,0,0,0,PreArm: Board (3.7v) out of range 4.3-5.8v
2026-07-09T13:33:19.363Z,489.708,False,STABILIZE,0.0000000,0.0000000,-1.01,-0.04,0.00,0.00,0.00,2.11,1.35,83.90,0.00,0.00,83.0,0,0.000,-0.01,-1,1,0,0,0,0,0,0,0,0,0,PreArm: Board (3.7v) out of range 4.3-5.8v
2026-07-09T13:33:19.863Z,490.209,False,STABILIZE,0.0000000,0.0000000,-1.02,-0.04,0.00,0.00,0.00,2.11,1.35,83.90,0.00,0.00,83.0,0,0.000,-0.01,-1,1,0,0,0,0,0,0,0,0,0,PreArm: Board (3.7v) out of range 4.3-5.8v
2026-07-09T13:33:20.366Z,490.711,False,STABILIZE,0.0000000,0.0000000,-1.02,-0.04,0.00,0.00,0.00,2.11,1.35,83.90,0.00,0.00,83.0,0,0.000,-0.01,-1,1,0,0,0,0,0,0,0,0,0,PreArm: Board (3.7v) out of range 4.3-5.8v
2026-07-09T13:33:20.896Z,491.241,False,STABILIZE,0.0000000,0.0000000,-1.02,-0.04,0.00,0.00,0.00,2.11,1.35,83.90,0.00,0.00,83.0,0,0.000,-0.01,-1,1,0,0,0,0,0,0,0,0,0,PreArm: Board (3.7v) out of range 4.3-5.8v
2026-07-09T13:33:21.456Z,491.802,False,STABILIZE,0.0000000,0.0000000,-1.02,-0.04,0.00,0.00,0.00,2.11,1.35,83.90,0.00,0.00,83.0,0,0.000,-0.01,-1,1,0,0,0,0,0,0,0,0,0,PreArm: Board (3.7v) out of range 4.3-5.8v
2026-07-09T13:33:21.958Z,492.304,False,STABILIZE,0.0000000,0.0000000,-1.01,-0.04,0.00,0.00,0.00,2.11,1.35,83.90,0.00,0.00,83.0,0,0.000,-0.01,-1,1,0,0,0,0,0,0,0,0,0,PreArm: Board (3.7v) out of range 4.3-5.8v
2026-07-09T13:33:22.459Z,492.805,False,STABILIZE,0.0000000,0.0000000,-0.99,-0.04,0.00,0.00,0.00,2.12,1.35,83.90,0.00,0.00,83.0,0,0.000,-0.01,-1,1,0,0,0,0,0,0,0,0,0,PreArm: Board (3.7v) out of range 4.3-5.8v
2026-07-09T13:33:22.959Z,493.305,False,STABILIZE,0.0000000,0.0000000,-1.00,-0.04,0.00,0.00,0.00,2.12,1.35,83.90,0.00,0.00,83.0,0,0.000,-0.01,-1,1,0,0,0,0,0,0,0,0,0,PreArm: Board (3.7v) out of range 4.3-5.8v
2026-07-09T13:33:23.459Z,493.805,False,STABILIZE,0.0000000,0.0000000,-1.00,-0.04,0.00,0.00,0.00,2.12,1.35,83.90,0.00,0.00,83.0,0,0.000,-0.01,-1,1,0,0,0,0,0,0,0,0,0,PreArm: Board (3.7v) out of range 4.3-5.8v
2026-07-09T13:33:23.959Z,494.305,False,STABILIZE,0.0000000,0.0000000,-0.98,-0.04,0.00,0.00,0.00,2.12,1.35,83.90,0.00,0.00,83.0,0,0.000,-0.01,-1,1,0,0,0,0,0,0,0,0,0,PreArm: Board (3.7v) out of range 4.3-5.8v
2026-07-09T13:33:24.461Z,494.807,False,STABILIZE,0.0000000,0.0000000,-1.00,-0.04,0.00,0.00,0.00,2.12,1.35,83.90,0.00,0.00,83.0,0,0.000,-0.01,-1,1,0,0,0,0,0,0,0,0,0,PreArm: Board (3.7v) out of range 4.3-5.8v
2026-07-09T13:33:24.961Z,495.307,False,STABILIZE,0.0000000,0.0000000,-0.99,-0.04,0.00,0.00,0.00,2.12,1.35,83.90,0.00,0.00,83.0,0,0.000,-0.01,-1,1,0,0,0,0,0,0,0,0,0,PreArm: Board (3.7v) out of range 4.3-5.8v
2026-07-09T13:33:25.461Z,495.807,False,STABILIZE,0.0000000,0.0000000,-1.02,-0.04,0.00,0.00,0.00,2.12,1.35,83.90,0.00,0.00,83.0,0,0.000,-0.01,-1,1,0,0,0,0,0,0,0,0,0,PreArm: Board (3.7v) out of range 4.3-5.8v
2026-07-09T13:33:25.961Z,496.307,False,STABILIZE,0.0000000,0.0000000,-1.03,-0.04,0.00,0.00,0.00,2.12,1.35,83.90,0.00,0.00,83.0,0,0.000,-0.01,-1,1,0,0,0,0,0,0,0,0,0,PreArm: Board (3.7v) out of range 4.3-5.8v
2026-07-09T13:33:26.461Z,496.807,False,STABILIZE,0.0000000,0.0000000,-1.00,-0.04,0.00,0.00,0.00,2.12,1.35,83.90,0.00,0.00,83.0,0,0.000,-0.01,-1,1,0,0,0,0,0,0,0,0,0,PreArm: Board (3.7v) out of range 4.3-5.8v
2026-07-09T13:33:26.961Z,497.307,False,STABILIZE,0.0000000,0.0000000,-1.00,-0.04,0.00,0.00,0.00,2.12,1.35,83.90,0.00,0.00,83.0,0,0.000,-0.01,-1,1,0,0,0,0,0,0,0,0,0,PreArm: Board (3.7v) out of range 4.3-5.8v
2026-07-09T13:33:27.461Z,497.807,False,STABILIZE,0.0000000,0.0000000,-1.01,-0.04,0.00,0.00,0.00,2.12,1.34,83.90,0.00,0.00,83.0,0,0.000,-0.01,-1,1,0,0,0,0,0,0,0,0,0,PreArm: Board (3.7v) out of range 4.3-5.8v
2026-07-09T13:33:27.962Z,498.308,False,STABILIZE,0.0000000,0.0000000,-1.05,-0.04,0.00,0.00,0.00,2.12,1.34,83.90,0.00,0.00,83.0,0,0.000,-0.01,-1,1,0,0,0,0,0,0,0,0,0,PreArm: Board (3.7v) out of range 4.3-5.8v
2026-07-09T13:33:28.464Z,498.809,False,STABILIZE,0.0000000,0.0000000,-1.03,-0.04,0.00,0.00,0.00,2.12,1.35,83.90,0.00,0.00,83.0,0,0.000,-0.01,-1,1,0,0,0,0,0,0,0,0,0,PreArm: Board (3.7v) out of range 4.3-5.8v
2026-07-09T13:33:28.964Z,499.309,False,STABILIZE,0.0000000,0.0000000,-1.03,-0.04,0.00,0.00,0.00,2.11,1.35,83.90,0.00,0.00,83.0,0,0.000,-0.01,-1,1,0,0,0,0,0,0,0,0,0,PreArm: Board (3.7v) out of range 4.3-5.8v
2026-07-09T13:33:29.464Z,499.810,False,STABILIZE,0.0000000,0.0000000,-1.04,-0.04,0.00,0.00,0.00,2.12,1.35,83.90,0.00,0.00,83.0,0,0.000,-0.01,-1,1,0,0,0,0,0,0,0,0,0,PreArm: Board (3.7v) out of range 4.3-5.8v
2026-07-09T13:33:30.057Z,500.402,False,STABILIZE,0.0000000,0.0000000,-1.04,-0.04,0.00,0.00,0.00,2.11,1.35,83.90,0.00,0.00,83.0,0,0.000,-0.01,-1,1,0,0,0,0,0,0,0,0,0,PreArm: Board (3.7v) out of range 4.3-5.8v
2026-07-09T13:33:30.557Z,500.902,False,STABILIZE,0.0000000,0.0000000,-0.99,-0.04,0.00,0.00,0.00,2.11,1.36,83.90,0.00,0.00,83.0,0,0.000,-0.01,-1,1,0,0,0,0,0,0,0,0,0,PreArm: Board (3.7v) out of range 4.3-5.8v
2026-07-09T13:33:31.059Z,501.404,False,STABILIZE,0.0000000,0.0000000,-1.05,-0.04,0.00,0.00,0.00,2.11,1.36,83.90,0.00,0.00,83.0,0,0.000,-0.01,-1,1,0,0,0,0,0,0,0,0,0,PreArm: Board (3.7v) out of range 4.3-5.8v
2026-07-09T13:33:31.559Z,501.905,False,STABILIZE,0.0000000,0.0000000,-1.04,-0.04,0.00,0.00,0.00,2.11,1.36,83.90,0.00,0.00,83.0,0,0.000,-0.01,-1,1,0,0,0,0,0,0,0,0,0,PreArm: Board (3.7v) out of range 4.3-5.8v
2026-07-09T13:33:32.059Z,502.405,False,STABILIZE,0.0000000,0.0000000,-1.03,-0.04,0.00,0.00,0.00,2.11,1.36,83.90,0.00,0.00,83.0,0,0.000,-0.01,-1,1,0,0,0,0,0,0,0,0,0,PreArm: Board (3.7v) out of range 4.3-5.8v
2026-07-09T13:33:32.559Z,502.905,False,STABILIZE,0.0000000,0.0000000,-1.05,-0.04,0.00,0.00,0.00,2.11,1.35,83.90,0.00,0.00,83.0,0,0.000,-0.01,-1,1,0,0,0,0,0,0,0,0,0,PreArm: Board (3.7v) out of range 4.3-5.8v
2026-07-09T13:33:33.059Z,503.405,False,STABILIZE,0.0000000,0.0000000,-1.07,-0.04,0.00,0.00,0.00,2.11,1.36,83.89,0.00,0.00,83.0,0,0.000,-0.01,-1,1,0,0,0,0,0,0,0,0,0,PreArm: Board (3.7v) out of range 4.3-5.8v
2026-07-09T13:33:33.559Z,503.905,False,STABILIZE,0.0000000,0.0000000,-1.05,-0.04,0.00,0.00,0.00,2.11,1.35,83.89,0.00,0.00,83.0,0,0.000,-0.01,-1,1,0,0,0,0,0,0,0,0,0,PreArm: Board (3.7v) out of range 4.3-5.8v
2026-07-09T13:33:34.059Z,504.405,False,STABILIZE,0.0000000,0.0000000,-1.03,-0.04,0.00,0.00,0.00,2.11,1.35,83.89,0.00,0.00,83.0,0,0.000,-0.01,-1,1,0,0,0,0,0,0,0,0,0,PreArm: Board (3.7v) out of range 4.3-5.8v
2026-07-09T13:33:34.560Z,504.906,False,STABILIZE,0.0000000,0.0000000,-1.04,-0.04,0.00,0.00,0.00,2.11,1.35,83.89,0.00,0.00,83.0,0,0.000,-0.01,-1,1,0,0,0,0,0,0,0,0,0,PreArm: Board (3.7v) out of range 4.3-5.8v
2026-07-09T13:33:35.060Z,505.406,False,STABILIZE,0.0000000,0.0000000,-1.03,-0.04,0.00,0.00,0.00,2.11,1.35,83.89,0.00,0.00,83.0,0,0.000,-0.01,-1,1,0,0,0,0,0,0,0,0,0,PreArm: Board (3.7v) out of range 4.3-5.8v
2026-07-09T13:33:35.561Z,505.907,False,STABILIZE,0.0000000,0.0000000,-1.04,-0.04,0.00,0.00,0.00,2.11,1.35,83.89,0.00,0.00,83.0,0,0.000,-0.01,-1,1,0,0,0,0,0,0,0,0,0,PreArm: Board (3.7v) out of range 4.3-5.8v
2026-07-09T13:33:36.061Z,506.407,False,STABILIZE,0.0000000,0.0000000,-1.05,-0.04,0.00,0.00,0.00,2.11,1.35,83.89,0.00,0.00,83.0,0,0.000,-0.01,-1,1,0,0,0,0,0,0,0,0,0,PreArm: Board (3.7v) out of range 4.3-5.8v
2026-07-09T13:33:36.562Z,506.907,False,STABILIZE,0.0000000,0.0000000,-1.04,-0.04,0.00,0.00,0.00,2.11,1.35,83.89,0.00,0.00,83.0,0,0.000,-0.01,-1,1,0,0,0,0,0,0,0,0,0,PreArm: Board (3.7v) out of range 4.3-5.8v
2026-07-09T13:33:37.063Z,507.409,False,STABILIZE,0.0000000,0.0000000,-1.05,-0.04,0.00,0.00,0.00,2.11,1.35,83.89,0.00,0.00,83.0,0,0.000,-0.01,-1,1,0,0,0,0,0,0,0,0,0,PreArm: Board (3.7v) out of range 4.3-5.8v
2026-07-09T13:33:37.563Z,507.909,False,STABILIZE,0.0000000,0.0000000,-1.04,-0.04,0.00,0.00,0.00,2.11,1.35,83.89,0.00,0.00,83.0,0,0.000,-0.01,-1,1,0,0,0,0,0,0,0,0,0,PreArm: Board (3.7v) out of range 4.3-5.8v
2026-07-09T13:33:38.064Z,508.409,False,STABILIZE,0.0000000,0.0000000,-1.02,-0.04,0.00,0.00,0.00,2.11,1.35,83.89,0.00,0.00,83.0,0,0.000,-0.01,-1,1,0,0,0,0,0,0,0,0,0,PreArm: Board (3.7v) out of range 4.3-5.8v
2026-07-09T13:33:38.595Z,508.940,False,STABILIZE,0.0000000,0.0000000,-1.05,-0.04,0.00,0.00,0.00,2.11,1.35,83.89,0.00,0.00,83.0,0,0.000,-0.01,-1,1,0,0,0,0,0,0,0,0,0,PreArm: Board (3.7v) out of range 4.3-5.8v
2026-07-09T13:33:39.157Z,509.502,False,STABILIZE,0.0000000,0.0000000,-1.04,-0.04,0.00,0.00,0.00,2.11,1.35,83.89,0.00,0.00,83.0,0,0.000,-0.01,-1,1,0,0,0,0,0,0,0,0,0,PreArm: Board (3.7v) out of range 4.3-5.8v
2026-07-09T13:33:39.657Z,510.002,False,STABILIZE,0.0000000,0.0000000,-1.02,-0.04,0.00,0.00,0.00,2.11,1.35,83.89,0.00,0.00,83.0,0,0.000,-0.01,-1,1,0,0,0,0,0,0,0,0,0,PreArm: Board (3.7v) out of range 4.3-5.8v
2026-07-09T13:33:40.157Z,510.503,False,STABILIZE,0.0000000,0.0000000,-1.04,-0.04,0.00,0.00,0.00,2.12,1.34,83.89,0.00,0.00,83.0,0,0.000,-0.01,-1,1,0,0,0,0,0,0,0,0,0,PreArm: Board (3.7v) out of range 4.3-5.8v
2026-07-09T13:33:40.657Z,511.003,False,STABILIZE,0.0000000,0.0000000,-1.00,-0.04,0.00,0.00,0.00,2.12,1.34,83.89,0.00,0.00,83.0,0,0.000,-0.01,-1,1,0,0,0,0,0,0,0,0,0,PreArm: Board (3.7v) out of range 4.3-5.8v
2026-07-09T13:33:41.157Z,511.503,False,STABILIZE,0.0000000,0.0000000,-1.01,-0.04,0.00,0.00,0.00,2.12,1.35,83.89,0.00,0.00,83.0,0,0.000,-0.01,-1,1,0,0,0,0,0,0,0,0,0,PreArm: Board (3.7v) out of range 4.3-5.8v
2026-07-09T13:33:41.658Z,512.003,False,STABILIZE,0.0000000,0.0000000,-1.01,-0.04,0.00,0.00,0.00,2.11,1.35,83.89,0.00,0.00,83.0,0,0.000,-0.01,-1,1,0,0,0,0,0,0,0,0,0,PreArm: Board (3.7v) out of range 4.3-5.8v
2026-07-09T13:33:42.158Z,512.503,False,STABILIZE,0.0000000,0.0000000,-1.04,-0.04,0.00,0.00,0.00,2.11,1.35,83.88,0.00,0.00,83.0,0,0.000,-0.01,-1,1,0,0,0,0,0,0,0,0,0,PreArm: Board (3.7v) out of range 4.3-5.8v
2026-07-09T13:33:42.659Z,513.005,False,STABILIZE,0.0000000,0.0000000,-1.01,-0.04,0.00,0.00,0.00,2.11,1.35,83.88,0.00,0.00,83.0,0,0.000,-0.01,-1,1,0,0,0,0,0,0,0,0,0,PreArm: Board (3.7v) out of range 4.3-5.8v
2026-07-09T13:33:43.159Z,513.505,False,STABILIZE,0.0000000,0.0000000,-1.00,-0.04,0.00,0.00,0.00,2.11,1.35,83.88,0.00,0.00,83.0,0,0.000,-0.01,-1,1,0,0,0,0,0,0,0,0,0,PreArm: Board (3.7v) out of range 4.3-5.8v
2026-07-09T13:33:43.660Z,514.006,False,STABILIZE,0.0000000,0.0000000,-0.97,-0.04,0.00,0.00,0.00,2.11,1.35,83.87,0.00,0.00,83.0,0,0.000,-0.01,-1,1,0,0,0,0,0,0,0,0,0,PreArm: Board (3.7v) out of range 4.3-5.8v
2026-07-09T13:33:44.160Z,514.506,False,STABILIZE,0.0000000,0.0000000,-1.00,-0.04,0.00,0.00,0.00,2.11,1.34,83.87,0.00,0.00,83.0,0,0.000,-0.01,-1,1,0,0,0,0,0,0,0,0,0,PreArm: Board (3.7v) out of range 4.3-5.8v
2026-07-09T13:33:44.660Z,515.006,False,STABILIZE,0.0000000,0.0000000,-1.02,-0.04,0.00,0.00,0.00,2.11,1.34,83.87,0.00,0.00,83.0,0,0.000,-0.01,-1,1,0,0,0,0,0,0,0,0,0,PreArm: Board (3.7v) out of range 4.3-5.8v
2026-07-09T13:33:45.160Z,515.506,False,STABILIZE,0.0000000,0.0000000,-1.02,-0.04,0.00,0.00,0.00,2.11,1.34,83.87,0.00,0.00,83.0,0,0.000,-0.01,-1,1,0,0,0,0,0,0,0,0,0,PreArm: Board (3.7v) out of range 4.3-5.8v
2026-07-09T13:33:45.662Z,516.008,False,STABILIZE,0.0000000,0.0000000,-1.01,-0.04,0.00,0.00,0.00,2.11,1.34,83.87,0.00,0.00,83.0,0,0.000,-0.01,-1,1,0,0,0,0,0,0,0,0,0,PreArm: Board (3.6v) out of range 4.3-5.8v
2026-07-09T13:33:46.163Z,516.509,False,STABILIZE,0.0000000,0.0000000,-1.00,-0.04,0.00,0.00,0.00,2.11,1.34,83.87,0.00,0.00,83.0,0,0.000,-0.01,-1,1,0,0,0,0,0,0,0,0,0,PreArm: Board (3.6v) out of range 4.3-5.8v
2026-07-09T13:33:46.664Z,517.010,False,STABILIZE,0.0000000,0.0000000,-0.98,-0.04,0.00,0.00,0.00,2.11,1.34,83.87,0.00,0.00,83.0,0,0.000,-0.01,-1,1,0,0,0,0,0,0,0,0,0,PreArm: Board (3.6v) out of range 4.3-5.8v
2026-07-09T13:33:47.164Z,517.510,False,STABILIZE,0.0000000,0.0000000,-1.00,-0.04,0.00,0.00,0.00,2.11,1.34,83.87,0.00,0.00,83.0,0,0.000,-0.01,-1,1,0,0,0,0,0,0,0,0,0,PreArm: Board (3.6v) out of range 4.3-5.8v
2026-07-09T13:33:47.758Z,518.103,False,STABILIZE,0.0000000,0.0000000,-1.03,-0.04,0.00,0.00,0.00,2.11,1.34,83.87,0.00,0.00,83.0,0,0.000,-0.01,-1,1,0,0,0,0,0,0,0,0,0,PreArm: Board (3.6v) out of range 4.3-5.8v
2026-07-09T13:33:48.260Z,518.605,False,STABILIZE,0.0000000,0.0000000,-1.02,-0.04,0.00,0.00,0.00,2.11,1.34,83.87,0.00,0.00,83.0,0,0.000,-0.01,-1,1,0,0,0,0,0,0,0,0,0,PreArm: Board (3.6v) out of range 4.3-5.8v
2026-07-09T13:33:48.760Z,519.105,False,STABILIZE,0.0000000,0.0000000,-1.02,-0.04,0.00,0.00,0.00,2.11,1.34,83.87,0.00,0.00,83.0,0,0.000,-0.01,-1,1,0,0,0,0,0,0,0,0,0,PreArm: Board (3.6v) out of range 4.3-5.8v
2026-07-09T13:33:49.260Z,519.605,False,STABILIZE,0.0000000,0.0000000,-1.02,-0.04,0.00,0.00,0.00,2.11,1.34,83.87,0.00,0.00,83.0,0,0.000,-0.01,-1,1,0,0,0,0,0,0,0,0,0,PreArm: Board (3.6v) out of range 4.3-5.8v
2026-07-09T13:33:49.760Z,520.105,False,STABILIZE,0.0000000,0.0000000,-1.04,-0.04,0.00,0.00,0.00,2.11,1.35,83.87,0.00,0.00,83.0,0,0.000,-0.01,-1,1,0,0,0,0,0,0,0,0,0,PreArm: Board (3.6v) out of range 4.3-5.8v
2026-07-09T13:33:50.260Z,520.605,False,STABILIZE,0.0000000,0.0000000,-1.02,-0.04,0.00,0.00,0.00,2.11,1.35,83.87,0.00,0.00,83.0,0,0.000,-0.01,-1,1,0,0,0,0,0,0,0,0,0,PreArm: Board (3.6v) out of range 4.3-5.8v
2026-07-09T13:33:50.760Z,521.106,False,STABILIZE,0.0000000,0.0000000,-1.01,-0.04,0.00,0.00,0.00,2.11,1.35,83.87,0.00,0.00,83.0,0,0.000,-0.01,-1,1,0,0,0,0,0,0,0,0,0,PreArm: Board (3.6v) out of range 4.3-5.8v
2026-07-09T13:33:51.261Z,521.607,False,STABILIZE,0.0000000,0.0000000,-1.05,-0.04,0.00,0.00,0.00,2.11,1.34,83.87,0.00,0.00,83.0,0,0.000,-0.01,-1,1,0,0,0,0,0,0,0,0,0,PreArm: Board (3.6v) out of range 4.3-5.8v
2026-07-09T13:33:51.762Z,522.108,False,STABILIZE,0.0000000,0.0000000,-1.08,-0.04,0.00,0.00,0.00,2.11,1.34,83.88,0.00,0.00,83.0,0,0.000,-0.01,-1,1,0,0,0,0,0,0,0,0,0,PreArm: Board (3.6v) out of range 4.3-5.8v
2026-07-09T13:33:52.264Z,522.609,False,STABILIZE,0.0000000,0.0000000,-1.04,-0.04,0.00,0.00,0.00,2.11,1.34,83.87,0.00,0.00,83.0,0,0.000,-0.01,-1,1,0,0,0,0,0,0,0,0,0,PreArm: Board (3.6v) out of range 4.3-5.8v
2026-07-09T13:33:52.765Z,523.110,False,STABILIZE,0.0000000,0.0000000,-1.03,-0.04,0.00,0.00,0.00,2.11,1.34,83.88,0.00,0.00,83.0,0,0.000,-0.01,-1,1,0,0,0,0,0,0,0,0,0,PreArm: Board (3.6v) out of range 4.3-5.8v
2026-07-09T13:33:53.266Z,523.611,False,STABILIZE,0.0000000,0.0000000,-1.04,-0.04,0.00,0.00,0.00,2.11,1.34,83.88,0.00,0.00,83.0,0,0.000,-0.01,-1,1,0,0,0,0,0,0,0,0,0,PreArm: Board (3.6v) out of range 4.3-5.8v
2026-07-09T13:33:53.768Z,524.113,False,STABILIZE,0.0000000,0.0000000,-1.06,-0.04,0.00,0.00,0.00,2.11,1.34,83.88,0.00,0.00,83.0,0,0.000,-0.01,-1,1,0,0,0,0,0,0,0,0,0,PreArm: Board (3.6v) out of range 4.3-5.8v
2026-07-09T13:33:54.360Z,524.706,False,STABILIZE,0.0000000,0.0000000,-1.07,-0.04,0.00,0.00,0.00,2.11,1.34,83.88,0.00,0.00,83.0,0,0.000,-0.01,-1,1,0,0,0,0,0,0,0,0,0,PreArm: Board (3.6v) out of range 4.3-5.8v
2026-07-09T13:33:54.860Z,525.206,False,STABILIZE,0.0000000,0.0000000,-1.08,-0.04,0.00,0.00,0.00,2.11,1.34,83.88,0.00,0.00,83.0,0,0.000,-0.01,-1,1,0,0,0,0,0,0,0,0,0,PreArm: Board (3.6v) out of range 4.3-5.8v
2026-07-09T13:33:55.360Z,525.706,False,STABILIZE,0.0000000,0.0000000,-1.09,-0.04,0.00,0.00,0.01,2.11,1.34,83.88,0.00,0.00,83.0,0,0.000,-0.01,-1,1,0,0,0,0,0,0,0,0,0,PreArm: Board (3.6v) out of range 4.3-5.8v
2026-07-09T13:33:55.862Z,526.208,False,STABILIZE,0.0000000,0.0000000,-1.09,-0.04,0.00,0.00,0.01,2.11,1.35,83.87,0.00,0.00,83.0,0,0.000,-0.01,-1,1,0,0,0,0,0,0,0,0,0,PreArm: Board (3.6v) out of range 4.3-5.8v
2026-07-09T13:33:56.363Z,526.708,False,STABILIZE,0.0000000,0.0000000,-1.10,-0.04,0.00,0.00,0.01,2.11,1.35,83.87,0.00,0.00,83.0,0,0.000,-0.01,-1,1,0,0,0,0,0,0,0,0,0,PreArm: Board (3.6v) out of range 4.3-5.8v
2026-07-09T13:33:56.863Z,527.208,False,STABILIZE,0.0000000,0.0000000,-1.10,-0.04,0.00,0.00,0.01,2.11,1.35,83.87,0.00,0.00,83.0,0,0.000,-0.01,-1,1,0,0,0,0,0,0,0,0,0,PreArm: Board (3.6v) out of range 4.3-5.8v
2026-07-09T13:33:57.363Z,527.708,False,STABILIZE,0.0000000,0.0000000,-1.08,-0.04,0.00,0.00,0.01,2.11,1.35,83.87,0.00,0.00,83.0,0,0.000,-0.01,-1,1,0,0,0,0,0,0,0,0,0,PreArm: Board (3.6v) out of range 4.3-5.8v
2026-07-09T13:33:57.864Z,528.210,False,STABILIZE,0.0000000,0.0000000,-1.13,-0.04,0.00,0.00,0.01,2.11,1.35,83.87,0.00,0.00,83.0,0,0.000,-0.01,-1,1,0,0,0,0,0,0,0,0,0,PreArm: Board (3.6v) out of range 4.3-5.8v
2026-07-09T13:33:58.365Z,528.711,False,STABILIZE,0.0000000,0.0000000,-1.07,-0.04,0.00,0.00,0.01,2.10,1.35,83.87,0.00,0.00,83.0,0,0.000,-0.01,-1,1,0,0,0,0,0,0,0,0,0,PreArm: Board (3.6v) out of range 4.3-5.8v
2026-07-09T13:33:58.958Z,529.303,False,STABILIZE,0.0000000,0.0000000,-1.11,-0.04,0.00,0.00,0.01,2.10,1.35,83.87,0.00,0.00,83.0,0,0.000,-0.01,-1,1,0,0,0,0,0,0,0,0,0,PreArm: Board (3.6v) out of range 4.3-5.8v
2026-07-09T13:33:59.458Z,529.803,False,STABILIZE,0.0000000,0.0000000,-1.14,-0.04,0.00,0.00,0.01,2.10,1.35,83.87,0.00,0.00,83.0,0,0.000,-0.01,-1,1,0,0,0,0,0,0,0,0,0,PreArm: Board (3.6v) out of range 4.3-5.8v
2026-07-09T13:33:59.958Z,530.303,False,STABILIZE,0.0000000,0.0000000,-1.09,-0.04,0.00,0.00,0.01,2.11,1.35,83.88,0.00,0.00,83.0,0,0.000,-0.01,-1,1,0,0,0,0,0,0,0,0,0,PreArm: Board (3.6v) out of range 4.3-5.8v
2026-07-09T13:34:00.458Z,530.803,False,STABILIZE,0.0000000,0.0000000,-1.10,-0.04,0.00,0.00,0.01,2.11,1.35,83.88,0.00,0.00,83.0,0,0.000,-0.01,-1,1,0,0,0,0,0,0,0,0,0,PreArm: Board (3.6v) out of range 4.3-5.8v
2026-07-09T13:34:00.958Z,531.303,False,STABILIZE,0.0000000,0.0000000,-1.11,-0.04,0.00,0.00,0.01,2.11,1.36,83.88,0.00,0.00,83.0,0,0.000,-0.01,-1,1,0,0,0,0,0,0,0,0,0,PreArm: Board (3.6v) out of range 4.3-5.8v
2026-07-09T13:34:01.458Z,531.804,False,STABILIZE,0.0000000,0.0000000,-1.09,-0.04,0.00,0.00,0.01,2.11,1.36,83.88,0.00,0.00,83.0,0,0.000,-0.01,-1,1,0,0,0,0,0,0,0,0,0,PreArm: Board (3.6v) out of range 4.3-5.8v
2026-07-09T13:34:01.958Z,532.304,False,STABILIZE,0.0000000,0.0000000,-1.07,-0.04,0.00,0.00,0.00,2.11,1.36,83.88,0.00,0.00,83.0,0,0.000,-0.01,-1,1,0,0,0,0,0,0,0,0,0,PreArm: Board (3.6v) out of range 4.3-5.8v
2026-07-09T13:34:02.461Z,532.807,False,STABILIZE,0.0000000,0.0000000,-1.06,-0.04,0.00,0.00,0.00,2.11,1.35,83.88,0.00,0.00,83.0,0,0.000,-0.01,-1,1,0,0,0,0,0,0,0,0,0,PreArm: Board (3.6v) out of range 4.3-5.8v
2026-07-09T13:34:02.962Z,533.308,False,STABILIZE,0.0000000,0.0000000,-1.08,-0.04,0.00,0.00,0.00,2.11,1.35,83.89,0.00,0.00,83.0,0,0.000,-0.01,-1,1,0,0,0,0,0,0,0,0,0,PreArm: Board (3.6v) out of range 4.3-5.8v
2026-07-09T13:34:03.465Z,533.810,False,STABILIZE,0.0000000,0.0000000,-1.06,-0.04,0.00,0.00,0.00,2.12,1.36,83.89,0.00,0.00,83.0,0,0.000,-0.01,-1,1,0,0,0,0,0,0,0,0,0,PreArm: Board (3.6v) out of range 4.3-5.8v
2026-07-09T13:34:03.965Z,534.310,False,STABILIZE,0.0000000,0.0000000,-1.09,-0.04,0.00,0.00,0.00,2.12,1.36,83.89,0.00,0.00,83.0,0,0.000,-0.01,-1,1,0,0,0,0,0,0,0,0,0,PreArm: Board (3.6v) out of range 4.3-5.8v
2026-07-09T13:34:04.465Z,534.811,False,STABILIZE,0.0000000,0.0000000,-1.09,-0.04,0.00,0.00,0.00,2.12,1.36,83.89,0.00,0.00,83.0,0,0.000,-0.01,-1,1,0,0,0,0,0,0,0,0,0,PreArm: Board (3.6v) out of range 4.3-5.8v
2026-07-09T13:34:05.059Z,535.405,False,STABILIZE,0.0000000,0.0000000,-1.07,-0.04,0.00,0.00,0.00,2.12,1.36,83.89,0.00,0.00,83.0,0,0.000,-0.01,-1,1,0,0,0,0,0,0,0,0,0,PreArm: Board (3.6v) out of range 4.3-5.8v
2026-07-09T13:34:05.560Z,535.906,False,STABILIZE,0.0000000,0.0000000,-1.07,-0.04,0.00,0.00,0.00,2.12,1.36,83.89,0.01,0.00,83.0,0,0.000,-0.01,-1,1,0,0,0,0,0,0,0,0,0,PreArm: Board (3.6v) out of range 4.3-5.8v
2026-07-09T13:34:06.060Z,536.406,False,STABILIZE,0.0000000,0.0000000,-1.08,-0.04,0.00,0.00,0.00,2.12,1.36,83.90,0.01,0.00,83.0,0,0.000,-0.01,-1,1,0,0,0,0,0,0,0,0,0,PreArm: Board (3.6v) out of range 4.3-5.8v
2026-07-09T13:34:06.560Z,536.906,False,STABILIZE,0.0000000,0.0000000,-1.07,-0.04,0.00,0.00,0.00,2.12,1.36,83.90,0.01,0.00,83.0,0,0.000,-0.01,-1,1,0,0,0,0,0,0,0,0,0,PreArm: Board (3.6v) out of range 4.3-5.8v
2026-07-09T13:34:07.061Z,537.406,False,STABILIZE,0.0000000,0.0000000,-1.09,-0.04,0.00,0.00,0.00,2.12,1.36,83.90,0.01,0.00,83.0,0,0.000,-0.01,-1,1,0,0,0,0,0,0,0,0,0,PreArm: Board (3.6v) out of range 4.3-5.8v
2026-07-09T13:34:07.561Z,537.907,False,STABILIZE,0.0000000,0.0000000,-1.08,-0.04,0.00,0.00,0.00,2.12,1.35,83.90,0.01,0.00,83.0,0,0.000,-0.01,-1,1,0,0,0,0,0,0,0,0,0,PreArm: Board (3.6v) out of range 4.3-5.8v
2026-07-09T13:34:08.061Z,538.407,False,STABILIZE,0.0000000,0.0000000,-1.07,-0.04,0.00,0.00,0.00,2.12,1.35,83.90,0.01,0.00,83.0,0,0.000,-0.01,-1,1,0,0,0,0,0,0,0,0,0,PreArm: Board (3.6v) out of range 4.3-5.8v
2026-07-09T13:34:08.563Z,538.909,False,STABILIZE,0.0000000,0.0000000,-1.11,-0.04,0.00,0.00,0.00,2.11,1.35,83.90,0.00,0.00,83.0,0,0.000,-0.01,-1,1,0,0,0,0,0,0,0,0,0,PreArm: Board (3.6v) out of range 4.3-5.8v
2026-07-09T13:34:09.064Z,539.410,False,STABILIZE,0.0000000,0.0000000,-1.08,-0.04,0.00,0.00,0.00,2.11,1.35,83.90,0.00,0.00,83.0,0,0.000,-0.01,-1,1,0,0,0,0,0,0,0,0,0,PreArm: Board (3.6v) out of range 4.3-5.8v
2026-07-09T13:34:09.564Z,539.910,False,STABILIZE,0.0000000,0.0000000,-1.07,-0.04,0.00,0.00,0.00,2.11,1.35,83.90,0.00,0.00,83.0,0,0.000,-0.01,-1,1,0,0,0,0,0,0,0,0,0,PreArm: Board (3.6v) out of range 4.3-5.8v
2026-07-09T13:34:10.065Z,540.411,False,STABILIZE,0.0000000,0.0000000,-1.06,-0.04,0.00,0.00,0.00,2.11,1.35,83.90,0.00,0.00,83.0,0,0.000,-0.01,-1,1,0,0,0,0,0,0,0,0,0,PreArm: Board (3.6v) out of range 4.3-5.8v
2026-07-09T13:34:10.595Z,540.941,False,STABILIZE,0.0000000,0.0000000,-1.10,-0.04,0.00,0.00,0.00,2.11,1.35,83.90,0.00,0.00,83.0,0,0.000,-0.01,-1,1,0,0,0,0,0,0,0,0,0,PreArm: Board (3.6v) out of range 4.3-5.8v
2026-07-09T13:34:11.158Z,541.503,False,STABILIZE,0.0000000,0.0000000,-1.08,-0.04,0.00,0.00,0.00,2.10,1.35,83.90,0.00,0.00,83.0,0,0.000,-0.01,-1,1,0,0,0,0,0,0,0,0,0,PreArm: Board (3.6v) out of range 4.3-5.8v
2026-07-09T13:34:11.661Z,542.007,False,STABILIZE,0.0000000,0.0000000,-1.07,-0.04,0.00,0.00,0.00,2.10,1.35,83.90,0.00,0.00,83.0,0,0.000,-0.01,-1,1,0,0,0,0,0,0,0,0,0,PreArm: Board (3.6v) out of range 4.3-5.8v
2026-07-09T13:34:12.162Z,542.508,False,STABILIZE,0.0000000,0.0000000,-1.09,-0.04,0.00,0.00,0.00,2.11,1.34,83.90,0.00,0.00,83.0,0,0.000,-0.01,-1,1,0,0,0,0,0,0,0,0,0,PreArm: Board (3.6v) out of range 4.3-5.8v
2026-07-09T13:34:12.663Z,543.008,False,STABILIZE,0.0000000,0.0000000,-1.08,-0.04,0.00,0.00,0.00,2.10,1.34,83.90,0.00,0.00,83.0,0,0.000,-0.01,-1,1,0,0,0,0,0,0,0,0,0,PreArm: Board (3.6v) out of range 4.3-5.8v
2026-07-09T13:34:13.163Z,543.508,False,STABILIZE,0.0000000,0.0000000,-1.08,-0.04,0.00,0.00,0.00,2.10,1.34,83.90,0.00,0.00,83.0,0,0.000,-0.01,-1,1,0,0,0,0,0,0,0,0,0,PreArm: Board (3.6v) out of range 4.3-5.8v
2026-07-09T13:34:13.663Z,544.008,False,STABILIZE,0.0000000,0.0000000,-1.10,-0.04,0.00,0.00,0.00,2.10,1.34,83.90,0.00,0.00,83.0,0,0.000,-0.01,-1,1,0,0,0,0,0,0,0,0,0,PreArm: Board (3.6v) out of range 4.3-5.8v
2026-07-09T13:34:14.166Z,544.511,False,STABILIZE,0.0000000,0.0000000,-1.08,-0.04,0.00,0.00,0.00,2.10,1.34,83.90,0.00,0.00,83.0,0,0.000,-0.01,-1,1,0,0,0,0,0,0,0,0,0,PreArm: Board (3.6v) out of range 4.3-5.8v
2026-07-09T13:34:14.666Z,545.012,False,STABILIZE,0.0000000,0.0000000,-1.10,-0.04,0.00,0.00,0.00,2.10,1.34,83.90,0.00,0.00,83.0,0,0.000,-0.01,-1,1,0,0,0,0,0,0,0,0,0,PreArm: Board (3.6v) out of range 4.3-5.8v
2026-07-09T13:34:15.265Z,545.611,False,STABILIZE,0.0000000,0.0000000,-1.08,-0.04,0.00,0.00,0.00,2.10,1.34,83.90,0.00,0.00,83.0,0,0.000,-0.01,-1,1,0,0,0,0,0,0,0,0,0,PreArm: Board (3.6v) out of range 4.3-5.8v
2026-07-09T13:34:15.858Z,546.204,False,STABILIZE,0.0000000,0.0000000,-1.05,-0.04,0.00,0.00,0.00,2.10,1.34,83.90,0.00,0.00,83.0,0,0.000,-0.01,-1,1,0,0,0,0,0,0,0,0,0,PreArm: Board (3.6v) out of range 4.3-5.8v
2026-07-09T13:34:16.358Z,546.704,False,STABILIZE,0.0000000,0.0000000,-1.11,-0.04,0.00,0.00,0.00,2.10,1.35,83.90,0.00,0.00,83.0,0,0.000,-0.01,-1,1,0,0,0,0,0,0,0,0,0,PreArm: Board (3.6v) out of range 4.3-5.8v
2026-07-09T13:34:16.858Z,547.204,False,STABILIZE,0.0000000,0.0000000,-1.11,-0.04,0.00,0.00,0.00,2.10,1.35,83.90,0.00,0.00,83.0,0,0.000,-0.01,-1,1,0,0,0,0,0,0,0,0,0,PreArm: Board (3.6v) out of range 4.3-5.8v
2026-07-09T13:34:17.358Z,547.704,False,STABILIZE,0.0000000,0.0000000,-1.05,-0.04,0.00,0.00,0.00,2.10,1.35,83.91,0.00,0.00,83.0,0,0.000,-0.01,-1,1,0,0,0,0,0,0,0,0,0,PreArm: Board (3.6v) out of range 4.3-5.8v
2026-07-09T13:34:17.860Z,548.206,False,STABILIZE,0.0000000,0.0000000,-1.07,-0.04,0.00,0.00,0.00,2.11,1.35,83.91,0.00,0.00,83.0,0,0.000,-0.01,-1,1,0,0,0,0,0,0,0,0,0,PreArm: Board (3.6v) out of range 4.3-5.8v
2026-07-09T13:34:18.360Z,548.706,False,STABILIZE,0.0000000,0.0000000,-1.07,-0.04,0.00,0.00,0.00,2.11,1.35,83.91,0.00,0.00,83.0,0,0.000,-0.01,-1,1,0,0,0,0,0,0,0,0,0,PreArm: Board (3.6v) out of range 4.3-5.8v
2026-07-09T13:34:18.861Z,549.207,False,STABILIZE,0.0000000,0.0000000,-1.08,-0.04,0.00,0.00,0.00,2.11,1.35,83.91,0.00,0.00,83.0,0,0.000,-0.01,-1,1,0,0,0,0,0,0,0,0,0,PreArm: Board (3.6v) out of range 4.3-5.8v
2026-07-09T13:34:19.361Z,549.707,False,STABILIZE,0.0000000,0.0000000,-1.08,-0.04,0.00,0.00,0.00,2.11,1.35,83.91,0.00,0.00,83.0,0,0.000,-0.01,-1,1,0,0,0,0,0,0,0,0,0,PreArm: Board (3.6v) out of range 4.3-5.8v
2026-07-09T13:34:19.865Z,550.211,False,STABILIZE,0.0000000,0.0000000,-1.06,-0.04,0.00,0.00,0.00,2.11,1.35,83.91,0.00,0.00,83.0,0,0.000,-0.01,-1,1,0,0,0,0,0,0,0,0,0,PreArm: Board (3.6v) out of range 4.3-5.8v
2026-07-09T13:34:20.365Z,550.711,False,STABILIZE,0.0000000,0.0000000,-1.08,-0.04,0.00,0.00,0.00,2.11,1.35,83.91,0.00,0.00,83.0,0,0.000,-0.01,-1,1,0,0,0,0,0,0,0,0,0,PreArm: Board (3.6v) out of range 4.3-5.8v
2026-07-09T13:34:20.865Z,551.211,False,STABILIZE,0.0000000,0.0000000,-1.09,-0.04,0.00,0.00,0.00,2.11,1.35,83.91,0.00,0.00,83.0,0,0.000,-0.01,-1,1,0,0,0,0,0,0,0,0,0,PreArm: Board (3.6v) out of range 4.3-5.8v
2026-07-09T13:34:21.458Z,551.803,False,STABILIZE,0.0000000,0.0000000,-1.09,-0.04,0.00,0.00,0.00,2.11,1.35,83.91,0.00,0.00,83.0,0,0.000,-0.01,-1,1,0,0,0,0,0,0,0,0,0,PreArm: Board (3.6v) out of range 4.3-5.8v
2026-07-09T13:34:21.959Z,552.304,False,STABILIZE,0.0000000,0.0000000,-1.11,-0.04,0.00,0.00,0.00,2.11,1.35,83.91,0.00,0.00,83.0,0,0.000,-0.01,-1,1,0,0,0,0,0,0,0,0,0,PreArm: Board (3.6v) out of range 4.3-5.8v
2026-07-09T13:34:22.460Z,552.806,False,STABILIZE,0.0000000,0.0000000,-1.06,-0.04,0.00,0.00,0.00,2.11,1.35,83.90,0.00,0.00,83.0,0,0.000,-0.01,-1,1,0,0,0,0,0,0,0,0,0,PreArm: Board (3.6v) out of range 4.3-5.8v
2026-07-09T13:34:22.961Z,553.306,False,STABILIZE,0.0000000,0.0000000,-1.07,-0.04,0.00,0.00,0.00,2.11,1.35,83.91,0.00,0.00,83.0,0,0.000,-0.01,-1,1,0,0,0,0,0,0,0,0,0,PreArm: Board (3.6v) out of range 4.3-5.8v
2026-07-09T13:34:23.461Z,553.806,False,STABILIZE,0.0000000,0.0000000,-1.06,-0.04,0.00,0.00,0.00,2.11,1.34,83.91,0.00,0.00,83.0,0,0.000,-0.01,-1,1,0,0,0,0,0,0,0,0,0,PreArm: Board (3.6v) out of range 4.3-5.8v
2026-07-09T13:34:23.961Z,554.306,False,STABILIZE,0.0000000,0.0000000,-1.09,-0.04,0.00,0.00,0.00,2.11,1.34,83.91,0.00,0.00,83.0,0,0.000,-0.01,-1,1,0,0,0,0,0,0,0,0,0,PreArm: Board (3.6v) out of range 4.3-5.8v
2026-07-09T13:34:24.461Z,554.806,False,STABILIZE,0.0000000,0.0000000,-1.09,-0.04,0.00,0.00,0.00,2.11,1.34,83.91,0.00,0.00,83.0,0,0.000,-0.01,-1,1,0,0,0,0,0,0,0,0,0,PreArm: Board (3.6v) out of range 4.3-5.8v
2026-07-09T13:34:24.961Z,555.307,False,STABILIZE,0.0000000,0.0000000,-1.10,-0.04,0.00,0.00,0.00,2.11,1.34,83.91,0.00,0.00,83.0,0,0.000,-0.01,-1,1,0,0,0,0,0,0,0,0,0,PreArm: Board (3.6v) out of range 4.3-5.8v
2026-07-09T13:34:25.461Z,555.807,False,STABILIZE,0.0000000,0.0000000,-1.10,-0.04,0.00,0.00,0.00,2.11,1.34,83.91,0.00,0.00,83.0,0,0.000,-0.01,-1,1,0,0,0,0,0,0,0,0,0,PreArm: Board (3.6v) out of range 4.3-5.8v
2026-07-09T13:34:25.963Z,556.308,False,STABILIZE,0.0000000,0.0000000,-1.06,-0.04,0.00,0.00,0.00,2.11,1.34,83.91,0.00,0.00,83.0,0,0.000,-0.01,-1,1,0,0,0,0,0,0,0,0,0,PreArm: Board (3.6v) out of range 4.3-5.8v
2026-07-09T13:34:26.463Z,556.809,False,STABILIZE,0.0000000,0.0000000,-1.07,-0.04,0.00,0.00,0.00,2.12,1.34,83.91,0.00,0.00,83.0,0,0.000,-0.01,-1,1,0,0,0,0,0,0,0,0,0,PreArm: Board (3.6v) out of range 4.3-5.8v
2026-07-09T13:34:26.965Z,557.311,False,STABILIZE,0.0000000,0.0000000,-1.08,-0.04,0.00,0.00,0.00,2.12,1.34,83.92,0.00,0.00,83.0,0,0.000,-0.01,-1,1,0,0,0,0,0,0,0,0,0,PreArm: Board (3.6v) out of range 4.3-5.8v
2026-07-09T13:34:27.465Z,557.811,False,STABILIZE,0.0000000,0.0000000,-1.08,-0.04,0.00,0.00,0.00,2.12,1.34,83.91,0.00,0.00,83.0,0,0.000,-0.01,-1,1,0,0,0,0,0,0,0,0,0,PreArm: Board (3.6v) out of range 4.3-5.8v
2026-07-09T13:34:27.965Z,558.311,False,STABILIZE,0.0000000,0.0000000,-1.07,-0.04,0.00,0.00,0.00,2.12,1.34,83.91,0.00,0.00,83.0,0,0.000,-0.01,-1,1,0,0,0,0,0,0,0,0,0,PreArm: Board (3.6v) out of range 4.3-5.8v
2026-07-09T13:34:28.466Z,558.812,False,STABILIZE,0.0000000,0.0000000,-1.08,-0.04,0.00,0.00,0.00,2.12,1.35,83.91,0.00,0.00,83.0,0,0.000,-0.01,-1,1,0,0,0,0,0,0,0,0,0,PreArm: Board (3.6v) out of range 4.3-5.8v
2026-07-09T13:34:28.967Z,559.312,False,STABILIZE,0.0000000,0.0000000,-1.08,-0.04,0.00,0.00,0.00,2.12,1.35,83.92,0.00,0.00,83.0,0,0.000,-0.01,-1,1,0,0,0,0,0,0,0,0,0,PreArm: Board (3.6v) out of range 4.3-5.8v
2026-07-09T13:34:29.560Z,559.906,False,STABILIZE,0.0000000,0.0000000,-1.08,-0.04,0.00,0.00,0.00,2.12,1.34,83.92,0.00,0.00,83.0,0,0.000,-0.01,-1,1,0,0,0,0,0,0,0,0,0,PreArm: Board (3.6v) out of range 4.3-5.8v
2026-07-09T13:34:30.061Z,560.407,False,STABILIZE,0.0000000,0.0000000,-1.11,-0.04,0.00,0.00,0.00,2.12,1.34,83.92,0.00,0.00,83.0,0,0.000,-0.01,-1,1,0,0,0,0,0,0,0,0,0,PreArm: Board (3.6v) out of range 4.3-5.8v
2026-07-09T13:34:30.561Z,560.907,False,STABILIZE,0.0000000,0.0000000,-1.08,-0.04,0.00,0.00,0.00,2.12,1.35,83.92,0.00,0.00,83.0,0,0.000,-0.01,-1,1,0,0,0,0,0,0,0,0,0,PreArm: Board (3.6v) out of range 4.3-5.8v
2026-07-09T13:34:31.063Z,561.409,False,STABILIZE,0.0000000,0.0000000,-1.09,-0.04,0.00,0.00,0.00,2.12,1.35,83.92,0.00,0.00,83.0,0,0.000,-0.01,-1,1,0,0,0,0,0,0,0,0,0,PreArm: Board (3.6v) out of range 4.3-5.8v
2026-07-09T13:34:31.563Z,561.909,False,STABILIZE,0.0000000,0.0000000,-1.14,-0.04,0.00,0.00,0.00,2.12,1.35,83.92,0.00,0.00,83.0,0,0.000,-0.01,-1,1,0,0,0,0,0,0,0,0,0,PreArm: Board (3.6v) out of range 4.3-5.8v
2026-07-09T13:34:32.064Z,562.409,False,STABILIZE,0.0000000,0.0000000,-1.12,-0.04,0.00,0.00,0.00,2.12,1.35,83.92,0.00,0.00,83.0,0,0.000,-0.01,-1,1,0,0,0,0,0,0,0,0,0,PreArm: Board (3.6v) out of range 4.3-5.8v
2026-07-09T13:34:32.564Z,562.909,False,STABILIZE,0.0000000,0.0000000,-1.11,-0.04,0.00,0.00,0.00,2.12,1.35,83.92,0.00,0.00,83.0,0,0.000,-0.01,-1,1,0,0,0,0,0,0,0,0,0,PreArm: Board (3.6v) out of range 4.3-5.8v
2026-07-09T13:34:33.064Z,563.409,False,STABILIZE,0.0000000,0.0000000,-1.14,-0.04,0.00,0.00,0.00,2.12,1.35,83.92,0.00,0.00,83.0,0,0.000,-0.01,-1,1,0,0,0,0,0,0,0,0,0,PreArm: Board (3.6v) out of range 4.3-5.8v
2026-07-09T13:34:33.566Z,563.911,False,STABILIZE,0.0000000,0.0000000,-1.15,-0.04,0.00,0.00,0.00,2.11,1.35,83.92,0.00,0.00,83.0,0,0.000,-0.01,-1,1,0,0,0,0,0,0,0,0,0,PreArm: Board (3.6v) out of range 4.3-5.8v
2026-07-09T13:34:34.067Z,564.412,False,STABILIZE,0.0000000,0.0000000,-1.15,-0.04,0.00,0.00,0.01,2.11,1.35,83.92,0.00,0.00,83.0,0,0.000,-0.01,-1,1,0,0,0,0,0,0,0,0,0,PreArm: Board (3.6v) out of range 4.3-5.8v
2026-07-09T13:34:34.566Z,564.912,False,STABILIZE,0.0000000,0.0000000,-1.14,-0.04,0.00,0.00,0.01,2.11,1.35,83.92,0.00,0.00,83.0,0,0.000,-0.01,-1,1,0,0,0,0,0,0,0,0,0,PreArm: Board (3.6v) out of range 4.3-5.8v
2026-07-09T13:34:35.068Z,565.413,False,STABILIZE,0.0000000,0.0000000,-1.13,-0.04,0.00,0.00,0.01,2.11,1.35,83.92,0.00,0.00,83.0,0,0.000,-0.01,-1,1,0,0,0,0,0,0,0,0,0,PreArm: Board (3.6v) out of range 4.3-5.8v
2026-07-09T13:34:35.601Z,565.947,False,STABILIZE,0.0000000,0.0000000,-1.14,-0.04,0.00,0.00,0.01,2.11,1.34,83.92,0.00,0.00,83.0,0,0.000,-0.01,-1,1,0,0,0,0,0,0,0,0,0,PreArm: Board (3.6v) out of range 4.3-5.8v
2026-07-09T13:34:36.159Z,566.505,False,STABILIZE,0.0000000,0.0000000,-1.16,-0.04,0.00,0.00,0.01,2.11,1.34,83.92,0.00,0.00,83.0,0,0.000,-0.01,-1,1,0,0,0,0,0,0,0,0,0,PreArm: Board (3.6v) out of range 4.3-5.8v
2026-07-09T13:34:36.659Z,567.005,False,STABILIZE,0.0000000,0.0000000,-1.16,-0.04,0.00,0.00,0.01,2.11,1.34,83.92,0.00,0.00,83.0,0,0.000,-0.01,-1,1,0,0,0,0,0,0,0,0,0,PreArm: Board (3.6v) out of range 4.3-5.8v
2026-07-09T13:34:37.159Z,567.505,False,STABILIZE,0.0000000,0.0000000,-1.18,-0.04,0.00,0.00,0.01,2.11,1.34,83.92,0.00,0.00,83.0,0,0.000,-0.01,-1,1,0,0,0,0,0,0,0,0,0,PreArm: Board (3.6v) out of range 4.3-5.8v
2026-07-09T13:34:37.661Z,568.006,False,STABILIZE,0.0000000,0.0000000,-1.14,-0.04,0.00,0.00,0.01,2.11,1.34,83.92,0.00,0.00,83.0,0,0.000,-0.01,-1,1,0,0,0,0,0,0,0,0,0,PreArm: Board (3.6v) out of range 4.3-5.8v
2026-07-09T13:34:38.161Z,568.506,False,STABILIZE,0.0000000,0.0000000,-1.14,-0.04,0.00,0.00,0.01,2.11,1.33,83.92,0.00,0.00,83.0,0,0.000,-0.01,-1,1,0,0,0,0,0,0,0,0,0,PreArm: Board (3.6v) out of range 4.3-5.8v
2026-07-09T13:34:38.661Z,569.007,False,STABILIZE,0.0000000,0.0000000,-1.14,-0.04,0.00,0.00,0.01,2.11,1.33,83.92,0.00,0.00,83.0,0,0.000,-0.01,-1,1,0,0,0,0,0,0,0,0,0,PreArm: Board (3.6v) out of range 4.3-5.8v
2026-07-09T13:34:39.162Z,569.508,False,STABILIZE,0.0000000,0.0000000,-1.13,-0.04,0.00,0.00,0.01,2.11,1.33,83.92,0.00,0.00,83.0,0,0.000,-0.01,-1,1,0,0,0,0,0,0,0,0,0,PreArm: Board (3.6v) out of range 4.3-5.8v
2026-07-09T13:34:39.662Z,570.008,False,STABILIZE,0.0000000,0.0000000,-1.15,-0.04,0.00,0.00,0.01,2.11,1.33,83.92,0.00,0.00,83.0,0,0.000,-0.01,-1,1,0,0,0,0,0,0,0,0,0,PreArm: Board (3.6v) out of range 4.3-5.8v
2026-07-09T13:34:40.163Z,570.509,False,STABILIZE,0.0000000,0.0000000,-1.12,-0.04,0.00,0.00,0.01,2.11,1.33,83.92,0.01,0.00,83.0,0,0.000,-0.01,-1,1,0,0,0,0,0,0,0,0,0,PreArm: Board (3.6v) out of range 4.3-5.8v
2026-07-09T13:34:40.663Z,571.009,False,STABILIZE,0.0000000,0.0000000,-1.15,-0.04,0.00,0.00,0.01,2.11,1.33,83.92,0.01,0.00,83.0,0,0.000,-0.01,-1,1,0,0,0,0,0,0,0,0,0,PreArm: Board (3.6v) out of range 4.3-5.8v
2026-07-09T13:34:41.163Z,571.509,False,STABILIZE,0.0000000,0.0000000,-1.14,-0.04,0.00,0.00,0.00,2.11,1.33,83.91,0.01,0.00,83.0,0,0.000,-0.01,-1,1,0,0,0,0,0,0,0,0,0,PreArm: Board (3.6v) out of range 4.3-5.8v
2026-07-09T13:34:41.664Z,572.009,False,STABILIZE,0.0000000,0.0000000,-1.13,-0.04,0.00,0.00,0.00,2.11,1.33,83.91,0.01,0.00,83.0,0,0.000,-0.01,-1,1,0,0,0,0,0,0,0,0,0,PreArm: Board (3.6v) out of range 4.3-5.8v
2026-07-09T13:34:42.165Z,572.511,False,STABILIZE,0.0000000,0.0000000,-1.12,-0.04,0.00,0.00,0.00,2.11,1.33,83.91,0.01,0.00,83.0,0,0.000,-0.01,-1,1,0,0,0,0,0,0,0,0,0,PreArm: Board (3.6v) out of range 4.3-5.8v
2026-07-09T13:34:42.665Z,573.011,False,STABILIZE,0.0000000,0.0000000,-1.12,-0.04,0.00,0.00,0.00,2.11,1.33,83.91,0.00,0.00,83.0,0,0.000,-0.01,-1,1,0,0,0,0,0,0,0,0,0,PreArm: Board (3.6v) out of range 4.3-5.8v
2026-07-09T13:34:43.166Z,573.512,False,STABILIZE,0.0000000,0.0000000,-1.10,-0.04,0.00,0.00,0.00,2.11,1.34,83.91,0.00,0.00,83.0,0,0.000,-0.01,-1,1,0,0,0,0,0,0,0,0,0,PreArm: Board (3.6v) out of range 4.3-5.8v
2026-07-09T13:34:43.667Z,574.012,False,STABILIZE,0.0000000,0.0000000,-1.12,-0.04,0.00,0.00,0.00,2.11,1.34,83.90,0.00,0.00,83.0,0,0.000,-0.01,-1,1,0,0,0,0,0,0,0,0,0,PreArm: Board (3.6v) out of range 4.3-5.8v
2026-07-09T13:34:44.168Z,574.514,False,STABILIZE,0.0000000,0.0000000,-1.07,-0.04,0.00,0.00,0.00,2.11,1.34,83.90,0.00,0.00,83.0,0,0.000,-0.01,-1,1,0,0,0,0,0,0,0,0,0,PreArm: Board (3.6v) out of range 4.3-5.8v
2026-07-09T13:34:44.759Z,575.104,False,STABILIZE,0.0000000,0.0000000,-1.13,-0.04,0.00,0.00,0.00,2.11,1.34,83.90,0.00,0.00,83.0,0,0.000,-0.01,-1,1,0,0,0,0,0,0,0,0,0,PreArm: Board (3.6v) out of range 4.3-5.8v
2026-07-09T13:34:45.260Z,575.606,False,STABILIZE,0.0000000,0.0000000,-1.09,-0.04,0.00,0.00,0.00,2.11,1.34,83.90,0.00,0.00,83.0,0,0.000,-0.01,-1,1,0,0,0,0,0,0,0,0,0,PreArm: Board (3.6v) out of range 4.3-5.8v
2026-07-09T13:34:45.762Z,576.108,False,STABILIZE,0.0000000,0.0000000,-1.14,-0.04,0.00,0.00,0.00,2.11,1.34,83.90,0.00,0.00,83.0,0,0.000,-0.01,-1,1,0,0,0,0,0,0,0,0,0,PreArm: Board (3.6v) out of range 4.3-5.8v
2026-07-09T13:34:46.262Z,576.608,False,STABILIZE,0.0000000,0.0000000,-1.11,-0.04,0.00,0.00,0.00,2.11,1.34,83.90,0.00,0.00,83.0,0,0.000,-0.01,-1,1,0,0,0,0,0,0,0,0,0,PreArm: Board (3.6v) out of range 4.3-5.8v
2026-07-09T13:34:46.762Z,577.108,False,STABILIZE,0.0000000,0.0000000,-1.08,-0.04,0.00,0.00,0.00,2.11,1.34,83.90,0.00,0.00,83.0,0,0.000,-0.01,-1,1,0,0,0,0,0,0,0,0,0,PreArm: Board (3.6v) out of range 4.3-5.8v
2026-07-09T13:34:47.262Z,577.608,False,STABILIZE,0.0000000,0.0000000,-1.10,-0.04,0.00,0.00,-0.01,2.11,1.34,83.90,0.00,0.00,83.0,0,0.000,-0.01,-1,1,0,0,0,0,0,0,0,0,0,PreArm: Board (3.6v) out of range 4.3-5.8v
2026-07-09T13:34:47.762Z,578.108,False,STABILIZE,0.0000000,0.0000000,-1.12,-0.04,0.00,0.00,-0.01,2.11,1.34,83.90,0.00,0.00,83.0,0,0.000,-0.01,-1,1,0,0,0,0,0,0,0,0,0,PreArm: Board (3.6v) out of range 4.3-5.8v
2026-07-09T13:34:48.262Z,578.608,False,STABILIZE,0.0000000,0.0000000,-1.09,-0.04,0.00,0.00,-0.01,2.11,1.34,83.90,0.00,0.00,83.0,0,0.000,-0.01,-1,1,0,0,0,0,0,0,0,0,0,PreArm: Board (3.6v) out of range 4.3-5.8v
2026-07-09T13:34:48.765Z,579.111,False,STABILIZE,0.0000000,0.0000000,-1.08,-0.04,0.00,0.00,0.00,2.11,1.34,83.90,0.00,0.00,83.0,0,0.000,-0.01,-1,1,0,0,0,0,0,0,0,0,0,PreArm: Board (3.6v) out of range 4.3-5.8v
2026-07-09T13:34:49.266Z,579.611,False,STABILIZE,0.0000000,0.0000000,-1.11,-0.04,0.00,0.00,0.00,2.11,1.34,83.90,0.00,0.00,83.0,0,0.000,-0.01,-1,1,0,0,0,0,0,0,0,0,0,PreArm: Board (3.6v) out of range 4.3-5.8v
2026-07-09T13:34:49.766Z,580.112,False,STABILIZE,0.0000000,0.0000000,-1.08,-0.04,0.00,0.00,0.00,2.11,1.34,83.90,0.00,0.00,83.0,0,0.000,-0.01,-1,1,0,0,0,0,0,0,0,0,0,PreArm: Board (3.6v) out of range 4.3-5.8v
2026-07-09T13:34:50.267Z,580.612,False,STABILIZE,0.0000000,0.0000000,-1.09,-0.04,0.00,0.00,0.00,2.11,1.34,83.90,0.00,0.00,83.0,0,0.000,-0.01,-1,1,0,0,0,0,0,0,0,0,0,PreArm: Board (3.6v) out of range 4.3-5.8v
2026-07-09T13:34:50.859Z,581.205,False,STABILIZE,0.0000000,0.0000000,-1.08,-0.04,0.00,0.00,0.00,2.11,1.34,83.90,0.00,0.00,83.0,0,0.000,-0.01,-1,1,0,0,0,0,0,0,0,0,0,PreArm: Board (3.6v) out of range 4.3-5.8v
2026-07-09T13:34:51.359Z,581.705,False,STABILIZE,0.0000000,0.0000000,-1.11,-0.04,0.00,0.00,0.00,2.11,1.34,83.90,0.00,0.00,83.0,0,0.000,-0.01,-1,1,0,0,0,0,0,0,0,0,0,PreArm: Board (3.6v) out of range 4.3-5.8v
2026-07-09T13:34:51.859Z,582.205,False,STABILIZE,0.0000000,0.0000000,-1.11,-0.04,0.00,0.00,0.00,2.11,1.34,83.89,0.00,0.00,83.0,0,0.000,-0.01,-1,1,0,0,0,0,0,0,0,0,0,PreArm: Board (3.6v) out of range 4.3-5.8v
2026-07-09T13:34:52.359Z,582.705,False,STABILIZE,0.0000000,0.0000000,-1.07,-0.04,0.00,0.00,0.00,2.11,1.34,83.89,0.00,0.00,83.0,0,0.000,-0.01,-1,1,0,0,0,0,0,0,0,0,0,PreArm: Board (3.6v) out of range 4.3-5.8v
2026-07-09T13:34:52.864Z,583.209,False,STABILIZE,0.0000000,0.0000000,-1.10,-0.04,0.00,0.00,0.00,2.11,1.34,83.89,0.00,0.00,83.0,0,0.000,-0.01,-1,1,0,0,0,0,0,0,0,0,0,PreArm: Board (3.6v) out of range 4.3-5.8v
2026-07-09T13:34:53.366Z,583.712,False,STABILIZE,0.0000000,0.0000000,-1.10,-0.04,0.00,0.00,0.00,2.11,1.34,83.89,0.00,0.00,83.0,0,0.000,-0.01,-1,1,0,0,0,0,0,0,0,0,0,PreArm: Board (3.6v) out of range 4.3-5.8v
2026-07-09T13:34:53.866Z,584.212,False,STABILIZE,0.0000000,0.0000000,-1.10,-0.04,0.00,0.00,0.00,2.11,1.35,83.89,0.00,0.00,83.0,0,0.000,-0.01,-1,1,0,0,0,0,0,0,0,0,0,PreArm: Board (3.6v) out of range 4.3-5.8v
2026-07-09T13:34:54.366Z,584.712,False,STABILIZE,0.0000000,0.0000000,-1.10,-0.04,0.00,0.00,0.00,2.11,1.35,83.89,0.00,0.00,83.0,0,0.000,-0.01,-1,1,0,0,0,0,0,0,0,0,0,PreArm: Board (3.6v) out of range 4.3-5.8v
2026-07-09T13:34:54.868Z,585.214,False,STABILIZE,0.0000000,0.0000000,-1.09,-0.04,0.00,0.00,0.00,2.11,1.35,83.89,0.00,0.00,83.0,0,0.000,-0.01,-1,1,0,0,0,0,0,0,0,0,0,PreArm: Board (3.6v) out of range 4.3-5.8v
2026-07-09T13:34:55.459Z,585.804,False,STABILIZE,0.0000000,0.0000000,-1.09,-0.04,0.00,0.00,0.00,2.11,1.35,83.89,0.00,0.00,83.0,0,0.000,-0.01,-1,1,0,0,0,0,0,0,0,0,0,PreArm: Board (3.6v) out of range 4.3-5.8v
2026-07-09T13:34:55.959Z,586.304,False,STABILIZE,0.0000000,0.0000000,-1.12,-0.04,0.00,0.00,0.00,2.11,1.35,83.89,0.00,0.00,83.0,0,0.000,-0.01,-1,1,0,0,0,0,0,0,0,0,0,PreArm: Board (3.6v) out of range 4.3-5.8v
2026-07-09T13:34:56.459Z,586.804,False,STABILIZE,0.0000000,0.0000000,-1.11,-0.04,0.00,0.00,0.00,2.11,1.35,83.89,0.00,0.00,83.0,0,0.000,-0.01,-1,1,0,0,0,0,0,0,0,0,0,PreArm: Board (3.6v) out of range 4.3-5.8v
2026-07-09T13:34:56.961Z,587.307,False,STABILIZE,0.0000000,0.0000000,-1.11,-0.04,0.00,0.00,0.00,2.11,1.35,83.89,0.00,0.00,83.0,0,0.000,-0.01,-1,1,0,0,0,0,0,0,0,0,0,PreArm: Board (3.6v) out of range 4.3-5.8v
2026-07-09T13:34:57.461Z,587.807,False,STABILIZE,0.0000000,0.0000000,-1.10,-0.04,0.00,0.00,0.00,2.11,1.35,83.89,0.00,0.00,83.0,0,0.000,-0.01,-1,1,0,0,0,0,0,0,0,0,0,PreArm: Board (3.6v) out of range 4.3-5.8v
2026-07-09T13:34:57.961Z,588.307,False,STABILIZE,0.0000000,0.0000000,-1.15,-0.04,0.00,0.00,0.00,2.11,1.34,83.89,0.00,0.00,83.0,0,0.000,-0.01,-1,1,0,0,0,0,0,0,0,0,0,PreArm: Board (3.6v) out of range 4.3-5.8v
2026-07-09T13:34:58.462Z,588.807,False,STABILIZE,0.0000000,0.0000000,-1.14,-0.04,0.00,0.00,0.00,2.11,1.34,83.89,0.00,0.00,83.0,0,0.000,-0.01,-1,1,0,0,0,0,0,0,0,0,0,PreArm: Board (3.6v) out of range 4.3-5.8v
2026-07-09T13:34:58.962Z,589.307,False,STABILIZE,0.0000000,0.0000000,-1.16,-0.04,0.00,0.00,0.00,2.11,1.34,83.89,0.00,0.00,83.0,0,0.000,-0.01,-1,1,0,0,0,0,0,0,0,0,0,PreArm: Board (3.6v) out of range 4.3-5.8v
2026-07-09T13:34:59.462Z,589.807,False,STABILIZE,0.0000000,0.0000000,-1.15,-0.04,0.00,0.00,0.00,2.10,1.34,83.89,0.00,0.00,83.0,0,0.000,-0.01,-1,1,0,0,0,0,0,0,0,0,0,PreArm: Board (3.6v) out of range 4.3-5.8v
2026-07-09T13:34:59.962Z,590.307,False,STABILIZE,0.0000000,0.0000000,-1.13,-0.04,0.00,0.00,0.00,2.10,1.34,83.89,0.00,0.00,83.0,0,0.000,-0.01,-1,1,0,0,0,0,0,0,0,0,0,PreArm: Board (3.6v) out of range 4.3-5.8v
2026-07-09T13:35:00.462Z,590.807,False,STABILIZE,0.0000000,0.0000000,-1.13,-0.04,0.00,0.00,0.00,2.10,1.34,83.89,0.00,0.00,83.0,0,0.000,-0.01,-1,1,0,0,0,0,0,0,0,0,0,PreArm: Board (3.6v) out of range 4.3-5.8v
2026-07-09T13:35:00.962Z,591.307,False,STABILIZE,0.0000000,0.0000000,-1.16,-0.04,0.00,0.00,0.00,2.10,1.33,83.89,0.00,0.00,83.0,0,0.000,-0.01,-1,1,0,0,0,0,0,0,0,0,0,PreArm: Board (3.6v) out of range 4.3-5.8v
2026-07-09T13:35:01.464Z,591.809,False,STABILIZE,0.0000000,0.0000000,-1.17,-0.04,0.00,0.00,0.00,2.10,1.33,83.89,0.00,0.00,83.0,0,0.000,-0.01,-1,1,0,0,0,0,0,0,0,0,0,PreArm: Board (3.6v) out of range 4.3-5.8v
2026-07-09T13:35:01.964Z,592.309,False,STABILIZE,0.0000000,0.0000000,-1.16,-0.04,0.00,0.00,0.00,2.10,1.34,83.89,0.00,0.00,83.0,0,0.000,-0.01,-1,1,0,0,0,0,0,0,0,0,0,PreArm: Board (3.6v) out of range 4.3-5.8v
2026-07-09T13:35:02.464Z,592.810,False,STABILIZE,0.0000000,0.0000000,-1.19,-0.04,0.00,0.00,0.00,2.10,1.34,83.89,0.00,0.00,83.0,0,0.000,-0.01,-1,1,0,0,0,0,0,0,0,0,0,PreArm: Board (3.6v) out of range 4.3-5.8v
2026-07-09T13:35:02.964Z,593.310,False,STABILIZE,0.0000000,0.0000000,-1.16,-0.04,0.00,0.00,0.00,2.10,1.34,83.89,0.00,0.00,83.0,0,0.000,-0.01,-1,1,0,0,0,0,0,0,0,0,0,PreArm: Board (3.6v) out of range 4.3-5.8v
2026-07-09T13:35:03.465Z,593.811,False,STABILIZE,0.0000000,0.0000000,-1.17,-0.04,0.00,0.00,0.00,2.10,1.34,83.89,0.00,0.00,83.0,0,0.000,-0.01,-1,1,0,0,0,0,0,0,0,0,0,PreArm: Board (3.6v) out of range 4.3-5.8v
2026-07-09T13:35:03.965Z,594.311,False,STABILIZE,0.0000000,0.0000000,-1.18,-0.04,0.00,0.00,0.00,2.10,1.34,83.89,0.00,0.00,83.0,0,0.000,-0.01,-1,1,0,0,0,0,0,0,0,0,0,PreArm: Board (3.6v) out of range 4.3-5.8v
2026-07-09T13:35:04.466Z,594.812,False,STABILIZE,0.0000000,0.0000000,-1.18,-0.04,0.00,0.00,0.00,2.11,1.34,83.89,0.00,0.00,83.0,0,0.000,-0.01,-1,1,0,0,0,0,0,0,0,0,0,PreArm: Board (3.6v) out of range 4.3-5.8v
2026-07-09T13:35:04.967Z,595.313,False,STABILIZE,0.0000000,0.0000000,-1.19,-0.04,0.00,0.00,0.00,2.11,1.34,83.89,0.00,0.00,83.0,0,0.000,-0.01,-1,1,0,0,0,0,0,0,0,0,0,PreArm: Board (3.6v) out of range 4.3-5.8v
2026-07-09T13:35:05.560Z,595.905,False,STABILIZE,0.0000000,0.0000000,-1.17,-0.04,0.00,0.00,0.00,2.11,1.34,83.89,0.00,0.00,83.0,0,0.000,-0.01,-1,1,0,0,0,0,0,0,0,0,0,PreArm: Board (3.6v) out of range 4.3-5.8v
2026-07-09T13:35:06.062Z,596.407,False,STABILIZE,0.0000000,0.0000000,-1.17,-0.04,0.00,0.00,0.01,2.11,1.34,83.89,0.00,0.00,83.0,0,0.000,-0.01,-1,1,0,0,0,0,0,0,0,0,0,PreArm: Board (3.6v) out of range 4.3-5.8v
2026-07-09T13:35:06.562Z,596.907,False,STABILIZE,0.0000000,0.0000000,-1.20,-0.04,0.00,0.00,0.00,2.11,1.34,83.89,0.00,0.00,83.0,0,0.000,-0.01,-1,1,0,0,0,0,0,0,0,0,0,PreArm: Board (3.6v) out of range 4.3-5.8v
2026-07-09T13:35:07.065Z,597.411,False,STABILIZE,0.0000000,0.0000000,-1.19,-0.04,0.00,0.00,0.00,2.11,1.34,83.89,0.00,0.00,83.0,0,0.000,-0.01,-1,1,0,0,0,0,0,0,0,0,0,PreArm: Board (3.6v) out of range 4.3-5.8v
2026-07-09T13:35:07.566Z,597.912,False,STABILIZE,0.0000000,0.0000000,-1.18,-0.04,0.00,0.00,0.00,2.11,1.34,83.89,0.00,0.00,83.0,0,0.000,-0.01,-1,1,0,0,0,0,0,0,0,0,0,PreArm: Board (3.6v) out of range 4.3-5.8v
2026-07-09T13:35:08.066Z,598.412,False,STABILIZE,0.0000000,0.0000000,-1.18,-0.04,0.00,0.00,0.00,2.11,1.34,83.89,0.00,0.00,83.0,0,0.000,-0.01,-1,1,0,0,0,0,0,0,0,0,0,PreArm: Board (3.6v) out of range 4.3-5.8v
2026-07-09T13:35:08.567Z,598.912,False,STABILIZE,0.0000000,0.0000000,-1.20,-0.04,0.00,0.00,0.00,2.11,1.34,83.89,0.00,0.00,83.0,0,0.000,-0.01,-1,1,0,0,0,0,0,0,0,0,0,PreArm: Board (3.6v) out of range 4.3-5.8v
2026-07-09T13:35:09.067Z,599.412,False,STABILIZE,0.0000000,0.0000000,-1.16,-0.04,0.00,0.00,0.00,2.11,1.34,83.89,0.00,0.00,83.0,0,0.000,-0.01,-1,1,0,0,0,0,0,0,0,0,0,PreArm: Board (3.6v) out of range 4.3-5.8v
2026-07-09T13:35:09.567Z,599.912,False,STABILIZE,0.0000000,0.0000000,-1.16,-0.04,0.00,0.00,0.00,2.11,1.34,83.88,0.00,0.00,83.0,0,0.000,-0.01,-1,1,0,0,0,0,0,0,0,0,0,PreArm: Board (3.6v) out of range 4.3-5.8v
2026-07-09T13:35:10.160Z,600.505,False,STABILIZE,0.0000000,0.0000000,-1.17,-0.04,0.00,0.00,0.00,2.11,1.34,83.88,0.00,0.00,83.0,0,0.000,-0.01,-1,1,0,0,0,0,0,0,0,0,0,PreArm: Board (3.6v) out of range 4.3-5.8v
2026-07-09T13:35:10.660Z,601.005,False,STABILIZE,0.0000000,0.0000000,-1.17,-0.04,0.00,0.00,0.00,2.11,1.34,83.88,0.00,0.00,83.0,0,0.000,-0.01,-1,1,0,0,0,0,0,0,0,0,0,PreArm: Board (3.6v) out of range 4.3-5.8v
2026-07-09T13:35:11.161Z,601.507,False,STABILIZE,0.0000000,0.0000000,-1.15,-0.04,0.00,0.00,0.00,2.11,1.34,83.88,0.00,0.00,83.0,0,0.000,-0.01,-1,1,0,0,0,0,0,0,0,0,0,PreArm: Board (3.6v) out of range 4.3-5.8v
2026-07-09T13:35:11.662Z,602.007,False,STABILIZE,0.0000000,0.0000000,-1.16,-0.04,0.00,0.00,0.00,2.12,1.34,83.88,0.00,0.00,83.0,0,0.000,-0.01,-1,1,0,0,0,0,0,0,0,0,0,PreArm: Board (3.6v) out of range 4.3-5.8v
2026-07-09T13:35:12.162Z,602.508,False,STABILIZE,0.0000000,0.0000000,-1.17,-0.04,0.00,0.00,0.00,2.12,1.34,83.88,0.00,0.00,83.0,0,0.000,-0.01,-1,1,0,0,0,0,0,0,0,0,0,PreArm: Board (3.6v) out of range 4.3-5.8v
2026-07-09T13:35:12.662Z,603.008,False,STABILIZE,0.0000000,0.0000000,-1.15,-0.04,0.00,0.00,0.00,2.12,1.34,83.89,0.00,0.00,83.0,0,0.000,-0.01,-1,1,0,0,0,0,0,0,0,0,0,PreArm: Board (3.6v) out of range 4.3-5.8v
2026-07-09T13:35:13.162Z,603.508,False,STABILIZE,0.0000000,0.0000000,-1.15,-0.04,0.00,0.00,0.00,2.11,1.34,83.89,0.00,0.00,83.0,0,0.000,-0.01,-1,1,0,0,0,0,0,0,0,0,0,PreArm: Board (3.6v) out of range 4.3-5.8v
2026-07-09T13:35:13.662Z,604.008,False,STABILIZE,0.0000000,0.0000000,-1.13,-0.04,0.00,0.00,0.00,2.11,1.34,83.88,0.00,0.00,83.0,0,0.000,-0.01,-1,1,0,0,0,0,0,0,0,0,0,PreArm: Board (3.6v) out of range 4.3-5.8v
2026-07-09T13:35:14.164Z,604.509,False,STABILIZE,0.0000000,0.0000000,-1.13,-0.04,0.00,0.00,0.00,2.11,1.34,83.89,0.00,0.00,83.0,0,0.000,-0.01,-1,1,0,0,0,0,0,0,0,0,0,PreArm: Board (3.6v) out of range 4.3-5.8v
2026-07-09T13:35:14.664Z,605.009,False,STABILIZE,0.0000000,0.0000000,-1.11,-0.04,0.00,0.00,0.00,2.11,1.34,83.89,0.00,0.00,83.0,0,0.000,-0.01,-1,1,0,0,0,0,0,0,0,0,0,PreArm: Board (3.6v) out of range 4.3-5.8v
2026-07-09T13:35:15.164Z,605.510,False,STABILIZE,0.0000000,0.0000000,-1.14,-0.04,0.00,0.00,0.00,2.11,1.34,83.89,0.00,0.00,83.0,0,0.000,-0.01,-1,1,0,0,0,0,0,0,0,0,0,PreArm: Board (3.6v) out of range 4.3-5.8v
2026-07-09T13:35:15.664Z,606.010,False,STABILIZE,0.0000000,0.0000000,-1.13,-0.04,0.00,0.00,-0.01,2.11,1.34,83.89,0.00,0.00,83.0,0,0.000,-0.01,-1,1,0,0,0,0,0,0,0,0,0,PreArm: Board (3.6v) out of range 4.3-5.8v
2026-07-09T13:35:16.166Z,606.511,False,STABILIZE,0.0000000,0.0000000,-1.13,-0.04,0.00,0.00,-0.01,2.11,1.34,83.89,0.00,0.00,83.0,0,0.000,-0.01,-1,1,0,0,0,0,0,0,0,0,0,PreArm: Board (3.6v) out of range 4.3-5.8v
2026-07-09T13:35:16.667Z,607.013,False,STABILIZE,0.0000000,0.0000000,-1.10,-0.04,0.00,0.00,-0.01,2.11,1.34,83.89,0.00,0.00,83.0,0,0.000,-0.01,-1,1,0,0,0,0,0,0,0,0,0,PreArm: Board (3.7v) out of range 4.3-5.8v
2026-07-09T13:35:17.170Z,607.515,False,STABILIZE,0.0000000,0.0000000,-1.10,-0.04,0.00,0.00,-0.01,2.11,1.34,83.89,0.00,0.00,83.0,0,0.000,-0.01,-1,1,0,0,0,0,0,0,0,0,0,PreArm: Board (3.7v) out of range 4.3-5.8v
2026-07-09T13:35:17.760Z,608.105,False,STABILIZE,0.0000000,0.0000000,-1.15,-0.04,0.00,0.00,-0.01,2.11,1.34,83.90,0.00,0.00,83.0,0,0.000,-0.01,-1,1,0,0,0,0,0,0,0,0,0,PreArm: Board (3.7v) out of range 4.3-5.8v
2026-07-09T13:35:18.261Z,608.607,False,STABILIZE,0.0000000,0.0000000,-1.12,-0.04,0.00,0.00,-0.01,2.11,1.34,83.90,0.00,0.00,83.0,0,0.000,-0.01,-1,1,0,0,0,0,0,0,0,0,0,PreArm: Board (3.7v) out of range 4.3-5.8v
2026-07-09T13:35:18.761Z,609.107,False,STABILIZE,0.0000000,0.0000000,-1.10,-0.04,0.00,0.00,-0.01,2.12,1.34,83.90,0.00,0.00,83.0,0,0.000,-0.01,-1,1,0,0,0,0,0,0,0,0,0,PreArm: Board (3.7v) out of range 4.3-5.8v
2026-07-09T13:35:19.261Z,609.607,False,STABILIZE,0.0000000,0.0000000,-1.11,-0.04,0.00,0.00,-0.01,2.12,1.34,83.90,0.00,0.00,83.0,0,0.000,-0.01,-1,1,0,0,0,0,0,0,0,0,0,PreArm: Board (3.7v) out of range 4.3-5.8v
2026-07-09T13:35:19.761Z,610.107,False,STABILIZE,0.0000000,0.0000000,-1.11,-0.04,0.00,0.00,-0.01,2.12,1.35,83.90,0.00,0.00,83.0,0,0.000,-0.01,-1,1,0,0,0,0,0,0,0,0,0,PreArm: Board (3.7v) out of range 4.3-5.8v
2026-07-09T13:35:20.262Z,610.607,False,STABILIZE,0.0000000,0.0000000,-1.10,-0.04,0.00,0.00,0.00,2.12,1.35,83.90,0.00,0.00,83.0,0,0.000,-0.01,-1,1,0,0,0,0,0,0,0,0,0,PreArm: Board (3.7v) out of range 4.3-5.8v
2026-07-09T13:35:20.762Z,611.107,False,STABILIZE,0.0000000,0.0000000,-1.13,-0.04,0.00,0.00,0.00,2.12,1.34,83.90,0.00,0.00,83.0,0,0.000,-0.01,-1,1,0,0,0,0,0,0,0,0,0,PreArm: Board (3.7v) out of range 4.3-5.8v
2026-07-09T13:35:21.262Z,611.608,False,STABILIZE,0.0000000,0.0000000,-1.13,-0.04,0.00,0.00,0.00,2.12,1.34,83.90,0.00,0.00,83.0,0,0.000,-0.01,-1,1,0,0,0,0,0,0,0,0,0,PreArm: Board (3.7v) out of range 4.3-5.8v
2026-07-09T13:35:21.764Z,612.110,False,STABILIZE,0.0000000,0.0000000,-1.14,-0.04,0.00,0.00,0.00,2.11,1.34,83.90,0.00,0.00,83.0,0,0.000,-0.01,-1,1,0,0,0,0,0,0,0,0,0,PreArm: Board (3.7v) out of range 4.3-5.8v
2026-07-09T13:35:22.266Z,612.612,False,STABILIZE,0.0000000,0.0000000,-1.10,-0.04,0.00,0.00,0.00,2.11,1.34,83.90,0.00,0.00,83.0,0,0.000,-0.01,-1,1,0,0,0,0,0,0,0,0,0,PreArm: Board (3.7v) out of range 4.3-5.8v
2026-07-09T13:35:22.766Z,613.112,False,STABILIZE,0.0000000,0.0000000,-1.11,-0.04,0.00,0.00,0.00,2.11,1.34,83.89,0.00,0.00,83.0,0,0.000,-0.01,-1,1,0,0,0,0,0,0,0,0,0,PreArm: Board (3.7v) out of range 4.3-5.8v
2026-07-09T13:35:23.266Z,613.612,False,STABILIZE,0.0000000,0.0000000,-1.13,-0.04,0.00,0.00,0.00,2.11,1.34,83.89,0.00,0.00,83.0,0,0.000,-0.01,-1,1,0,0,0,0,0,0,0,0,0,PreArm: Board (3.7v) out of range 4.3-5.8v
2026-07-09T13:35:23.767Z,614.112,False,STABILIZE,0.0000000,0.0000000,-1.13,-0.04,0.00,0.00,0.00,2.11,1.34,83.89,0.00,0.00,83.0,0,0.000,-0.01,-1,1,0,0,0,0,0,0,0,0,0,PreArm: Board (3.7v) out of range 4.3-5.8v
2026-07-09T13:35:24.267Z,614.612,False,STABILIZE,0.0000000,0.0000000,-1.13,-0.04,0.00,0.00,0.00,2.11,1.34,83.89,0.00,0.00,83.0,0,0.000,-0.01,-1,1,0,0,0,0,0,0,0,0,0,PreArm: Board (3.7v) out of range 4.3-5.8v
2026-07-09T13:35:24.767Z,615.112,False,STABILIZE,0.0000000,0.0000000,-1.18,-0.04,0.00,0.00,0.00,2.11,1.34,83.89,0.00,0.00,83.0,0,0.000,-0.01,-1,1,0,0,0,0,0,0,0,0,0,PreArm: Board (3.7v) out of range 4.3-5.8v
2026-07-09T13:35:25.360Z,615.705,False,STABILIZE,0.0000000,0.0000000,-1.15,-0.04,0.00,0.00,0.00,2.10,1.34,83.89,0.00,0.00,83.0,0,0.000,-0.01,-1,1,0,0,0,0,0,0,0,0,0,PreArm: Board (3.7v) out of range 4.3-5.8v
2026-07-09T13:35:25.862Z,616.207,False,STABILIZE,0.0000000,0.0000000,-1.14,-0.04,0.00,0.00,0.00,2.11,1.34,83.89,0.00,0.00,83.0,0,0.000,-0.01,-1,1,0,0,0,0,0,0,0,0,0,PreArm: Board (3.7v) out of range 4.3-5.8v
2026-07-09T13:35:26.362Z,616.707,False,STABILIZE,0.0000000,0.0000000,-1.16,-0.04,0.00,0.00,0.00,2.11,1.34,83.89,0.00,0.00,83.0,0,0.000,-0.01,-1,1,0,0,0,0,0,0,0,0,0,PreArm: Board (3.7v) out of range 4.3-5.8v
2026-07-09T13:35:26.862Z,617.207,False,STABILIZE,0.0000000,0.0000000,-1.15,-0.04,0.00,0.00,0.00,2.11,1.34,83.89,0.00,0.00,83.0,0,0.000,-0.01,-1,1,0,0,0,0,0,0,0,0,0,PreArm: Board (3.7v) out of range 4.3-5.8v
2026-07-09T13:35:27.363Z,617.709,False,STABILIZE,0.0000000,0.0000000,-1.15,-0.04,0.00,0.00,0.00,2.11,1.33,83.89,0.00,0.00,83.0,0,0.000,-0.01,-1,1,0,0,0,0,0,0,0,0,0,PreArm: Board (3.7v) out of range 4.3-5.8v
2026-07-09T13:35:27.864Z,618.209,False,STABILIZE,0.0000000,0.0000000,-1.14,-0.04,0.00,0.00,0.00,2.11,1.33,83.89,0.00,0.00,83.0,0,0.000,-0.01,-1,1,0,0,0,0,0,0,0,0,0,PreArm: Board (3.7v) out of range 4.3-5.8v
2026-07-09T13:35:28.364Z,618.709,False,STABILIZE,0.0000000,0.0000000,-1.18,-0.04,0.00,0.00,0.00,2.11,1.33,83.88,0.00,0.00,83.0,0,0.000,-0.01,-1,1,0,0,0,0,0,0,0,0,0,PreArm: Board (3.7v) out of range 4.3-5.8v
2026-07-09T13:35:28.864Z,619.209,False,STABILIZE,0.0000000,0.0000000,-1.18,-0.04,0.00,0.00,0.00,2.11,1.33,83.88,0.00,0.00,83.0,0,0.000,-0.01,-1,1,0,0,0,0,0,0,0,0,0,PreArm: Board (3.7v) out of range 4.3-5.8v
2026-07-09T13:35:29.364Z,619.710,False,STABILIZE,0.0000000,0.0000000,-1.18,-0.04,0.00,0.00,0.01,2.11,1.33,83.88,0.00,0.00,83.0,0,0.000,-0.01,-1,1,0,0,0,0,0,0,0,0,0,PreArm: Board (3.7v) out of range 4.3-5.8v
2026-07-09T13:35:29.864Z,620.210,False,STABILIZE,0.0000000,0.0000000,-1.19,-0.04,0.00,0.00,0.01,2.12,1.33,83.88,0.00,0.00,83.0,0,0.000,-0.01,-1,1,0,0,0,0,0,0,0,0,0,PreArm: Board (3.7v) out of range 4.3-5.8v
2026-07-09T13:35:30.365Z,620.711,False,STABILIZE,0.0000000,0.0000000,-1.20,-0.04,0.00,0.00,0.01,2.11,1.33,83.88,0.00,0.00,83.0,0,0.000,-0.01,-1,1,0,0,0,0,0,0,0,0,0,PreArm: Board (3.7v) out of range 4.3-5.8v
2026-07-09T13:35:30.866Z,621.212,False,STABILIZE,0.0000000,0.0000000,-1.21,-0.04,0.00,0.00,0.01,2.11,1.33,83.88,0.00,0.00,83.0,0,0.000,-0.01,-1,1,0,0,0,0,0,0,0,0,0,PreArm: Board (3.7v) out of range 4.3-5.8v
2026-07-09T13:35:31.368Z,621.714,False,STABILIZE,0.0000000,0.0000000,-1.23,-0.04,0.00,0.00,0.01,2.11,1.33,83.88,0.00,0.00,83.0,0,0.000,-0.01,-1,1,0,0,0,0,0,0,0,0,0,PreArm: Board (3.7v) out of range 4.3-5.8v
2026-07-09T13:35:31.960Z,622.305,False,STABILIZE,0.0000000,0.0000000,-1.24,-0.04,0.00,0.00,0.01,2.11,1.33,83.87,0.00,0.00,83.0,0,0.000,-0.01,-1,1,0,0,0,0,0,0,0,0,0,PreArm: Board (3.7v) out of range 4.3-5.8v
2026-07-09T13:35:32.460Z,622.805,False,STABILIZE,0.0000000,0.0000000,-1.24,-0.04,0.00,0.00,0.02,2.11,1.34,83.87,0.00,0.00,83.0,0,0.000,-0.01,-1,1,0,0,0,0,0,0,0,0,0,PreArm: Board (3.7v) out of range 4.3-5.8v
2026-07-09T13:35:32.961Z,623.307,False,STABILIZE,0.0000000,0.0000000,-1.21,-0.04,0.00,0.00,0.02,2.11,1.34,83.87,0.00,0.00,83.0,0,0.000,-0.01,-1,1,0,0,0,0,0,0,0,0,0,PreArm: Board (3.7v) out of range 4.3-5.8v
2026-07-09T13:35:33.462Z,623.808,False,STABILIZE,0.0000000,0.0000000,-1.24,-0.04,0.00,0.00,0.02,2.11,1.34,83.87,0.00,0.00,83.0,0,0.000,-0.01,-1,1,0,0,0,0,0,0,0,0,0,PreArm: Board (3.7v) out of range 4.3-5.8v
2026-07-09T13:35:33.963Z,624.309,False,STABILIZE,0.0000000,0.0000000,-1.26,-0.04,0.00,0.00,0.02,2.11,1.34,83.87,0.00,0.00,83.0,0,0.000,-0.01,-1,1,0,0,0,0,0,0,0,0,0,PreArm: Board (3.7v) out of range 4.3-5.8v
2026-07-09T13:35:34.464Z,624.810,False,STABILIZE,0.0000000,0.0000000,-1.27,-0.04,0.00,0.00,0.02,2.11,1.34,83.87,0.00,0.00,83.0,0,0.000,-0.01,-1,1,0,0,0,0,0,0,0,0,0,PreArm: Board (3.7v) out of range 4.3-5.8v
2026-07-09T13:35:34.966Z,625.312,False,STABILIZE,0.0000000,0.0000000,-1.28,-0.04,0.00,0.00,0.02,2.11,1.35,83.87,0.00,0.00,83.0,0,0.000,-0.01,-1,1,0,0,0,0,0,0,0,0,0,PreArm: Board (3.7v) out of range 4.3-5.8v
2026-07-09T13:35:35.466Z,625.812,False,STABILIZE,0.0000000,0.0000000,-1.29,-0.04,0.00,0.00,0.02,2.11,1.35,83.87,0.00,0.00,83.0,0,0.000,-0.01,-1,1,0,0,0,0,0,0,0,0,0,PreArm: Board (3.7v) out of range 4.3-5.8v
2026-07-09T13:35:35.967Z,626.313,False,STABILIZE,0.0000000,0.0000000,-1.28,-0.04,0.00,0.00,0.02,2.11,1.35,83.87,0.00,0.00,83.0,0,0.000,-0.01,-1,1,0,0,0,0,0,0,0,0,0,PreArm: Board (3.7v) out of range 4.3-5.8v
2026-07-09T13:35:36.560Z,626.905,False,STABILIZE,0.0000000,0.0000000,-1.30,-0.04,0.00,0.00,0.02,2.11,1.35,83.87,0.00,0.00,83.0,0,0.000,-0.01,-1,1,0,0,0,0,0,0,0,0,0,PreArm: Board (3.7v) out of range 4.3-5.8v
2026-07-09T13:35:37.060Z,627.405,False,STABILIZE,0.0000000,0.0000000,-1.29,-0.04,0.00,0.00,0.02,2.11,1.35,83.87,0.00,0.00,83.0,0,0.000,-0.01,-1,1,0,0,0,0,0,0,0,0,0,PreArm: Board (3.7v) out of range 4.3-5.8v
2026-07-09T13:35:37.560Z,627.905,False,STABILIZE,0.0000000,0.0000000,-1.30,-0.04,0.00,0.00,0.02,2.11,1.34,83.87,0.00,0.00,83.0,0,0.000,-0.01,-1,1,0,0,0,0,0,0,0,0,0,PreArm: Board (3.7v) out of range 4.3-5.8v
2026-07-09T13:35:38.061Z,628.406,False,STABILIZE,0.0000000,0.0000000,-1.30,-0.04,0.00,0.00,0.02,2.10,1.34,83.86,0.00,0.00,83.0,0,0.000,-0.01,-1,1,0,0,0,0,0,0,0,0,0,PreArm: Board (3.7v) out of range 4.3-5.8v
2026-07-09T13:35:38.563Z,628.908,False,STABILIZE,0.0000000,0.0000000,-1.28,-0.04,0.00,0.00,0.02,2.11,1.34,83.86,0.00,0.00,83.0,0,0.000,-0.01,-1,1,0,0,0,0,0,0,0,0,0,PreArm: Board (3.7v) out of range 4.3-5.8v
2026-07-09T13:35:39.063Z,629.408,False,STABILIZE,0.0000000,0.0000000,-1.28,-0.04,0.00,0.00,0.01,2.11,1.34,83.86,0.00,0.00,83.0,0,0.000,-0.01,-1,1,0,0,0,0,0,0,0,0,0,PreArm: Board (3.7v) out of range 4.3-5.8v
2026-07-09T13:35:39.565Z,629.911,False,STABILIZE,0.0000000,0.0000000,-1.31,-0.04,0.00,0.00,0.01,2.10,1.34,83.86,0.00,0.00,83.0,0,0.000,-0.01,-1,1,0,0,0,0,0,0,0,0,0,PreArm: Board (3.7v) out of range 4.3-5.8v
2026-07-09T13:35:40.067Z,630.412,False,STABILIZE,0.0000000,0.0000000,-1.29,-0.04,0.00,0.00,0.01,2.10,1.34,83.86,0.00,0.00,83.0,0,0.000,-0.01,-1,1,0,0,0,0,0,0,0,0,0,PreArm: Board (3.7v) out of range 4.3-5.8v
2026-07-09T13:35:40.569Z,630.914,False,STABILIZE,0.0000000,0.0000000,-1.30,-0.04,0.00,0.00,0.01,2.11,1.34,83.86,0.00,0.00,83.0,0,0.000,-0.01,-1,1,0,0,0,0,0,0,0,0,0,PreArm: Board (3.7v) out of range 4.3-5.8v
2026-07-09T13:35:41.160Z,631.506,False,STABILIZE,0.0000000,0.0000000,-1.29,-0.04,0.00,0.00,0.01,2.11,1.34,83.86,0.00,0.00,83.0,0,0.000,-0.01,-1,1,0,0,0,0,0,0,0,0,0,PreArm: Board (3.7v) out of range 4.3-5.8v
2026-07-09T13:35:41.660Z,632.006,False,STABILIZE,0.0000000,0.0000000,-1.30,-0.04,0.00,0.00,0.00,2.11,1.34,83.86,0.00,0.00,83.0,0,0.000,-0.01,-1,1,0,0,0,0,0,0,0,0,0,PreArm: Board (3.7v) out of range 4.3-5.8v
2026-07-09T13:35:42.161Z,632.506,False,STABILIZE,0.0000000,0.0000000,-1.31,-0.04,0.00,0.00,0.00,2.11,1.34,83.86,0.00,0.00,83.0,0,0.000,-0.01,-1,1,0,0,0,0,0,0,0,0,0,PreArm: Board (3.7v) out of range 4.3-5.8v
2026-07-09T13:35:42.661Z,633.007,False,STABILIZE,0.0000000,0.0000000,-1.25,-0.04,0.00,0.00,0.00,2.11,1.34,83.86,0.00,0.00,83.0,0,0.000,-0.01,-1,1,0,0,0,0,0,0,0,0,0,PreArm: Board (3.7v) out of range 4.3-5.8v
2026-07-09T13:35:43.162Z,633.508,False,STABILIZE,0.0000000,0.0000000,-1.34,-0.04,0.00,0.00,0.00,2.11,1.35,83.86,0.00,0.00,83.0,0,0.000,-0.01,-1,1,0,0,0,0,0,0,0,0,0,PreArm: Board (3.7v) out of range 4.3-5.8v
2026-07-09T13:35:43.662Z,634.008,False,STABILIZE,0.0000000,0.0000000,-1.28,-0.04,0.00,0.00,0.00,2.11,1.34,83.86,0.00,0.00,83.0,0,0.000,-0.01,-1,1,0,0,0,0,0,0,0,0,0,PreArm: Board (3.7v) out of range 4.3-5.8v
2026-07-09T13:35:44.162Z,634.508,False,STABILIZE,0.0000000,0.0000000,-1.29,-0.04,0.00,0.00,0.00,2.11,1.35,83.86,0.00,0.00,83.0,0,0.000,-0.01,-1,1,0,0,0,0,0,0,0,0,0,PreArm: Board (3.7v) out of range 4.3-5.8v
2026-07-09T13:35:44.663Z,635.009,False,STABILIZE,0.0000000,0.0000000,-1.34,-0.04,0.00,0.00,0.00,2.11,1.35,83.86,0.00,0.00,83.0,0,0.000,-0.01,-1,1,0,0,0,0,0,0,0,0,0,PreArm: Board (3.7v) out of range 4.3-5.8v
2026-07-09T13:35:45.164Z,635.510,False,STABILIZE,0.0000000,0.0000000,-1.30,-0.04,0.00,0.00,0.00,2.11,1.35,83.86,0.00,0.00,83.0,0,0.000,-0.01,-1,1,0,0,0,0,0,0,0,0,0,PreArm: Board (3.7v) out of range 4.3-5.8v
2026-07-09T13:35:45.665Z,636.011,False,STABILIZE,0.0000000,0.0000000,-1.27,-0.04,0.00,0.00,0.00,2.12,1.35,83.86,0.00,0.00,83.0,0,0.000,-0.01,-1,1,0,0,0,0,0,0,0,0,0,PreArm: Board (3.7v) out of range 4.3-5.8v
2026-07-09T13:35:46.165Z,636.511,False,STABILIZE,0.0000000,0.0000000,-1.31,-0.04,0.00,0.00,0.00,2.11,1.35,83.86,0.00,0.00,83.0,0,0.000,-0.01,-1,1,0,0,0,0,0,0,0,0,0,PreArm: Board (3.7v) out of range 4.3-5.8v
2026-07-09T13:35:46.666Z,637.012,False,STABILIZE,0.0000000,0.0000000,-1.28,-0.04,0.00,0.00,0.00,2.11,1.35,83.86,0.00,0.00,83.0,0,0.000,-0.01,-1,1,0,0,0,0,0,0,0,0,0,PreArm: Board (3.7v) out of range 4.3-5.8v
2026-07-09T13:35:47.168Z,637.513,False,STABILIZE,0.0000000,0.0000000,-1.29,-0.04,0.00,0.00,0.00,2.11,1.35,83.86,0.00,0.00,83.0,0,0.000,-0.01,-1,1,0,0,0,0,0,0,0,0,0,PreArm: Board (3.7v) out of range 4.3-5.8v
2026-07-09T13:35:47.669Z,638.015,False,STABILIZE,0.0000000,0.0000000,-1.28,-0.04,0.00,0.00,0.00,2.11,1.34,83.86,0.00,0.00,83.0,0,0.000,-0.01,-1,1,0,0,0,0,0,0,0,0,0,PreArm: Board (3.6v) out of range 4.3-5.8v
2026-07-09T13:35:48.263Z,638.608,False,STABILIZE,0.0000000,0.0000000,-1.28,-0.04,0.00,0.00,0.00,2.11,1.35,83.85,0.00,0.00,83.0,0,0.000,-0.01,-1,1,0,0,0,0,0,0,0,0,0,PreArm: Board (3.6v) out of range 4.3-5.8v
2026-07-09T13:35:48.764Z,639.110,False,STABILIZE,0.0000000,0.0000000,-1.27,-0.04,0.00,0.00,0.00,2.11,1.35,83.85,0.00,0.00,83.0,0,0.000,-0.01,-1,1,0,0,0,0,0,0,0,0,0,PreArm: Board (3.6v) out of range 4.3-5.8v
2026-07-09T13:35:49.264Z,639.610,False,STABILIZE,0.0000000,0.0000000,-1.29,-0.04,0.00,0.00,0.00,2.11,1.34,83.85,0.00,0.00,83.0,0,0.000,-0.01,-1,1,0,0,0,0,0,0,0,0,0,PreArm: Board (3.6v) out of range 4.3-5.8v
2026-07-09T13:35:49.765Z,640.111,False,STABILIZE,0.0000000,0.0000000,-1.29,-0.04,0.00,0.00,0.00,2.11,1.34,83.85,0.00,0.00,83.0,0,0.000,-0.01,-1,1,0,0,0,0,0,0,0,0,0,PreArm: Board (3.6v) out of range 4.3-5.8v
2026-07-09T13:35:50.266Z,640.612,False,STABILIZE,0.0000000,0.0000000,-1.29,-0.04,0.00,0.00,0.00,2.11,1.35,83.85,0.00,0.00,83.0,0,0.000,-0.01,-1,1,0,0,0,0,0,0,0,0,0,PreArm: Board (3.6v) out of range 4.3-5.8v
2026-07-09T13:35:50.767Z,641.113,False,STABILIZE,0.0000000,0.0000000,-1.25,-0.04,0.00,0.00,0.00,2.11,1.35,83.85,0.00,0.00,83.0,0,0.000,-0.01,-1,1,0,0,0,0,0,0,0,0,0,PreArm: Board (3.6v) out of range 4.3-5.8v
2026-07-09T13:35:51.267Z,641.613,False,STABILIZE,0.0000000,0.0000000,-1.28,-0.04,0.00,0.00,0.00,2.11,1.35,83.85,0.00,0.00,83.0,0,0.000,-0.01,-1,1,0,0,0,0,0,0,0,0,0,PreArm: Board (3.6v) out of range 4.3-5.8v
2026-07-09T13:35:51.861Z,642.206,False,STABILIZE,0.0000000,0.0000000,-1.23,-0.04,0.00,0.00,0.00,2.11,1.35,83.85,0.00,0.00,83.0,0,0.000,-0.01,-1,1,0,0,0,0,0,0,0,0,0,PreArm: Board (3.6v) out of range 4.3-5.8v
2026-07-09T13:35:52.362Z,642.707,False,STABILIZE,0.0000000,0.0000000,-1.28,-0.04,0.00,0.00,0.00,2.11,1.35,83.85,0.00,0.00,83.0,0,0.000,-0.01,-1,1,0,0,0,0,0,0,0,0,0,PreArm: Board (3.6v) out of range 4.3-5.8v
2026-07-09T13:35:52.862Z,643.207,False,STABILIZE,0.0000000,0.0000000,-1.24,-0.04,0.00,0.00,0.00,2.11,1.35,83.85,0.00,0.00,83.0,0,0.000,-0.01,-1,1,0,0,0,0,0,0,0,0,0,PreArm: Board (3.6v) out of range 4.3-5.8v
2026-07-09T13:35:53.362Z,643.707,False,STABILIZE,0.0000000,0.0000000,-1.25,-0.04,0.00,0.00,0.00,2.11,1.35,83.86,0.00,0.00,83.0,0,0.000,-0.01,-1,1,0,0,0,0,0,0,0,0,0,PreArm: Board (3.6v) out of range 4.3-5.8v
2026-07-09T13:35:53.862Z,644.208,False,STABILIZE,0.0000000,0.0000000,-1.25,-0.04,0.00,0.00,0.00,2.11,1.35,83.86,0.00,0.00,83.0,0,0.000,-0.01,-1,1,0,0,0,0,0,0,0,0,0,PreArm: Board (3.6v) out of range 4.3-5.8v
2026-07-09T13:35:54.362Z,644.708,False,STABILIZE,0.0000000,0.0000000,-1.24,-0.04,0.00,0.00,0.00,2.11,1.35,83.86,0.00,0.00,83.0,0,0.000,-0.01,-1,1,0,0,0,0,0,0,0,0,0,PreArm: Board (3.6v) out of range 4.3-5.8v
2026-07-09T13:35:54.863Z,645.209,False,STABILIZE,0.0000000,0.0000000,-1.26,-0.04,0.00,0.00,-0.01,2.12,1.35,83.86,0.00,0.00,83.0,0,0.000,-0.01,-1,1,0,0,0,0,0,0,0,0,0,PreArm: Board (3.6v) out of range 4.3-5.8v
2026-07-09T13:35:55.364Z,645.710,False,STABILIZE,0.0000000,0.0000000,-1.21,-0.04,0.00,0.00,-0.01,2.12,1.35,83.86,0.00,0.00,83.0,0,0.000,-0.01,-1,1,0,0,0,0,0,0,0,0,0,PreArm: Board (3.6v) out of range 4.3-5.8v
2026-07-09T13:35:55.867Z,646.212,False,STABILIZE,0.0000000,0.0000000,-1.24,-0.04,0.00,0.00,-0.01,2.12,1.35,83.85,0.00,0.00,83.0,0,0.000,-0.01,-1,1,0,0,0,0,0,0,0,0,0,PreArm: Board (3.6v) out of range 4.3-5.8v
2026-07-09T13:35:56.368Z,646.713,False,STABILIZE,0.0000000,0.0000000,-1.19,-0.04,0.00,0.00,-0.01,2.12,1.35,83.85,0.00,0.00,83.0,0,0.000,-0.01,-1,1,0,0,0,0,0,0,0,0,0,PreArm: Board (3.6v) out of range 4.3-5.8v
2026-07-09T13:35:56.868Z,647.213,False,STABILIZE,0.0000000,0.0000000,-1.21,-0.04,0.00,0.00,-0.01,2.12,1.35,83.85,0.00,0.00,83.0,0,0.000,-0.01,-1,1,0,0,0,0,0,0,0,0,0,PreArm: Board (3.6v) out of range 4.3-5.8v
2026-07-09T13:35:57.460Z,647.806,False,STABILIZE,0.0000000,0.0000000,-1.22,-0.04,0.00,0.00,-0.01,2.12,1.35,83.85,0.00,0.00,83.0,0,0.000,-0.01,-1,1,0,0,0,0,0,0,0,0,0,PreArm: Board (3.6v) out of range 4.3-5.8v
2026-07-09T13:35:57.960Z,648.306,False,STABILIZE,0.0000000,0.0000000,-1.22,-0.04,0.00,0.00,-0.01,2.12,1.34,83.85,0.00,0.00,83.0,0,0.000,-0.01,-1,1,0,0,0,0,0,0,0,0,0,PreArm: Board (3.6v) out of range 4.3-5.8v
2026-07-09T13:35:58.462Z,648.808,False,STABILIZE,0.0000000,0.0000000,-1.23,-0.04,0.00,0.00,-0.01,2.11,1.34,83.85,0.00,0.00,83.0,0,0.000,-0.01,-1,1,0,0,0,0,0,0,0,0,0,PreArm: Board (3.6v) out of range 4.3-5.8v
2026-07-09T13:35:58.962Z,649.308,False,STABILIZE,0.0000000,0.0000000,-1.23,-0.04,0.00,0.00,0.00,2.11,1.34,83.85,0.00,0.00,83.0,0,0.000,-0.01,-1,1,0,0,0,0,0,0,0,0,0,PreArm: Board (3.6v) out of range 4.3-5.8v
2026-07-09T13:35:59.462Z,649.808,False,STABILIZE,0.0000000,0.0000000,-1.26,-0.04,0.00,0.00,0.00,2.11,1.34,83.85,0.00,0.00,83.0,0,0.000,-0.01,-1,1,0,0,0,0,0,0,0,0,0,PreArm: Board (3.6v) out of range 4.3-5.8v
2026-07-09T13:35:59.962Z,650.308,False,STABILIZE,0.0000000,0.0000000,-1.24,-0.04,0.00,0.00,0.00,2.11,1.34,83.85,0.00,0.00,83.0,0,0.000,-0.01,-1,1,0,0,0,0,0,0,0,0,0,PreArm: Board (3.6v) out of range 4.3-5.8v
2026-07-09T13:36:00.462Z,650.808,False,STABILIZE,0.0000000,0.0000000,-1.21,-0.04,0.00,0.00,0.00,2.12,1.34,83.85,0.00,0.00,83.0,0,0.000,-0.01,-1,1,0,0,0,0,0,0,0,0,0,PreArm: Board (3.6v) out of range 4.3-5.8v
2026-07-09T13:36:00.963Z,651.309,False,STABILIZE,0.0000000,0.0000000,-1.25,-0.04,0.00,0.00,0.00,2.12,1.34,83.85,0.00,0.00,83.0,0,0.000,-0.01,-1,1,0,0,0,0,0,0,0,0,0,PreArm: Board (3.6v) out of range 4.3-5.8v
2026-07-09T13:36:01.464Z,651.810,False,STABILIZE,0.0000000,0.0000000,-1.21,-0.04,0.00,0.00,0.00,2.12,1.34,83.85,0.00,0.00,83.0,0,0.000,-0.01,-1,1,0,0,0,0,0,0,0,0,0,PreArm: Board (3.6v) out of range 4.3-5.8v
2026-07-09T13:36:01.965Z,652.311,False,STABILIZE,0.0000000,0.0000000,-1.22,-0.04,0.00,0.00,0.00,2.12,1.34,83.85,0.00,0.00,83.0,0,0.000,-0.01,-1,1,0,0,0,0,0,0,0,0,0,PreArm: Board (3.6v) out of range 4.3-5.8v
2026-07-09T13:36:02.467Z,652.813,False,STABILIZE,0.0000000,0.0000000,-1.24,-0.04,0.00,0.00,0.00,2.12,1.34,83.84,0.00,0.00,83.0,0,0.000,-0.01,-1,1,0,0,0,0,0,0,0,0,0,PreArm: Board (3.6v) out of range 4.3-5.8v
2026-07-09T13:36:02.969Z,653.315,False,STABILIZE,0.0000000,0.0000000,-1.24,-0.04,0.00,0.00,0.00,2.12,1.34,83.84,0.00,0.00,83.0,0,0.000,-0.01,-1,1,0,0,0,0,0,0,0,0,0,PreArm: Board (3.6v) out of range 4.3-5.8v
2026-07-09T13:36:03.561Z,653.906,False,STABILIZE,0.0000000,0.0000000,-1.28,-0.04,0.00,0.00,0.00,2.12,1.34,83.84,0.00,0.00,83.0,0,0.000,-0.01,-1,1,0,0,0,0,0,0,0,0,0,PreArm: Board (3.6v) out of range 4.3-5.8v
2026-07-09T13:36:04.061Z,654.406,False,STABILIZE,0.0000000,0.0000000,-1.28,-0.04,0.00,0.00,0.00,2.12,1.34,83.84,0.00,0.00,83.0,0,0.000,-0.01,-1,1,0,0,0,0,0,0,0,0,0,PreArm: Board (3.6v) out of range 4.3-5.8v
2026-07-09T13:36:04.561Z,654.907,False,STABILIZE,0.0000000,0.0000000,-1.25,-0.04,0.00,0.00,0.00,2.12,1.35,83.84,0.00,0.00,83.0,0,0.000,-0.01,-1,1,0,0,0,0,0,0,0,0,0,PreArm: Board (3.6v) out of range 4.3-5.8v
2026-07-09T13:36:05.063Z,655.408,False,STABILIZE,0.0000000,0.0000000,-1.27,-0.04,0.00,0.00,0.00,2.12,1.34,83.83,0.00,0.00,83.0,0,0.000,-0.01,-1,1,0,0,0,0,0,0,0,0,0,PreArm: Board (3.6v) out of range 4.3-5.8v
2026-07-09T13:36:05.563Z,655.908,False,STABILIZE,0.0000000,0.0000000,-1.29,-0.04,0.00,0.00,0.00,2.12,1.34,83.83,0.00,0.00,83.0,0,0.000,-0.01,-1,1,0,0,0,0,0,0,0,0,0,PreArm: Board (3.6v) out of range 4.3-5.8v
2026-07-09T13:36:06.063Z,656.408,False,STABILIZE,0.0000000,0.0000000,-1.29,-0.04,0.00,0.00,0.01,2.12,1.34,83.83,0.00,0.00,83.0,0,0.000,-0.01,-1,1,0,0,0,0,0,0,0,0,0,PreArm: Board (3.6v) out of range 4.3-5.8v
2026-07-09T13:36:06.563Z,656.908,False,STABILIZE,0.0000000,0.0000000,-1.24,-0.04,0.00,0.00,0.01,2.12,1.34,83.83,0.00,0.00,83.0,0,0.000,-0.01,-1,1,0,0,0,0,0,0,0,0,0,PreArm: Board (3.6v) out of range 4.3-5.8v
2026-07-09T13:36:07.065Z,657.410,False,STABILIZE,0.0000000,0.0000000,-1.27,-0.04,0.00,0.00,0.00,2.11,1.34,83.82,0.00,0.00,83.0,0,0.000,-0.01,-1,1,0,0,0,0,0,0,0,0,0,PreArm: Board (3.6v) out of range 4.3-5.8v
2026-07-09T13:36:07.568Z,657.913,False,STABILIZE,0.0000000,0.0000000,-1.24,-0.04,0.00,0.00,0.01,2.11,1.34,83.82,0.00,0.00,83.0,0,0.000,-0.01,-1,1,0,0,0,0,0,0,0,0,0,PreArm: Board (3.6v) out of range 4.3-5.8v
2026-07-09T13:36:08.070Z,658.415,False,STABILIZE,0.0000000,0.0000000,-1.25,-0.04,0.00,0.00,0.00,2.11,1.34,83.83,0.00,0.00,83.0,0,0.000,-0.01,-1,1,0,0,0,0,0,0,0,0,0,PreArm: Board (3.6v) out of range 4.3-5.8v
2026-07-09T13:36:08.598Z,658.944,False,STABILIZE,0.0000000,0.0000000,-1.28,-0.04,0.00,0.00,0.00,2.11,1.34,83.83,0.00,0.00,83.0,0,0.000,-0.01,-1,1,0,0,0,0,0,0,0,0,0,PreArm: Board (3.6v) out of range 4.3-5.8v
2026-07-09T13:36:09.160Z,659.506,False,STABILIZE,0.0000000,0.0000000,-1.26,-0.04,0.00,0.00,0.00,2.12,1.35,83.83,0.00,0.00,83.0,0,0.000,-0.01,-1,1,0,0,0,0,0,0,0,0,0,PreArm: Board (3.6v) out of range 4.3-5.8v
2026-07-09T13:36:09.660Z,660.006,False,STABILIZE,0.0000000,0.0000000,-1.29,-0.04,0.00,0.00,0.00,2.11,1.35,83.83,0.00,0.00,83.0,0,0.000,-0.01,-1,1,0,0,0,0,0,0,0,0,0,PreArm: Board (3.6v) out of range 4.3-5.8v
2026-07-09T13:36:10.160Z,660.506,False,STABILIZE,0.0000000,0.0000000,-1.30,-0.04,0.00,0.00,0.00,2.11,1.34,83.82,0.00,0.00,83.0,0,0.000,-0.01,-1,1,0,0,0,0,0,0,0,0,0,PreArm: Board (3.6v) out of range 4.3-5.8v
2026-07-09T13:36:10.660Z,661.006,False,STABILIZE,0.0000000,0.0000000,-1.29,-0.04,0.00,0.00,0.00,2.12,1.34,83.82,0.00,0.00,83.0,0,0.000,-0.01,-1,1,0,0,0,0,0,0,0,0,0,PreArm: Board (3.6v) out of range 4.3-5.8v
2026-07-09T13:36:11.163Z,661.508,False,STABILIZE,0.0000000,0.0000000,-1.28,-0.04,0.00,0.00,0.00,2.11,1.34,83.82,0.00,0.00,83.0,0,0.000,-0.01,-1,1,0,0,0,0,0,0,0,0,0,PreArm: Board (3.6v) out of range 4.3-5.8v
2026-07-09T13:36:11.665Z,662.010,False,STABILIZE,0.0000000,0.0000000,-1.29,-0.04,0.00,0.00,0.00,2.11,1.34,83.82,0.00,0.00,83.0,0,0.000,-0.01,-1,1,0,0,0,0,0,0,0,0,0,PreArm: Board (3.6v) out of range 4.3-5.8v
2026-07-09T13:36:12.166Z,662.511,False,STABILIZE,0.0000000,0.0000000,-1.24,-0.04,0.00,0.00,0.00,2.11,1.34,83.82,0.00,0.00,83.0,0,0.000,-0.01,-1,1,0,0,0,0,0,0,0,0,0,PreArm: Board (3.6v) out of range 4.3-5.8v
2026-07-09T13:36:12.667Z,663.013,False,STABILIZE,0.0000000,0.0000000,-1.26,-0.04,0.00,0.00,0.00,2.11,1.34,83.82,0.00,0.00,83.0,0,0.000,-0.01,-1,1,0,0,0,0,0,0,0,0,0,PreArm: Board (3.6v) out of range 4.3-5.8v
2026-07-09T13:36:13.167Z,663.513,False,STABILIZE,0.0000000,0.0000000,-1.27,-0.04,0.00,0.00,0.00,2.11,1.34,83.82,0.00,0.00,83.0,0,0.000,-0.01,-1,1,0,0,0,0,0,0,0,0,0,PreArm: Board (3.6v) out of range 4.3-5.8v
2026-07-09T13:36:13.667Z,664.013,False,STABILIZE,0.0000000,0.0000000,-1.25,-0.04,0.00,0.00,0.00,2.11,1.34,83.82,0.00,0.00,83.0,0,0.000,-0.01,-1,1,0,0,0,0,0,0,0,0,0,PreArm: Board (3.6v) out of range 4.3-5.8v
2026-07-09T13:36:14.167Z,664.513,False,STABILIZE,0.0000000,0.0000000,-1.26,-0.04,0.00,0.00,0.00,2.11,1.34,83.82,0.00,0.00,83.0,0,0.000,-0.01,-1,1,0,0,0,0,0,0,0,0,0,PreArm: Board (3.6v) out of range 4.3-5.8v
2026-07-09T13:36:14.667Z,665.013,False,STABILIZE,0.0000000,0.0000000,-1.27,-0.04,0.00,0.00,0.00,2.11,1.34,83.82,0.00,0.00,83.0,0,0.000,-0.01,-1,1,0,0,0,0,0,0,0,0,0,PreArm: Board (3.6v) out of range 4.3-5.8v
2026-07-09T13:36:15.168Z,665.514,False,STABILIZE,0.0000000,0.0000000,-1.27,-0.04,0.00,0.00,0.00,2.11,1.34,83.83,0.00,0.00,83.0,0,0.000,-0.01,-1,1,0,0,0,0,0,0,0,0,0,PreArm: Board (3.6v) out of range 4.3-5.8v
2026-07-09T13:36:15.761Z,666.107,False,STABILIZE,0.0000000,0.0000000,-1.27,-0.04,0.00,0.00,0.00,2.11,1.34,83.82,0.00,0.00,83.0,0,0.000,-0.01,-1,1,0,0,0,0,0,0,0,0,0,PreArm: Board (3.6v) out of range 4.3-5.8v
2026-07-09T13:36:16.262Z,666.608,False,STABILIZE,0.0000000,0.0000000,-1.27,-0.04,0.00,0.00,0.00,2.11,1.33,83.83,0.00,0.00,83.0,0,0.000,-0.01,-1,1,0,0,0,0,0,0,0,0,0,PreArm: Board (3.6v) out of range 4.3-5.8v
2026-07-09T13:36:16.763Z,667.108,False,STABILIZE,0.0000000,0.0000000,-1.26,-0.04,0.00,0.00,0.00,2.11,1.33,83.83,0.00,0.00,83.0,0,0.000,-0.01,-1,1,0,0,0,0,0,0,0,0,0,PreArm: Board (3.6v) out of range 4.3-5.8v
2026-07-09T13:36:17.263Z,667.609,False,STABILIZE,0.0000000,0.0000000,-1.27,-0.04,0.00,0.00,0.00,2.10,1.33,83.83,0.00,0.00,83.0,0,0.000,-0.01,-1,1,0,0,0,0,0,0,0,0,0,PreArm: Board (3.6v) out of range 4.3-5.8v
2026-07-09T13:36:17.763Z,668.109,False,STABILIZE,0.0000000,0.0000000,-1.26,-0.04,0.00,0.00,0.00,2.10,1.33,83.84,0.00,0.00,83.0,0,0.000,-0.01,-1,1,0,0,0,0,0,0,0,0,0,PreArm: Board (3.6v) out of range 4.3-5.8v
2026-07-09T13:36:18.263Z,668.609,False,STABILIZE,0.0000000,0.0000000,-1.28,-0.04,0.00,0.00,0.00,2.11,1.33,83.84,0.01,0.00,83.0,0,0.000,-0.01,-1,1,0,0,0,0,0,0,0,0,0,PreArm: Board (3.6v) out of range 4.3-5.8v
2026-07-09T13:36:18.764Z,669.109,False,STABILIZE,0.0000000,0.0000000,-1.28,-0.04,0.00,0.00,0.00,2.11,1.33,83.84,0.01,0.00,83.0,0,0.000,-0.01,-1,1,0,0,0,0,0,0,0,0,0,PreArm: Board (3.6v) out of range 4.3-5.8v
2026-07-09T13:36:19.265Z,669.611,False,STABILIZE,0.0000000,0.0000000,-1.28,-0.04,0.00,0.00,0.00,2.11,1.33,83.84,0.01,0.00,83.0,0,0.000,-0.01,-1,1,0,0,0,0,0,0,0,0,0,PreArm: Board (3.6v) out of range 4.3-5.8v
2026-07-09T13:36:19.766Z,670.111,False,STABILIZE,0.0000000,0.0000000,-1.31,-0.04,0.00,0.00,0.00,2.11,1.33,83.84,0.01,0.00,83.0,0,0.000,-0.01,-1,1,0,0,0,0,0,0,0,0,0,PreArm: Board (3.6v) out of range 4.3-5.8v
2026-07-09T13:36:20.266Z,670.612,False,STABILIZE,0.0000000,0.0000000,-1.28,-0.04,0.00,0.00,0.00,2.11,1.33,83.84,0.00,0.00,83.0,0,0.000,-0.01,-1,1,0,0,0,0,0,0,0,0,0,PreArm: Board (3.6v) out of range 4.3-5.8v
2026-07-09T13:36:20.767Z,671.112,False,STABILIZE,0.0000000,0.0000000,-1.27,-0.04,0.00,0.00,0.00,2.12,1.33,83.85,0.00,0.00,83.0,0,0.000,-0.01,-1,1,0,0,0,0,0,0,0,0,0,PreArm: Board (3.6v) out of range 4.3-5.8v
2026-07-09T13:36:21.267Z,671.613,False,STABILIZE,0.0000000,0.0000000,-1.31,-0.04,0.00,0.00,0.00,2.12,1.33,83.85,0.00,0.00,83.0,0,0.000,-0.01,-1,1,0,0,0,0,0,0,0,0,0,PreArm: Board (3.6v) out of range 4.3-5.8v
2026-07-09T13:36:21.768Z,672.113,False,STABILIZE,0.0000000,0.0000000,-1.29,-0.04,0.00,0.00,0.00,2.12,1.33,83.85,0.00,0.00,83.0,0,0.000,-0.01,-1,1,0,0,0,0,0,0,0,0,0,PreArm: Board (3.6v) out of range 4.3-5.8v
2026-07-09T13:36:22.268Z,672.614,False,STABILIZE,0.0000000,0.0000000,-1.28,-0.04,0.00,0.00,0.00,2.13,1.34,83.85,0.00,0.00,83.0,0,0.000,-0.01,-1,1,0,0,0,0,0,0,0,0,0,PreArm: Board (3.6v) out of range 4.3-5.8v
2026-07-09T13:36:22.863Z,673.209,False,STABILIZE,0.0000000,0.0000000,-1.25,-0.04,0.00,0.00,0.00,2.13,1.34,83.85,0.00,0.00,83.0,0,0.000,-0.01,-1,1,0,0,0,0,0,0,0,0,0,PreArm: Board (3.6v) out of range 4.3-5.8v
2026-07-09T13:36:23.363Z,673.709,False,STABILIZE,0.0000000,0.0000000,-1.28,-0.04,0.00,0.00,0.00,2.13,1.34,83.86,0.01,0.00,83.0,0,0.000,-0.01,-1,1,0,0,0,0,0,0,0,0,0,PreArm: Board (3.6v) out of range 4.3-5.8v
2026-07-09T13:36:23.865Z,674.211,False,STABILIZE,0.0000000,0.0000000,-1.30,-0.04,0.00,0.00,0.00,2.13,1.34,83.86,0.01,0.00,83.0,0,0.000,-0.01,-1,1,0,0,0,0,0,0,0,0,0,PreArm: Board (3.6v) out of range 4.3-5.8v
2026-07-09T13:36:24.365Z,674.711,False,STABILIZE,0.0000000,0.0000000,-1.30,-0.04,0.00,0.00,0.00,2.13,1.35,83.86,0.01,0.00,83.0,0,0.000,-0.01,-1,1,0,0,0,0,0,0,0,0,0,PreArm: Board (3.6v) out of range 4.3-5.8v
2026-07-09T13:36:24.865Z,675.211,False,STABILIZE,0.0000000,0.0000000,-1.31,-0.04,0.00,0.00,0.00,2.13,1.34,83.86,0.01,0.00,83.0,0,0.000,-0.01,-1,1,0,0,0,0,0,0,0,0,0,PreArm: Board (3.6v) out of range 4.3-5.8v
2026-07-09T13:36:25.367Z,675.713,False,STABILIZE,0.0000000,0.0000000,-1.31,-0.04,0.00,0.00,0.00,2.13,1.34,83.86,0.01,0.00,83.0,0,0.000,-0.01,-1,1,0,0,0,0,0,0,0,0,0,PreArm: Board (3.6v) out of range 4.3-5.8v
2026-07-09T13:36:25.868Z,676.214,False,STABILIZE,0.0000000,0.0000000,-1.33,-0.04,0.00,0.00,0.00,2.13,1.34,83.87,0.01,0.00,83.0,0,0.000,-0.01,-1,1,0,0,0,0,0,0,0,0,0,PreArm: Board (3.6v) out of range 4.3-5.8v
2026-07-09T13:36:26.368Z,676.714,False,STABILIZE,0.0000000,0.0000000,-1.32,-0.04,0.00,0.00,0.00,2.13,1.34,83.87,0.01,0.00,83.0,0,0.000,-0.01,-1,1,0,0,0,0,0,0,0,0,0,PreArm: Board (3.6v) out of range 4.3-5.8v
2026-07-09T13:36:26.965Z,677.310,False,STABILIZE,0.0000000,0.0000000,-1.33,-0.04,0.00,0.00,0.00,2.13,1.34,83.87,0.01,0.00,83.0,0,0.000,-0.01,-1,1,0,0,0,0,0,0,0,0,0,PreArm: Board (3.6v) out of range 4.3-5.8v
2026-07-09T13:36:27.465Z,677.811,False,STABILIZE,0.0000000,0.0000000,-1.37,-0.04,0.00,0.00,0.01,2.13,1.34,83.87,0.01,0.00,83.0,0,0.000,-0.01,-1,1,0,0,0,0,0,0,0,0,0,PreArm: Board (3.6v) out of range 4.3-5.8v
2026-07-09T13:36:27.965Z,678.311,False,STABILIZE,0.0000000,0.0000000,-1.39,-0.04,0.00,0.00,0.01,2.13,1.34,83.88,0.01,0.00,83.0,0,0.000,-0.01,-1,1,0,0,0,0,0,0,0,0,0,PreArm: Board (3.6v) out of range 4.3-5.8v
2026-07-09T13:36:28.465Z,678.811,False,STABILIZE,0.0000000,0.0000000,-1.38,-0.04,0.00,0.00,0.01,2.13,1.34,83.88,0.01,0.00,83.0,0,0.000,-0.01,-1,1,0,0,0,0,0,0,0,0,0,PreArm: Board (3.6v) out of range 4.3-5.8v
2026-07-09T13:36:28.966Z,679.311,False,STABILIZE,0.0000000,0.0000000,-1.39,-0.04,0.00,0.00,0.01,2.12,1.34,83.87,0.00,0.00,83.0,0,0.000,-0.01,-1,1,0,0,0,0,0,0,0,0,0,PreArm: Board (3.6v) out of range 4.3-5.8v
2026-07-09T13:36:29.467Z,679.813,False,STABILIZE,0.0000000,0.0000000,-1.41,-0.04,0.00,0.00,0.01,2.13,1.34,83.88,0.01,0.00,83.0,0,0.000,-0.01,-1,1,0,0,0,0,0,0,0,0,0,PreArm: Board (3.6v) out of range 4.3-5.8v
2026-07-09T13:36:29.967Z,680.313,False,STABILIZE,0.0000000,0.0000000,-1.41,-0.04,0.00,0.00,0.01,2.13,1.34,83.88,0.00,0.00,83.0,0,0.000,-0.01,-1,1,0,0,0,0,0,0,0,0,0,PreArm: Board (3.6v) out of range 4.3-5.8v
2026-07-09T13:36:30.467Z,680.813,False,STABILIZE,0.0000000,0.0000000,-1.39,-0.04,0.00,0.00,0.01,2.13,1.34,83.88,0.01,0.00,83.0,0,0.000,-0.01,-1,1,0,0,0,0,0,0,0,0,0,PreArm: Board (3.6v) out of range 4.3-5.8v
2026-07-09T13:36:30.968Z,681.313,False,STABILIZE,0.0000000,0.0000000,-1.40,-0.04,0.00,0.00,0.01,2.13,1.34,83.88,0.01,0.00,83.0,0,0.000,-0.01,-1,1,0,0,0,0,0,0,0,0,0,PreArm: Board (3.6v) out of range 4.3-5.8v
2026-07-09T13:36:31.559Z,681.905,False,STABILIZE,0.0000000,0.0000000,-1.43,-0.04,0.00,0.00,0.01,2.12,1.34,83.88,0.01,0.00,83.0,0,0.000,-0.01,-1,1,0,0,0,0,0,0,0,0,0,PreArm: Board (3.6v) out of range 4.3-5.8v
2026-07-09T13:36:32.061Z,682.407,False,STABILIZE,0.0000000,0.0000000,-1.42,-0.04,0.00,0.00,0.01,2.12,1.34,83.88,0.00,0.00,83.0,0,0.000,-0.01,-1,1,0,0,0,0,0,0,0,0,0,PreArm: Board (3.6v) out of range 4.3-5.8v
2026-07-09T13:36:32.562Z,682.908,False,STABILIZE,0.0000000,0.0000000,-1.39,-0.04,0.00,0.00,0.01,2.12,1.34,83.88,0.00,0.00,83.0,0,0.000,-0.01,-1,1,0,0,0,0,0,0,0,0,0,PreArm: Board (3.6v) out of range 4.3-5.8v
2026-07-09T13:36:33.062Z,683.408,False,STABILIZE,0.0000000,0.0000000,-1.42,-0.04,0.00,0.00,0.01,2.11,1.34,83.88,0.00,0.00,83.0,0,0.000,-0.01,-1,1,0,0,0,0,0,0,0,0,0,PreArm: Board (3.6v) out of range 4.3-5.8v
2026-07-09T13:36:33.563Z,683.908,False,STABILIZE,0.0000000,0.0000000,-1.41,-0.04,0.00,0.00,0.01,2.11,1.34,83.88,0.00,0.00,83.0,0,0.000,-0.01,-1,1,0,0,0,0,0,0,0,0,0,PreArm: Board (3.6v) out of range 4.3-5.8v
2026-07-09T13:36:34.063Z,684.409,False,STABILIZE,0.0000000,0.0000000,-1.42,-0.04,0.00,0.00,0.01,2.11,1.34,83.88,0.00,0.00,83.0,0,0.000,-0.01,-1,1,0,0,0,0,0,0,0,0,0,PreArm: Board (3.6v) out of range 4.3-5.8v
2026-07-09T13:36:34.564Z,684.910,False,STABILIZE,0.0000000,0.0000000,-1.41,-0.04,0.00,0.00,0.01,2.10,1.34,83.88,0.00,0.00,83.0,0,0.000,-0.01,-1,1,0,0,0,0,0,0,0,0,0,PreArm: Board (3.6v) out of range 4.3-5.8v
2026-07-09T13:36:35.065Z,685.410,False,STABILIZE,0.0000000,0.0000000,-1.40,-0.04,0.00,0.00,0.01,2.10,1.34,83.89,0.00,0.00,83.0,0,0.000,-0.01,-1,1,0,0,0,0,0,0,0,0,0,PreArm: Board (3.6v) out of range 4.3-5.8v
2026-07-09T13:36:35.565Z,685.910,False,STABILIZE,0.0000000,0.0000000,-1.39,-0.04,0.00,0.00,0.00,2.10,1.34,83.89,0.00,0.00,83.0,0,0.000,-0.01,-1,1,0,0,0,0,0,0,0,0,0,PreArm: Board (3.6v) out of range 4.3-5.8v
2026-07-09T13:36:36.067Z,686.412,False,STABILIZE,0.0000000,0.0000000,-1.37,-0.04,0.00,0.00,0.00,2.10,1.34,83.89,0.00,0.00,83.0,0,0.000,-0.01,-1,1,0,0,0,0,0,0,0,0,0,PreArm: Board (3.6v) out of range 4.3-5.8v
2026-07-09T13:36:36.567Z,686.912,False,STABILIZE,0.0000000,0.0000000,-1.38,-0.04,0.00,0.00,0.00,2.10,1.34,83.89,0.00,0.00,83.0,0,0.000,-0.01,-1,1,0,0,0,0,0,0,0,0,0,PreArm: Board (3.6v) out of range 4.3-5.8v
2026-07-09T13:36:37.067Z,687.412,False,STABILIZE,0.0000000,0.0000000,-1.35,-0.04,0.00,0.00,0.00,2.10,1.35,83.89,0.00,0.00,83.0,0,0.000,-0.01,-1,1,0,0,0,0,0,0,0,0,0,PreArm: Board (3.6v) out of range 4.3-5.8v
2026-07-09T13:36:37.567Z,687.912,False,STABILIZE,0.0000000,0.0000000,-1.35,-0.04,0.00,0.00,0.00,2.10,1.35,83.89,0.00,0.00,83.0,0,0.000,-0.01,-1,1,0,0,0,0,0,0,0,0,0,PreArm: Board (3.6v) out of range 4.3-5.8v
2026-07-09T13:36:38.067Z,688.412,False,STABILIZE,0.0000000,0.0000000,-1.30,-0.04,0.00,0.00,0.00,2.10,1.35,83.89,0.00,0.00,83.0,0,0.000,-0.01,-1,1,0,0,0,0,0,0,0,0,0,PreArm: Board (3.6v) out of range 4.3-5.8v
2026-07-09T13:36:38.568Z,688.913,False,STABILIZE,0.0000000,0.0000000,-1.34,-0.04,0.00,0.00,0.00,2.10,1.35,83.89,0.00,0.00,83.0,0,0.000,-0.01,-1,1,0,0,0,0,0,0,0,0,0,PreArm: Board (3.6v) out of range 4.3-5.8v
2026-07-09T13:36:39.160Z,689.506,False,STABILIZE,0.0000000,0.0000000,-1.33,-0.04,0.00,0.00,0.00,2.11,1.35,83.89,0.00,0.00,83.0,0,0.000,-0.01,-1,1,0,0,0,0,0,0,0,0,0,PreArm: Board (3.6v) out of range 4.3-5.8v
2026-07-09T13:36:39.660Z,690.006,False,STABILIZE,0.0000000,0.0000000,-1.31,-0.04,0.00,0.00,-0.01,2.11,1.35,83.90,0.00,0.00,83.0,0,0.000,-0.01,-1,1,0,0,0,0,0,0,0,0,0,PreArm: Board (3.6v) out of range 4.3-5.8v
2026-07-09T13:36:40.161Z,690.507,False,STABILIZE,0.0000000,0.0000000,-1.33,-0.04,0.00,0.00,-0.01,2.10,1.35,83.90,0.00,0.00,83.0,0,0.000,-0.01,-1,1,0,0,0,0,0,0,0,0,0,PreArm: Board (3.6v) out of range 4.3-5.8v
2026-07-09T13:36:40.661Z,691.007,False,STABILIZE,0.0000000,0.0000000,-1.36,-0.04,0.00,0.00,-0.01,2.11,1.34,83.90,0.00,0.00,83.0,0,0.000,-0.01,-1,1,0,0,0,0,0,0,0,0,0,PreArm: Board (3.6v) out of range 4.3-5.8v
2026-07-09T13:36:41.163Z,691.508,False,STABILIZE,0.0000000,0.0000000,-1.34,-0.04,0.00,0.00,-0.01,2.10,1.34,83.90,0.00,0.00,83.0,0,0.000,-0.01,-1,1,0,0,0,0,0,0,0,0,0,PreArm: Board (3.6v) out of range 4.3-5.8v
2026-07-09T13:36:41.663Z,692.009,False,STABILIZE,0.0000000,0.0000000,-1.32,-0.04,0.00,0.00,-0.01,2.10,1.34,83.90,0.00,0.00,83.0,0,0.000,-0.01,-1,1,0,0,0,0,0,0,0,0,0,PreArm: Board (3.6v) out of range 4.3-5.8v
2026-07-09T13:36:42.163Z,692.509,False,STABILIZE,0.0000000,0.0000000,-1.35,-0.04,0.00,0.00,-0.01,2.10,1.34,83.90,0.00,0.00,83.0,0,0.000,-0.01,-1,1,0,0,0,0,0,0,0,0,0,PreArm: Board (3.6v) out of range 4.3-5.8v
2026-07-09T13:36:42.664Z,693.010,False,STABILIZE,0.0000000,0.0000000,-1.32,-0.04,0.00,0.00,-0.01,2.10,1.34,83.90,0.00,0.00,83.0,0,0.000,-0.01,-1,1,0,0,0,0,0,0,0,0,0,PreArm: Board (3.6v) out of range 4.3-5.8v
2026-07-09T13:36:43.165Z,693.511,False,STABILIZE,0.0000000,0.0000000,-1.31,-0.04,0.00,0.00,-0.01,2.10,1.34,83.91,0.00,0.00,83.0,0,0.000,-0.01,-1,1,0,0,0,0,0,0,0,0,0,PreArm: Board (3.6v) out of range 4.3-5.8v
2026-07-09T13:36:43.667Z,694.013,False,STABILIZE,0.0000000,0.0000000,-1.37,-0.04,0.00,0.00,-0.01,2.10,1.34,83.90,0.00,0.00,83.0,0,0.000,-0.01,-1,1,0,0,0,0,0,0,0,0,0,PreArm: Board (3.6v) out of range 4.3-5.8v
2026-07-09T13:36:44.168Z,694.513,False,STABILIZE,0.0000000,0.0000000,-1.36,-0.04,0.00,0.00,-0.01,2.10,1.34,83.90,0.00,0.00,83.0,0,0.000,-0.01,-1,1,0,0,0,0,0,0,0,0,0,PreArm: Board (3.6v) out of range 4.3-5.8v
2026-07-09T13:36:44.761Z,695.106,False,STABILIZE,0.0000000,0.0000000,-1.35,-0.04,0.00,0.00,-0.01,2.10,1.34,83.91,0.00,0.00,83.0,0,0.000,-0.01,-1,1,0,0,0,0,0,0,0,0,0,PreArm: Board (3.6v) out of range 4.3-5.8v
2026-07-09T13:36:45.261Z,695.607,False,STABILIZE,0.0000000,0.0000000,-1.35,-0.04,0.00,0.00,-0.01,2.10,1.34,83.91,0.01,0.00,83.0,0,0.000,-0.01,-1,1,0,0,0,0,0,0,0,0,0,PreArm: Board (3.6v) out of range 4.3-5.8v
2026-07-09T13:36:45.763Z,696.108,False,STABILIZE,0.0000000,0.0000000,-1.35,-0.04,0.00,0.00,-0.01,2.10,1.35,83.91,0.01,0.00,83.0,0,0.000,-0.01,-1,1,0,0,0,0,0,0,0,0,0,PreArm: Board (3.6v) out of range 4.3-5.8v
2026-07-09T13:36:46.265Z,696.611,False,STABILIZE,0.0000000,0.0000000,-1.38,-0.04,0.00,0.00,0.00,2.11,1.35,83.91,0.00,0.00,83.0,0,0.000,-0.01,-1,1,0,0,0,0,0,0,0,0,0,PreArm: Board (3.6v) out of range 4.3-5.8v
2026-07-09T13:36:46.766Z,697.112,False,STABILIZE,0.0000000,0.0000000,-1.38,-0.04,0.00,0.00,0.00,2.11,1.35,83.91,0.00,0.00,83.0,0,0.000,-0.01,-1,1,0,0,0,0,0,0,0,0,0,PreArm: Board (3.6v) out of range 4.3-5.8v
2026-07-09T13:36:47.267Z,697.613,False,STABILIZE,0.0000000,0.0000000,-1.37,-0.04,0.00,0.00,0.00,2.11,1.35,83.91,0.00,0.00,83.0,0,0.000,-0.01,-1,1,0,0,0,0,0,0,0,0,0,PreArm: Board (3.6v) out of range 4.3-5.8v
2026-07-09T13:36:47.768Z,698.114,False,STABILIZE,0.0000000,0.0000000,-1.40,-0.04,0.00,0.00,0.00,2.11,1.35,83.91,0.00,0.00,83.0,0,0.000,-0.01,-1,1,0,0,0,0,0,0,0,0,0,PreArm: Board (3.6v) out of range 4.3-5.8v
2026-07-09T13:36:48.268Z,698.614,False,STABILIZE,0.0000000,0.0000000,-1.39,-0.04,0.00,0.00,0.00,2.11,1.35,83.91,0.00,0.00,83.0,0,0.000,-0.01,-1,1,0,0,0,0,0,0,0,0,0,PreArm: Board (3.6v) out of range 4.3-5.8v
2026-07-09T13:36:48.861Z,699.206,False,STABILIZE,0.0000000,0.0000000,-1.43,-0.04,0.00,0.00,0.00,2.10,1.34,83.91,0.00,0.00,83.0,0,0.000,-0.01,-1,1,0,0,0,0,0,0,0,0,0,PreArm: Board (3.6v) out of range 4.3-5.8v
2026-07-09T13:36:49.361Z,699.707,False,STABILIZE,0.0000000,0.0000000,-1.41,-0.04,0.00,0.00,0.00,2.10,1.34,83.91,0.00,0.00,83.0,0,0.000,-0.01,-1,1,0,0,0,0,0,0,0,0,0,PreArm: Board (3.6v) out of range 4.3-5.8v
2026-07-09T13:36:49.862Z,700.207,False,STABILIZE,0.0000000,0.0000000,-1.39,-0.04,0.00,0.00,0.00,2.11,1.34,83.91,0.00,0.00,83.0,0,0.000,-0.01,-1,1,0,0,0,0,0,0,0,0,0,PreArm: Board (3.6v) out of range 4.3-5.8v
2026-07-09T13:36:50.363Z,700.709,False,STABILIZE,0.0000000,0.0000000,-1.41,-0.04,0.00,0.00,0.00,2.10,1.34,83.91,0.00,0.00,83.0,0,0.000,-0.01,-1,1,0,0,0,0,0,0,0,0,0,PreArm: Board (3.6v) out of range 4.3-5.8v
2026-07-09T13:36:50.863Z,701.209,False,STABILIZE,0.0000000,0.0000000,-1.38,-0.04,0.00,0.00,0.01,2.10,1.34,83.92,0.00,0.00,83.0,0,0.000,-0.01,-1,1,0,0,0,0,0,0,0,0,0,PreArm: Board (3.6v) out of range 4.3-5.8v
2026-07-09T13:36:51.366Z,701.711,False,STABILIZE,0.0000000,0.0000000,-1.44,-0.04,0.00,0.00,0.01,2.11,1.34,83.92,0.00,0.00,83.0,0,0.000,-0.01,-1,1,0,0,0,0,0,0,0,0,0,PreArm: Board (3.6v) out of range 4.3-5.8v
2026-07-09T13:36:51.867Z,702.212,False,STABILIZE,0.0000000,0.0000000,-1.43,-0.04,0.00,0.00,0.01,2.10,1.34,83.92,0.00,0.00,83.0,0,0.000,-0.01,-1,1,0,0,0,0,0,0,0,0,0,PreArm: Board (3.6v) out of range 4.3-5.8v
2026-07-09T13:36:52.368Z,702.713,False,STABILIZE,0.0000000,0.0000000,-1.42,-0.04,0.00,0.00,0.01,2.10,1.33,83.92,0.00,0.00,83.0,0,0.000,-0.01,-1,1,0,0,0,0,0,0,0,0,0,PreArm: Board (3.6v) out of range 4.3-5.8v
2026-07-09T13:36:52.868Z,703.214,False,STABILIZE,0.0000000,0.0000000,-1.44,-0.04,0.00,0.00,0.01,2.10,1.33,83.92,0.00,0.00,83.0,0,0.000,-0.01,-1,1,0,0,0,0,0,0,0,0,0,PreArm: Board (3.6v) out of range 4.3-5.8v
2026-07-09T13:36:53.460Z,703.806,False,STABILIZE,0.0000000,0.0000000,-1.40,-0.04,0.00,0.00,0.01,2.10,1.33,83.92,0.01,0.00,83.0,0,0.000,-0.01,-1,1,0,0,0,0,0,0,0,0,0,PreArm: Board (3.6v) out of range 4.3-5.8v
2026-07-09T13:36:53.960Z,704.306,False,STABILIZE,0.0000000,0.0000000,-1.42,-0.04,0.00,0.00,0.01,2.10,1.33,83.92,0.01,0.00,83.0,0,0.000,-0.01,-1,1,0,0,0,0,0,0,0,0,0,PreArm: Board (3.6v) out of range 4.3-5.8v
2026-07-09T13:36:54.462Z,704.808,False,STABILIZE,0.0000000,0.0000000,-1.44,-0.04,0.00,0.00,0.01,2.10,1.33,83.92,0.01,0.00,83.0,0,0.000,-0.01,-1,1,0,0,0,0,0,0,0,0,0,PreArm: Board (3.6v) out of range 4.3-5.8v
2026-07-09T13:36:54.963Z,705.309,False,STABILIZE,0.0000000,0.0000000,-1.44,-0.04,0.00,0.00,0.01,2.10,1.33,83.92,0.01,0.00,83.0,0,0.000,-0.01,-1,1,0,0,0,0,0,0,0,0,0,PreArm: Board (3.6v) out of range 4.3-5.8v
2026-07-09T13:36:55.463Z,705.809,False,STABILIZE,0.0000000,0.0000000,-1.46,-0.04,0.00,0.00,0.01,2.10,1.33,83.93,0.01,0.00,83.0,0,0.000,-0.01,-1,1,0,0,0,0,0,0,0,0,0,PreArm: Board (3.6v) out of range 4.3-5.8v
2026-07-09T13:36:55.964Z,706.310,False,STABILIZE,0.0000000,0.0000000,-1.42,-0.04,0.00,0.00,0.01,2.10,1.33,83.93,0.01,0.00,83.0,0,0.000,-0.01,-1,1,0,0,0,0,0,0,0,0,0,PreArm: Board (3.6v) out of range 4.3-5.8v
2026-07-09T13:36:56.465Z,706.811,False,STABILIZE,0.0000000,0.0000000,-1.42,-0.04,0.00,0.00,0.01,2.10,1.33,83.93,0.00,0.00,83.0,0,0.000,-0.01,-1,1,0,0,0,0,0,0,0,0,0,PreArm: Board (3.6v) out of range 4.3-5.8v
2026-07-09T13:36:56.966Z,707.311,False,STABILIZE,0.0000000,0.0000000,-1.41,-0.04,0.00,0.00,0.00,2.10,1.34,83.93,0.00,0.00,83.0,0,0.000,-0.01,-1,1,0,0,0,0,0,0,0,0,0,PreArm: Board (3.6v) out of range 4.3-5.8v
2026-07-09T13:36:57.470Z,707.816,False,STABILIZE,0.0000000,0.0000000,-1.39,-0.04,0.00,0.00,0.00,2.10,1.34,83.93,0.00,0.00,83.0,0,0.000,-0.01,-1,1,0,0,0,0,0,0,0,0,0,PreArm: Board (3.6v) out of range 4.3-5.8v
2026-07-09T13:36:58.060Z,708.406,False,STABILIZE,0.0000000,0.0000000,-1.41,-0.04,0.00,0.00,0.00,2.10,1.34,83.94,0.00,0.00,83.0,0,0.000,-0.01,-1,1,0,0,0,0,0,0,0,0,0,PreArm: Board (3.6v) out of range 4.3-5.8v
2026-07-09T13:36:58.560Z,708.906,False,STABILIZE,0.0000000,0.0000000,-1.41,-0.04,0.00,0.00,0.00,2.10,1.34,83.94,0.00,0.00,83.0,0,0.000,-0.01,-1,1,0,0,0,0,0,0,0,0,0,PreArm: Board (3.6v) out of range 4.3-5.8v
2026-07-09T13:36:59.061Z,709.407,False,STABILIZE,0.0000000,0.0000000,-1.38,-0.04,0.00,0.00,0.00,2.10,1.34,83.94,0.00,0.00,83.0,0,0.000,-0.01,-1,1,0,0,0,0,0,0,0,0,0,PreArm: Board (3.6v) out of range 4.3-5.8v
2026-07-09T13:36:59.561Z,709.907,False,STABILIZE,0.0000000,0.0000000,-1.38,-0.04,0.00,0.00,0.00,2.10,1.35,83.94,0.00,0.00,83.0,0,0.000,-0.01,-1,1,0,0,0,0,0,0,0,0,0,PreArm: Board (3.6v) out of range 4.3-5.8v
2026-07-09T13:37:00.063Z,710.409,False,STABILIZE,0.0000000,0.0000000,-1.34,-0.04,0.00,0.00,0.00,2.10,1.35,83.94,0.00,0.00,83.0,0,0.000,-0.01,-1,1,0,0,0,0,0,0,0,0,0,PreArm: Board (3.6v) out of range 4.3-5.8v
2026-07-09T13:37:00.564Z,710.909,False,STABILIZE,0.0000000,0.0000000,-1.38,-0.04,0.00,0.00,0.00,2.10,1.35,83.94,0.00,0.00,83.0,0,0.000,-0.01,-1,1,0,0,0,0,0,0,0,0,0,PreArm: Board (3.6v) out of range 4.3-5.8v
2026-07-09T13:37:01.064Z,711.410,False,STABILIZE,0.0000000,0.0000000,-1.34,-0.04,0.00,0.00,0.00,2.11,1.35,83.94,0.00,0.00,83.0,0,0.000,-0.01,-1,1,0,0,0,0,0,0,0,0,0,PreArm: Board (3.6v) out of range 4.3-5.8v
2026-07-09T13:37:01.565Z,711.910,False,STABILIZE,0.0000000,0.0000000,-1.36,-0.04,0.00,0.00,0.00,2.11,1.35,83.94,0.00,0.00,83.0,0,0.000,-0.01,-1,1,0,0,0,0,0,0,0,0,0,PreArm: Board (3.6v) out of range 4.3-5.8v
2026-07-09T13:37:02.066Z,712.411,False,STABILIZE,0.0000000,0.0000000,-1.36,-0.04,0.00,0.00,-0.01,2.11,1.35,83.95,0.00,0.00,83.0,0,0.000,-0.01,-1,1,0,0,0,0,0,0,0,0,0,PreArm: Board (3.6v) out of range 4.3-5.8v
2026-07-09T13:37:02.568Z,712.914,False,STABILIZE,0.0000000,0.0000000,-1.35,-0.04,0.00,0.00,-0.01,2.11,1.36,83.95,0.00,0.00,83.0,0,0.000,-0.01,-1,1,0,0,0,0,0,0,0,0,0,PreArm: Board (3.6v) out of range 4.3-5.8v
2026-07-09T13:37:03.162Z,713.508,False,STABILIZE,0.0000000,0.0000000,-1.33,-0.04,0.00,0.00,-0.01,2.11,1.36,83.95,0.00,0.00,83.0,0,0.000,-0.01,-1,1,0,0,0,0,0,0,0,0,0,PreArm: Board (3.6v) out of range 4.3-5.8v
2026-07-09T13:37:03.663Z,714.008,False,STABILIZE,0.0000000,0.0000000,-1.34,-0.04,0.00,0.00,-0.01,2.11,1.36,83.95,0.00,0.00,83.0,0,0.000,-0.01,-1,1,0,0,0,0,0,0,0,0,0,PreArm: Board (3.6v) out of range 4.3-5.8v
2026-07-09T13:37:04.163Z,714.508,False,STABILIZE,0.0000000,0.0000000,-1.37,-0.04,0.00,0.00,-0.01,2.11,1.36,83.95,0.00,0.00,83.0,0,0.000,-0.01,-1,1,0,0,0,0,0,0,0,0,0,PreArm: Board (3.6v) out of range 4.3-5.8v
2026-07-09T13:37:04.663Z,715.008,False,STABILIZE,0.0000000,0.0000000,-1.36,-0.04,0.00,0.00,-0.01,2.11,1.36,83.95,0.00,0.00,83.0,0,0.000,-0.01,-1,1,0,0,0,0,0,0,0,0,0,PreArm: Board (3.6v) out of range 4.3-5.8v
2026-07-09T13:37:05.164Z,715.509,False,STABILIZE,0.0000000,0.0000000,-1.36,-0.04,0.00,0.00,-0.01,2.11,1.36,83.94,0.01,0.00,83.0,0,0.000,-0.01,-1,1,0,0,0,0,0,0,0,0,0,PreArm: Board (3.6v) out of range 4.3-5.8v
2026-07-09T13:37:05.664Z,716.009,False,STABILIZE,0.0000000,0.0000000,-1.36,-0.04,0.00,0.00,-0.01,2.11,1.36,83.94,0.01,0.00,83.0,0,0.000,-0.01,-1,1,0,0,0,0,0,0,0,0,0,PreArm: Board (3.6v) out of range 4.3-5.8v
2026-07-09T13:37:06.165Z,716.511,False,STABILIZE,0.0000000,0.0000000,-1.39,-0.04,0.00,0.00,-0.01,2.11,1.36,83.94,0.01,0.00,83.0,0,0.000,-0.01,-1,1,0,0,0,0,0,0,0,0,0,PreArm: Board (3.6v) out of range 4.3-5.8v
2026-07-09T13:37:06.666Z,717.011,False,STABILIZE,0.0000000,0.0000000,-1.38,-0.04,0.00,0.00,-0.01,2.11,1.36,83.94,0.01,0.00,83.0,0,0.000,-0.01,-1,1,0,0,0,0,0,0,0,0,0,PreArm: Board (3.6v) out of range 4.3-5.8v
2026-07-09T13:37:07.166Z,717.512,False,STABILIZE,0.0000000,0.0000000,-1.37,-0.04,0.00,0.00,0.00,2.11,1.36,83.94,0.01,0.00,83.0,0,0.000,-0.01,-1,1,0,0,0,0,0,0,0,0,0,PreArm: Board (3.6v) out of range 4.3-5.8v
2026-07-09T13:37:07.666Z,718.012,False,STABILIZE,0.0000000,0.0000000,-1.37,-0.04,0.00,0.00,0.00,2.11,1.36,83.94,0.01,0.00,83.0,0,0.000,-0.01,-1,1,0,0,0,0,0,0,0,0,0,PreArm: Board (3.6v) out of range 4.3-5.8v
2026-07-09T13:37:08.167Z,718.513,False,STABILIZE,0.0000000,0.0000000,-1.38,-0.04,0.00,0.00,0.00,2.11,1.36,83.94,0.00,0.00,83.0,0,0.000,-0.01,-1,1,0,0,0,0,0,0,0,0,0,PreArm: Board (3.6v) out of range 4.3-5.8v
2026-07-09T13:37:08.670Z,719.016,False,STABILIZE,0.0000000,0.0000000,-1.35,-0.04,0.00,0.00,0.00,2.11,1.36,83.94,0.00,0.00,83.0,0,0.000,-0.01,-1,1,0,0,0,0,0,0,0,0,0,PreArm: Board (3.6v) out of range 4.3-5.8v
2026-07-09T13:37:09.261Z,719.607,False,STABILIZE,0.0000000,0.0000000,-1.38,-0.04,0.00,0.00,0.00,2.11,1.36,83.94,0.01,0.00,83.0,0,0.000,-0.01,-1,1,0,0,0,0,0,0,0,0,0,PreArm: Board (3.6v) out of range 4.3-5.8v
2026-07-09T13:37:09.763Z,720.109,False,STABILIZE,0.0000000,0.0000000,-1.37,-0.04,0.00,0.00,0.00,2.11,1.36,83.94,0.00,0.00,83.0,0,0.000,-0.01,-1,1,0,0,0,0,0,0,0,0,0,PreArm: Board (3.6v) out of range 4.3-5.8v
2026-07-09T13:37:10.263Z,720.609,False,STABILIZE,0.0000000,0.0000000,-1.37,-0.04,0.00,0.00,0.00,2.11,1.36,83.94,0.00,0.00,83.0,0,0.000,-0.01,-1,1,0,0,0,0,0,0,0,0,0,PreArm: Board (3.6v) out of range 4.3-5.8v
2026-07-09T13:37:10.763Z,721.109,False,STABILIZE,0.0000000,0.0000000,-1.35,-0.04,0.00,0.00,0.00,2.11,1.36,83.95,0.00,0.00,83.0,0,0.000,-0.01,-1,1,0,0,0,0,0,0,0,0,0,PreArm: Board (3.6v) out of range 4.3-5.8v
2026-07-09T13:37:11.263Z,721.609,False,STABILIZE,0.0000000,0.0000000,-1.36,-0.04,0.00,0.00,0.00,2.11,1.36,83.95,0.00,0.00,83.0,0,0.000,-0.01,-1,1,0,0,0,0,0,0,0,0,0,PreArm: Board (3.6v) out of range 4.3-5.8v
2026-07-09T13:37:11.765Z,722.111,False,STABILIZE,0.0000000,0.0000000,-1.35,-0.04,0.00,0.00,0.00,2.10,1.36,83.95,0.00,0.00,83.0,0,0.000,-0.01,-1,1,0,0,0,0,0,0,0,0,0,PreArm: Board (3.6v) out of range 4.3-5.8v
2026-07-09T13:37:12.265Z,722.611,False,STABILIZE,0.0000000,0.0000000,-1.37,-0.04,0.00,0.00,0.00,2.10,1.37,83.95,0.01,0.00,83.0,0,0.000,-0.01,-1,1,0,0,0,0,0,0,0,0,0,PreArm: Board (3.6v) out of range 4.3-5.8v
2026-07-09T13:37:12.769Z,723.115,False,STABILIZE,0.0000000,0.0000000,-1.39,-0.04,0.00,0.00,0.00,2.10,1.37,83.95,0.01,0.00,83.0,0,0.000,-0.01,-1,1,0,0,0,0,0,0,0,0,0,PreArm: Board (3.6v) out of range 4.3-5.8v
2026-07-09T13:37:13.270Z,723.616,False,STABILIZE,0.0000000,0.0000000,-1.38,-0.04,0.00,0.00,0.00,2.10,1.37,83.95,0.01,0.00,83.0,0,0.000,-0.01,-1,1,0,0,0,0,0,0,0,0,0,PreArm: Board (3.6v) out of range 4.3-5.8v
2026-07-09T13:37:13.770Z,724.116,False,STABILIZE,0.0000000,0.0000000,-1.39,-0.04,0.00,0.00,0.00,2.10,1.36,83.95,0.01,0.00,83.0,0,0.000,-0.01,-1,1,0,0,0,0,0,0,0,0,0,PreArm: Board (3.6v) out of range 4.3-5.8v
2026-07-09T13:37:14.360Z,724.706,False,STABILIZE,0.0000000,0.0000000,-1.37,-0.04,0.00,0.00,0.00,2.10,1.36,83.95,0.01,0.00,83.0,0,0.000,-0.01,-1,1,0,0,0,0,0,0,0,0,0,PreArm: Board (3.6v) out of range 4.3-5.8v
2026-07-09T13:37:14.861Z,725.206,False,STABILIZE,0.0000000,0.0000000,-1.40,-0.04,0.00,0.00,0.00,2.10,1.36,83.95,0.01,0.00,83.0,0,0.000,-0.01,-1,1,0,0,0,0,0,0,0,0,0,PreArm: Board (3.6v) out of range 4.3-5.8v
2026-07-09T13:37:15.361Z,725.706,False,STABILIZE,0.0000000,0.0000000,-1.41,-0.04,0.00,0.00,0.00,2.10,1.36,83.95,0.01,0.00,83.0,0,0.000,-0.01,-1,1,0,0,0,0,0,0,0,0,0,PreArm: Board (3.6v) out of range 4.3-5.8v
2026-07-09T13:37:15.861Z,726.207,False,STABILIZE,0.0000000,0.0000000,-1.39,-0.04,0.00,0.00,0.00,2.10,1.36,83.95,0.01,0.00,83.0,0,0.000,-0.01,-1,1,0,0,0,0,0,0,0,0,0,PreArm: Board (3.6v) out of range 4.3-5.8v
2026-07-09T13:37:16.362Z,726.708,False,STABILIZE,0.0000000,0.0000000,-1.40,-0.04,0.00,0.00,0.00,2.10,1.36,83.95,0.01,0.00,83.0,0,0.000,-0.01,-1,1,0,0,0,0,0,0,0,0,0,PreArm: Board (3.6v) out of range 4.3-5.8v
2026-07-09T13:37:16.863Z,727.208,False,STABILIZE,0.0000000,0.0000000,-1.42,-0.04,0.00,0.00,0.00,2.10,1.36,83.95,0.01,0.00,83.0,0,0.000,-0.01,-1,1,0,0,0,0,0,0,0,0,0,PreArm: Board (3.6v) out of range 4.3-5.8v
2026-07-09T13:37:17.363Z,727.708,False,STABILIZE,0.0000000,0.0000000,-1.40,-0.04,0.00,0.00,0.00,2.10,1.35,83.95,0.01,0.00,83.0,0,0.000,-0.01,-1,1,0,0,0,0,0,0,0,0,0,PreArm: Board (3.6v) out of range 4.3-5.8v
2026-07-09T13:37:17.863Z,728.208,False,STABILIZE,0.0000000,0.0000000,-1.40,-0.04,0.00,0.00,0.00,2.11,1.35,83.95,0.01,0.00,83.0,0,0.000,-0.01,-1,1,0,0,0,0,0,0,0,0,0,PreArm: Board (3.6v) out of range 4.3-5.8v
2026-07-09T13:37:18.363Z,728.709,False,STABILIZE,0.0000000,0.0000000,-1.41,-0.04,0.00,0.00,0.00,2.11,1.35,83.95,0.00,0.00,83.0,0,0.000,-0.01,-1,1,0,0,0,0,0,0,0,0,0,PreArm: Board (3.6v) out of range 4.3-5.8v
2026-07-09T13:37:18.863Z,729.209,False,STABILIZE,0.0000000,0.0000000,-1.41,-0.04,0.00,0.00,0.00,2.11,1.35,83.95,0.00,0.00,83.0,0,0.000,-0.01,-1,1,0,0,0,0,0,0,0,0,0,PreArm: Board (3.6v) out of range 4.3-5.8v
2026-07-09T13:37:19.366Z,729.711,False,STABILIZE,0.0000000,0.0000000,-1.44,-0.04,0.00,0.00,0.00,2.11,1.35,83.95,0.00,0.00,83.0,0,0.000,-0.01,-1,1,0,0,0,0,0,0,0,0,0,PreArm: Board (3.6v) out of range 4.3-5.8v
2026-07-09T13:37:19.867Z,730.213,False,STABILIZE,0.0000000,0.0000000,-1.43,-0.04,0.00,0.00,0.00,2.11,1.35,83.94,0.00,0.00,83.0,0,0.000,-0.01,-1,1,0,0,0,0,0,0,0,0,0,PreArm: Board (3.6v) out of range 4.3-5.8v
2026-07-09T13:37:20.368Z,730.713,False,STABILIZE,0.0000000,0.0000000,-1.41,-0.04,0.00,0.00,0.00,2.11,1.34,83.94,0.00,0.00,83.0,0,0.000,-0.01,-1,1,0,0,0,0,0,0,0,0,0,PreArm: Board (3.6v) out of range 4.3-5.8v
2026-07-09T13:37:20.868Z,731.213,False,STABILIZE,0.0000000,0.0000000,-1.44,-0.04,0.00,0.00,0.00,2.11,1.34,83.95,0.00,0.00,83.0,0,0.000,-0.01,-1,1,0,0,0,0,0,0,0,0,0,PreArm: Board (3.6v) out of range 4.3-5.8v
2026-07-09T13:37:21.368Z,731.714,False,STABILIZE,0.0000000,0.0000000,-1.46,-0.04,0.00,0.00,0.00,2.11,1.34,83.95,0.00,0.00,83.0,0,0.000,-0.01,-1,1,0,0,0,0,0,0,0,0,0,PreArm: Board (3.6v) out of range 4.3-5.8v
2026-07-09T13:37:21.868Z,732.214,False,STABILIZE,0.0000000,0.0000000,-1.46,-0.04,0.00,0.00,0.00,2.11,1.34,83.95,0.00,0.00,83.0,0,0.000,-0.01,-1,1,0,0,0,0,0,0,0,0,0,PreArm: Board (3.6v) out of range 4.3-5.8v
2026-07-09T13:37:22.368Z,732.714,False,STABILIZE,0.0000000,0.0000000,-1.46,-0.04,0.00,0.00,0.01,2.11,1.34,83.94,0.00,0.00,83.0,0,0.000,-0.01,-1,1,0,0,0,0,0,0,0,0,0,PreArm: Board (3.6v) out of range 4.3-5.8v
2026-07-09T13:37:22.871Z,733.216,False,STABILIZE,0.0000000,0.0000000,-1.48,-0.04,0.00,0.00,0.00,2.11,1.34,83.95,0.00,0.00,83.0,0,0.000,-0.01,-1,1,0,0,0,0,0,0,0,0,0,PreArm: Board (3.6v) out of range 4.3-5.8v
2026-07-09T13:37:23.461Z,733.807,False,STABILIZE,0.0000000,0.0000000,-1.46,-0.04,0.00,0.00,0.00,2.11,1.34,83.95,0.00,0.00,83.0,0,0.000,-0.01,-1,1,0,0,0,0,0,0,0,0,0,PreArm: Board (3.6v) out of range 4.3-5.8v
2026-07-09T13:37:23.961Z,734.307,False,STABILIZE,0.0000000,0.0000000,-1.44,-0.04,0.00,0.00,0.00,2.11,1.34,83.95,0.00,0.00,83.0,0,0.000,-0.01,-1,1,0,0,0,0,0,0,0,0,0,PreArm: Board (3.6v) out of range 4.3-5.8v
2026-07-09T13:37:24.461Z,734.807,False,STABILIZE,0.0000000,0.0000000,-1.45,-0.04,0.00,0.00,0.00,2.11,1.34,83.95,0.00,0.00,83.0,0,0.000,-0.01,-1,1,0,0,0,0,0,0,0,0,0,PreArm: Board (3.6v) out of range 4.3-5.8v
2026-07-09T13:37:24.961Z,735.307,False,STABILIZE,0.0000000,0.0000000,-1.47,-0.04,0.00,0.00,0.00,2.11,1.34,83.95,0.00,0.00,83.0,0,0.000,-0.01,-1,1,0,0,0,0,0,0,0,0,0,PreArm: Board (3.6v) out of range 4.3-5.8v
2026-07-09T13:37:25.461Z,735.807,False,STABILIZE,0.0000000,0.0000000,-1.44,-0.04,0.00,0.00,0.00,2.11,1.35,83.95,0.00,0.00,83.0,0,0.000,-0.01,-1,1,0,0,0,0,0,0,0,0,0,PreArm: Board (3.6v) out of range 4.3-5.8v
2026-07-09T13:37:25.962Z,736.308,False,STABILIZE,0.0000000,0.0000000,-1.50,-0.04,0.00,0.00,0.00,2.11,1.35,83.95,0.00,0.00,83.0,0,0.000,-0.01,-1,1,0,0,0,0,0,0,0,0,0,PreArm: Board (3.6v) out of range 4.3-5.8v
2026-07-09T13:37:26.463Z,736.809,False,STABILIZE,0.0000000,0.0000000,-1.50,-0.04,0.00,0.00,0.00,2.12,1.35,83.96,0.00,0.00,83.0,0,0.000,-0.01,-1,1,0,0,0,0,0,0,0,0,0,PreArm: Board (3.6v) out of range 4.3-5.8v
2026-07-09T13:37:26.963Z,737.309,False,STABILIZE,0.0000000,0.0000000,-1.50,-0.04,0.00,0.00,0.00,2.12,1.34,83.96,0.00,0.00,83.0,0,0.000,-0.01,-1,1,0,0,0,0,0,0,0,0,0,PreArm: Board (3.6v) out of range 4.3-5.8v
2026-07-09T13:37:27.464Z,737.809,False,STABILIZE,0.0000000,0.0000000,-1.47,-0.04,0.00,0.00,0.00,2.12,1.34,83.96,0.00,0.00,83.0,0,0.000,-0.01,-1,1,0,0,0,0,0,0,0,0,0,PreArm: Board (3.6v) out of range 4.3-5.8v
2026-07-09T13:37:27.965Z,738.311,False,STABILIZE,0.0000000,0.0000000,-1.48,-0.04,0.00,0.00,0.00,2.12,1.34,83.97,0.00,0.00,83.0,0,0.000,-0.01,-1,1,0,0,0,0,0,0,0,0,0,PreArm: Board (3.6v) out of range 4.3-5.8v
2026-07-09T13:37:28.467Z,738.813,False,STABILIZE,0.0000000,0.0000000,-1.47,-0.04,0.00,0.00,0.00,2.12,1.34,83.97,0.00,0.00,83.0,0,0.000,-0.01,-1,1,0,0,0,0,0,0,0,0,0,PreArm: Board (3.6v) out of range 4.3-5.8v
2026-07-09T13:37:28.967Z,739.313,False,STABILIZE,0.0000000,0.0000000,-1.47,-0.04,0.00,0.00,0.00,2.13,1.35,83.97,0.00,0.00,83.0,0,0.000,-0.01,-1,1,0,0,0,0,0,0,0,0,0,PreArm: Board (3.6v) out of range 4.3-5.8v
2026-07-09T13:37:29.468Z,739.814,False,STABILIZE,0.0000000,0.0000000,-1.47,-0.04,0.00,0.00,0.00,2.13,1.35,83.96,0.00,0.00,83.0,0,0.000,-0.01,-1,1,0,0,0,0,0,0,0,0,0,PreArm: Board (3.6v) out of range 4.3-5.8v
2026-07-09T13:37:29.968Z,740.314,False,STABILIZE,0.0000000,0.0000000,-1.46,-0.04,0.00,0.00,0.00,2.13,1.35,83.97,0.00,0.00,83.0,0,0.000,-0.01,-1,1,0,0,0,0,0,0,0,0,0,PreArm: Board (3.6v) out of range 4.3-5.8v
2026-07-09T13:37:30.468Z,740.814,False,STABILIZE,0.0000000,0.0000000,-1.48,-0.04,0.00,0.00,0.00,2.12,1.35,83.96,0.00,0.00,83.0,0,0.000,-0.01,-1,1,0,0,0,0,0,0,0,0,0,PreArm: Board (3.6v) out of range 4.3-5.8v
2026-07-09T13:37:31.061Z,741.406,False,STABILIZE,0.0000000,0.0000000,-1.52,-0.04,0.00,0.00,0.00,2.12,1.35,83.96,0.01,0.00,83.0,0,0.000,-0.01,-1,1,0,0,0,0,0,0,0,0,0,PreArm: Board (3.6v) out of range 4.3-5.8v
2026-07-09T13:37:31.561Z,741.907,False,STABILIZE,0.0000000,0.0000000,-1.51,-0.04,0.00,0.00,0.00,2.13,1.35,83.96,0.00,0.00,83.0,0,0.000,-0.01,-1,1,0,0,0,0,0,0,0,0,0,PreArm: Board (3.6v) out of range 4.3-5.8v
2026-07-09T13:37:32.061Z,742.407,False,STABILIZE,0.0000000,0.0000000,-1.51,-0.04,0.00,0.00,0.00,2.13,1.35,83.96,0.01,0.00,83.0,0,0.000,-0.01,-1,1,0,0,0,0,0,0,0,0,0,PreArm: Board (3.6v) out of range 4.3-5.8v
2026-07-09T13:37:32.562Z,742.908,False,STABILIZE,0.0000000,0.0000000,-1.49,-0.04,0.00,0.00,0.00,2.13,1.36,83.97,0.01,0.00,83.0,0,0.000,-0.01,-1,1,0,0,0,0,0,0,0,0,0,PreArm: Board (3.6v) out of range 4.3-5.8v
2026-07-09T13:37:33.064Z,743.409,False,STABILIZE,0.0000000,0.0000000,-1.51,-0.04,0.00,0.00,0.00,2.12,1.36,83.97,0.01,0.00,83.0,0,0.000,-0.01,-1,1,0,0,0,0,0,0,0,0,0,PreArm: Board (3.6v) out of range 4.3-5.8v
2026-07-09T13:37:33.564Z,743.909,False,STABILIZE,0.0000000,0.0000000,-1.49,-0.04,0.00,0.00,0.00,2.13,1.36,83.97,0.01,0.00,83.0,0,0.000,-0.01,-1,1,0,0,0,0,0,0,0,0,0,PreArm: Board (3.6v) out of range 4.3-5.8v
2026-07-09T13:37:34.064Z,744.410,False,STABILIZE,0.0000000,0.0000000,-1.52,-0.04,0.00,0.00,0.00,2.12,1.36,83.97,0.01,0.00,83.0,0,0.000,-0.01,-1,1,0,0,0,0,0,0,0,0,0,PreArm: Board (3.6v) out of range 4.3-5.8v
2026-07-09T13:37:34.565Z,744.910,False,STABILIZE,0.0000000,0.0000000,-1.50,-0.04,0.00,0.00,0.00,2.12,1.35,83.97,0.00,0.00,83.0,0,0.000,-0.01,-1,1,0,0,0,0,0,0,0,0,0,PreArm: Board (3.6v) out of range 4.3-5.8v
2026-07-09T13:37:35.065Z,745.410,False,STABILIZE,0.0000000,0.0000000,-1.47,-0.04,0.00,0.00,0.00,2.12,1.35,83.97,0.00,0.00,83.0,0,0.000,-0.01,-1,1,0,0,0,0,0,0,0,0,0,PreArm: Board (3.6v) out of range 4.3-5.8v
2026-07-09T13:37:35.565Z,745.911,False,STABILIZE,0.0000000,0.0000000,-1.47,-0.04,0.00,0.00,0.00,2.12,1.36,83.97,0.00,0.00,83.0,0,0.000,-0.01,-1,1,0,0,0,0,0,0,0,0,0,PreArm: Board (3.6v) out of range 4.3-5.8v
2026-07-09T13:37:36.066Z,746.411,False,STABILIZE,0.0000000,0.0000000,-1.50,-0.04,0.00,0.00,0.00,2.12,1.35,83.97,0.00,0.00,83.0,0,0.000,-0.01,-1,1,0,0,0,0,0,0,0,0,0,PreArm: Board (3.6v) out of range 4.3-5.8v
2026-07-09T13:37:36.566Z,746.912,False,STABILIZE,0.0000000,0.0000000,-1.51,-0.04,0.00,0.00,0.00,2.12,1.35,83.97,0.00,0.00,83.0,0,0.000,-0.01,-1,1,0,0,0,0,0,0,0,0,0,PreArm: Board (3.6v) out of range 4.3-5.8v
2026-07-09T13:37:37.068Z,747.413,False,STABILIZE,0.0000000,0.0000000,-1.50,-0.04,0.00,0.00,0.00,2.12,1.35,83.97,0.00,0.00,83.0,0,0.000,-0.01,-1,1,0,0,0,0,0,0,0,0,0,PreArm: Board (3.6v) out of range 4.3-5.8v
2026-07-09T13:37:37.568Z,747.914,False,STABILIZE,0.0000000,0.0000000,-1.51,-0.04,0.00,0.00,0.00,2.12,1.35,83.97,0.00,0.00,83.0,0,0.000,-0.01,-1,1,0,0,0,0,0,0,0,0,0,PreArm: Board (3.6v) out of range 4.3-5.8v
2026-07-09T13:37:38.068Z,748.414,False,STABILIZE,0.0000000,0.0000000,-1.53,-0.04,0.00,0.00,0.00,2.12,1.35,83.97,0.00,0.00,83.0,0,0.000,-0.01,-1,1,0,0,0,0,0,0,0,0,0,PreArm: Board (3.6v) out of range 4.3-5.8v
2026-07-09T13:37:38.569Z,748.915,False,STABILIZE,0.0000000,0.0000000,-1.53,-0.04,0.00,0.00,0.00,2.12,1.35,83.97,0.00,0.00,83.0,0,0.000,-0.01,-1,1,0,0,0,0,0,0,0,0,0,PreArm: Board (3.6v) out of range 4.3-5.8v
2026-07-09T13:37:39.161Z,749.507,False,STABILIZE,0.0000000,0.0000000,-1.49,-0.04,0.00,0.00,0.00,2.12,1.35,83.97,0.00,0.00,83.0,0,0.000,-0.01,-1,1,0,0,0,0,0,0,0,0,0,PreArm: Board (3.6v) out of range 4.3-5.8v
2026-07-09T13:37:39.661Z,750.007,False,STABILIZE,0.0000000,0.0000000,-1.51,-0.04,0.00,0.00,0.00,2.12,1.34,83.96,0.00,0.00,83.0,0,0.000,-0.01,-1,1,0,0,0,0,0,0,0,0,0,PreArm: Board (3.6v) out of range 4.3-5.8v
2026-07-09T13:37:40.161Z,750.507,False,STABILIZE,0.0000000,0.0000000,-1.53,-0.04,0.00,0.00,0.00,2.12,1.34,83.96,0.00,0.00,83.0,0,0.000,-0.01,-1,1,0,0,0,0,0,0,0,0,0,PreArm: Board (3.6v) out of range 4.3-5.8v
2026-07-09T13:37:40.663Z,751.009,False,STABILIZE,0.0000000,0.0000000,-1.50,-0.04,0.00,0.00,0.00,2.12,1.35,83.96,0.00,0.00,83.0,0,0.000,-0.01,-1,1,0,0,0,0,0,0,0,0,0,PreArm: Board (3.6v) out of range 4.3-5.8v
2026-07-09T13:37:41.164Z,751.509,False,STABILIZE,0.0000000,0.0000000,-1.54,-0.04,0.00,0.00,0.00,2.12,1.35,83.96,0.00,0.00,83.0,0,0.000,-0.01,-1,1,0,0,0,0,0,0,0,0,0,PreArm: Board (3.6v) out of range 4.3-5.8v
2026-07-09T13:37:41.664Z,752.009,False,STABILIZE,0.0000000,0.0000000,-1.53,-0.04,0.00,0.00,0.00,2.12,1.34,83.97,0.00,0.00,83.0,0,0.000,-0.01,-1,1,0,0,0,0,0,0,0,0,0,PreArm: Board (3.6v) out of range 4.3-5.8v
2026-07-09T13:37:42.165Z,752.511,False,STABILIZE,0.0000000,0.0000000,-1.53,-0.04,0.00,0.00,0.00,2.12,1.34,83.97,0.00,0.00,83.0,0,0.000,-0.01,-1,1,0,0,0,0,0,0,0,0,0,PreArm: Board (3.6v) out of range 4.3-5.8v
2026-07-09T13:37:42.761Z,753.107,False,STABILIZE,0.0000000,0.0000000,-1.55,-0.04,0.00,0.00,0.00,2.12,1.34,83.97,0.00,0.00,83.0,0,0.000,-0.01,-1,1,0,0,0,0,0,0,0,0,0,PreArm: Board (3.6v) out of range 4.3-5.8v
2026-07-09T13:37:43.263Z,753.608,False,STABILIZE,0.0000000,0.0000000,-1.53,-0.04,0.00,0.00,0.00,2.12,1.34,83.97,0.00,0.00,83.0,0,0.000,-0.01,-1,1,0,0,0,0,0,0,0,0,0,PreArm: Board (3.6v) out of range 4.3-5.8v
2026-07-09T13:37:43.764Z,754.110,False,STABILIZE,0.0000000,0.0000000,-1.55,-0.04,0.00,0.00,0.00,2.11,1.34,83.97,0.00,0.00,83.0,0,0.000,-0.01,-1,1,0,0,0,0,0,0,0,0,0,PreArm: Board (3.6v) out of range 4.3-5.8v
2026-07-09T13:37:44.265Z,754.611,False,STABILIZE,0.0000000,0.0000000,-1.55,-0.04,0.00,0.00,0.00,2.11,1.34,83.97,0.00,0.00,83.0,0,0.000,-0.01,-1,1,0,0,0,0,0,0,0,0,0,PreArm: Board (3.6v) out of range 4.3-5.8v
2026-07-09T13:37:44.765Z,755.111,False,STABILIZE,0.0000000,0.0000000,-1.54,-0.04,0.00,0.00,0.00,2.11,1.34,83.97,0.00,0.00,83.0,0,0.000,-0.01,-1,1,0,0,0,0,0,0,0,0,0,PreArm: Board (3.6v) out of range 4.3-5.8v
2026-07-09T13:37:45.265Z,755.611,False,STABILIZE,0.0000000,0.0000000,-1.57,-0.04,0.00,0.00,0.00,2.11,1.34,83.97,0.00,0.00,83.0,0,0.000,-0.01,-1,1,0,0,0,0,0,0,0,0,0,PreArm: Board (3.6v) out of range 4.3-5.8v
2026-07-09T13:37:45.767Z,756.113,False,STABILIZE,0.0000000,0.0000000,-1.55,-0.04,0.00,0.00,0.00,2.12,1.34,83.97,0.00,0.00,83.0,0,0.000,-0.01,-1,1,0,0,0,0,0,0,0,0,0,PreArm: Board (3.6v) out of range 4.3-5.8v
2026-07-09T13:37:46.267Z,756.613,False,STABILIZE,0.0000000,0.0000000,-1.55,-0.04,0.00,0.00,0.00,2.11,1.35,83.97,0.00,0.00,83.0,0,0.000,-0.01,-1,1,0,0,0,0,0,0,0,0,0,PreArm: Board (3.6v) out of range 4.3-5.8v
2026-07-09T13:37:46.767Z,757.113,False,STABILIZE,0.0000000,0.0000000,-1.55,-0.04,0.00,0.00,0.00,2.11,1.34,83.97,0.00,0.00,83.0,0,0.000,-0.01,-1,1,0,0,0,0,0,0,0,0,0,PreArm: Board (3.6v) out of range 4.3-5.8v
2026-07-09T13:37:47.267Z,757.613,False,STABILIZE,0.0000000,0.0000000,-1.53,-0.04,0.00,0.00,0.00,2.11,1.35,83.97,0.00,0.00,83.0,0,0.000,-0.01,-1,1,0,0,0,0,0,0,0,0,0,PreArm: Board (3.6v) out of range 4.3-5.8v
2026-07-09T13:37:47.767Z,758.113,False,STABILIZE,0.0000000,0.0000000,-1.51,-0.04,0.00,0.00,0.00,2.11,1.35,83.97,0.00,0.00,83.0,0,0.000,-0.01,-1,1,0,0,0,0,0,0,0,0,0,PreArm: Board (3.6v) out of range 4.3-5.8v
2026-07-09T13:37:48.268Z,758.613,False,STABILIZE,0.0000000,0.0000000,-1.57,-0.04,0.00,0.00,0.00,2.11,1.35,83.97,0.00,0.00,83.0,0,0.000,-0.01,-1,1,0,0,0,0,0,0,0,0,0,PreArm: Board (3.6v) out of range 4.3-5.8v
2026-07-09T13:37:48.768Z,759.113,False,STABILIZE,0.0000000,0.0000000,-1.58,-0.04,0.00,0.00,0.00,2.11,1.35,83.97,0.00,0.00,83.0,0,0.000,-0.01,-1,1,0,0,0,0,0,0,0,0,0,PreArm: Board (3.6v) out of range 4.3-5.8v
2026-07-09T13:37:49.268Z,759.613,False,STABILIZE,0.0000000,0.0000000,-1.56,-0.04,0.00,0.00,0.00,2.11,1.35,83.97,0.00,0.00,83.0,0,0.000,-0.01,-1,1,0,0,0,0,0,0,0,0,0,PreArm: Hardware safety switch
2026-07-09T13:37:49.768Z,760.113,False,STABILIZE,0.0000000,0.0000000,-1.56,-0.04,0.00,0.00,0.00,2.11,1.35,83.97,0.00,0.00,83.0,0,0.000,-0.01,-1,1,0,0,0,0,0,0,0,0,0,PreArm: Board (3.6v) out of range 4.3-5.8v
2026-07-09T13:37:50.269Z,760.615,False,STABILIZE,0.0000000,0.0000000,-1.58,-0.04,0.00,0.00,0.00,2.11,1.35,83.97,0.00,0.00,83.0,0,0.000,-0.01,-1,1,0,0,0,0,0,0,0,0,0,PreArm: Board (3.6v) out of range 4.3-5.8v
2026-07-09T13:37:50.861Z,761.207,False,STABILIZE,0.0000000,0.0000000,-1.62,-0.04,0.00,0.00,0.00,2.11,1.35,83.98,0.00,0.00,83.0,0,0.000,-0.01,-1,1,0,0,0,0,0,0,0,0,0,PreArm: Board (3.6v) out of range 4.3-5.8v
2026-07-09T13:37:51.364Z,761.709,False,STABILIZE,0.0000000,0.0000000,-1.56,-0.04,0.00,0.00,0.00,2.12,1.35,83.98,0.00,0.00,83.0,0,0.000,-0.01,-1,1,0,0,0,0,0,0,0,0,0,PreArm: Board (3.6v) out of range 4.3-5.8v
2026-07-09T13:37:51.864Z,762.210,False,STABILIZE,0.0000000,0.0000000,-1.60,-0.04,0.00,0.00,0.00,2.12,1.35,83.98,0.00,0.00,83.0,0,0.000,-0.01,-1,1,0,0,0,0,0,0,0,0,0,PreArm: Board (3.6v) out of range 4.3-5.8v
2026-07-09T13:37:52.364Z,762.710,False,STABILIZE,0.0000000,0.0000000,-1.59,-0.04,0.00,0.00,0.00,2.12,1.35,83.98,0.00,0.00,83.0,0,0.000,-0.01,-1,1,0,0,0,0,0,0,0,0,0,PreArm: Board (3.6v) out of range 4.3-5.8v
2026-07-09T13:37:52.865Z,763.210,False,STABILIZE,0.0000000,0.0000000,-1.60,-0.04,0.00,0.00,0.00,2.12,1.35,83.98,0.00,0.00,83.0,0,0.000,-0.01,-1,1,0,0,0,0,0,0,0,0,0,PreArm: Board (3.6v) out of range 4.3-5.8v
2026-07-09T13:37:53.365Z,763.711,False,STABILIZE,0.0000000,0.0000000,-1.59,-0.04,0.00,0.00,0.00,2.12,1.35,83.98,0.00,0.00,83.0,0,0.000,-0.01,-1,1,0,0,0,0,0,0,0,0,0,PreArm: Board (3.6v) out of range 4.3-5.8v
2026-07-09T13:37:53.866Z,764.211,False,STABILIZE,0.0000000,0.0000000,-1.58,-0.04,0.00,0.00,0.00,2.12,1.35,83.98,0.00,0.00,83.0,0,0.000,-0.01,-1,1,0,0,0,0,0,0,0,0,0,PreArm: Board (3.6v) out of range 4.3-5.8v
2026-07-09T13:37:54.367Z,764.713,False,STABILIZE,0.0000000,0.0000000,-1.60,-0.04,0.00,0.00,0.00,2.12,1.35,83.98,0.00,0.00,83.0,0,0.000,-0.01,-1,1,0,0,0,0,0,0,0,0,0,PreArm: Board (3.6v) out of range 4.3-5.8v
2026-07-09T13:37:54.868Z,765.214,False,STABILIZE,0.0000000,0.0000000,-1.58,-0.04,0.00,0.00,0.00,2.12,1.35,83.98,0.00,0.00,83.0,0,0.000,-0.01,-1,1,0,0,0,0,0,0,0,0,0,PreArm: Board (3.6v) out of range 4.3-5.8v
2026-07-09T13:37:55.369Z,765.715,False,STABILIZE,0.0000000,0.0000000,-1.56,-0.04,0.00,0.00,0.00,2.12,1.35,83.99,0.00,0.00,83.0,0,0.000,-0.01,-1,1,0,0,0,0,0,0,0,0,0,PreArm: Board (3.6v) out of range 4.3-5.8v
2026-07-09T13:37:55.872Z,766.218,False,STABILIZE,0.0000000,0.0000000,-1.58,-0.04,0.00,0.00,0.00,2.12,1.36,83.99,0.00,0.00,83.0,0,0.000,-0.01,-1,1,0,0,0,0,0,0,0,0,0,PreArm: Board (3.6v) out of range 4.3-5.8v
2026-07-09T13:37:56.461Z,766.807,False,STABILIZE,0.0000000,0.0000000,-1.57,-0.04,0.00,0.00,0.00,2.12,1.36,83.99,0.00,0.00,83.0,0,0.000,-0.01,-1,1,0,0,0,0,0,0,0,0,0,PreArm: Board (3.6v) out of range 4.3-5.8v
2026-07-09T13:37:56.961Z,767.307,False,STABILIZE,0.0000000,0.0000000,-1.57,-0.04,0.00,0.00,0.00,2.12,1.36,83.99,0.00,0.00,83.0,0,0.000,-0.01,-1,1,0,0,0,0,0,0,0,0,0,PreArm: Board (3.6v) out of range 4.3-5.8v
2026-07-09T13:37:57.463Z,767.809,False,STABILIZE,0.0000000,0.0000000,-1.59,-0.04,0.00,0.00,0.00,2.12,1.36,83.99,0.01,0.00,83.0,0,0.000,-0.01,-1,1,0,0,0,0,0,0,0,0,0,PreArm: Board (3.6v) out of range 4.3-5.8v
2026-07-09T13:37:57.963Z,768.309,False,STABILIZE,0.0000000,0.0000000,-1.58,-0.04,0.00,0.00,0.00,2.12,1.37,83.99,0.01,0.00,83.0,0,0.000,-0.01,-1,1,0,0,0,0,0,0,0,0,0,PreArm: Board (3.6v) out of range 4.3-5.8v
2026-07-09T13:37:58.464Z,768.810,False,STABILIZE,0.0000000,0.0000000,-1.56,-0.04,0.00,0.00,0.00,2.12,1.37,83.99,0.01,0.00,83.0,0,0.000,-0.01,-1,1,0,0,0,0,0,0,0,0,0,PreArm: Board (3.6v) out of range 4.3-5.8v
2026-07-09T13:37:58.965Z,769.311,False,STABILIZE,0.0000000,0.0000000,-1.58,-0.04,0.00,0.00,0.00,2.12,1.37,83.99,0.01,0.00,83.0,0,0.000,-0.01,-1,1,0,0,0,0,0,0,0,0,0,PreArm: Board (3.6v) out of range 4.3-5.8v
2026-07-09T13:37:59.465Z,769.811,False,STABILIZE,0.0000000,0.0000000,-1.59,-0.04,0.00,0.00,0.00,2.12,1.37,83.99,0.01,0.00,83.0,0,0.000,-0.01,-1,1,0,0,0,0,0,0,0,0,0,PreArm: Board (3.6v) out of range 4.3-5.8v
2026-07-09T13:37:59.968Z,770.314,False,STABILIZE,0.0000000,0.0000000,-1.56,-0.04,0.00,0.00,0.00,2.12,1.37,83.99,0.01,0.00,83.0,0,0.000,-0.01,-1,1,0,0,0,0,0,0,0,0,0,PreArm: Board (3.6v) out of range 4.3-5.8v
2026-07-09T13:38:00.560Z,770.906,False,STABILIZE,0.0000000,0.0000000,-1.55,-0.04,0.00,0.00,0.00,2.12,1.37,83.99,0.01,0.00,83.0,0,0.000,-0.01,-1,1,0,0,0,0,0,0,0,0,0,PreArm: Board (3.6v) out of range 4.3-5.8v
2026-07-09T13:38:01.060Z,771.406,False,STABILIZE,0.0000000,0.0000000,-1.57,-0.04,0.00,0.00,0.00,2.12,1.36,83.99,0.01,0.00,83.0,0,0.000,-0.01,-1,1,0,0,0,0,0,0,0,0,0,PreArm: Board (3.6v) out of range 4.3-5.8v
2026-07-09T13:38:01.560Z,771.906,False,STABILIZE,0.0000000,0.0000000,-1.56,-0.04,0.00,0.00,0.00,2.12,1.37,83.99,0.01,0.00,83.0,0,0.000,-0.01,-1,1,0,0,0,0,0,0,0,0,0,PreArm: Board (3.6v) out of range 4.3-5.8v
2026-07-09T13:38:02.064Z,772.409,False,STABILIZE,0.0000000,0.0000000,-1.58,-0.04,0.00,0.00,0.00,2.12,1.36,83.99,0.01,0.00,83.0,0,0.000,-0.01,-1,1,0,0,0,0,0,0,0,0,0,PreArm: Board (3.6v) out of range 4.3-5.8v
2026-07-09T13:38:02.564Z,772.909,False,STABILIZE,0.0000000,0.0000000,-1.58,-0.04,0.00,0.00,0.00,2.12,1.36,83.99,0.01,0.00,83.0,0,0.000,-0.01,-1,1,0,0,0,0,0,0,0,0,0,PreArm: Board (3.6v) out of range 4.3-5.8v
2026-07-09T13:38:03.065Z,773.411,False,STABILIZE,0.0000000,0.0000000,-1.56,-0.04,0.00,0.00,0.00,2.12,1.36,83.99,0.01,0.00,83.0,0,0.000,-0.01,-1,1,0,0,0,0,0,0,0,0,0,PreArm: Board (3.6v) out of range 4.3-5.8v
2026-07-09T13:38:03.566Z,773.911,False,STABILIZE,0.0000000,0.0000000,-1.57,-0.04,0.00,0.00,0.00,2.12,1.37,83.99,0.01,0.00,83.0,0,0.000,-0.01,-1,1,0,0,0,0,0,0,0,0,0,PreArm: Board (3.6v) out of range 4.3-5.8v
2026-07-09T13:38:04.068Z,774.414,False,STABILIZE,0.0000000,0.0000000,-1.59,-0.04,0.00,0.00,0.00,2.12,1.37,83.99,0.01,0.00,83.0,0,0.000,-0.01,-1,1,0,0,0,0,0,0,0,0,0,PreArm: Board (3.6v) out of range 4.3-5.8v
2026-07-09T13:38:04.568Z,774.914,False,STABILIZE,0.0000000,0.0000000,-1.57,-0.04,0.00,0.00,0.00,2.13,1.36,83.99,0.01,0.00,83.0,0,0.000,-0.01,-1,1,0,0,0,0,0,0,0,0,0,PreArm: Board (3.6v) out of range 4.3-5.8v
2026-07-09T13:38:05.164Z,775.509,False,STABILIZE,0.0000000,0.0000000,-1.57,-0.04,0.00,0.00,0.00,2.12,1.36,83.99,0.01,0.00,83.0,0,0.000,-0.01,-1,1,0,0,0,0,0,0,0,0,0,PreArm: Board (3.6v) out of range 4.3-5.8v
2026-07-09T13:38:05.666Z,776.012,False,STABILIZE,0.0000000,0.0000000,-1.56,-0.04,0.00,0.00,0.00,2.13,1.36,83.99,0.01,0.00,83.0,0,0.000,-0.01,-1,1,0,0,0,0,0,0,0,0,0,PreArm: Board (3.6v) out of range 4.3-5.8v
2026-07-09T13:38:06.168Z,776.513,False,STABILIZE,0.0000000,0.0000000,-1.56,-0.04,0.00,0.00,0.00,2.12,1.35,83.99,0.01,0.00,83.0,0,0.000,-0.01,-1,1,0,0,0,0,0,0,0,0,0,PreArm: Board (3.6v) out of range 4.3-5.8v
2026-07-09T13:38:06.668Z,777.013,False,STABILIZE,0.0000000,0.0000000,-1.58,-0.04,0.00,0.00,0.00,2.12,1.35,83.99,0.01,0.00,83.0,0,0.000,-0.01,-1,1,0,0,0,0,0,0,0,0,0,PreArm: Board (3.6v) out of range 4.3-5.8v
2026-07-09T13:38:07.169Z,777.514,False,STABILIZE,0.0000000,0.0000000,-1.58,-0.04,0.00,0.00,0.00,2.12,1.35,83.99,0.00,0.00,83.0,0,0.000,-0.01,-1,1,0,0,0,0,0,0,0,0,0,PreArm: Board (3.6v) out of range 4.3-5.8v
2026-07-09T13:38:07.762Z,778.108,False,STABILIZE,0.0000000,0.0000000,-1.61,-0.04,0.00,0.00,0.00,2.12,1.34,83.99,0.00,0.00,83.0,0,0.000,-0.01,-1,1,0,0,0,0,0,0,0,0,0,PreArm: Board (3.6v) out of range 4.3-5.8v
2026-07-09T13:38:08.263Z,778.608,False,STABILIZE,0.0000000,0.0000000,-1.58,-0.04,0.00,0.00,0.00,2.12,1.34,83.98,0.00,0.00,83.0,0,0.000,-0.01,-1,1,0,0,0,0,0,0,0,0,0,PreArm: Board (3.6v) out of range 4.3-5.8v
2026-07-09T13:38:08.763Z,779.108,False,STABILIZE,0.0000000,0.0000000,-1.57,-0.04,0.00,0.00,0.00,2.12,1.34,83.98,0.00,0.00,83.0,0,0.000,-0.01,-1,1,0,0,0,0,0,0,0,0,0,PreArm: Board (3.6v) out of range 4.3-5.8v
2026-07-09T13:38:09.263Z,779.609,False,STABILIZE,0.0000000,0.0000000,-1.57,-0.04,0.00,0.00,0.00,2.11,1.34,83.98,0.00,0.00,83.0,0,0.000,-0.01,-1,1,0,0,0,0,0,0,0,0,0,PreArm: Board (3.6v) out of range 4.3-5.8v
2026-07-09T13:38:09.763Z,780.109,False,STABILIZE,0.0000000,0.0000000,-1.61,-0.04,0.00,0.00,0.00,2.12,1.34,83.98,0.00,0.00,83.0,0,0.000,-0.01,-1,1,0,0,0,0,0,0,0,0,0,PreArm: Board (3.6v) out of range 4.3-5.8v
2026-07-09T13:38:10.263Z,780.609,False,STABILIZE,0.0000000,0.0000000,-1.58,-0.04,0.00,0.00,0.00,2.12,1.34,83.98,0.00,0.00,83.0,0,0.000,-0.01,-1,1,0,0,0,0,0,0,0,0,0,PreArm: Board (3.6v) out of range 4.3-5.8v
2026-07-09T13:38:10.763Z,781.109,False,STABILIZE,0.0000000,0.0000000,-1.58,-0.04,0.00,0.00,0.00,2.12,1.35,83.97,0.00,0.00,83.0,0,0.000,-0.01,-1,1,0,0,0,0,0,0,0,0,0,PreArm: Board (3.6v) out of range 4.3-5.8v
2026-07-09T13:38:11.266Z,781.611,False,STABILIZE,0.0000000,0.0000000,-1.59,-0.04,0.00,0.00,0.00,2.12,1.34,83.97,0.00,0.00,83.0,0,0.000,-0.01,-1,1,0,0,0,0,0,0,0,0,0,PreArm: Board (3.6v) out of range 4.3-5.8v
2026-07-09T13:38:11.766Z,782.112,False,STABILIZE,0.0000000,0.0000000,-1.58,-0.04,0.00,0.00,0.00,2.12,1.34,83.97,0.00,0.00,83.0,0,0.000,-0.01,-1,1,0,0,0,0,0,0,0,0,0,PreArm: Board (3.6v) out of range 4.3-5.8v
2026-07-09T13:38:12.268Z,782.614,False,STABILIZE,0.0000000,0.0000000,-1.57,-0.04,0.00,0.00,0.00,2.12,1.34,83.97,0.00,0.00,83.0,0,0.000,-0.01,-1,1,0,0,0,0,0,0,0,0,0,PreArm: Board (3.6v) out of range 4.3-5.8v
2026-07-09T13:38:12.768Z,783.114,False,STABILIZE,0.0000000,0.0000000,-1.55,-0.04,0.00,0.00,0.00,2.12,1.34,83.97,0.00,0.00,83.0,0,0.000,-0.01,-1,1,0,0,0,0,0,0,0,0,0,PreArm: Board (3.6v) out of range 4.3-5.8v
2026-07-09T13:38:13.360Z,783.706,False,STABILIZE,0.0000000,0.0000000,-1.59,-0.04,0.00,0.00,0.00,2.12,1.34,83.97,0.00,0.00,83.0,0,0.000,-0.01,-1,1,0,0,0,0,0,0,0,0,0,PreArm: Board (3.6v) out of range 4.3-5.8v
2026-07-09T13:38:13.863Z,784.209,False,STABILIZE,0.0000000,0.0000000,-1.58,-0.04,0.00,0.00,0.00,2.12,1.34,83.97,0.00,0.00,83.0,0,0.000,-0.01,-1,1,0,0,0,0,0,0,0,0,0,PreArm: Board (3.6v) out of range 4.3-5.8v
2026-07-09T13:38:14.363Z,784.709,False,STABILIZE,0.0000000,0.0000000,-1.57,-0.04,0.00,0.00,0.00,2.12,1.34,83.96,0.00,0.00,83.0,0,0.000,-0.01,-1,1,0,0,0,0,0,0,0,0,0,PreArm: Board (3.6v) out of range 4.3-5.8v
2026-07-09T13:38:14.863Z,785.209,False,STABILIZE,0.0000000,0.0000000,-1.59,-0.04,0.00,0.00,0.00,2.11,1.34,83.96,0.00,0.00,83.0,0,0.000,-0.01,-1,1,0,0,0,0,0,0,0,0,0,PreArm: Board (3.6v) out of range 4.3-5.8v
2026-07-09T13:38:15.363Z,785.709,False,STABILIZE,0.0000000,0.0000000,-1.58,-0.04,0.00,0.00,0.00,2.12,1.34,83.97,0.00,0.00,83.0,0,0.000,-0.01,-1,1,0,0,0,0,0,0,0,0,0,PreArm: Board (3.6v) out of range 4.3-5.8v
2026-07-09T13:38:15.863Z,786.209,False,STABILIZE,0.0000000,0.0000000,-1.60,-0.04,0.00,0.00,0.00,2.12,1.34,83.97,0.00,0.00,83.0,0,0.000,-0.01,-1,1,0,0,0,0,0,0,0,0,0,PreArm: Board (3.6v) out of range 4.3-5.8v
2026-07-09T13:38:16.363Z,786.709,False,STABILIZE,0.0000000,0.0000000,-1.60,-0.04,0.00,0.00,0.00,2.12,1.34,83.96,0.00,0.00,83.0,0,0.000,-0.01,-1,1,0,0,0,0,0,0,0,0,0,PreArm: Board (3.6v) out of range 4.3-5.8v
2026-07-09T13:38:16.864Z,787.209,False,STABILIZE,0.0000000,0.0000000,-1.62,-0.04,0.00,0.00,0.00,2.11,1.35,83.96,0.00,0.00,83.0,0,0.000,-0.01,-1,1,0,0,0,0,0,0,0,0,0,PreArm: Board (3.6v) out of range 4.3-5.8v
2026-07-09T13:38:17.364Z,787.710,False,STABILIZE,0.0000000,0.0000000,-1.60,-0.04,0.00,0.00,0.00,2.11,1.35,83.96,0.00,0.00,83.0,0,0.000,-0.01,-1,1,0,0,0,0,0,0,0,0,0,PreArm: Board (3.6v) out of range 4.3-5.8v
2026-07-09T13:38:17.865Z,788.210,False,STABILIZE,0.0000000,0.0000000,-1.59,-0.04,0.00,0.00,0.00,2.11,1.34,83.96,0.00,0.00,83.0,0,0.000,-0.01,-1,1,0,0,0,0,0,0,0,0,0,PreArm: Board (3.6v) out of range 4.3-5.8v
2026-07-09T13:38:18.365Z,788.711,False,STABILIZE,0.0000000,0.0000000,-1.60,-0.04,0.00,0.00,0.00,2.12,1.35,83.96,0.00,0.00,83.0,0,0.000,-0.01,-1,1,0,0,0,0,0,0,0,0,0,PreArm: Board (3.6v) out of range 4.3-5.8v
2026-07-09T13:38:18.866Z,789.212,False,STABILIZE,0.0000000,0.0000000,-1.60,-0.04,0.00,0.00,0.00,2.12,1.34,83.96,0.00,0.00,83.0,0,0.000,-0.01,-1,1,0,0,0,0,0,0,0,0,0,PreArm: Board (3.6v) out of range 4.3-5.8v
2026-07-09T13:38:19.367Z,789.713,False,STABILIZE,0.0000000,0.0000000,-1.62,-0.04,0.00,0.00,0.00,2.11,1.35,83.96,0.00,0.00,83.0,0,0.000,-0.01,-1,1,0,0,0,0,0,0,0,0,0,PreArm: Board (3.6v) out of range 4.3-5.8v
2026-07-09T13:38:19.961Z,790.306,False,STABILIZE,0.0000000,0.0000000,-1.62,-0.04,0.00,0.00,0.00,2.11,1.35,83.95,0.00,0.00,83.0,0,0.000,-0.01,-1,1,0,0,0,0,0,0,0,0,0,PreArm: Board (3.6v) out of range 4.3-5.8v
2026-07-09T13:38:20.461Z,790.807,False,STABILIZE,0.0000000,0.0000000,-1.61,-0.04,0.00,0.00,0.00,2.11,1.35,83.95,0.00,0.00,83.0,0,0.000,-0.01,-1,1,0,0,0,0,0,0,0,0,0,PreArm: Board (3.6v) out of range 4.3-5.8v
2026-07-09T13:38:20.963Z,791.308,False,STABILIZE,0.0000000,0.0000000,-1.64,-0.04,0.00,0.00,0.00,2.11,1.35,83.95,0.00,0.00,83.0,0,0.000,-0.01,-1,1,0,0,0,0,0,0,0,0,0,PreArm: Board (3.6v) out of range 4.3-5.8v
2026-07-09T13:38:21.463Z,791.808,False,STABILIZE,0.0000000,0.0000000,-1.62,-0.04,0.00,0.00,0.00,2.11,1.34,83.95,0.00,0.00,83.0,0,0.000,-0.01,-1,1,0,0,0,0,0,0,0,0,0,PreArm: Board (3.6v) out of range 4.3-5.8v
2026-07-09T13:38:21.963Z,792.308,False,STABILIZE,0.0000000,0.0000000,-1.62,-0.04,0.00,0.00,0.00,2.12,1.34,83.95,0.00,0.00,83.0,0,0.000,-0.01,-1,1,0,0,0,0,0,0,0,0,0,PreArm: Board (3.6v) out of range 4.3-5.8v
2026-07-09T13:38:22.463Z,792.808,False,STABILIZE,0.0000000,0.0000000,-1.63,-0.04,0.00,0.00,0.00,2.12,1.34,83.96,0.00,0.00,83.0,0,0.000,-0.01,-1,1,0,0,0,0,0,0,0,0,0,PreArm: Board (3.6v) out of range 4.3-5.8v
2026-07-09T13:38:22.964Z,793.309,False,STABILIZE,0.0000000,0.0000000,-1.60,-0.04,0.00,0.00,0.00,2.12,1.34,83.96,0.00,0.00,83.0,0,0.000,-0.01,-1,1,0,0,0,0,0,0,0,0,0,PreArm: Board (3.6v) out of range 4.3-5.8v
2026-07-09T13:38:23.465Z,793.811,False,STABILIZE,0.0000000,0.0000000,-1.64,-0.04,0.00,0.00,0.00,2.12,1.35,83.96,0.00,0.00,83.0,0,0.000,-0.01,-1,1,0,0,0,0,0,0,0,0,0,PreArm: Board (3.6v) out of range 4.3-5.8v
2026-07-09T13:38:23.966Z,794.311,False,STABILIZE,0.0000000,0.0000000,-1.61,-0.04,0.00,0.00,0.00,2.12,1.34,83.96,0.00,0.00,83.0,0,0.000,-0.01,-1,1,0,0,0,0,0,0,0,0,0,PreArm: Board (3.6v) out of range 4.3-5.8v
2026-07-09T13:38:24.466Z,794.811,False,STABILIZE,0.0000000,0.0000000,-1.63,-0.04,0.00,0.00,0.00,2.12,1.34,83.96,0.00,0.00,83.0,0,0.000,-0.01,-1,1,0,0,0,0,0,0,0,0,0,PreArm: Board (3.6v) out of range 4.3-5.8v
2026-07-09T13:38:24.971Z,795.316,False,STABILIZE,0.0000000,0.0000000,-1.66,-0.04,0.00,0.00,0.00,2.12,1.35,83.96,0.00,0.00,83.0,0,0.000,-0.01,-1,1,0,0,0,0,0,0,0,0,0,PreArm: Board (3.6v) out of range 4.3-5.8v
2026-07-09T13:38:25.473Z,795.819,False,STABILIZE,0.0000000,0.0000000,-1.64,-0.04,0.00,0.00,0.00,2.12,1.35,83.96,0.00,0.00,83.0,0,0.000,-0.01,-1,1,0,0,0,0,0,0,0,0,0,PreArm: Board (3.6v) out of range 4.3-5.8v
2026-07-09T13:38:26.064Z,796.409,False,STABILIZE,0.0000000,0.0000000,-1.65,-0.04,0.00,0.00,0.00,2.11,1.35,83.96,0.00,0.00,83.0,0,0.000,-0.01,-1,1,0,0,0,0,0,0,0,0,0,PreArm: Board (3.6v) out of range 4.3-5.8v
2026-07-09T13:38:26.564Z,796.909,False,STABILIZE,0.0000000,0.0000000,-1.66,-0.04,0.00,0.00,0.00,2.11,1.35,83.96,0.00,0.00,83.0,0,0.000,-0.01,-1,1,0,0,0,0,0,0,0,0,0,PreArm: Board (3.6v) out of range 4.3-5.8v
2026-07-09T13:38:27.064Z,797.409,False,STABILIZE,0.0000000,0.0000000,-1.66,-0.04,0.00,0.00,0.00,2.11,1.35,83.96,0.00,0.00,83.0,0,0.000,-0.01,-1,1,0,0,0,0,0,0,0,0,0,PreArm: Board (3.6v) out of range 4.3-5.8v
2026-07-09T13:38:27.564Z,797.910,False,STABILIZE,0.0000000,0.0000000,-1.66,-0.04,0.00,0.00,0.00,2.11,1.36,83.96,0.00,0.00,83.0,0,0.000,-0.01,-1,1,0,0,0,0,0,0,0,0,0,PreArm: Board (3.6v) out of range 4.3-5.8v
2026-07-09T13:38:28.064Z,798.410,False,STABILIZE,0.0000000,0.0000000,-1.65,-0.04,0.00,0.00,0.00,2.11,1.36,83.95,0.00,0.00,83.0,0,0.000,-0.01,-1,1,0,0,0,0,0,0,0,0,0,PreArm: Board (3.6v) out of range 4.3-5.8v
2026-07-09T13:38:28.564Z,798.910,False,STABILIZE,0.0000000,0.0000000,-1.66,-0.04,0.00,0.00,0.00,2.11,1.36,83.95,0.00,0.00,83.0,0,0.000,-0.01,-1,1,0,0,0,0,0,0,0,0,0,PreArm: Board (3.6v) out of range 4.3-5.8v
2026-07-09T13:38:29.067Z,799.412,False,STABILIZE,0.0000000,0.0000000,-1.64,-0.04,0.00,0.00,0.00,2.11,1.36,83.95,0.01,0.00,83.0,0,0.000,-0.01,-1,1,0,0,0,0,0,0,0,0,0,PreArm: Board (3.6v) out of range 4.3-5.8v
2026-07-09T13:38:29.569Z,799.914,False,STABILIZE,0.0000000,0.0000000,-1.63,-0.04,0.00,0.00,0.00,2.12,1.36,83.95,0.01,0.00,83.0,0,0.000,-0.01,-1,1,0,0,0,0,0,0,0,0,0,PreArm: Board (3.6v) out of range 4.3-5.8v
2026-07-09T13:38:30.071Z,800.417,False,STABILIZE,0.0000000,0.0000000,-1.66,-0.04,0.00,0.00,0.00,2.12,1.36,83.95,0.01,0.00,83.0,0,0.000,-0.01,-1,1,0,0,0,0,0,0,0,0,0,PreArm: Board (3.6v) out of range 4.3-5.8v
2026-07-09T13:38:30.600Z,800.945,False,STABILIZE,0.0000000,0.0000000,-1.66,-0.04,0.00,0.00,0.00,2.12,1.36,83.95,0.01,0.00,83.0,0,0.000,-0.01,-1,1,0,0,0,0,0,0,0,0,0,PreArm: Board (3.6v) out of range 4.3-5.8v
2026-07-09T13:38:31.160Z,801.506,False,STABILIZE,0.0000000,0.0000000,-1.67,-0.04,0.00,0.00,0.00,2.12,1.36,83.95,0.01,0.00,83.0,0,0.000,-0.01,-1,1,0,0,0,0,0,0,0,0,0,PreArm: Board (3.6v) out of range 4.3-5.8v
2026-07-09T13:38:31.661Z,802.006,False,STABILIZE,0.0000000,0.0000000,-1.66,-0.04,0.00,0.00,0.00,2.12,1.36,83.95,0.01,0.00,83.0,0,0.000,-0.01,-1,1,0,0,0,0,0,0,0,0,0,PreArm: Board (3.6v) out of range 4.3-5.8v
2026-07-09T13:38:32.161Z,802.506,False,STABILIZE,0.0000000,0.0000000,-1.63,-0.04,0.00,0.00,0.00,2.12,1.36,83.95,0.01,0.00,83.0,0,0.000,-0.01,-1,1,0,0,0,0,0,0,0,0,0,PreArm: Board (3.6v) out of range 4.3-5.8v
2026-07-09T13:38:32.661Z,803.006,False,STABILIZE,0.0000000,0.0000000,-1.67,-0.04,0.00,0.00,0.00,2.12,1.36,83.95,0.01,0.00,83.0,0,0.000,-0.01,-1,1,0,0,0,0,0,0,0,0,0,PreArm: Board (3.6v) out of range 4.3-5.8v
2026-07-09T13:38:33.161Z,803.506,False,STABILIZE,0.0000000,0.0000000,-1.67,-0.04,0.00,0.00,0.00,2.11,1.35,83.95,0.01,0.00,83.0,0,0.000,-0.01,-1,1,0,0,0,0,0,0,0,0,0,PreArm: Board (3.6v) out of range 4.3-5.8v
2026-07-09T13:38:33.661Z,804.006,False,STABILIZE,0.0000000,0.0000000,-1.65,-0.04,0.00,0.00,0.00,2.11,1.35,83.95,0.00,0.00,83.0,0,0.000,-0.01,-1,1,0,0,0,0,0,0,0,0,0,PreArm: Board (3.6v) out of range 4.3-5.8v
2026-07-09T13:38:34.161Z,804.506,False,STABILIZE,0.0000000,0.0000000,-1.66,-0.04,0.00,0.00,0.00,2.11,1.36,83.94,0.00,0.00,83.0,0,0.000,-0.01,-1,1,0,0,0,0,0,0,0,0,0,PreArm: Board (3.6v) out of range 4.3-5.8v
2026-07-09T13:38:34.662Z,805.008,False,STABILIZE,0.0000000,0.0000000,-1.67,-0.04,0.00,0.00,0.00,2.11,1.36,83.94,0.00,0.00,83.0,0,0.000,-0.01,-1,1,0,0,0,0,0,0,0,0,0,PreArm: Board (3.6v) out of range 4.3-5.8v
2026-07-09T13:38:35.163Z,805.509,False,STABILIZE,0.0000000,0.0000000,-1.69,-0.04,0.00,0.00,0.00,2.11,1.36,83.94,0.00,0.00,83.0,0,0.000,-0.01,-1,1,0,0,0,0,0,0,0,0,0,PreArm: Board (3.6v) out of range 4.3-5.8v
2026-07-09T13:38:35.664Z,806.009,False,STABILIZE,0.0000000,0.0000000,-1.69,-0.04,0.00,0.00,0.00,2.11,1.36,83.94,0.00,0.00,83.0,0,0.000,-0.01,-1,1,0,0,0,0,0,0,0,0,0,PreArm: Board (3.6v) out of range 4.3-5.8v
2026-07-09T13:38:36.167Z,806.512,False,STABILIZE,0.0000000,0.0000000,-1.67,-0.04,0.00,0.00,0.00,2.11,1.36,83.94,0.00,0.00,83.0,0,0.000,-0.01,-1,1,0,0,0,0,0,0,0,0,0,PreArm: Board (3.6v) out of range 4.3-5.8v
2026-07-09T13:38:36.667Z,807.012,False,STABILIZE,0.0000000,0.0000000,-1.64,-0.04,0.00,0.00,0.00,2.11,1.36,83.95,0.00,0.00,83.0,0,0.000,-0.01,-1,1,0,0,0,0,0,0,0,0,0,PreArm: Board (3.6v) out of range 4.3-5.8v
2026-07-09T13:38:37.168Z,807.513,False,STABILIZE,0.0000000,0.0000000,-1.66,-0.04,0.00,0.00,0.00,2.11,1.36,83.94,0.00,0.00,83.0,0,0.000,-0.01,-1,1,0,0,0,0,0,0,0,0,0,PreArm: Board (3.6v) out of range 4.3-5.8v
2026-07-09T13:38:37.669Z,808.015,False,STABILIZE,0.0000000,0.0000000,-1.66,-0.04,0.00,0.00,0.00,2.11,1.35,83.94,0.00,0.00,83.0,0,0.000,-0.01,-1,1,0,0,0,0,0,0,0,0,0,PreArm: Board (3.6v) out of range 4.3-5.8v
2026-07-09T13:38:38.261Z,808.606,False,STABILIZE,0.0000000,0.0000000,-1.68,-0.04,0.00,0.00,0.00,2.11,1.35,83.94,0.00,0.00,83.0,0,0.000,-0.01,-1,1,0,0,0,0,0,0,0,0,0,PreArm: Board (3.6v) out of range 4.3-5.8v
2026-07-09T13:38:38.761Z,809.107,False,STABILIZE,0.0000000,0.0000000,-1.64,-0.04,0.00,0.00,0.00,2.11,1.35,83.93,0.00,0.00,83.0,0,0.000,-0.01,-1,1,0,0,0,0,0,0,0,0,0,PreArm: Board (3.6v) out of range 4.3-5.8v
2026-07-09T13:38:39.261Z,809.607,False,STABILIZE,0.0000000,0.0000000,-1.67,-0.04,0.00,0.00,0.00,2.11,1.35,83.93,0.00,0.00,83.0,0,0.000,-0.01,-1,1,0,0,0,0,0,0,0,0,0,PreArm: Board (3.6v) out of range 4.3-5.8v
2026-07-09T13:38:39.762Z,810.107,False,STABILIZE,0.0000000,0.0000000,-1.66,-0.04,0.00,0.00,0.00,2.11,1.35,83.93,0.00,0.00,83.0,0,0.000,-0.01,-1,1,0,0,0,0,0,0,0,0,0,PreArm: Board (3.6v) out of range 4.3-5.8v
2026-07-09T13:38:40.263Z,810.609,False,STABILIZE,0.0000000,0.0000000,-1.64,-0.04,0.00,0.00,0.00,2.11,1.34,83.93,0.00,0.00,83.0,0,0.000,-0.01,-1,1,0,0,0,0,0,0,0,0,0,PreArm: Board (3.6v) out of range 4.3-5.8v
2026-07-09T13:38:40.763Z,811.109,False,STABILIZE,0.0000000,0.0000000,-1.69,-0.04,0.00,0.00,0.00,2.11,1.34,83.93,0.00,0.00,83.0,0,0.000,-0.01,-1,1,0,0,0,0,0,0,0,0,0,PreArm: Board (3.6v) out of range 4.3-5.8v
2026-07-09T13:38:41.265Z,811.611,False,STABILIZE,0.0000000,0.0000000,-1.65,-0.04,0.00,0.00,0.00,2.11,1.34,83.93,0.00,0.00,83.0,0,0.000,-0.01,-1,1,0,0,0,0,0,0,0,0,0,PreArm: Board (3.6v) out of range 4.3-5.8v
2026-07-09T13:38:41.767Z,812.113,False,STABILIZE,0.0000000,0.0000000,-1.67,-0.04,0.00,0.00,0.00,2.11,1.34,83.93,0.00,0.00,83.0,0,0.000,-0.01,-1,1,0,0,0,0,0,0,0,0,0,PreArm: Board (3.6v) out of range 4.3-5.8v
2026-07-09T13:38:42.268Z,812.614,False,STABILIZE,0.0000000,0.0000000,-1.64,-0.04,0.00,0.00,0.00,2.11,1.34,83.93,0.00,0.00,83.0,0,0.000,-0.01,-1,1,0,0,0,0,0,0,0,0,0,PreArm: Board (3.6v) out of range 4.3-5.8v
2026-07-09T13:38:42.768Z,813.114,False,STABILIZE,0.0000000,0.0000000,-1.66,-0.04,0.00,0.00,0.00,2.11,1.34,83.93,0.00,0.00,83.0,0,0.000,-0.01,-1,1,0,0,0,0,0,0,0,0,0,PreArm: Board (3.6v) out of range 4.3-5.8v
2026-07-09T13:38:43.363Z,813.709,False,STABILIZE,0.0000000,0.0000000,-1.65,-0.04,0.00,0.00,0.00,2.11,1.34,83.93,0.00,0.00,83.0,0,0.000,-0.01,-1,1,0,0,0,0,0,0,0,0,0,PreArm: Board (3.6v) out of range 4.3-5.8v
2026-07-09T13:38:43.864Z,814.209,False,STABILIZE,0.0000000,0.0000000,-1.66,-0.04,0.00,0.00,0.00,2.11,1.33,83.92,0.00,0.00,83.0,0,0.000,-0.01,-1,1,0,0,0,0,0,0,0,0,0,PreArm: Board (3.6v) out of range 4.3-5.8v
2026-07-09T13:38:44.365Z,814.711,False,STABILIZE,0.0000000,0.0000000,-1.65,-0.04,0.00,0.00,0.00,2.11,1.33,83.93,0.00,0.00,83.0,0,0.000,-0.01,-1,1,0,0,0,0,0,0,0,0,0,PreArm: Board (3.6v) out of range 4.3-5.8v
2026-07-09T13:38:44.866Z,815.212,False,STABILIZE,0.0000000,0.0000000,-1.66,-0.04,0.00,0.00,0.00,2.11,1.33,83.93,0.00,0.00,83.0,0,0.000,-0.01,-1,1,0,0,0,0,0,0,0,0,0,PreArm: Board (3.6v) out of range 4.3-5.8v
2026-07-09T13:38:45.368Z,815.714,False,STABILIZE,0.0000000,0.0000000,-1.68,-0.04,0.00,0.00,0.00,2.10,1.33,83.93,0.01,0.00,83.0,0,0.000,-0.01,-1,1,0,0,0,0,0,0,0,0,0,PreArm: Board (3.6v) out of range 4.3-5.8v
2026-07-09T13:38:45.960Z,816.306,False,STABILIZE,0.0000000,0.0000000,-1.67,-0.04,0.00,0.00,0.00,2.10,1.34,83.92,0.00,0.00,83.0,0,0.000,-0.01,-1,1,0,0,0,0,0,0,0,0,0,PreArm: Board (3.6v) out of range 4.3-5.8v
2026-07-09T13:38:46.461Z,816.807,False,STABILIZE,0.0000000,0.0000000,-1.66,-0.04,0.00,0.00,0.00,2.11,1.34,83.92,0.00,0.00,83.0,0,0.000,-0.01,-1,1,0,0,0,0,0,0,0,0,0,PreArm: Board (3.6v) out of range 4.3-5.8v
2026-07-09T13:38:46.963Z,817.309,False,STABILIZE,0.0000000,0.0000000,-1.65,-0.04,0.00,0.00,0.00,2.11,1.34,83.92,0.00,0.00,83.0,0,0.000,-0.01,-1,1,0,0,0,0,0,0,0,0,0,PreArm: Board (3.6v) out of range 4.3-5.8v
2026-07-09T13:38:47.463Z,817.809,False,STABILIZE,0.0000000,0.0000000,-1.65,-0.04,0.00,0.00,0.00,2.10,1.34,83.92,0.00,0.00,83.0,0,0.000,-0.01,-1,1,0,0,0,0,0,0,0,0,0,PreArm: Board (3.6v) out of range 4.3-5.8v
2026-07-09T13:38:47.963Z,818.309,False,STABILIZE,0.0000000,0.0000000,-1.67,-0.04,0.00,0.00,0.00,2.10,1.35,83.92,0.00,0.00,83.0,0,0.000,-0.01,-1,1,0,0,0,0,0,0,0,0,0,PreArm: Board (3.6v) out of range 4.3-5.8v
2026-07-09T13:38:48.464Z,818.809,False,STABILIZE,0.0000000,0.0000000,-1.69,-0.04,0.00,0.00,0.00,2.10,1.35,83.92,0.00,0.00,83.0,0,0.000,-0.01,-1,1,0,0,0,0,0,0,0,0,0,PreArm: Board (3.6v) out of range 4.3-5.8v
2026-07-09T13:38:48.964Z,819.309,False,STABILIZE,0.0000000,0.0000000,-1.66,-0.04,0.00,0.00,0.00,2.10,1.35,83.92,0.00,0.00,83.0,0,0.000,-0.01,-1,1,0,0,0,0,0,0,0,0,0,PreArm: Board (3.6v) out of range 4.3-5.8v
2026-07-09T13:38:49.464Z,819.810,False,STABILIZE,0.0000000,0.0000000,-1.69,-0.04,0.00,0.00,0.00,2.10,1.35,83.92,0.00,0.00,83.0,0,0.000,-0.01,-1,1,0,0,0,0,0,0,0,0,0,PreArm: Board (3.6v) out of range 4.3-5.8v
2026-07-09T13:38:49.965Z,820.311,False,STABILIZE,0.0000000,0.0000000,-1.67,-0.04,0.00,0.00,0.00,2.10,1.35,83.92,0.00,0.00,83.0,0,0.000,-0.01,-1,1,0,0,0,0,0,0,0,0,0,PreArm: Board (3.6v) out of range 4.3-5.8v
2026-07-09T13:38:50.473Z,820.819,False,STABILIZE,0.0000000,0.0000000,-1.71,-0.04,0.00,0.00,0.00,2.10,1.35,83.92,0.00,0.00,83.0,0,0.000,-0.01,-1,1,0,0,0,0,0,0,0,0,0,PreArm: Board (3.6v) out of range 4.3-5.8v
2026-07-09T13:38:51.061Z,821.407,False,STABILIZE,0.0000000,0.0000000,-1.68,-0.04,0.00,0.00,0.00,2.11,1.35,83.92,0.00,0.00,83.0,0,0.000,-0.01,-1,1,0,0,0,0,0,0,0,0,0,PreArm: Board (3.6v) out of range 4.3-5.8v
2026-07-09T13:38:51.564Z,821.909,False,STABILIZE,0.0000000,0.0000000,-1.66,-0.04,0.00,0.00,0.00,2.10,1.35,83.92,0.00,0.00,83.0,0,0.000,-0.01,-1,1,0,0,0,0,0,0,0,0,0,PreArm: Board (3.6v) out of range 4.3-5.8v
2026-07-09T13:38:52.066Z,822.411,False,STABILIZE,0.0000000,0.0000000,-1.68,-0.04,0.00,0.00,0.00,2.10,1.35,83.92,0.00,0.00,83.0,0,0.000,-0.01,-1,1,0,0,0,0,0,0,0,0,0,PreArm: Board (3.6v) out of range 4.3-5.8v
2026-07-09T13:38:52.566Z,822.911,False,STABILIZE,0.0000000,0.0000000,-1.68,-0.04,0.00,0.00,0.00,2.10,1.35,83.92,0.00,0.00,83.0,0,0.000,-0.01,-1,1,0,0,0,0,0,0,0,0,0,PreArm: Board (3.6v) out of range 4.3-5.8v
2026-07-09T13:38:53.067Z,823.413,False,STABILIZE,0.0000000,0.0000000,-1.69,-0.04,0.00,0.00,0.00,2.10,1.35,83.92,0.00,0.00,83.0,0,0.000,-0.01,-1,1,0,0,0,0,0,0,0,0,0,PreArm: Board (3.6v) out of range 4.3-5.8v
2026-07-09T13:38:53.568Z,823.914,False,STABILIZE,0.0000000,0.0000000,-1.68,-0.04,0.00,0.00,0.00,2.10,1.35,83.92,0.00,0.00,83.0,0,0.000,-0.01,-1,1,0,0,0,0,0,0,0,0,0,PreArm: Board (3.6v) out of range 4.3-5.8v
2026-07-09T13:38:54.161Z,824.507,False,STABILIZE,0.0000000,0.0000000,-1.67,-0.04,0.00,0.00,0.00,2.10,1.34,83.91,0.00,0.00,83.0,0,0.000,-0.01,-1,1,0,0,0,0,0,0,0,0,0,PreArm: Board (3.6v) out of range 4.3-5.8v
2026-07-09T13:38:54.662Z,825.008,False,STABILIZE,0.0000000,0.0000000,-1.66,-0.04,0.00,0.00,0.00,2.09,1.34,83.92,0.01,0.00,83.0,0,0.000,-0.01,-1,1,0,0,0,0,0,0,0,0,0,PreArm: Board (3.6v) out of range 4.3-5.8v
2026-07-09T13:38:55.163Z,825.509,False,STABILIZE,0.0000000,0.0000000,-1.71,-0.04,0.00,0.00,0.00,2.09,1.35,83.91,0.01,0.00,83.0,0,0.000,-0.01,-1,1,0,0,0,0,0,0,0,0,0,PreArm: Board (3.6v) out of range 4.3-5.8v
2026-07-09T13:38:55.663Z,826.009,False,STABILIZE,0.0000000,0.0000000,-1.69,-0.04,0.00,0.00,0.00,2.10,1.35,83.91,0.01,0.00,83.0,0,0.000,-0.01,-1,1,0,0,0,0,0,0,0,0,0,PreArm: Board (3.6v) out of range 4.3-5.8v
2026-07-09T13:38:56.164Z,826.509,False,STABILIZE,0.0000000,0.0000000,-1.71,-0.04,0.00,0.00,0.00,2.10,1.35,83.92,0.01,0.00,83.0,0,0.000,-0.01,-1,1,0,0,0,0,0,0,0,0,0,PreArm: Board (3.6v) out of range 4.3-5.8v
2026-07-09T13:38:56.664Z,827.009,False,STABILIZE,0.0000000,0.0000000,-1.77,-0.04,0.00,0.00,0.00,2.10,1.35,83.92,0.01,0.00,83.0,0,0.000,-0.01,-1,1,0,0,0,0,0,0,0,0,0,PreArm: Board (3.6v) out of range 4.3-5.8v
2026-07-09T13:38:57.166Z,827.511,False,STABILIZE,0.0000000,0.0000000,-1.73,-0.04,0.00,0.00,0.00,2.10,1.35,83.92,0.01,0.00,83.0,0,0.000,-0.01,-1,1,0,0,0,0,0,0,0,0,0,PreArm: Board (3.6v) out of range 4.3-5.8v
2026-07-09T13:38:57.666Z,828.011,False,STABILIZE,0.0000000,0.0000000,-1.74,-0.04,0.00,0.00,0.00,2.10,1.35,83.92,0.00,0.00,83.0,0,0.000,-0.01,-1,1,0,0,0,0,0,0,0,0,0,PreArm: Board (3.6v) out of range 4.3-5.8v
2026-07-09T13:38:58.166Z,828.512,False,STABILIZE,0.0000000,0.0000000,-1.72,-0.04,0.00,0.00,0.00,2.10,1.35,83.92,0.00,0.00,83.0,0,0.000,-0.01,-1,1,0,0,0,0,0,0,0,0,0,PreArm: Board (3.6v) out of range 4.3-5.8v
2026-07-09T13:38:58.667Z,829.012,False,STABILIZE,0.0000000,0.0000000,-1.73,-0.04,0.00,0.00,0.00,2.11,1.35,83.92,0.00,0.00,83.0,0,0.000,-0.01,-1,1,0,0,0,0,0,0,0,0,0,PreArm: Board (3.6v) out of range 4.3-5.8v
2026-07-09T13:38:59.167Z,829.513,False,STABILIZE,0.0000000,0.0000000,-1.76,-0.04,0.00,0.00,0.00,2.11,1.35,83.92,0.00,0.00,83.0,0,0.000,-0.01,-1,1,0,0,0,0,0,0,0,0,0,PreArm: Board (3.6v) out of range 4.3-5.8v
2026-07-09T13:38:59.668Z,830.014,False,STABILIZE,0.0000000,0.0000000,-1.73,-0.04,0.00,0.00,0.00,2.11,1.35,83.92,0.00,0.00,83.0,0,0.000,-0.01,-1,1,0,0,0,0,0,0,0,0,0,PreArm: Board (3.6v) out of range 4.3-5.8v
2026-07-09T13:39:00.168Z,830.514,False,STABILIZE,0.0000000,0.0000000,-1.71,-0.04,0.00,0.00,0.00,2.11,1.34,83.92,0.00,0.00,83.0,0,0.000,-0.01,-1,1,0,0,0,0,0,0,0,0,0,PreArm: Board (3.6v) out of range 4.3-5.8v
2026-07-09T13:39:00.761Z,831.107,False,STABILIZE,0.0000000,0.0000000,-1.73,-0.04,0.00,0.00,0.00,2.11,1.34,83.92,0.00,0.00,83.0,0,0.000,-0.01,-1,1,0,0,0,0,0,0,0,0,0,PreArm: Board (3.6v) out of range 4.3-5.8v
2026-07-09T13:39:01.263Z,831.609,False,STABILIZE,0.0000000,0.0000000,-1.73,-0.04,0.00,0.00,0.00,2.11,1.34,83.92,0.00,0.00,83.0,0,0.000,-0.01,-1,1,0,0,0,0,0,0,0,0,0,PreArm: Board (3.6v) out of range 4.3-5.8v
2026-07-09T13:39:01.763Z,832.109,False,STABILIZE,0.0000000,0.0000000,-1.73,-0.04,0.00,0.00,0.00,2.11,1.34,83.92,0.00,0.00,83.0,0,0.000,-0.01,-1,1,0,0,0,0,0,0,0,0,0,PreArm: Board (3.6v) out of range 4.3-5.8v
2026-07-09T13:39:02.263Z,832.609,False,STABILIZE,0.0000000,0.0000000,-1.73,-0.04,0.00,0.00,0.00,2.12,1.34,83.92,0.00,0.00,83.0,0,0.000,-0.01,-1,1,0,0,0,0,0,0,0,0,0,PreArm: Board (3.6v) out of range 4.3-5.8v
2026-07-09T13:39:02.765Z,833.111,False,STABILIZE,0.0000000,0.0000000,-1.74,-0.04,0.00,0.00,0.00,2.12,1.34,83.92,0.00,0.00,83.0,0,0.000,-0.01,-1,1,0,0,0,0,0,0,0,0,0,PreArm: Board (3.6v) out of range 4.3-5.8v
2026-07-09T13:39:03.266Z,833.611,False,STABILIZE,0.0000000,0.0000000,-1.71,-0.04,0.00,0.00,0.00,2.11,1.34,83.92,0.00,0.00,83.0,0,0.000,-0.01,-1,1,0,0,0,0,0,0,0,0,0,PreArm: Board (3.6v) out of range 4.3-5.8v
2026-07-09T13:39:03.768Z,834.114,False,STABILIZE,0.0000000,0.0000000,-1.73,-0.04,0.00,0.00,0.00,2.11,1.34,83.92,0.00,0.00,83.0,0,0.000,-0.01,-1,1,0,0,0,0,0,0,0,0,0,PreArm: Board (3.6v) out of range 4.3-5.8v
2026-07-09T13:39:04.361Z,834.707,False,STABILIZE,0.0000000,0.0000000,-1.72,-0.04,0.00,0.00,0.00,2.11,1.34,83.92,0.00,0.00,83.0,0,0.000,-0.01,-1,1,0,0,0,0,0,0,0,0,0,PreArm: Board (3.6v) out of range 4.3-5.8v
2026-07-09T13:39:04.863Z,835.208,False,STABILIZE,0.0000000,0.0000000,-1.75,-0.04,0.00,0.00,0.00,2.12,1.34,83.92,0.00,0.00,83.0,0,0.000,-0.01,-1,1,0,0,0,0,0,0,0,0,0,PreArm: Board (3.6v) out of range 4.3-5.8v
2026-07-09T13:39:05.363Z,835.709,False,STABILIZE,0.0000000,0.0000000,-1.75,-0.04,0.00,0.00,0.00,2.12,1.34,83.92,0.00,0.00,83.0,0,0.000,-0.01,-1,1,0,0,0,0,0,0,0,0,0,PreArm: Board (3.6v) out of range 4.3-5.8v
2026-07-09T13:39:05.864Z,836.210,False,STABILIZE,0.0000000,0.0000000,-1.73,-0.04,0.00,0.00,0.00,2.12,1.34,83.92,0.00,0.00,83.0,0,0.000,-0.01,-1,1,0,0,0,0,0,0,0,0,0,PreArm: Board (3.6v) out of range 4.3-5.8v
2026-07-09T13:39:06.364Z,836.710,False,STABILIZE,0.0000000,0.0000000,-1.73,-0.04,0.00,0.00,0.00,2.11,1.34,83.92,0.00,0.00,83.0,0,0.000,-0.01,-1,1,0,0,0,0,0,0,0,0,0,PreArm: Board (3.6v) out of range 4.3-5.8v
2026-07-09T13:39:06.867Z,837.212,False,STABILIZE,0.0000000,0.0000000,-1.72,-0.04,0.00,0.00,0.00,2.11,1.34,83.91,0.00,0.00,83.0,0,0.000,-0.01,-1,1,0,0,0,0,0,0,0,0,0,PreArm: Board (3.6v) out of range 4.3-5.8v
2026-07-09T13:39:07.367Z,837.713,False,STABILIZE,0.0000000,0.0000000,-1.76,-0.04,0.00,0.00,0.00,2.11,1.34,83.91,0.00,0.00,83.0,0,0.000,-0.01,-1,1,0,0,0,0,0,0,0,0,0,PreArm: Board (3.6v) out of range 4.3-5.8v
2026-07-09T13:39:07.869Z,838.215,False,STABILIZE,0.0000000,0.0000000,-1.74,-0.04,0.00,0.00,0.00,2.12,1.34,83.91,0.00,0.00,83.0,0,0.000,-0.01,-1,1,0,0,0,0,0,0,0,0,0,PreArm: Board (3.6v) out of range 4.3-5.8v
2026-07-09T13:39:08.461Z,838.806,False,STABILIZE,0.0000000,0.0000000,-1.71,-0.04,0.00,0.00,0.00,2.11,1.34,83.91,0.00,0.00,83.0,0,0.000,-0.01,-1,1,0,0,0,0,0,0,0,0,0,PreArm: Board (3.6v) out of range 4.3-5.8v
2026-07-09T13:39:08.961Z,839.306,False,STABILIZE,0.0000000,0.0000000,-1.74,-0.04,0.00,0.00,0.00,2.11,1.34,83.91,0.00,0.00,83.0,0,0.000,-0.01,-1,1,0,0,0,0,0,0,0,0,0,PreArm: Board (3.6v) out of range 4.3-5.8v
2026-07-09T13:39:09.461Z,839.806,False,STABILIZE,0.0000000,0.0000000,-1.72,-0.04,0.00,0.00,0.00,2.11,1.34,83.91,0.00,0.00,83.0,0,0.000,-0.01,-1,1,0,0,0,0,0,0,0,0,0,PreArm: Board (3.6v) out of range 4.3-5.8v
2026-07-09T13:39:09.961Z,840.306,False,STABILIZE,0.0000000,0.0000000,-1.72,-0.04,0.00,0.00,0.00,2.11,1.34,83.91,0.00,0.00,83.0,0,0.000,-0.01,-1,1,0,0,0,0,0,0,0,0,0,PreArm: Board (3.6v) out of range 4.3-5.8v
2026-07-09T13:39:10.461Z,840.806,False,STABILIZE,0.0000000,0.0000000,-1.72,-0.04,0.00,0.00,0.00,2.11,1.33,83.91,0.00,0.00,83.0,0,0.000,-0.01,-1,1,0,0,0,0,0,0,0,0,0,PreArm: Board (3.6v) out of range 4.3-5.8v
2026-07-09T13:39:10.963Z,841.309,False,STABILIZE,0.0000000,0.0000000,-1.75,-0.04,0.00,0.00,0.00,2.11,1.34,83.91,0.00,0.00,83.0,0,0.000,-0.01,-1,1,0,0,0,0,0,0,0,0,0,PreArm: Board (3.6v) out of range 4.3-5.8v
2026-07-09T13:39:11.464Z,841.809,False,STABILIZE,0.0000000,0.0000000,-1.72,-0.04,0.00,0.00,0.00,2.11,1.34,83.91,0.00,0.00,83.0,0,0.000,-0.01,-1,1,0,0,0,0,0,0,0,0,0,PreArm: Board (3.6v) out of range 4.3-5.8v
2026-07-09T13:39:11.965Z,842.310,False,STABILIZE,0.0000000,0.0000000,-1.73,-0.04,0.00,0.00,0.00,2.11,1.34,83.91,0.00,0.00,83.0,0,0.000,-0.01,-1,1,0,0,0,0,0,0,0,0,0,PreArm: Board (3.6v) out of range 4.3-5.8v
2026-07-09T13:39:12.466Z,842.812,False,STABILIZE,0.0000000,0.0000000,-1.74,-0.04,0.00,0.00,0.00,2.11,1.34,83.91,0.00,0.00,83.0,0,0.000,-0.01,-1,1,0,0,0,0,0,0,0,0,0,PreArm: Board (3.6v) out of range 4.3-5.8v
2026-07-09T13:39:12.966Z,843.312,False,STABILIZE,0.0000000,0.0000000,-1.72,-0.04,0.00,0.00,0.00,2.11,1.34,83.91,0.00,0.00,83.0,0,0.000,-0.01,-1,1,0,0,0,0,0,0,0,0,0,PreArm: Board (3.6v) out of range 4.3-5.8v
2026-07-09T13:39:13.468Z,843.813,False,STABILIZE,0.0000000,0.0000000,-1.70,-0.04,0.00,0.00,0.00,2.11,1.34,83.90,0.00,0.00,83.0,0,0.000,-0.01,-1,1,0,0,0,0,0,0,0,0,0,PreArm: Board (3.6v) out of range 4.3-5.8v
2026-07-09T13:39:13.968Z,844.313,False,STABILIZE,0.0000000,0.0000000,-1.73,-0.04,0.00,0.00,0.00,2.11,1.34,83.90,0.00,0.00,83.0,0,0.000,-0.01,-1,1,0,0,0,0,0,0,0,0,0,PreArm: Board (3.6v) out of range 4.3-5.8v
2026-07-09T13:39:14.468Z,844.814,False,STABILIZE,0.0000000,0.0000000,-1.67,-0.04,0.00,0.00,0.00,2.10,1.34,83.90,0.00,0.00,83.0,0,0.000,-0.01,-1,1,0,0,0,0,0,0,0,0,0,PreArm: Board (3.6v) out of range 4.3-5.8v
2026-07-09T13:39:14.968Z,845.314,False,STABILIZE,0.0000000,0.0000000,-1.68,-0.04,0.00,0.00,0.00,2.10,1.34,83.90,0.00,0.00,83.0,0,0.000,-0.01,-1,1,0,0,0,0,0,0,0,0,0,PreArm: Board (3.6v) out of range 4.3-5.8v
2026-07-09T13:39:15.468Z,845.814,False,STABILIZE,0.0000000,0.0000000,-1.71,-0.04,0.00,0.00,0.00,2.10,1.34,83.90,0.00,0.00,83.0,0,0.000,-0.01,-1,1,0,0,0,0,0,0,0,0,0,PreArm: Board (3.6v) out of range 4.3-5.8v
2026-07-09T13:39:16.060Z,846.406,False,STABILIZE,0.0000000,0.0000000,-1.71,-0.04,0.00,0.00,0.00,2.10,1.34,83.90,0.00,0.00,83.0,0,0.000,-0.01,-1,1,0,0,0,0,0,0,0,0,0,PreArm: Board (3.6v) out of range 4.3-5.8v
2026-07-09T13:39:16.563Z,846.909,False,STABILIZE,0.0000000,0.0000000,-1.71,-0.04,0.00,0.00,0.00,2.11,1.34,83.89,0.00,0.00,83.0,0,0.000,-0.01,-1,1,0,0,0,0,0,0,0,0,0,PreArm: Board (3.6v) out of range 4.3-5.8v
2026-07-09T13:39:17.063Z,847.409,False,STABILIZE,0.0000000,0.0000000,-1.70,-0.04,0.00,0.00,0.00,2.11,1.34,83.90,0.00,0.00,83.0,0,0.000,-0.01,-1,1,0,0,0,0,0,0,0,0,0,PreArm: Board (3.6v) out of range 4.3-5.8v
2026-07-09T13:39:17.563Z,847.909,False,STABILIZE,0.0000000,0.0000000,-1.72,-0.04,0.00,0.00,0.00,2.11,1.34,83.89,0.00,0.00,83.0,0,0.000,-0.01,-1,1,0,0,0,0,0,0,0,0,0,PreArm: Board (3.6v) out of range 4.3-5.8v
2026-07-09T13:39:18.063Z,848.409,False,STABILIZE,0.0000000,0.0000000,-1.71,-0.04,0.00,0.00,0.00,2.11,1.34,83.89,0.00,0.00,83.0,0,0.000,-0.01,-1,1,0,0,0,0,0,0,0,0,0,PreArm: Board (3.6v) out of range 4.3-5.8v
2026-07-09T13:39:18.563Z,848.909,False,STABILIZE,0.0000000,0.0000000,-1.72,-0.04,0.00,0.00,0.00,2.11,1.34,83.89,0.00,0.00,83.0,0,0.000,-0.01,-1,1,0,0,0,0,0,0,0,0,0,PreArm: Board (3.6v) out of range 4.3-5.8v
2026-07-09T13:39:19.065Z,849.411,False,STABILIZE,0.0000000,0.0000000,-1.73,-0.04,0.00,0.00,0.00,2.11,1.34,83.89,0.00,0.00,83.0,0,0.000,-0.01,-1,1,0,0,0,0,0,0,0,0,0,PreArm: Board (3.6v) out of range 4.3-5.8v
2026-07-09T13:39:19.565Z,849.911,False,STABILIZE,0.0000000,0.0000000,-1.72,-0.04,0.00,0.00,0.00,2.11,1.34,83.89,0.00,0.00,83.0,0,0.000,-0.01,-1,1,0,0,0,0,0,0,0,0,0,PreArm: Board (3.6v) out of range 4.3-5.8v
2026-07-09T13:39:20.065Z,850.411,False,STABILIZE,0.0000000,0.0000000,-1.71,-0.04,0.00,0.00,0.00,2.11,1.34,83.89,0.00,0.00,83.0,0,0.000,-0.01,-1,1,0,0,0,0,0,0,0,0,0,PreArm: Board (3.6v) out of range 4.3-5.8v
2026-07-09T13:39:20.566Z,850.911,False,STABILIZE,0.0000000,0.0000000,-1.69,-0.04,0.00,0.00,0.00,2.11,1.34,83.89,0.00,0.00,83.0,0,0.000,-0.01,-1,1,0,0,0,0,0,0,0,0,0,PreArm: Board (3.6v) out of range 4.3-5.8v
2026-07-09T13:39:21.066Z,851.411,False,STABILIZE,0.0000000,0.0000000,-1.70,-0.04,0.00,0.00,0.00,2.12,1.34,83.89,0.00,0.00,83.0,0,0.000,-0.01,-1,1,0,0,0,0,0,0,0,0,0,PreArm: Board (3.6v) out of range 4.3-5.8v
2026-07-09T13:39:21.567Z,851.913,False,STABILIZE,0.0000000,0.0000000,-1.68,-0.04,0.00,0.00,0.00,2.12,1.34,83.90,0.00,0.00,83.0,0,0.000,-0.01,-1,1,0,0,0,0,0,0,0,0,0,PreArm: Board (3.6v) out of range 4.3-5.8v
2026-07-09T13:39:22.068Z,852.413,False,STABILIZE,0.0000000,0.0000000,-1.71,-0.04,0.00,0.00,0.00,2.12,1.35,83.90,0.00,0.00,83.0,0,0.000,-0.01,-1,1,0,0,0,0,0,0,0,0,0,PreArm: Board (3.6v) out of range 4.3-5.8v
2026-07-09T13:39:22.568Z,852.913,False,STABILIZE,0.0000000,0.0000000,-1.70,-0.04,0.00,0.00,0.00,2.12,1.35,83.90,0.00,0.00,83.0,0,0.000,-0.01,-1,1,0,0,0,0,0,0,0,0,0,PreArm: Board (3.6v) out of range 4.3-5.8v
2026-07-09T13:39:23.070Z,853.416,False,STABILIZE,0.0000000,0.0000000,-1.70,-0.04,0.00,0.00,0.00,2.12,1.35,83.90,0.00,0.00,83.0,0,0.000,-0.01,-1,1,0,0,0,0,0,0,0,0,0,PreArm: Board (3.6v) out of range 4.3-5.8v
2026-07-09T13:39:23.571Z,853.916,False,STABILIZE,0.0000000,0.0000000,-1.72,-0.04,0.00,0.00,0.00,2.12,1.35,83.90,0.00,0.00,83.0,0,0.000,-0.01,-1,1,0,0,0,0,0,0,0,0,0,PreArm: Board (3.6v) out of range 4.3-5.8v
2026-07-09T13:39:24.071Z,854.417,False,STABILIZE,0.0000000,0.0000000,-1.73,-0.04,0.00,0.00,0.00,2.12,1.35,83.90,0.00,0.00,83.0,0,0.000,-0.01,-1,1,0,0,0,0,0,0,0,0,0,PreArm: Board (3.6v) out of range 4.3-5.8v
2026-07-09T13:39:24.602Z,854.947,False,STABILIZE,0.0000000,0.0000000,-1.70,-0.04,0.00,0.00,0.00,2.12,1.35,83.90,0.00,0.00,83.0,0,0.000,-0.01,-1,1,0,0,0,0,0,0,0,0,0,PreArm: Board (3.6v) out of range 4.3-5.8v
2026-07-09T13:39:25.162Z,855.507,False,STABILIZE,0.0000000,0.0000000,-1.71,-0.04,0.00,0.00,0.00,2.11,1.35,83.90,0.00,0.00,83.0,0,0.000,-0.01,-1,1,0,0,0,0,0,0,0,0,0,PreArm: Board (3.6v) out of range 4.3-5.8v
2026-07-09T13:39:25.663Z,856.008,False,STABILIZE,0.0000000,0.0000000,-1.69,-0.04,0.00,0.00,0.00,2.11,1.35,83.90,0.00,0.00,83.0,0,0.000,-0.01,-1,1,0,0,0,0,0,0,0,0,0,PreArm: Board (3.6v) out of range 4.3-5.8v
2026-07-09T13:39:26.163Z,856.508,False,STABILIZE,0.0000000,0.0000000,-1.72,-0.04,0.00,0.00,0.00,2.11,1.35,83.90,0.00,0.00,83.0,0,0.000,-0.01,-1,1,0,0,0,0,0,0,0,0,0,PreArm: Board (3.6v) out of range 4.3-5.8v
2026-07-09T13:39:26.663Z,857.009,False,STABILIZE,0.0000000,0.0000000,-1.71,-0.04,0.00,0.00,0.00,2.11,1.35,83.90,0.00,0.00,83.0,0,0.000,-0.01,-1,1,0,0,0,0,0,0,0,0,0,PreArm: Board (3.6v) out of range 4.3-5.8v
2026-07-09T13:39:27.164Z,857.510,False,STABILIZE,0.0000000,0.0000000,-1.69,-0.04,0.00,0.00,0.00,2.11,1.35,83.90,0.00,0.00,83.0,0,0.000,-0.01,-1,1,0,0,0,0,0,0,0,0,0,PreArm: Board (3.6v) out of range 4.3-5.8v
2026-07-09T13:39:27.664Z,858.010,False,STABILIZE,0.0000000,0.0000000,-1.70,-0.04,0.00,0.00,0.00,2.11,1.35,83.91,0.00,0.00,83.0,0,0.000,-0.01,-1,1,0,0,0,0,0,0,0,0,0,PreArm: Board (3.6v) out of range 4.3-5.8v
2026-07-09T13:39:28.166Z,858.511,False,STABILIZE,0.0000000,0.0000000,-1.68,-0.04,0.00,0.00,0.00,2.11,1.35,83.91,0.00,0.00,83.0,0,0.000,-0.01,-1,1,0,0,0,0,0,0,0,0,0,PreArm: Board (3.6v) out of range 4.3-5.8v
2026-07-09T13:39:28.666Z,859.011,False,STABILIZE,0.0000000,0.0000000,-1.71,-0.04,0.00,0.00,0.00,2.10,1.35,83.91,0.00,0.00,83.0,0,0.000,-0.01,-1,1,0,0,0,0,0,0,0,0,0,PreArm: Board (3.6v) out of range 4.3-5.8v
2026-07-09T13:39:29.168Z,859.513,False,STABILIZE,0.0000000,0.0000000,-1.69,-0.04,0.00,0.00,0.00,2.11,1.35,83.91,0.00,0.00,83.0,0,0.000,-0.01,-1,1,0,0,0,0,0,0,0,0,0,PreArm: Board (3.6v) out of range 4.3-5.8v
2026-07-09T13:39:29.668Z,860.013,False,STABILIZE,0.0000000,0.0000000,-1.73,-0.04,0.00,0.00,0.00,2.11,1.35,83.90,0.00,0.00,83.0,0,0.000,-0.01,-1,1,0,0,0,0,0,0,0,0,0,PreArm: Board (3.6v) out of range 4.3-5.8v
2026-07-09T13:39:30.261Z,860.607,False,STABILIZE,0.0000000,0.0000000,-1.70,-0.04,0.00,0.00,0.00,2.10,1.35,83.91,0.00,0.00,83.0,0,0.000,-0.01,-1,1,0,0,0,0,0,0,0,0,0,PreArm: Board (3.6v) out of range 4.3-5.8v
2026-07-09T13:39:30.761Z,861.107,False,STABILIZE,0.0000000,0.0000000,-1.72,-0.04,0.00,0.00,0.00,2.10,1.35,83.91,0.00,0.00,83.0,0,0.000,-0.01,-1,1,0,0,0,0,0,0,0,0,0,PreArm: Board (3.6v) out of range 4.3-5.8v
2026-07-09T13:39:31.263Z,861.608,False,STABILIZE,0.0000000,0.0000000,-1.71,-0.04,0.00,0.00,0.00,2.10,1.35,83.91,0.00,0.00,83.0,0,0.000,-0.01,-1,1,0,0,0,0,0,0,0,0,0,PreArm: Board (3.6v) out of range 4.3-5.8v
2026-07-09T13:39:31.763Z,862.109,False,STABILIZE,0.0000000,0.0000000,-1.69,-0.04,0.00,0.00,0.00,2.11,1.35,83.91,0.00,0.00,83.0,0,0.000,-0.01,-1,1,0,0,0,0,0,0,0,0,0,PreArm: Board (3.6v) out of range 4.3-5.8v
2026-07-09T13:39:32.263Z,862.609,False,STABILIZE,0.0000000,0.0000000,-1.71,-0.04,0.00,0.00,0.00,2.11,1.35,83.90,0.00,0.00,83.0,0,0.000,-0.01,-1,1,0,0,0,0,0,0,0,0,0,PreArm: Board (3.6v) out of range 4.3-5.8v
2026-07-09T13:39:32.764Z,863.110,False,STABILIZE,0.0000000,0.0000000,-1.72,-0.04,0.00,0.00,0.00,2.11,1.35,83.91,0.00,0.00,83.0,0,0.000,-0.01,-1,1,0,0,0,0,0,0,0,0,0,PreArm: Board (3.6v) out of range 4.3-5.8v
2026-07-09T13:39:33.264Z,863.610,False,STABILIZE,0.0000000,0.0000000,-1.71,-0.04,0.00,0.00,0.00,2.11,1.35,83.91,0.00,0.00,83.0,0,0.000,-0.01,-1,1,0,0,0,0,0,0,0,0,0,PreArm: Board (3.6v) out of range 4.3-5.8v
2026-07-09T13:39:33.766Z,864.112,False,STABILIZE,0.0000000,0.0000000,-1.73,-0.04,0.00,0.00,0.00,2.11,1.35,83.91,0.00,0.00,83.0,0,0.000,-0.01,-1,1,0,0,0,0,0,0,0,0,0,PreArm: Board (3.6v) out of range 4.3-5.8v
2026-07-09T13:39:34.266Z,864.612,False,STABILIZE,0.0000000,0.0000000,-1.72,-0.04,0.00,0.00,0.00,2.11,1.35,83.91,0.00,0.00,83.0,0,0.000,-0.01,-1,1,0,0,0,0,0,0,0,0,0,PreArm: Board (3.6v) out of range 4.3-5.8v
2026-07-09T13:39:34.768Z,865.114,False,STABILIZE,0.0000000,0.0000000,-1.75,-0.04,0.00,0.00,0.00,2.11,1.35,83.91,0.00,0.00,83.0,0,0.000,-0.01,-1,1,0,0,0,0,0,0,0,0,0,PreArm: Board (3.6v) out of range 4.3-5.8v
2026-07-09T13:39:35.268Z,865.614,False,STABILIZE,0.0000000,0.0000000,-1.73,-0.04,0.00,0.00,0.00,2.11,1.35,83.91,0.00,0.00,83.0,0,0.000,-0.01,-1,1,0,0,0,0,0,0,0,0,0,PreArm: Board (3.6v) out of range 4.3-5.8v
2026-07-09T13:39:35.770Z,866.115,False,STABILIZE,0.0000000,0.0000000,-1.74,-0.04,0.00,0.00,0.00,2.11,1.35,83.91,0.00,0.00,83.0,0,0.000,-0.01,-1,1,0,0,0,0,0,0,0,0,0,PreArm: Board (3.6v) out of range 4.3-5.8v
2026-07-09T13:39:36.364Z,866.709,False,STABILIZE,0.0000000,0.0000000,-1.71,-0.04,0.00,0.00,0.00,2.11,1.35,83.91,0.00,0.00,83.0,0,0.000,-0.01,-1,1,0,0,0,0,0,0,0,0,0,PreArm: Board (3.6v) out of range 4.3-5.8v
2026-07-09T13:39:36.864Z,867.210,False,STABILIZE,0.0000000,0.0000000,-1.73,-0.04,0.00,0.00,0.00,2.12,1.35,83.91,0.00,0.00,83.0,0,0.000,-0.01,-1,1,0,0,0,0,0,0,0,0,0,PreArm: Board (3.6v) out of range 4.3-5.8v
2026-07-09T13:39:37.364Z,867.710,False,STABILIZE,0.0000000,0.0000000,-1.74,-0.04,0.00,0.00,0.00,2.12,1.35,83.91,0.00,0.00,83.0,0,0.000,-0.01,-1,1,0,0,0,0,0,0,0,0,0,PreArm: Board (3.6v) out of range 4.3-5.8v
2026-07-09T13:39:37.864Z,868.210,False,STABILIZE,0.0000000,0.0000000,-1.74,-0.04,0.00,0.00,0.00,2.12,1.35,83.91,0.00,0.00,83.0,0,0.000,-0.01,-1,1,0,0,0,0,0,0,0,0,0,PreArm: Board (3.6v) out of range 4.3-5.8v
2026-07-09T13:39:38.364Z,868.710,False,STABILIZE,0.0000000,0.0000000,-1.75,-0.04,0.00,0.00,0.00,2.12,1.35,83.90,0.00,0.00,83.0,0,0.000,-0.01,-1,1,0,0,0,0,0,0,0,0,0,PreArm: Board (3.6v) out of range 4.3-5.8v
2026-07-09T13:39:38.864Z,869.210,False,STABILIZE,0.0000000,0.0000000,-1.73,-0.04,0.00,0.00,0.00,2.13,1.35,83.91,0.00,0.00,83.0,0,0.000,-0.01,-1,1,0,0,0,0,0,0,0,0,0,PreArm: Board (3.6v) out of range 4.3-5.8v
2026-07-09T13:39:39.369Z,869.714,False,STABILIZE,0.0000000,0.0000000,-1.72,-0.04,0.00,0.00,0.00,2.13,1.35,83.91,0.01,0.00,83.0,0,0.000,-0.01,-1,1,0,0,0,0,0,0,0,0,0,PreArm: Board (3.6v) out of range 4.3-5.8v
2026-07-09T13:39:39.869Z,870.214,False,STABILIZE,0.0000000,0.0000000,-1.74,-0.04,0.00,0.00,0.00,2.12,1.35,83.91,0.01,0.00,83.0,0,0.000,-0.01,-1,1,0,0,0,0,0,0,0,0,0,PreArm: Board (3.6v) out of range 4.3-5.8v
2026-07-09T13:39:40.369Z,870.715,False,STABILIZE,0.0000000,0.0000000,-1.72,-0.04,0.00,0.00,0.00,2.12,1.35,83.91,0.01,0.00,83.0,0,0.000,-0.01,-1,1,0,0,0,0,0,0,0,0,0,PreArm: Board (3.6v) out of range 4.3-5.8v
2026-07-09T13:39:40.961Z,871.306,False,STABILIZE,0.0000000,0.0000000,-1.74,-0.04,0.00,0.00,0.00,2.12,1.35,83.91,0.00,0.00,83.0,0,0.000,-0.01,-1,1,0,0,0,0,0,0,0,0,0,PreArm: Board (3.6v) out of range 4.3-5.8v
2026-07-09T13:39:41.461Z,871.806,False,STABILIZE,0.0000000,0.0000000,-1.72,-0.04,0.00,0.00,0.00,2.12,1.34,83.90,0.00,0.00,83.0,0,0.000,-0.01,-1,1,0,0,0,0,0,0,0,0,0,PreArm: Board (3.6v) out of range 4.3-5.8v
2026-07-09T13:39:41.965Z,872.311,False,STABILIZE,0.0000000,0.0000000,-1.74,-0.04,0.00,0.00,0.00,2.12,1.34,83.90,0.00,0.00,83.0,0,0.000,-0.01,-1,1,0,0,0,0,0,0,0,0,0,PreArm: Board (3.6v) out of range 4.3-5.8v
2026-07-09T13:39:42.469Z,872.815,False,STABILIZE,0.0000000,0.0000000,-1.75,-0.04,0.00,0.00,0.00,2.12,1.34,83.91,0.00,0.00,83.0,0,0.000,-0.01,-1,1,0,0,0,0,0,0,0,0,0,PreArm: Board (3.6v) out of range 4.3-5.8v
2026-07-09T13:39:43.061Z,873.406,False,STABILIZE,0.0000000,0.0000000,-1.73,-0.04,0.00,0.00,0.00,2.12,1.34,83.91,0.00,0.00,83.0,0,0.000,-0.01,-1,1,0,0,0,0,0,0,0,0,0,PreArm: Board (3.6v) out of range 4.3-5.8v
2026-07-09T13:39:43.561Z,873.907,False,STABILIZE,0.0000000,0.0000000,-1.73,-0.04,0.00,0.00,0.00,2.12,1.34,83.91,0.00,0.00,83.0,0,0.000,-0.01,-1,1,0,0,0,0,0,0,0,0,0,PreArm: Board (3.6v) out of range 4.3-5.8v
2026-07-09T13:39:44.063Z,874.409,False,STABILIZE,0.0000000,0.0000000,-1.73,-0.04,0.00,0.00,0.00,2.12,1.34,83.91,0.00,0.00,83.0,0,0.000,-0.01,-1,1,0,0,0,0,0,0,0,0,0,PreArm: Board (3.6v) out of range 4.3-5.8v
2026-07-09T13:39:44.564Z,874.910,False,STABILIZE,0.0000000,0.0000000,-1.71,-0.04,0.00,0.00,0.00,2.12,1.34,83.91,0.00,0.00,83.0,0,0.000,-0.01,-1,1,0,0,0,0,0,0,0,0,0,PreArm: Board (3.6v) out of range 4.3-5.8v
2026-07-09T13:39:45.065Z,875.410,False,STABILIZE,0.0000000,0.0000000,-1.74,-0.04,0.00,0.00,0.00,2.12,1.34,83.91,0.00,0.00,83.0,0,0.000,-0.01,-1,1,0,0,0,0,0,0,0,0,0,PreArm: Board (3.6v) out of range 4.3-5.8v
2026-07-09T13:39:45.566Z,875.912,False,STABILIZE,0.0000000,0.0000000,-1.73,-0.04,0.00,0.00,0.00,2.12,1.34,83.91,0.00,0.00,83.0,0,0.000,-0.01,-1,1,0,0,0,0,0,0,0,0,0,PreArm: Board (3.6v) out of range 4.3-5.8v
2026-07-09T13:39:46.068Z,876.413,False,STABILIZE,0.0000000,0.0000000,-1.74,-0.04,0.00,0.00,0.00,2.12,1.34,83.92,0.00,0.00,83.0,0,0.000,-0.01,-1,1,0,0,0,0,0,0,0,0,0,PreArm: Board (3.6v) out of range 4.3-5.8v
2026-07-09T13:39:46.568Z,876.913,False,STABILIZE,0.0000000,0.0000000,-1.76,-0.04,0.00,0.00,0.00,2.12,1.34,83.92,0.00,0.00,83.0,0,0.000,-0.01,-1,1,0,0,0,0,0,0,0,0,0,PreArm: Board (3.6v) out of range 4.3-5.8v
2026-07-09T13:39:47.068Z,877.413,False,STABILIZE,0.0000000,0.0000000,-1.75,-0.04,0.00,0.00,0.00,2.12,1.34,83.92,0.00,0.00,83.0,0,0.000,-0.01,-1,1,0,0,0,0,0,0,0,0,0,PreArm: Board (3.6v) out of range 4.3-5.8v
2026-07-09T13:39:47.568Z,877.913,False,STABILIZE,0.0000000,0.0000000,-1.74,-0.04,0.00,0.00,0.00,2.12,1.34,83.92,0.00,0.00,83.0,0,0.000,-0.01,-1,1,0,0,0,0,0,0,0,0,0,PreArm: Board (3.6v) out of range 4.3-5.8v
2026-07-09T13:39:48.069Z,878.414,False,STABILIZE,0.0000000,0.0000000,-1.74,-0.04,0.00,0.00,0.00,2.12,1.34,83.92,0.00,0.00,83.0,0,0.000,-0.01,-1,1,0,0,0,0,0,0,0,0,0,PreArm: Board (3.6v) out of range 4.3-5.8v
2026-07-09T13:39:48.600Z,878.946,False,STABILIZE,0.0000000,0.0000000,-1.76,-0.04,0.00,0.00,0.00,2.12,1.34,83.92,0.00,0.00,83.0,0,0.000,-0.01,-1,1,0,0,0,0,0,0,0,0,0,PreArm: Board (3.6v) out of range 4.3-5.8v
2026-07-09T13:39:49.161Z,879.507,False,STABILIZE,0.0000000,0.0000000,-1.78,-0.04,0.00,0.00,0.00,2.12,1.34,83.92,0.00,0.00,83.0,0,0.000,-0.01,-1,1,0,0,0,0,0,0,0,0,0,PreArm: Board (3.6v) out of range 4.3-5.8v
2026-07-09T13:39:49.661Z,880.007,False,STABILIZE,0.0000000,0.0000000,-1.76,-0.04,0.00,0.00,0.00,2.12,1.34,83.92,0.00,0.00,83.0,0,0.000,-0.01,-1,1,0,0,0,0,0,0,0,0,0,PreArm: Board (3.6v) out of range 4.3-5.8v
2026-07-09T13:39:50.161Z,880.507,False,STABILIZE,0.0000000,0.0000000,-1.76,-0.04,0.00,0.00,0.00,2.12,1.34,83.92,0.00,0.00,83.0,0,0.000,-0.01,-1,1,0,0,0,0,0,0,0,0,0,PreArm: Board (3.6v) out of range 4.3-5.8v
2026-07-09T13:39:50.663Z,881.009,False,STABILIZE,0.0000000,0.0000000,-1.80,-0.04,0.00,0.00,0.00,2.12,1.35,83.92,0.00,0.00,83.0,0,0.000,-0.01,-1,1,0,0,0,0,0,0,0,0,0,PreArm: Board (3.6v) out of range 4.3-5.8v
2026-07-09T13:39:51.163Z,881.509,False,STABILIZE,0.0000000,0.0000000,-1.77,-0.04,0.00,0.00,0.00,2.12,1.35,83.92,0.00,0.00,83.0,0,0.000,-0.01,-1,1,0,0,0,0,0,0,0,0,0,PreArm: Board (3.6v) out of range 4.3-5.8v
2026-07-09T13:39:51.664Z,882.009,False,STABILIZE,0.0000000,0.0000000,-1.77,-0.04,0.00,0.00,0.00,2.12,1.35,83.92,0.00,0.00,83.0,0,0.000,-0.01,-1,1,0,0,0,0,0,0,0,0,0,PreArm: Board (3.6v) out of range 4.3-5.8v
2026-07-09T13:39:52.164Z,882.509,False,STABILIZE,0.0000000,0.0000000,-1.77,-0.04,0.00,0.00,0.00,2.12,1.35,83.92,0.00,0.00,83.0,0,0.000,-0.01,-1,1,0,0,0,0,0,0,0,0,0,PreArm: Board (3.6v) out of range 4.3-5.8v
2026-07-09T13:39:52.664Z,883.010,False,STABILIZE,0.0000000,0.0000000,-1.77,-0.04,0.00,0.00,0.00,2.12,1.35,83.92,0.00,0.00,83.0,0,0.000,-0.01,-1,1,0,0,0,0,0,0,0,0,0,PreArm: Board (3.7v) out of range 4.3-5.8v
2026-07-09T13:39:53.166Z,883.512,False,STABILIZE,0.0000000,0.0000000,-1.78,-0.04,0.00,0.00,0.00,2.12,1.35,83.92,0.00,0.00,83.0,0,0.000,-0.01,-1,1,0,0,0,0,0,0,0,0,0,PreArm: Board (3.7v) out of range 4.3-5.8v
2026-07-09T13:39:53.667Z,884.013,False,STABILIZE,0.0000000,0.0000000,-1.80,-0.04,0.00,0.00,0.00,2.12,1.35,83.92,0.00,0.00,83.0,0,0.000,-0.01,-1,1,0,0,0,0,0,0,0,0,0,PreArm: Board (3.7v) out of range 4.3-5.8v
2026-07-09T13:39:54.168Z,884.514,False,STABILIZE,0.0000000,0.0000000,-1.75,-0.04,0.00,0.00,0.00,2.12,1.35,83.93,0.00,0.00,83.0,0,0.000,-0.01,-1,1,0,0,0,0,0,0,0,0,0,PreArm: Board (3.7v) out of range 4.3-5.8v
2026-07-09T13:39:54.669Z,885.015,False,STABILIZE,0.0000000,0.0000000,-1.76,-0.04,0.00,0.00,0.00,2.12,1.35,83.93,0.00,0.00,83.0,0,0.000,-0.01,-1,1,0,0,0,0,0,0,0,0,0,PreArm: Board (3.7v) out of range 4.3-5.8v
2026-07-09T13:39:55.262Z,885.607,False,STABILIZE,0.0000000,0.0000000,-1.75,-0.04,0.00,0.00,0.00,2.11,1.35,83.93,0.00,0.00,83.0,0,0.000,-0.01,-1,1,0,0,0,0,0,0,0,0,0,PreArm: Board (3.7v) out of range 4.3-5.8v
2026-07-09T13:39:55.763Z,886.109,False,STABILIZE,0.0000000,0.0000000,-1.78,-0.04,0.00,0.00,0.00,2.12,1.35,83.93,0.00,0.00,83.0,0,0.000,-0.01,-1,1,0,0,0,0,0,0,0,0,0,PreArm: Board (3.7v) out of range 4.3-5.8v
2026-07-09T13:39:56.264Z,886.609,False,STABILIZE,0.0000000,0.0000000,-1.78,-0.04,0.00,0.00,0.00,2.11,1.34,83.93,0.00,0.00,83.0,0,0.000,-0.01,-1,1,0,0,0,0,0,0,0,0,0,PreArm: Board (3.7v) out of range 4.3-5.8v
2026-07-09T13:39:56.764Z,887.110,False,STABILIZE,0.0000000,0.0000000,-1.76,-0.04,0.00,0.00,0.00,2.11,1.35,83.93,0.00,0.00,83.0,0,0.000,-0.01,-1,1,0,0,0,0,0,0,0,0,0,PreArm: Board (3.7v) out of range 4.3-5.8v
2026-07-09T13:39:57.264Z,887.610,False,STABILIZE,0.0000000,0.0000000,-1.75,-0.04,0.00,0.00,0.00,2.12,1.34,83.93,0.00,0.00,83.0,0,0.000,-0.01,-1,1,0,0,0,0,0,0,0,0,0,PreArm: Board (3.7v) out of range 4.3-5.8v
2026-07-09T13:39:57.765Z,888.111,False,STABILIZE,0.0000000,0.0000000,-1.72,-0.04,0.00,0.00,0.00,2.12,1.34,83.94,0.00,0.00,83.0,0,0.000,-0.01,-1,1,0,0,0,0,0,0,0,0,0,PreArm: Board (3.7v) out of range 4.3-5.8v
2026-07-09T13:39:58.268Z,888.614,False,STABILIZE,0.0000000,0.0000000,-1.78,-0.04,0.00,0.00,0.00,2.11,1.34,83.93,0.00,0.00,83.0,0,0.000,-0.01,-1,1,0,0,0,0,0,0,0,0,0,PreArm: Board (3.7v) out of range 4.3-5.8v
2026-07-09T13:39:58.768Z,889.114,False,STABILIZE,0.0000000,0.0000000,-1.80,-0.04,0.00,0.00,0.00,2.11,1.34,83.94,0.00,0.00,83.0,0,0.000,-0.01,-1,1,0,0,0,0,0,0,0,0,0,PreArm: Board (3.7v) out of range 4.3-5.8v
2026-07-09T13:39:59.269Z,889.615,False,STABILIZE,0.0000000,0.0000000,-1.80,-0.04,0.00,0.00,0.00,2.12,1.34,83.94,0.00,0.00,83.0,0,0.000,-0.01,-1,1,0,0,0,0,0,0,0,0,0,PreArm: Board (3.7v) out of range 4.3-5.8v
2026-07-09T13:39:59.861Z,890.207,False,STABILIZE,0.0000000,0.0000000,-1.77,-0.04,0.00,0.00,0.00,2.12,1.34,83.93,0.00,0.00,83.0,0,0.000,-0.01,-1,1,0,0,0,0,0,0,0,0,0,PreArm: Board (3.7v) out of range 4.3-5.8v
2026-07-09T13:40:00.361Z,890.707,False,STABILIZE,0.0000000,0.0000000,-1.77,-0.04,0.00,0.00,0.00,2.12,1.34,83.93,0.00,0.00,83.0,0,0.000,-0.01,-1,1,0,0,0,0,0,0,0,0,0,PreArm: Board (3.7v) out of range 4.3-5.8v
2026-07-09T13:40:00.861Z,891.207,False,STABILIZE,0.0000000,0.0000000,-1.77,-0.04,0.00,0.00,0.00,2.12,1.34,83.94,0.00,0.00,83.0,0,0.000,-0.01,-1,1,0,0,0,0,0,0,0,0,0,PreArm: Board (3.7v) out of range 4.3-5.8v
2026-07-09T13:40:01.363Z,891.708,False,STABILIZE,0.0000000,0.0000000,-1.80,-0.04,0.00,0.00,0.00,2.12,1.35,83.94,0.00,0.00,83.0,0,0.000,-0.01,-1,1,0,0,0,0,0,0,0,0,0,PreArm: Board (3.7v) out of range 4.3-5.8v
2026-07-09T13:40:01.864Z,892.209,False,STABILIZE,0.0000000,0.0000000,-1.79,-0.04,0.00,0.00,0.00,2.12,1.35,83.93,0.00,0.00,83.0,0,0.000,-0.01,-1,1,0,0,0,0,0,0,0,0,0,PreArm: Board (3.7v) out of range 4.3-5.8v
2026-07-09T13:40:02.366Z,892.712,False,STABILIZE,0.0000000,0.0000000,-1.78,-0.04,0.00,0.00,0.00,2.12,1.35,83.93,0.00,0.00,83.0,0,0.000,-0.01,-1,1,0,0,0,0,0,0,0,0,0,PreArm: Board (3.7v) out of range 4.3-5.8v
2026-07-09T13:40:02.868Z,893.214,False,STABILIZE,0.0000000,0.0000000,-1.82,-0.04,0.00,0.00,0.00,2.12,1.35,83.93,0.00,0.00,83.0,0,0.000,-0.01,-1,1,0,0,0,0,0,0,0,0,0,PreArm: Board (3.7v) out of range 4.3-5.8v
2026-07-09T13:40:03.368Z,893.714,False,STABILIZE,0.0000000,0.0000000,-1.80,-0.04,0.00,0.00,0.00,2.12,1.36,83.93,0.00,0.00,83.0,0,0.000,-0.01,-1,1,0,0,0,0,0,0,0,0,0,PreArm: Board (3.7v) out of range 4.3-5.8v
2026-07-09T13:40:03.868Z,894.214,False,STABILIZE,0.0000000,0.0000000,-1.79,-0.04,0.00,0.00,0.00,2.12,1.36,83.93,0.00,0.00,83.0,0,0.000,-0.01,-1,1,0,0,0,0,0,0,0,0,0,PreArm: Board (3.7v) out of range 4.3-5.8v
2026-07-09T13:40:04.368Z,894.714,False,STABILIZE,0.0000000,0.0000000,-1.81,-0.04,0.00,0.00,0.00,2.12,1.36,83.93,0.00,0.00,83.0,0,0.000,-0.01,-1,1,0,0,0,0,0,0,0,0,0,PreArm: Board (3.7v) out of range 4.3-5.8v
2026-07-09T13:40:04.868Z,895.214,False,STABILIZE,0.0000000,0.0000000,-1.80,-0.04,0.00,0.00,0.00,2.12,1.36,83.93,0.01,0.00,83.0,0,0.000,-0.01,-1,1,0,0,0,0,0,0,0,0,0,PreArm: Board (3.7v) out of range 4.3-5.8v
2026-07-09T13:40:05.461Z,895.807,False,STABILIZE,0.0000000,0.0000000,-1.81,-0.04,0.00,0.00,0.00,2.12,1.36,83.93,0.01,0.00,83.0,0,0.000,-0.01,-1,1,0,0,0,0,0,0,0,0,0,PreArm: Board (3.7v) out of range 4.3-5.8v
2026-07-09T13:40:05.964Z,896.310,False,STABILIZE,0.0000000,0.0000000,-1.80,-0.04,0.00,0.00,0.00,2.12,1.36,83.93,0.01,0.00,83.0,0,0.000,-0.01,-1,1,0,0,0,0,0,0,0,0,0,PreArm: Board (3.7v) out of range 4.3-5.8v
2026-07-09T13:40:06.469Z,896.815,False,STABILIZE,0.0000000,0.0000000,-1.85,-0.04,0.00,0.00,0.00,2.12,1.36,83.93,0.01,0.00,83.0,0,0.000,-0.01,-1,1,0,0,0,0,0,0,0,0,0,PreArm: Board (3.7v) out of range 4.3-5.8v
2026-07-09T13:40:06.971Z,897.317,False,STABILIZE,0.0000000,0.0000000,-1.79,-0.04,0.00,0.00,0.00,2.12,1.36,83.93,0.01,0.00,83.0,0,0.000,-0.01,-1,1,0,0,0,0,0,0,0,0,0,PreArm: Board (3.7v) out of range 4.3-5.8v
2026-07-09T13:40:07.561Z,897.907,False,STABILIZE,0.0000000,0.0000000,-1.84,-0.04,0.00,0.00,0.00,2.12,1.36,83.93,0.01,0.00,83.0,0,0.000,-0.01,-1,1,0,0,0,0,0,0,0,0,0,PreArm: Board (3.7v) out of range 4.3-5.8v
2026-07-09T13:40:08.061Z,898.407,False,STABILIZE,0.0000000,0.0000000,-1.83,-0.04,0.00,0.00,0.00,2.12,1.36,83.93,0.01,0.00,83.0,0,0.000,-0.01,-1,1,0,0,0,0,0,0,0,0,0,PreArm: Board (3.7v) out of range 4.3-5.8v
2026-07-09T13:40:08.561Z,898.907,False,STABILIZE,0.0000000,0.0000000,-1.85,-0.04,0.00,0.00,0.00,2.12,1.36,83.93,0.01,0.00,83.0,0,0.000,-0.01,-1,1,0,0,0,0,0,0,0,0,0,PreArm: Board (3.7v) out of range 4.3-5.8v
2026-07-09T13:40:09.061Z,899.407,False,STABILIZE,0.0000000,0.0000000,-1.83,-0.04,0.00,0.00,0.00,2.12,1.36,83.93,0.01,0.00,83.0,0,0.000,-0.01,-1,1,0,0,0,0,0,0,0,0,0,PreArm: Board (3.7v) out of range 4.3-5.8v
2026-07-09T13:40:09.563Z,899.909,False,STABILIZE,0.0000000,0.0000000,-1.87,-0.04,0.00,0.00,0.00,2.12,1.36,83.93,0.00,0.00,83.0,0,0.000,-0.01,-1,1,0,0,0,0,0,0,0,0,0,PreArm: Board (3.7v) out of range 4.3-5.8v
2026-07-09T13:40:10.063Z,900.409,False,STABILIZE,0.0000000,0.0000000,-1.83,-0.04,0.00,0.00,0.00,2.11,1.35,83.93,0.00,0.00,83.0,0,0.000,-0.01,-1,1,0,0,0,0,0,0,0,0,0,PreArm: Board (3.7v) out of range 4.3-5.8v
2026-07-09T13:40:10.564Z,900.909,False,STABILIZE,0.0000000,0.0000000,-1.83,-0.04,0.00,0.00,0.00,2.12,1.35,83.93,0.00,0.00,83.0,0,0.000,-0.01,-1,1,0,0,0,0,0,0,0,0,0,PreArm: Board (3.7v) out of range 4.3-5.8v
2026-07-09T13:40:11.065Z,901.411,False,STABILIZE,0.0000000,0.0000000,-1.86,-0.04,0.00,0.00,0.00,2.12,1.35,83.93,0.00,0.00,83.0,0,0.000,-0.01,-1,1,0,0,0,0,0,0,0,0,0,PreArm: Board (3.7v) out of range 4.3-5.8v
2026-07-09T13:40:11.567Z,901.912,False,STABILIZE,0.0000000,0.0000000,-1.82,-0.04,0.00,0.00,0.00,2.12,1.35,83.94,0.00,0.00,83.0,0,0.000,-0.01,-1,1,0,0,0,0,0,0,0,0,0,PreArm: Board (3.7v) out of range 4.3-5.8v
2026-07-09T13:40:12.069Z,902.414,False,STABILIZE,0.0000000,0.0000000,-1.86,-0.04,0.00,0.00,0.00,2.12,1.35,83.94,0.00,0.00,83.0,0,0.000,-0.01,-1,1,0,0,0,0,0,0,0,0,0,PreArm: Board (3.7v) out of range 4.3-5.8v
2026-07-09T13:40:12.569Z,902.914,False,STABILIZE,0.0000000,0.0000000,-1.84,-0.04,0.00,0.00,0.00,2.12,1.35,83.94,0.00,0.00,83.0,0,0.000,-0.01,-1,1,0,0,0,0,0,0,0,0,0,PreArm: Board (3.7v) out of range 4.3-5.8v
2026-07-09T13:40:13.069Z,903.415,False,STABILIZE,0.0000000,0.0000000,-1.84,-0.04,0.00,0.00,0.00,2.12,1.35,83.94,0.00,0.00,83.0,0,0.000,-0.01,-1,1,0,0,0,0,0,0,0,0,0,PreArm: Board (3.7v) out of range 4.3-5.8v
2026-07-09T13:40:13.570Z,903.916,False,STABILIZE,0.0000000,0.0000000,-1.85,-0.04,0.00,0.00,0.00,2.12,1.35,83.94,0.00,0.00,83.0,0,0.000,-0.01,-1,1,0,0,0,0,0,0,0,0,0,PreArm: Board (3.7v) out of range 4.3-5.8v
2026-07-09T13:40:14.071Z,904.417,False,STABILIZE,0.0000000,0.0000000,-1.86,-0.04,0.00,0.00,0.00,2.12,1.35,83.94,0.00,0.00,83.0,0,0.000,-0.01,-1,1,0,0,0,0,0,0,0,0,0,PreArm: Board (3.7v) out of range 4.3-5.8v
2026-07-09T13:40:14.572Z,904.918,False,STABILIZE,0.0000000,0.0000000,-1.86,-0.04,0.00,0.00,0.00,2.12,1.35,83.94,0.00,0.00,83.0,0,0.000,-0.01,-1,1,0,0,0,0,0,0,0,0,0,PreArm: Board (3.7v) out of range 4.3-5.8v
2026-07-09T13:40:15.161Z,905.506,False,STABILIZE,0.0000000,0.0000000,-1.84,-0.04,0.00,0.00,0.00,2.12,1.35,83.93,0.00,0.00,83.0,0,0.000,-0.01,-1,1,0,0,0,0,0,0,0,0,0,PreArm: Board (3.7v) out of range 4.3-5.8v
2026-07-09T13:40:15.661Z,906.007,False,STABILIZE,0.0000000,0.0000000,-1.85,-0.04,0.00,0.00,0.00,2.12,1.35,83.93,0.00,0.00,83.0,0,0.000,-0.01,-1,1,0,0,0,0,0,0,0,0,0,PreArm: Board (3.7v) out of range 4.3-5.8v
2026-07-09T13:40:16.161Z,906.507,False,STABILIZE,0.0000000,0.0000000,-1.85,-0.04,0.00,0.00,0.00,2.12,1.35,83.94,0.00,0.00,83.0,0,0.000,-0.01,-1,1,0,0,0,0,0,0,0,0,0,PreArm: Board (3.7v) out of range 4.3-5.8v
2026-07-09T13:40:16.661Z,907.007,False,STABILIZE,0.0000000,0.0000000,-1.85,-0.04,0.00,0.00,0.00,2.12,1.35,83.93,0.00,0.00,83.0,0,0.000,-0.01,-1,1,0,0,0,0,0,0,0,0,0,PreArm: Board (3.7v) out of range 4.3-5.8v
2026-07-09T13:40:17.161Z,907.507,False,STABILIZE,0.0000000,0.0000000,-1.84,-0.04,0.00,0.00,0.00,2.12,1.34,83.93,0.00,0.00,83.0,0,0.000,-0.01,-1,1,0,0,0,0,0,0,0,0,0,PreArm: Board (3.7v) out of range 4.3-5.8v
2026-07-09T13:40:17.661Z,908.007,False,STABILIZE,0.0000000,0.0000000,-1.87,-0.04,0.00,0.00,0.00,2.12,1.34,83.94,0.00,0.00,83.0,0,0.000,-0.01,-1,1,0,0,0,0,0,0,0,0,0,PreArm: Board (3.7v) out of range 4.3-5.8v
2026-07-09T13:40:18.162Z,908.508,False,STABILIZE,0.0000000,0.0000000,-1.85,-0.04,0.00,0.00,0.00,2.12,1.35,83.94,0.00,0.00,83.0,0,0.000,-0.01,-1,1,0,0,0,0,0,0,0,0,0,PreArm: Board (3.7v) out of range 4.3-5.8v
2026-07-09T13:40:18.663Z,909.008,False,STABILIZE,0.0000000,0.0000000,-1.82,-0.04,0.00,0.00,0.00,2.12,1.34,83.93,0.00,0.00,83.0,0,0.000,-0.01,-1,1,0,0,0,0,0,0,0,0,0,PreArm: Board (3.7v) out of range 4.3-5.8v
2026-07-09T13:40:19.163Z,909.508,False,STABILIZE,0.0000000,0.0000000,-1.83,-0.04,0.00,0.00,0.00,2.12,1.34,83.94,0.00,0.00,83.0,0,0.000,-0.01,-1,1,0,0,0,0,0,0,0,0,0,PreArm: Board (3.7v) out of range 4.3-5.8v
2026-07-09T13:40:19.664Z,910.009,False,STABILIZE,0.0000000,0.0000000,-1.87,-0.04,0.00,0.00,0.00,2.12,1.34,83.94,0.00,0.00,83.0,0,0.000,-0.01,-1,1,0,0,0,0,0,0,0,0,0,PreArm: Board (3.7v) out of range 4.3-5.8v
2026-07-09T13:40:20.165Z,910.511,False,STABILIZE,0.0000000,0.0000000,-1.85,-0.04,0.00,0.00,0.00,2.12,1.34,83.93,0.00,0.00,83.0,0,0.000,-0.01,-1,1,0,0,0,0,0,0,0,0,0,PreArm: Board (3.7v) out of range 4.3-5.8v
2026-07-09T13:40:20.666Z,911.011,False,STABILIZE,0.0000000,0.0000000,-1.83,-0.04,0.00,0.00,0.00,2.12,1.34,83.93,0.00,0.00,83.0,0,0.000,-0.01,-1,1,0,0,0,0,0,0,0,0,0,PreArm: Board (3.7v) out of range 4.3-5.8v
2026-07-09T13:40:21.167Z,911.513,False,STABILIZE,0.0000000,0.0000000,-1.86,-0.04,0.00,0.00,0.00,2.12,1.34,83.93,0.00,0.00,83.0,0,0.000,-0.01,-1,1,0,0,0,0,0,0,0,0,0,PreArm: Board (3.7v) out of range 4.3-5.8v
2026-07-09T13:40:21.668Z,912.014,False,STABILIZE,0.0000000,0.0000000,-1.87,-0.04,0.00,0.00,0.00,2.12,1.34,83.93,0.00,0.00,83.0,0,0.000,-0.01,-1,1,0,0,0,0,0,0,0,0,0,PreArm: Board (3.7v) out of range 4.3-5.8v
2026-07-09T13:40:22.169Z,912.515,False,STABILIZE,0.0000000,0.0000000,-1.86,-0.04,0.00,0.00,0.00,2.12,1.34,83.93,0.00,0.00,83.0,0,0.000,-0.01,-1,1,0,0,0,0,0,0,0,0,0,PreArm: Board (3.7v) out of range 4.3-5.8v
2026-07-09T13:40:22.671Z,913.016,False,STABILIZE,0.0000000,0.0000000,-1.82,-0.04,0.00,0.00,0.00,2.12,1.34,83.93,0.00,0.00,83.0,0,0.000,-0.01,-1,1,0,0,0,0,0,0,0,0,0,PreArm: Board (3.6v) out of range 4.3-5.8v
2026-07-09T13:40:23.261Z,913.607,False,STABILIZE,0.0000000,0.0000000,-1.85,-0.04,0.00,0.00,0.00,2.12,1.34,83.93,0.00,0.00,83.0,0,0.000,-0.01,-1,1,0,0,0,0,0,0,0,0,0,PreArm: Board (3.6v) out of range 4.3-5.8v
2026-07-09T13:40:23.763Z,914.109,False,STABILIZE,0.0000000,0.0000000,-1.87,-0.04,0.00,0.00,0.00,2.12,1.34,83.93,0.00,0.00,83.0,0,0.000,-0.01,-1,1,0,0,0,0,0,0,0,0,0,PreArm: Board (3.6v) out of range 4.3-5.8v
2026-07-09T13:40:24.263Z,914.609,False,STABILIZE,0.0000000,0.0000000,-1.85,-0.04,0.00,0.00,0.00,2.12,1.35,83.93,0.00,0.00,83.0,0,0.000,-0.01,-1,1,0,0,0,0,0,0,0,0,0,PreArm: Board (3.6v) out of range 4.3-5.8v
2026-07-09T13:40:24.764Z,915.109,False,STABILIZE,0.0000000,0.0000000,-1.86,-0.04,0.00,0.00,0.00,2.12,1.35,83.93,0.00,0.00,83.0,0,0.000,-0.01,-1,1,0,0,0,0,0,0,0,0,0,PreArm: Board (3.6v) out of range 4.3-5.8v
2026-07-09T13:40:25.265Z,915.611,False,STABILIZE,0.0000000,0.0000000,-1.83,-0.04,0.00,0.00,0.00,2.11,1.35,83.93,0.00,0.00,83.0,0,0.000,-0.01,-1,1,0,0,0,0,0,0,0,0,0,PreArm: Board (3.6v) out of range 4.3-5.8v
2026-07-09T13:40:25.765Z,916.111,False,STABILIZE,0.0000000,0.0000000,-1.86,-0.04,0.00,0.00,0.00,2.11,1.35,83.93,0.00,0.00,83.0,0,0.000,-0.01,-1,1,0,0,0,0,0,0,0,0,0,PreArm: Board (3.6v) out of range 4.3-5.8v
2026-07-09T13:40:26.265Z,916.611,False,STABILIZE,0.0000000,0.0000000,-1.86,-0.04,0.00,0.00,0.00,2.11,1.35,83.93,0.00,0.00,83.0,0,0.000,-0.01,-1,1,0,0,0,0,0,0,0,0,0,PreArm: Board (3.6v) out of range 4.3-5.8v
2026-07-09T13:40:26.765Z,917.111,False,STABILIZE,0.0000000,0.0000000,-1.84,-0.04,0.00,0.00,0.00,2.11,1.35,83.93,0.00,0.00,83.0,0,0.000,-0.01,-1,1,0,0,0,0,0,0,0,0,0,PreArm: Board (3.6v) out of range 4.3-5.8v
2026-07-09T13:40:27.266Z,917.611,False,STABILIZE,0.0000000,0.0000000,-1.85,-0.04,0.00,0.00,0.00,2.11,1.35,83.93,0.00,0.00,83.0,0,0.000,-0.01,-1,1,0,0,0,0,0,0,0,0,0,PreArm: Board (3.6v) out of range 4.3-5.8v
2026-07-09T13:40:27.766Z,918.111,False,STABILIZE,0.0000000,0.0000000,-1.84,-0.04,0.00,0.00,0.00,2.11,1.35,83.93,0.00,0.00,83.0,0,0.000,-0.01,-1,1,0,0,0,0,0,0,0,0,0,PreArm: Board (3.6v) out of range 4.3-5.8v
2026-07-09T13:40:28.266Z,918.611,False,STABILIZE,0.0000000,0.0000000,-1.85,-0.04,0.00,0.00,0.00,2.11,1.35,83.93,0.00,0.00,83.0,0,0.000,-0.01,-1,1,0,0,0,0,0,0,0,0,0,PreArm: Board (3.6v) out of range 4.3-5.8v
2026-07-09T13:40:28.766Z,919.111,False,STABILIZE,0.0000000,0.0000000,-1.85,-0.04,0.00,0.00,0.00,2.11,1.35,83.93,0.00,0.00,83.0,0,0.000,-0.01,-1,1,0,0,0,0,0,0,0,0,0,PreArm: Board (3.6v) out of range 4.3-5.8v
2026-07-09T13:40:29.271Z,919.617,False,STABILIZE,0.0000000,0.0000000,-1.83,-0.04,0.00,0.00,0.00,2.11,1.34,83.93,0.00,0.00,83.0,0,0.000,-0.01,-1,1,0,0,0,0,0,0,0,0,0,PreArm: Board (3.6v) out of range 4.3-5.8v
2026-07-09T13:40:29.861Z,920.206,False,STABILIZE,0.0000000,0.0000000,-1.84,-0.04,0.00,0.00,0.00,2.11,1.35,83.93,0.00,0.00,83.0,0,0.000,-0.01,-1,1,0,0,0,0,0,0,0,0,0,PreArm: Board (3.6v) out of range 4.3-5.8v
2026-07-09T13:40:30.361Z,920.706,False,STABILIZE,0.0000000,0.0000000,-1.85,-0.04,0.00,0.00,0.00,2.11,1.34,83.93,0.00,0.00,83.0,0,0.000,-0.01,-1,1,0,0,0,0,0,0,0,0,0,PreArm: Board (3.6v) out of range 4.3-5.8v
2026-07-09T13:40:30.861Z,921.206,False,STABILIZE,0.0000000,0.0000000,-1.84,-0.04,0.00,0.00,0.00,2.11,1.34,83.93,0.00,0.00,83.0,0,0.000,-0.01,-1,1,0,0,0,0,0,0,0,0,0,PreArm: Board (3.6v) out of range 4.3-5.8v
2026-07-09T13:40:31.362Z,921.708,False,STABILIZE,0.0000000,0.0000000,-1.84,-0.04,0.00,0.00,0.00,2.11,1.34,83.93,0.00,0.00,83.0,0,0.000,-0.01,-1,1,0,0,0,0,0,0,0,0,0,PreArm: Board (3.6v) out of range 4.3-5.8v
2026-07-09T13:40:31.864Z,922.209,False,STABILIZE,0.0000000,0.0000000,-1.83,-0.04,0.00,0.00,0.00,2.11,1.34,83.93,0.00,0.00,83.0,0,0.000,-0.01,-1,1,0,0,0,0,0,0,0,0,0,PreArm: Board (3.6v) out of range 4.3-5.8v
2026-07-09T13:40:32.364Z,922.709,False,STABILIZE,0.0000000,0.0000000,-1.87,-0.04,0.00,0.00,0.00,2.11,1.34,83.93,0.00,0.00,83.0,0,0.000,-0.01,-1,1,0,0,0,0,0,0,0,0,0,PreArm: Board (3.6v) out of range 4.3-5.8v
2026-07-09T13:40:32.864Z,923.210,False,STABILIZE,0.0000000,0.0000000,-1.83,-0.04,0.00,0.00,0.00,2.10,1.33,83.93,0.00,0.00,83.0,0,0.000,-0.01,-1,1,0,0,0,0,0,0,0,0,0,PreArm: Board (3.6v) out of range 4.3-5.8v
2026-07-09T13:40:33.364Z,923.710,False,STABILIZE,0.0000000,0.0000000,-1.85,-0.04,0.00,0.00,0.00,2.11,1.33,83.93,0.00,0.00,83.0,0,0.000,-0.01,-1,1,0,0,0,0,0,0,0,0,0,PreArm: Board (3.6v) out of range 4.3-5.8v
2026-07-09T13:40:33.864Z,924.210,False,STABILIZE,0.0000000,0.0000000,-1.84,-0.04,0.00,0.00,0.00,2.11,1.33,83.93,0.00,0.00,83.0,0,0.000,-0.01,-1,1,0,0,0,0,0,0,0,0,0,PreArm: Board (3.6v) out of range 4.3-5.8v
2026-07-09T13:40:34.364Z,924.710,False,STABILIZE,0.0000000,0.0000000,-1.83,-0.04,0.00,0.00,0.00,2.10,1.33,83.93,0.00,0.00,83.0,0,0.000,-0.01,-1,1,0,0,0,0,0,0,0,0,0,PreArm: Board (3.6v) out of range 4.3-5.8v
2026-07-09T13:40:34.866Z,925.211,False,STABILIZE,0.0000000,0.0000000,-1.82,-0.04,0.00,0.00,0.00,2.10,1.33,83.93,0.00,0.00,83.0,0,0.000,-0.01,-1,1,0,0,0,0,0,0,0,0,0,PreArm: Board (3.6v) out of range 4.3-5.8v
2026-07-09T13:40:35.368Z,925.713,False,STABILIZE,0.0000000,0.0000000,-1.83,-0.04,0.00,0.00,0.00,2.11,1.34,83.93,0.00,0.00,83.0,0,0.000,-0.01,-1,1,0,0,0,0,0,0,0,0,0,PreArm: Board (3.6v) out of range 4.3-5.8v
2026-07-09T13:40:35.869Z,926.215,False,STABILIZE,0.0000000,0.0000000,-1.84,-0.04,0.00,0.00,0.00,2.11,1.34,83.93,0.00,0.00,83.0,0,0.000,-0.01,-1,1,0,0,0,0,0,0,0,0,0,PreArm: Board (3.6v) out of range 4.3-5.8v
2026-07-09T13:40:36.462Z,926.808,False,STABILIZE,0.0000000,0.0000000,-1.85,-0.04,0.00,0.00,0.00,2.10,1.34,83.93,0.00,0.00,83.0,0,0.000,-0.01,-1,1,0,0,0,0,0,0,0,0,0,PreArm: Board (3.6v) out of range 4.3-5.8v
2026-07-09T13:40:36.962Z,927.308,False,STABILIZE,0.0000000,0.0000000,-1.85,-0.04,0.00,0.00,0.00,2.10,1.33,83.93,0.00,0.00,83.0,0,0.000,-0.01,-1,1,0,0,0,0,0,0,0,0,0,PreArm: Board (3.6v) out of range 4.3-5.8v
2026-07-09T13:40:37.463Z,927.808,False,STABILIZE,0.0000000,0.0000000,-1.85,-0.04,0.00,0.00,0.00,2.10,1.34,83.93,0.00,0.00,83.0,0,0.000,-0.01,-1,1,0,0,0,0,0,0,0,0,0,PreArm: Board (3.6v) out of range 4.3-5.8v
2026-07-09T13:40:37.963Z,928.309,False,STABILIZE,0.0000000,0.0000000,-1.88,-0.04,0.00,0.00,0.00,2.10,1.34,83.93,0.00,0.00,83.0,0,0.000,-0.01,-1,1,0,0,0,0,0,0,0,0,0,PreArm: Board (3.6v) out of range 4.3-5.8v
2026-07-09T13:40:38.463Z,928.809,False,STABILIZE,0.0000000,0.0000000,-1.83,-0.04,0.00,0.00,0.00,2.11,1.34,83.93,0.00,0.00,83.0,0,0.000,-0.01,-1,1,0,0,0,0,0,0,0,0,0,PreArm: Board (3.6v) out of range 4.3-5.8v
2026-07-09T13:40:38.963Z,929.309,False,STABILIZE,0.0000000,0.0000000,-1.89,-0.04,0.00,0.00,0.00,2.11,1.34,83.93,0.00,0.00,83.0,0,0.000,-0.01,-1,1,0,0,0,0,0,0,0,0,0,PreArm: Board (3.6v) out of range 4.3-5.8v
2026-07-09T13:40:39.464Z,929.810,False,STABILIZE,0.0000000,0.0000000,-1.85,-0.04,0.00,0.00,0.00,2.11,1.34,83.93,0.00,0.00,83.0,0,0.000,-0.01,-1,1,0,0,0,0,0,0,0,0,0,PreArm: Board (3.6v) out of range 4.3-5.8v
2026-07-09T13:40:39.965Z,930.311,False,STABILIZE,0.0000000,0.0000000,-1.86,-0.04,0.00,0.00,0.00,2.11,1.34,83.93,0.00,0.00,83.0,0,0.000,-0.01,-1,1,0,0,0,0,0,0,0,0,0,PreArm: Board (3.6v) out of range 4.3-5.8v
2026-07-09T13:40:40.465Z,930.811,False,STABILIZE,0.0000000,0.0000000,-1.84,-0.04,0.00,0.00,0.00,2.11,1.34,83.93,0.00,0.00,83.0,0,0.000,-0.01,-1,1,0,0,0,0,0,0,0,0,0,PreArm: Board (3.6v) out of range 4.3-5.8v
2026-07-09T13:40:40.965Z,931.311,False,STABILIZE,0.0000000,0.0000000,-1.83,-0.04,0.00,0.00,0.00,2.11,1.34,83.93,0.00,0.00,83.0,0,0.000,-0.01,-1,1,0,0,0,0,0,0,0,0,0,PreArm: Board (3.6v) out of range 4.3-5.8v
2026-07-09T13:40:41.465Z,931.811,False,STABILIZE,0.0000000,0.0000000,-1.87,-0.04,0.00,0.00,0.00,2.11,1.34,83.93,0.00,0.00,83.0,0,0.000,-0.01,-1,1,0,0,0,0,0,0,0,0,0,PreArm: Board (3.6v) out of range 4.3-5.8v
2026-07-09T13:40:41.968Z,932.314,False,STABILIZE,0.0000000,0.0000000,-1.86,-0.04,0.00,0.00,0.00,2.10,1.34,83.93,0.00,0.00,83.0,0,0.000,-0.01,-1,1,0,0,0,0,0,0,0,0,0,PreArm: Board (3.6v) out of range 4.3-5.8v
2026-07-09T13:40:42.468Z,932.814,False,STABILIZE,0.0000000,0.0000000,-1.85,-0.04,0.00,0.00,0.00,2.11,1.34,83.93,0.00,0.00,83.0,0,0.000,-0.01,-1,1,0,0,0,0,0,0,0,0,0,PreArm: Board (3.6v) out of range 4.3-5.8v
2026-07-09T13:40:42.970Z,933.316,False,STABILIZE,0.0000000,0.0000000,-1.87,-0.04,0.00,0.00,0.00,2.11,1.34,83.93,0.00,0.00,83.0,0,0.000,-0.01,-1,1,0,0,0,0,0,0,0,0,0,PreArm: Board (3.6v) out of range 4.3-5.8v
2026-07-09T13:40:43.560Z,933.906,False,STABILIZE,0.0000000,0.0000000,-1.86,-0.04,0.00,0.00,0.00,2.11,1.34,83.94,0.00,0.00,83.0,0,0.000,-0.01,-1,1,0,0,0,0,0,0,0,0,0,PreArm: Board (3.6v) out of range 4.3-5.8v
2026-07-09T13:40:44.061Z,934.406,False,STABILIZE,0.0000000,0.0000000,-1.85,-0.04,0.00,0.00,0.00,2.11,1.34,83.94,0.00,0.00,83.0,0,0.000,-0.01,-1,1,0,0,0,0,0,0,0,0,0,PreArm: Board (3.6v) out of range 4.3-5.8v
2026-07-09T13:40:44.565Z,934.911,False,STABILIZE,0.0000000,0.0000000,-1.85,-0.04,0.00,0.00,0.00,2.11,1.34,83.94,0.00,0.00,83.0,0,0.000,-0.01,-1,1,0,0,0,0,0,0,0,0,0,PreArm: Board (3.6v) out of range 4.3-5.8v
2026-07-09T13:40:45.065Z,935.411,False,STABILIZE,0.0000000,0.0000000,-1.86,-0.04,0.00,0.00,0.00,2.10,1.34,83.94,0.00,0.00,83.0,0,0.000,-0.01,-1,1,0,0,0,0,0,0,0,0,0,PreArm: Board (3.6v) out of range 4.3-5.8v
2026-07-09T13:40:45.566Z,935.911,False,STABILIZE,0.0000000,0.0000000,-1.84,-0.04,0.00,0.00,0.00,2.10,1.34,83.93,0.00,0.00,83.0,0,0.000,-0.01,-1,1,0,0,0,0,0,0,0,0,0,PreArm: Board (3.6v) out of range 4.3-5.8v
2026-07-09T13:40:46.069Z,936.415,False,STABILIZE,0.0000000,0.0000000,-1.83,-0.04,0.00,0.00,0.00,2.11,1.34,83.93,0.00,0.00,83.0,0,0.000,-0.01,-1,1,0,0,0,0,0,0,0,0,0,PreArm: Board (3.6v) out of range 4.3-5.8v
2026-07-09T13:40:46.599Z,936.944,False,STABILIZE,0.0000000,0.0000000,-1.87,-0.04,0.00,0.00,0.00,2.11,1.34,83.93,0.00,0.00,83.0,0,0.000,-0.01,-1,1,0,0,0,0,0,0,0,0,0,PreArm: Board (3.6v) out of range 4.3-5.8v
2026-07-09T13:40:47.161Z,937.506,False,STABILIZE,0.0000000,0.0000000,-1.84,-0.04,0.00,0.00,0.00,2.11,1.34,83.93,0.00,0.00,83.0,0,0.000,-0.01,-1,1,0,0,0,0,0,0,0,0,0,PreArm: Board (3.6v) out of range 4.3-5.8v
2026-07-09T13:40:47.661Z,938.007,False,STABILIZE,0.0000000,0.0000000,-1.87,-0.04,0.00,0.00,0.00,2.11,1.34,83.93,0.00,0.00,83.0,0,0.000,-0.01,-1,1,0,0,0,0,0,0,0,0,0,PreArm: Board (3.6v) out of range 4.3-5.8v
2026-07-09T13:40:48.164Z,938.509,False,STABILIZE,0.0000000,0.0000000,-1.88,-0.04,0.00,0.00,0.00,2.11,1.34,83.93,0.00,0.00,83.0,0,0.000,-0.01,-1,1,0,0,0,0,0,0,0,0,0,PreArm: Board (3.6v) out of range 4.3-5.8v
2026-07-09T13:40:48.664Z,939.009,False,STABILIZE,0.0000000,0.0000000,-1.85,-0.04,0.00,0.00,0.00,2.11,1.34,83.93,0.00,0.00,83.0,0,0.000,-0.01,-1,1,0,0,0,0,0,0,0,0,0,PreArm: Board (3.6v) out of range 4.3-5.8v
2026-07-09T13:40:49.166Z,939.511,False,STABILIZE,0.0000000,0.0000000,-1.88,-0.04,0.00,0.00,0.00,2.11,1.34,83.93,0.00,0.00,83.0,0,0.000,-0.01,-1,1,0,0,0,0,0,0,0,0,0,PreArm: Board (3.6v) out of range 4.3-5.8v
2026-07-09T13:40:49.666Z,940.011,False,STABILIZE,0.0000000,0.0000000,-1.89,-0.04,0.00,0.00,0.00,2.11,1.34,83.93,0.00,0.00,83.0,0,0.000,-0.01,-1,1,0,0,0,0,0,0,0,0,0,PreArm: Board (3.6v) out of range 4.3-5.8v
2026-07-09T13:40:50.166Z,940.512,False,STABILIZE,0.0000000,0.0000000,-1.87,-0.04,0.00,0.00,0.00,2.11,1.35,83.92,0.00,0.00,83.0,0,0.000,-0.01,-1,1,0,0,0,0,0,0,0,0,0,PreArm: Board (3.6v) out of range 4.3-5.8v
2026-07-09T13:40:50.666Z,941.012,False,STABILIZE,0.0000000,0.0000000,-1.86,-0.04,0.00,0.00,0.00,2.11,1.35,83.92,0.00,0.00,83.0,0,0.000,-0.01,-1,1,0,0,0,0,0,0,0,0,0,PreArm: Board (3.6v) out of range 4.3-5.8v
2026-07-09T13:40:51.166Z,941.512,False,STABILIZE,0.0000000,0.0000000,-1.87,-0.04,0.00,0.00,0.00,2.11,1.35,83.92,0.00,0.00,83.0,0,0.000,-0.01,-1,1,0,0,0,0,0,0,0,0,0,PreArm: Board (3.6v) out of range 4.3-5.8v
2026-07-09T13:40:51.668Z,942.013,False,STABILIZE,0.0000000,0.0000000,-1.85,-0.04,0.00,0.00,0.00,2.11,1.35,83.92,0.00,0.00,83.0,0,0.000,-0.01,-1,1,0,0,0,0,0,0,0,0,0,PreArm: Board (3.6v) out of range 4.3-5.8v
2026-07-09T13:40:52.168Z,942.514,False,STABILIZE,0.0000000,0.0000000,-1.88,-0.04,0.00,0.00,0.00,2.10,1.35,83.92,0.00,0.00,83.0,0,0.000,-0.01,-1,1,0,0,0,0,0,0,0,0,0,PreArm: Board (3.6v) out of range 4.3-5.8v
2026-07-09T13:40:52.761Z,943.107,False,STABILIZE,0.0000000,0.0000000,-1.87,-0.04,0.00,0.00,0.00,2.10,1.36,83.92,0.00,0.00,83.0,0,0.000,-0.01,-1,1,0,0,0,0,0,0,0,0,0,PreArm: Board (3.6v) out of range 4.3-5.8v
2026-07-09T13:40:53.261Z,943.607,False,STABILIZE,0.0000000,0.0000000,-1.87,-0.04,0.00,0.00,0.00,2.11,1.36,83.92,0.00,0.00,83.0,0,0.000,-0.01,-1,1,0,0,0,0,0,0,0,0,0,PreArm: Board (3.6v) out of range 4.3-5.8v
2026-07-09T13:40:53.762Z,944.107,False,STABILIZE,0.0000000,0.0000000,-1.88,-0.04,0.00,0.00,0.00,2.11,1.36,83.92,0.00,0.00,83.0,0,0.000,-0.01,-1,1,0,0,0,0,0,0,0,0,0,PreArm: Board (3.7v) out of range 4.3-5.8v
2026-07-09T13:40:54.262Z,944.607,False,STABILIZE,0.0000000,0.0000000,-1.86,-0.04,0.00,0.00,0.00,2.11,1.36,83.92,0.01,0.00,83.0,0,0.000,-0.01,-1,1,0,0,0,0,0,0,0,0,0,PreArm: Board (3.7v) out of range 4.3-5.8v
2026-07-09T13:40:54.762Z,945.107,False,STABILIZE,0.0000000,0.0000000,-1.87,-0.04,0.00,0.00,0.00,2.11,1.37,83.92,0.01,0.00,83.0,0,0.000,-0.01,-1,1,0,0,0,0,0,0,0,0,0,PreArm: Board (3.7v) out of range 4.3-5.8v
2026-07-09T13:40:55.263Z,945.609,False,STABILIZE,0.0000000,0.0000000,-1.87,-0.04,0.00,0.00,0.00,2.12,1.36,83.92,0.01,0.00,83.0,0,0.000,-0.01,-1,1,0,0,0,0,0,0,0,0,0,PreArm: Board (3.7v) out of range 4.3-5.8v
2026-07-09T13:40:55.763Z,946.109,False,STABILIZE,0.0000000,0.0000000,-1.86,-0.04,0.00,0.00,0.00,2.12,1.37,83.92,0.01,0.00,83.0,0,0.000,-0.01,-1,1,0,0,0,0,0,0,0,0,0,PreArm: Board (3.7v) out of range 4.3-5.8v
2026-07-09T13:40:56.264Z,946.610,False,STABILIZE,0.0000000,0.0000000,-1.89,-0.04,0.00,0.00,0.00,2.12,1.37,83.92,0.01,0.00,83.0,0,0.000,-0.01,-1,1,0,0,0,0,0,0,0,0,0,PreArm: Board (3.7v) out of range 4.3-5.8v
2026-07-09T13:40:56.765Z,947.111,False,STABILIZE,0.0000000,0.0000000,-1.89,-0.04,0.00,0.00,0.00,2.11,1.37,83.92,0.01,0.00,83.0,0,0.000,-0.01,-1,1,0,0,0,0,0,0,0,0,0,PreArm: Board (3.7v) out of range 4.3-5.8v
2026-07-09T13:40:57.266Z,947.611,False,STABILIZE,0.0000000,0.0000000,-1.90,-0.04,0.00,0.00,0.00,2.12,1.37,83.92,0.01,0.00,83.0,0,0.000,-0.01,-1,1,0,0,0,0,0,0,0,0,0,PreArm: Board (3.7v) out of range 4.3-5.8v
2026-07-09T13:40:57.767Z,948.113,False,STABILIZE,0.0000000,0.0000000,-1.89,-0.04,0.00,0.00,0.00,2.12,1.37,83.93,0.01,0.00,83.0,0,0.000,-0.01,-1,1,0,0,0,0,0,0,0,0,0,PreArm: Board (3.7v) out of range 4.3-5.8v
2026-07-09T13:40:58.268Z,948.614,False,STABILIZE,0.0000000,0.0000000,-1.91,-0.04,0.00,0.00,0.00,2.11,1.36,83.92,0.01,0.00,83.0,0,0.000,-0.01,-1,1,0,0,0,0,0,0,0,0,0,PreArm: Board (3.7v) out of range 4.3-5.8v
2026-07-09T13:40:58.768Z,949.114,False,STABILIZE,0.0000000,0.0000000,-1.90,-0.04,0.00,0.00,0.00,2.11,1.36,83.93,0.01,0.00,83.0,0,0.000,-0.01,-1,1,0,0,0,0,0,0,0,0,0,PreArm: Board (3.7v) out of range 4.3-5.8v
2026-07-09T13:40:59.362Z,949.707,False,STABILIZE,0.0000000,0.0000000,-1.85,-0.04,0.00,0.00,0.00,2.11,1.36,83.93,0.01,0.00,83.0,0,0.000,-0.01,-1,1,0,0,0,0,0,0,0,0,0,PreArm: Board (3.7v) out of range 4.3-5.8v
2026-07-09T13:40:59.864Z,950.209,False,STABILIZE,0.0000000,0.0000000,-1.84,-0.04,0.00,0.00,0.00,2.12,1.36,83.93,0.01,0.00,83.0,0,0.000,-0.01,-1,1,0,0,0,0,0,0,0,0,0,PreArm: Board (3.7v) out of range 4.3-5.8v
2026-07-09T13:41:00.365Z,950.710,False,STABILIZE,0.0000000,0.0000000,-1.85,-0.04,0.00,0.00,0.00,2.12,1.36,83.93,0.01,0.00,83.0,0,0.000,-0.01,-1,1,0,0,0,0,0,0,0,0,0,PreArm: Board (3.7v) out of range 4.3-5.8v
2026-07-09T13:41:00.865Z,951.211,False,STABILIZE,0.0000000,0.0000000,-1.86,-0.04,0.00,0.00,0.00,2.12,1.36,83.93,0.01,0.00,83.0,0,0.000,-0.01,-1,1,0,0,0,0,0,0,0,0,0,PreArm: Board (3.7v) out of range 4.3-5.8v
2026-07-09T13:41:01.366Z,951.712,False,STABILIZE,0.0000000,0.0000000,-1.90,-0.04,0.00,0.00,0.00,2.11,1.35,83.93,0.00,0.00,83.0,0,0.000,-0.01,-1,1,0,0,0,0,0,0,0,0,0,PreArm: Board (3.7v) out of range 4.3-5.8v
2026-07-09T13:41:01.869Z,952.214,False,STABILIZE,0.0000000,0.0000000,-1.90,-0.04,0.00,0.00,0.00,2.11,1.35,83.93,0.00,0.00,83.0,0,0.000,-0.01,-1,1,0,0,0,0,0,0,0,0,0,PreArm: Board (3.7v) out of range 4.3-5.8v
2026-07-09T13:41:02.370Z,952.715,False,STABILIZE,0.0000000,0.0000000,-1.86,-0.04,0.00,0.00,0.00,2.11,1.35,83.94,0.00,0.00,83.0,0,0.000,-0.01,-1,1,0,0,0,0,0,0,0,0,0,PreArm: Board (3.7v) out of range 4.3-5.8v
2026-07-09T13:41:02.870Z,953.216,False,STABILIZE,0.0000000,0.0000000,-1.88,-0.04,0.00,0.00,0.00,2.11,1.35,83.94,0.00,0.00,83.0,0,0.000,-0.01,-1,1,0,0,0,0,0,0,0,0,0,PreArm: Board (3.7v) out of range 4.3-5.8v
2026-07-09T13:41:03.371Z,953.716,False,STABILIZE,0.0000000,0.0000000,-1.87,-0.04,0.00,0.00,0.00,2.11,1.34,83.94,0.00,0.00,83.0,0,0.000,-0.01,-1,1,0,0,0,0,0,0,0,0,0,PreArm: Board (3.7v) out of range 4.3-5.8v
2026-07-09T13:41:03.961Z,954.306,False,STABILIZE,0.0000000,0.0000000,-1.87,-0.04,0.00,0.00,0.00,2.11,1.34,83.94,0.00,0.00,83.0,0,0.000,-0.01,-1,1,0,0,0,0,0,0,0,0,0,PreArm: Board (3.7v) out of range 4.3-5.8v
2026-07-09T13:41:04.465Z,954.811,False,STABILIZE,0.0000000,0.0000000,-1.88,-0.04,0.00,0.00,0.00,2.11,1.34,83.94,0.00,0.00,83.0,0,0.000,-0.01,-1,1,0,0,0,0,0,0,0,0,0,PreArm: Board (3.7v) out of range 4.3-5.8v
2026-07-09T13:41:04.969Z,955.315,False,STABILIZE,0.0000000,0.0000000,-1.85,-0.04,0.00,0.00,0.00,2.11,1.34,83.94,0.00,0.00,83.0,0,0.000,-0.01,-1,1,0,0,0,0,0,0,0,0,0,PreArm: Board (3.7v) out of range 4.3-5.8v
2026-07-09T13:41:05.561Z,955.907,False,STABILIZE,0.0000000,0.0000000,-1.83,-0.04,0.00,0.00,0.00,2.11,1.34,83.94,0.00,0.00,83.0,0,0.000,-0.01,-1,1,0,0,0,0,0,0,0,0,0,PreArm: Board (3.7v) out of range 4.3-5.8v
2026-07-09T13:41:06.061Z,956.407,False,STABILIZE,0.0000000,0.0000000,-1.85,-0.04,0.00,0.00,0.00,2.11,1.34,83.94,0.00,0.00,83.0,0,0.000,-0.01,-1,1,0,0,0,0,0,0,0,0,0,PreArm: Board (3.7v) out of range 4.3-5.8v
2026-07-09T13:41:06.561Z,956.907,False,STABILIZE,0.0000000,0.0000000,-1.88,-0.04,0.00,0.00,0.00,2.11,1.34,83.94,0.00,0.00,83.0,0,0.000,-0.01,-1,1,0,0,0,0,0,0,0,0,0,PreArm: Board (3.7v) out of range 4.3-5.8v
2026-07-09T13:41:07.061Z,957.407,False,STABILIZE,0.0000000,0.0000000,-1.87,-0.04,0.00,0.00,0.00,2.11,1.34,83.93,0.00,0.00,83.0,0,0.000,-0.01,-1,1,0,0,0,0,0,0,0,0,0,PreArm: Board (3.7v) out of range 4.3-5.8v
2026-07-09T13:41:07.561Z,957.907,False,STABILIZE,0.0000000,0.0000000,-1.87,-0.04,0.00,0.00,0.00,2.11,1.34,83.93,0.00,0.00,83.0,0,0.000,-0.01,-1,1,0,0,0,0,0,0,0,0,0,PreArm: Board (3.7v) out of range 4.3-5.8v
2026-07-09T13:41:08.063Z,958.408,False,STABILIZE,0.0000000,0.0000000,-1.86,-0.04,0.00,0.00,0.00,2.11,1.34,83.94,0.00,0.00,83.0,0,0.000,-0.01,-1,1,0,0,0,0,0,0,0,0,0,PreArm: Board (3.7v) out of range 4.3-5.8v
2026-07-09T13:41:08.564Z,958.909,False,STABILIZE,0.0000000,0.0000000,-1.85,-0.04,0.00,0.00,0.00,2.11,1.34,83.93,0.00,0.00,83.0,0,0.000,-0.01,-1,1,0,0,0,0,0,0,0,0,0,PreArm: Board (3.7v) out of range 4.3-5.8v
2026-07-09T13:41:09.065Z,959.411,False,STABILIZE,0.0000000,0.0000000,-1.88,-0.04,0.00,0.00,0.00,2.11,1.34,83.93,0.00,0.00,83.0,0,0.000,-0.01,-1,1,0,0,0,0,0,0,0,0,0,PreArm: Board (3.7v) out of range 4.3-5.8v
2026-07-09T13:41:09.566Z,959.912,False,STABILIZE,0.0000000,0.0000000,-1.85,-0.04,0.00,0.00,0.00,2.11,1.34,83.93,0.00,0.00,83.0,0,0.000,-0.01,-1,1,0,0,0,0,0,0,0,0,0,PreArm: Board (3.7v) out of range 4.3-5.8v
2026-07-09T13:41:10.066Z,960.412,False,STABILIZE,0.0000000,0.0000000,-1.86,-0.04,0.00,0.00,0.00,2.11,1.34,83.93,0.00,0.00,83.0,0,0.000,-0.01,-1,1,0,0,0,0,0,0,0,0,0,PreArm: Board (3.7v) out of range 4.3-5.8v
2026-07-09T13:41:10.566Z,960.912,False,STABILIZE,0.0000000,0.0000000,-1.87,-0.04,0.00,0.00,0.00,2.12,1.34,83.93,0.00,0.00,83.0,0,0.000,-0.01,-1,1,0,0,0,0,0,0,0,0,0,PreArm: Board (3.7v) out of range 4.3-5.8v
2026-07-09T13:41:11.067Z,961.413,False,STABILIZE,0.0000000,0.0000000,-1.88,-0.04,0.00,0.00,0.00,2.11,1.34,83.93,0.00,0.00,83.0,0,0.000,-0.01,-1,1,0,0,0,0,0,0,0,0,0,PreArm: Board (3.7v) out of range 4.3-5.8v
2026-07-09T13:41:11.568Z,961.914,False,STABILIZE,0.0000000,0.0000000,-1.89,-0.04,0.00,0.00,0.00,2.11,1.34,83.93,0.00,0.00,83.0,0,0.000,-0.01,-1,1,0,0,0,0,0,0,0,0,0,PreArm: Board (3.7v) out of range 4.3-5.8v
2026-07-09T13:41:12.069Z,962.415,False,STABILIZE,0.0000000,0.0000000,-1.87,-0.04,0.00,0.00,0.00,2.11,1.34,83.93,0.00,0.00,83.0,0,0.000,-0.01,-1,1,0,0,0,0,0,0,0,0,0,PreArm: Board (3.7v) out of range 4.3-5.8v
2026-07-09T13:41:12.601Z,962.946,False,STABILIZE,0.0000000,0.0000000,-1.82,-0.04,0.00,0.00,0.00,2.11,1.34,83.93,0.00,0.00,83.0,0,0.000,-0.01,-1,1,0,0,0,0,0,0,0,0,0,PreArm: Board (3.7v) out of range 4.3-5.8v
2026-07-09T13:41:13.160Z,963.506,False,STABILIZE,0.0000000,0.0000000,-1.85,-0.04,0.00,0.00,0.00,2.11,1.34,83.93,0.00,0.00,83.0,0,0.000,-0.01,-1,1,0,0,0,0,0,0,0,0,0,PreArm: Board (3.7v) out of range 4.3-5.8v
2026-07-09T13:41:13.664Z,964.009,False,STABILIZE,0.0000000,0.0000000,-1.87,-0.04,0.00,0.00,0.00,2.11,1.34,83.93,0.00,0.00,83.0,0,0.000,-0.01,-1,1,0,0,0,0,0,0,0,0,0,PreArm: Board (3.7v) out of range 4.3-5.8v
2026-07-09T13:41:14.164Z,964.509,False,STABILIZE,0.0000000,0.0000000,-1.87,-0.04,0.00,0.00,0.00,2.11,1.34,83.93,0.00,0.00,83.0,0,0.000,-0.01,-1,1,0,0,0,0,0,0,0,0,0,PreArm: Board (3.7v) out of range 4.3-5.8v
2026-07-09T13:41:14.665Z,965.011,False,STABILIZE,0.0000000,0.0000000,-1.86,-0.04,0.00,0.00,0.00,2.11,1.35,83.93,0.00,0.00,83.0,0,0.000,-0.01,-1,1,0,0,0,0,0,0,0,0,0,PreArm: Board (3.7v) out of range 4.3-5.8v
2026-07-09T13:41:15.165Z,965.511,False,STABILIZE,0.0000000,0.0000000,-1.87,-0.04,0.00,0.00,0.00,2.11,1.34,83.93,0.00,0.00,83.0,0,0.000,-0.01,-1,1,0,0,0,0,0,0,0,0,0,PreArm: Board (3.7v) out of range 4.3-5.8v
2026-07-09T13:41:15.669Z,966.015,False,STABILIZE,0.0000000,0.0000000,-1.85,-0.04,0.00,0.00,0.00,2.11,1.34,83.93,0.00,0.00,83.0,0,0.000,-0.01,-1,1,0,0,0,0,0,0,0,0,0,PreArm: Board (3.7v) out of range 4.3-5.8v
2026-07-09T13:41:16.171Z,966.517,False,STABILIZE,0.0000000,0.0000000,-1.88,-0.04,0.00,0.00,0.00,2.11,1.35,83.93,0.00,0.00,83.0,0,0.000,-0.01,-1,1,0,0,0,0,0,0,0,0,0,PreArm: Board (3.7v) out of range 4.3-5.8v
2026-07-09T13:41:16.761Z,967.107,False,STABILIZE,0.0000000,0.0000000,-1.85,-0.04,0.00,0.00,0.00,2.11,1.35,83.93,0.00,0.00,83.0,0,0.000,-0.01,-1,1,0,0,0,0,0,0,0,0,0,PreArm: Board (3.7v) out of range 4.3-5.8v
2026-07-09T13:41:17.261Z,967.607,False,STABILIZE,0.0000000,0.0000000,-1.85,-0.04,0.00,0.00,0.00,2.11,1.35,83.93,0.00,0.00,83.0,0,0.000,-0.01,-1,1,0,0,0,0,0,0,0,0,0,PreArm: Board (3.7v) out of range 4.3-5.8v
2026-07-09T13:41:17.762Z,968.108,False,STABILIZE,0.0000000,0.0000000,-1.86,-0.04,0.00,0.00,0.00,2.10,1.35,83.93,0.00,0.00,83.0,0,0.000,-0.01,-1,1,0,0,0,0,0,0,0,0,0,PreArm: Board (3.7v) out of range 4.3-5.8v
2026-07-09T13:41:18.264Z,968.609,False,STABILIZE,0.0000000,0.0000000,-1.85,-0.04,0.00,0.00,0.00,2.10,1.35,83.93,0.00,0.00,83.0,0,0.000,-0.01,-1,1,0,0,0,0,0,0,0,0,0,PreArm: Board (3.7v) out of range 4.3-5.8v
2026-07-09T13:41:18.764Z,969.109,False,STABILIZE,0.0000000,0.0000000,-1.88,-0.04,0.00,0.00,0.00,2.10,1.35,83.93,0.00,0.00,83.0,0,0.000,-0.01,-1,1,0,0,0,0,0,0,0,0,0,PreArm: Board (3.7v) out of range 4.3-5.8v
2026-07-09T13:41:19.264Z,969.609,False,STABILIZE,0.0000000,0.0000000,-1.87,-0.04,0.00,0.00,0.00,2.10,1.35,83.93,0.00,0.00,83.0,0,0.000,-0.01,-1,1,0,0,0,0,0,0,0,0,0,PreArm: Board (3.7v) out of range 4.3-5.8v
2026-07-09T13:41:19.764Z,970.110,False,STABILIZE,0.0000000,0.0000000,-1.85,-0.04,0.00,0.00,0.00,2.10,1.35,83.93,0.00,0.00,83.0,0,0.000,-0.01,-1,1,0,0,0,0,0,0,0,0,0,PreArm: Board (3.7v) out of range 4.3-5.8v
2026-07-09T13:41:20.266Z,970.611,False,STABILIZE,0.0000000,0.0000000,-1.83,-0.04,0.00,0.00,0.00,2.10,1.35,83.94,0.00,0.00,83.0,0,0.000,-0.01,-1,1,0,0,0,0,0,0,0,0,0,PreArm: Board (3.7v) out of range 4.3-5.8v
2026-07-09T13:41:20.766Z,971.111,False,STABILIZE,0.0000000,0.0000000,-1.83,-0.04,0.00,0.00,0.00,2.10,1.35,83.94,0.00,0.00,83.0,0,0.000,-0.01,-1,1,0,0,0,0,0,0,0,0,0,PreArm: Board (3.7v) out of range 4.3-5.8v
2026-07-09T13:41:21.267Z,971.613,False,STABILIZE,0.0000000,0.0000000,-1.88,-0.04,0.00,0.00,0.00,2.10,1.35,83.93,0.00,0.00,83.0,0,0.000,-0.01,-1,1,0,0,0,0,0,0,0,0,0,PreArm: Board (3.7v) out of range 4.3-5.8v
2026-07-09T13:41:21.768Z,972.113,False,STABILIZE,0.0000000,0.0000000,-1.85,-0.04,0.00,0.00,0.00,2.11,1.35,83.93,0.00,0.00,83.0,0,0.000,-0.01,-1,1,0,0,0,0,0,0,0,0,0,PreArm: Board (3.7v) out of range 4.3-5.8v
2026-07-09T13:41:22.268Z,972.613,False,STABILIZE,0.0000000,0.0000000,-1.84,-0.04,0.00,0.00,0.00,2.11,1.34,83.93,0.00,0.00,83.0,0,0.000,-0.01,-1,1,0,0,0,0,0,0,0,0,0,PreArm: Board (3.7v) out of range 4.3-5.8v
2026-07-09T13:41:22.768Z,973.113,False,STABILIZE,0.0000000,0.0000000,-1.84,-0.04,0.00,0.00,0.00,2.11,1.34,83.92,0.00,0.00,83.0,0,0.000,-0.01,-1,1,0,0,0,0,0,0,0,0,0,PreArm: Board (3.7v) out of range 4.3-5.8v
2026-07-09T13:41:23.273Z,973.619,False,STABILIZE,0.0000000,0.0000000,-1.88,-0.04,0.00,0.00,0.00,2.11,1.34,83.92,0.00,0.00,83.0,0,0.000,-0.01,-1,1,0,0,0,0,0,0,0,0,0,PreArm: Board (3.6v) out of range 4.3-5.8v
2026-07-09T13:41:23.861Z,974.207,False,STABILIZE,0.0000000,0.0000000,-1.87,-0.04,0.00,0.00,0.00,2.11,1.34,83.93,0.00,0.00,83.0,0,0.000,-0.01,-1,1,0,0,0,0,0,0,0,0,0,PreArm: Board (3.6v) out of range 4.3-5.8v
2026-07-09T13:41:24.362Z,974.707,False,STABILIZE,0.0000000,0.0000000,-1.89,-0.04,0.00,0.00,0.00,2.11,1.34,83.93,0.00,0.00,83.0,0,0.000,-0.01,-1,1,0,0,0,0,0,0,0,0,0,PreArm: Board (3.6v) out of range 4.3-5.8v
2026-07-09T13:41:24.863Z,975.208,False,STABILIZE,0.0000000,0.0000000,-1.87,-0.04,0.00,0.00,0.00,2.11,1.34,83.93,0.00,0.00,83.0,0,0.000,-0.01,-1,1,0,0,0,0,0,0,0,0,0,PreArm: Board (3.6v) out of range 4.3-5.8v
2026-07-09T13:41:25.363Z,975.708,False,STABILIZE,0.0000000,0.0000000,-1.88,-0.04,0.00,0.00,0.00,2.11,1.34,83.93,0.00,0.00,83.0,0,0.000,-0.01,-1,1,0,0,0,0,0,0,0,0,0,PreArm: Board (3.6v) out of range 4.3-5.8v
2026-07-09T13:41:25.863Z,976.209,False,STABILIZE,0.0000000,0.0000000,-1.89,-0.04,0.00,0.00,0.00,2.11,1.34,83.93,0.00,0.00,83.0,0,0.000,-0.01,-1,1,0,0,0,0,0,0,0,0,0,PreArm: Board (3.6v) out of range 4.3-5.8v
2026-07-09T13:41:26.365Z,976.711,False,STABILIZE,0.0000000,0.0000000,-1.89,-0.04,0.00,0.00,0.00,2.11,1.34,83.93,0.00,0.00,83.0,0,0.000,-0.01,-1,1,0,0,0,0,0,0,0,0,0,PreArm: Board (3.6v) out of range 4.3-5.8v
2026-07-09T13:41:26.865Z,977.211,False,STABILIZE,0.0000000,0.0000000,-1.87,-0.04,0.00,0.00,0.00,2.11,1.34,83.93,0.00,0.00,83.0,0,0.000,-0.01,-1,1,0,0,0,0,0,0,0,0,0,PreArm: Board (3.6v) out of range 4.3-5.8v
2026-07-09T13:41:27.366Z,977.711,False,STABILIZE,0.0000000,0.0000000,-1.85,-0.04,0.00,0.00,0.00,2.11,1.34,83.93,0.00,0.00,83.0,0,0.000,-0.01,-1,1,0,0,0,0,0,0,0,0,0,PreArm: Board (3.6v) out of range 4.3-5.8v
2026-07-09T13:41:27.866Z,978.211,False,STABILIZE,0.0000000,0.0000000,-1.86,-0.04,0.00,0.00,0.00,2.11,1.34,83.93,0.00,0.00,83.0,0,0.000,-0.01,-1,1,0,0,0,0,0,0,0,0,0,PreArm: Board (3.6v) out of range 4.3-5.8v
2026-07-09T13:41:28.366Z,978.712,False,STABILIZE,0.0000000,0.0000000,-1.86,-0.04,0.00,0.00,0.00,2.11,1.34,83.93,0.00,0.00,83.0,0,0.000,-0.01,-1,1,0,0,0,0,0,0,0,0,0,PreArm: Board (3.6v) out of range 4.3-5.8v
2026-07-09T13:41:28.868Z,979.214,False,STABILIZE,0.0000000,0.0000000,-1.86,-0.04,0.00,0.00,0.00,2.11,1.34,83.92,0.00,0.00,83.0,0,0.000,-0.01,-1,1,0,0,0,0,0,0,0,0,0,PreArm: Board (3.6v) out of range 4.3-5.8v
2026-07-09T13:41:29.368Z,979.714,False,STABILIZE,0.0000000,0.0000000,-1.87,-0.04,0.00,0.00,0.00,2.11,1.34,83.92,0.00,0.00,83.0,0,0.000,-0.01,-1,1,0,0,0,0,0,0,0,0,0,PreArm: Board (3.6v) out of range 4.3-5.8v
2026-07-09T13:41:29.964Z,980.309,False,STABILIZE,0.0000000,0.0000000,-1.85,-0.04,0.00,0.00,0.00,2.11,1.34,83.92,0.00,0.00,83.0,0,0.000,-0.01,-1,1,0,0,0,0,0,0,0,0,0,PreArm: Board (3.6v) out of range 4.3-5.8v
2026-07-09T13:41:30.464Z,980.809,False,STABILIZE,0.0000000,0.0000000,-1.85,-0.04,0.00,0.00,0.00,2.11,1.34,83.92,0.00,0.00,83.0,0,0.000,-0.01,-1,1,0,0,0,0,0,0,0,0,0,PreArm: Board (3.6v) out of range 4.3-5.8v
2026-07-09T13:41:30.964Z,981.309,False,STABILIZE,0.0000000,0.0000000,-1.85,-0.04,0.00,0.00,0.00,2.11,1.34,83.92,0.00,0.00,83.0,0,0.000,-0.01,-1,1,0,0,0,0,0,0,0,0,0,PreArm: Board (3.6v) out of range 4.3-5.8v
2026-07-09T13:41:31.464Z,981.809,False,STABILIZE,0.0000000,0.0000000,-1.88,-0.04,0.00,0.00,0.00,2.11,1.34,83.92,0.00,0.00,83.0,0,0.000,-0.01,-1,1,0,0,0,0,0,0,0,0,0,PreArm: Board (3.6v) out of range 4.3-5.8v
2026-07-09T13:41:31.964Z,982.310,False,STABILIZE,0.0000000,0.0000000,-1.88,-0.04,0.00,0.00,0.00,2.11,1.33,83.92,0.00,0.00,83.0,0,0.000,-0.01,-1,1,0,0,0,0,0,0,0,0,0,PreArm: Board (3.6v) out of range 4.3-5.8v
2026-07-09T13:41:32.464Z,982.810,False,STABILIZE,0.0000000,0.0000000,-1.85,-0.04,0.00,0.00,0.00,2.11,1.33,83.92,0.00,0.00,83.0,0,0.000,-0.01,-1,1,0,0,0,0,0,0,0,0,0,PreArm: Board (3.6v) out of range 4.3-5.8v
2026-07-09T13:41:32.965Z,983.311,False,STABILIZE,0.0000000,0.0000000,-1.82,-0.04,0.00,0.00,0.00,2.11,1.33,83.92,0.00,0.00,83.0,0,0.000,-0.01,-1,1,0,0,0,0,0,0,0,0,0,PreArm: Board (3.6v) out of range 4.3-5.8v
2026-07-09T13:41:33.465Z,983.811,False,STABILIZE,0.0000000,0.0000000,-1.88,-0.04,0.00,0.00,0.00,2.11,1.33,83.92,0.00,0.00,83.0,0,0.000,-0.01,-1,1,0,0,0,0,0,0,0,0,0,PreArm: Board (3.6v) out of range 4.3-5.8v
2026-07-09T13:41:33.965Z,984.311,False,STABILIZE,0.0000000,0.0000000,-1.85,-0.04,0.00,0.00,0.00,2.10,1.33,83.92,0.00,0.00,83.0,0,0.000,-0.01,-1,1,0,0,0,0,0,0,0,0,0,PreArm: Board (3.6v) out of range 4.3-5.8v
2026-07-09T13:41:34.466Z,984.812,False,STABILIZE,0.0000000,0.0000000,-1.85,-0.04,0.00,0.00,0.00,2.10,1.33,83.92,0.00,0.00,83.0,0,0.000,-0.01,-1,1,0,0,0,0,0,0,0,0,0,PreArm: Board (3.6v) out of range 4.3-5.8v
2026-07-09T13:41:34.969Z,985.315,False,STABILIZE,0.0000000,0.0000000,-1.85,-0.04,0.00,0.00,0.00,2.10,1.34,83.92,0.00,0.00,83.0,0,0.000,-0.01,-1,1,0,0,0,0,0,0,0,0,0,PreArm: Board (3.6v) out of range 4.3-5.8v
2026-07-09T13:41:35.561Z,985.907,False,STABILIZE,0.0000000,0.0000000,-1.85,-0.04,0.00,0.00,0.00,2.10,1.34,83.91,0.00,0.00,83.0,0,0.000,-0.01,-1,1,0,0,0,0,0,0,0,0,0,PreArm: Board (3.6v) out of range 4.3-5.8v
2026-07-09T13:41:36.062Z,986.408,False,STABILIZE,0.0000000,0.0000000,-1.85,-0.04,0.00,0.00,0.00,2.11,1.34,83.92,0.00,0.00,83.0,0,0.000,-0.01,-1,1,0,0,0,0,0,0,0,0,0,PreArm: Board (3.6v) out of range 4.3-5.8v
2026-07-09T13:41:36.562Z,986.908,False,STABILIZE,0.0000000,0.0000000,-1.86,-0.04,0.00,0.00,0.00,2.11,1.34,83.92,0.00,0.00,83.0,0,0.000,-0.01,-1,1,0,0,0,0,0,0,0,0,0,PreArm: Board (3.6v) out of range 4.3-5.8v
2026-07-09T13:41:37.063Z,987.408,False,STABILIZE,0.0000000,0.0000000,-1.85,-0.04,0.00,0.00,0.00,2.11,1.33,83.92,0.00,0.00,83.0,0,0.000,-0.01,-1,1,0,0,0,0,0,0,0,0,0,PreArm: Board (3.6v) out of range 4.3-5.8v
2026-07-09T13:41:37.563Z,987.908,False,STABILIZE,0.0000000,0.0000000,-1.84,-0.04,0.00,0.00,0.00,2.11,1.34,83.93,0.00,0.00,83.0,0,0.000,-0.01,-1,1,0,0,0,0,0,0,0,0,0,PreArm: Board (3.6v) out of range 4.3-5.8v
2026-07-09T13:41:38.064Z,988.409,False,STABILIZE,0.0000000,0.0000000,-1.83,-0.04,0.00,0.00,0.00,2.11,1.34,83.93,0.00,0.00,83.0,0,0.000,-0.01,-1,1,0,0,0,0,0,0,0,0,0,PreArm: Board (3.6v) out of range 4.3-5.8v
2026-07-09T13:41:38.564Z,988.909,False,STABILIZE,0.0000000,0.0000000,-1.82,-0.04,0.00,0.00,0.00,2.11,1.34,83.93,0.00,0.00,83.0,0,0.000,-0.01,-1,1,0,0,0,0,0,0,0,0,0,PreArm: Board (3.6v) out of range 4.3-5.8v
2026-07-09T13:41:39.064Z,989.409,False,STABILIZE,0.0000000,0.0000000,-1.86,-0.04,0.00,0.00,0.00,2.11,1.34,83.92,0.00,0.00,83.0,0,0.000,-0.01,-1,1,0,0,0,0,0,0,0,0,0,PreArm: Board (3.6v) out of range 4.3-5.8v
2026-07-09T13:41:39.564Z,989.909,False,STABILIZE,0.0000000,0.0000000,-1.84,-0.04,0.00,0.00,0.00,2.11,1.34,83.92,0.00,0.00,83.0,0,0.000,-0.01,-1,1,0,0,0,0,0,0,0,0,0,PreArm: Board (3.6v) out of range 4.3-5.8v
2026-07-09T13:41:40.064Z,990.410,False,STABILIZE,0.0000000,0.0000000,-1.84,-0.04,0.00,0.00,0.00,2.11,1.34,83.92,0.00,0.00,83.0,0,0.000,-0.01,-1,1,0,0,0,0,0,0,0,0,0,PreArm: Board (3.6v) out of range 4.3-5.8v
2026-07-09T13:41:40.565Z,990.911,False,STABILIZE,0.0000000,0.0000000,-1.84,-0.04,0.00,0.00,0.00,2.11,1.34,83.92,0.00,0.00,83.0,0,0.000,-0.01,-1,1,0,0,0,0,0,0,0,0,0,PreArm: Board (3.6v) out of range 4.3-5.8v
2026-07-09T13:41:41.066Z,991.411,False,STABILIZE,0.0000000,0.0000000,-1.82,-0.04,0.00,0.00,0.00,2.11,1.35,83.93,0.00,0.00,83.0,0,0.000,-0.01,-1,1,0,0,0,0,0,0,0,0,0,PreArm: Board (3.6v) out of range 4.3-5.8v
2026-07-09T13:41:41.566Z,991.911,False,STABILIZE,0.0000000,0.0000000,-1.83,-0.04,0.00,0.00,0.00,2.11,1.35,83.93,0.00,0.00,83.0,0,0.000,-0.01,-1,1,0,0,0,0,0,0,0,0,0,PreArm: Board (3.6v) out of range 4.3-5.8v
2026-07-09T13:41:42.066Z,992.412,False,STABILIZE,0.0000000,0.0000000,-1.83,-0.04,0.00,0.00,0.00,2.11,1.35,83.92,0.00,0.00,83.0,0,0.000,-0.01,-1,1,0,0,0,0,0,0,0,0,0,PreArm: Board (3.6v) out of range 4.3-5.8v
2026-07-09T13:41:42.599Z,992.945,False,STABILIZE,0.0000000,0.0000000,-1.84,-0.04,0.00,0.00,0.00,2.11,1.34,83.93,0.00,0.00,83.0,0,0.000,-0.01,-1,1,0,0,0,0,0,0,0,0,0,PreArm: Board (3.6v) out of range 4.3-5.8v
2026-07-09T13:41:43.160Z,993.506,False,STABILIZE,0.0000000,0.0000000,-1.82,-0.04,0.00,0.00,0.00,2.11,1.34,83.92,0.00,0.00,83.0,0,0.000,-0.01,-1,1,0,0,0,0,0,0,0,0,0,PreArm: Board (3.6v) out of range 4.3-5.8v
2026-07-09T13:41:43.661Z,994.007,False,STABILIZE,0.0000000,0.0000000,-1.87,-0.04,0.00,0.00,0.00,2.11,1.34,83.92,0.00,0.00,83.0,0,0.000,-0.01,-1,1,0,0,0,0,0,0,0,0,0,PreArm: Board (3.6v) out of range 4.3-5.8v
2026-07-09T13:41:44.164Z,994.509,False,STABILIZE,0.0000000,0.0000000,-1.83,-0.04,0.00,0.00,0.00,2.11,1.34,83.92,0.00,0.00,83.0,0,0.000,-0.01,-1,1,0,0,0,0,0,0,0,0,0,PreArm: Board (3.6v) out of range 4.3-5.8v
2026-07-09T13:41:44.664Z,995.009,False,STABILIZE,0.0000000,0.0000000,-1.84,-0.04,0.00,0.00,0.00,2.11,1.33,83.91,0.00,0.00,83.0,0,0.000,-0.01,-1,1,0,0,0,0,0,0,0,0,0,PreArm: Board (3.6v) out of range 4.3-5.8v
2026-07-09T13:41:45.164Z,995.509,False,STABILIZE,0.0000000,0.0000000,-1.84,-0.04,0.00,0.00,0.00,2.11,1.34,83.91,0.00,0.00,83.0,0,0.000,-0.01,-1,1,0,0,0,0,0,0,0,0,0,PreArm: Board (3.6v) out of range 4.3-5.8v
2026-07-09T13:41:45.664Z,996.009,False,STABILIZE,0.0000000,0.0000000,-1.85,-0.04,0.00,0.00,0.00,2.11,1.34,83.91,0.00,0.00,83.0,0,0.000,-0.01,-1,1,0,0,0,0,0,0,0,0,0,PreArm: Board (3.6v) out of range 4.3-5.8v
2026-07-09T13:41:46.165Z,996.511,False,STABILIZE,0.0000000,0.0000000,-1.83,-0.04,0.00,0.00,0.00,2.11,1.34,83.91,0.00,0.00,83.0,0,0.000,-0.01,-1,1,0,0,0,0,0,0,0,0,0,PreArm: Board (3.6v) out of range 4.3-5.8v
2026-07-09T13:41:46.665Z,997.011,False,STABILIZE,0.0000000,0.0000000,-1.83,-0.04,0.00,0.00,0.00,2.10,1.34,83.91,0.00,0.00,83.0,0,0.000,-0.01,-1,1,0,0,0,0,0,0,0,0,0,PreArm: Board (3.6v) out of range 4.3-5.8v
2026-07-09T13:41:47.167Z,997.512,False,STABILIZE,0.0000000,0.0000000,-1.81,-0.04,0.00,0.00,0.00,2.10,1.35,83.92,0.00,0.00,83.0,0,0.000,-0.01,-1,1,0,0,0,0,0,0,0,0,0,PreArm: Board (3.6v) out of range 4.3-5.8v
2026-07-09T13:41:47.668Z,998.013,False,STABILIZE,0.0000000,0.0000000,-1.83,-0.04,0.00,0.00,0.00,2.11,1.35,83.92,0.00,0.00,83.0,0,0.000,-0.01,-1,1,0,0,0,0,0,0,0,0,0,PreArm: Board (3.6v) out of range 4.3-5.8v
2026-07-09T13:41:48.168Z,998.514,False,STABILIZE,0.0000000,0.0000000,-1.84,-0.04,0.00,0.00,0.00,2.11,1.35,83.92,0.00,0.00,83.0,0,0.000,-0.01,-1,1,0,0,0,0,0,0,0,0,0,PreArm: Board (3.6v) out of range 4.3-5.8v
2026-07-09T13:41:48.761Z,999.106,False,STABILIZE,0.0000000,0.0000000,-1.84,-0.04,0.00,0.00,0.00,2.11,1.35,83.92,0.00,0.00,83.0,0,0.000,-0.01,-1,1,0,0,0,0,0,0,0,0,0,PreArm: Board (3.6v) out of range 4.3-5.8v
2026-07-09T13:41:49.263Z,999.608,False,STABILIZE,0.0000000,0.0000000,-1.84,-0.04,0.00,0.00,0.00,2.11,1.35,83.92,0.00,0.00,83.0,0,0.000,-0.01,-1,1,0,0,0,0,0,0,0,0,0,PreArm: Board (3.6v) out of range 4.3-5.8v
2026-07-09T13:41:49.763Z,1000.109,False,STABILIZE,0.0000000,0.0000000,-1.81,-0.04,0.00,0.00,0.00,2.11,1.35,83.92,0.00,0.00,83.0,0,0.000,-0.01,-1,1,0,0,0,0,0,0,0,0,0,PreArm: Board (3.6v) out of range 4.3-5.8v
2026-07-09T13:41:50.263Z,1000.609,False,STABILIZE,0.0000000,0.0000000,-1.83,-0.04,0.00,0.00,0.00,2.11,1.35,83.92,0.00,0.00,83.0,0,0.000,-0.01,-1,1,0,0,0,0,0,0,0,0,0,PreArm: Board (3.6v) out of range 4.3-5.8v
2026-07-09T13:41:50.765Z,1001.111,False,STABILIZE,0.0000000,0.0000000,-1.83,-0.04,0.00,0.00,0.00,2.11,1.35,83.92,0.00,0.00,83.0,0,0.000,-0.01,-1,1,0,0,0,0,0,0,0,0,0,PreArm: Board (3.6v) out of range 4.3-5.8v
2026-07-09T13:41:51.265Z,1001.611,False,STABILIZE,0.0000000,0.0000000,-1.80,-0.04,0.00,0.00,0.00,2.11,1.35,83.92,0.00,0.00,83.0,0,0.000,-0.01,-1,1,0,0,0,0,0,0,0,0,0,PreArm: Board (3.6v) out of range 4.3-5.8v
2026-07-09T13:41:51.765Z,1002.111,False,STABILIZE,0.0000000,0.0000000,-1.78,-0.04,0.00,0.00,0.00,2.12,1.34,83.92,0.00,0.00,83.0,0,0.000,-0.01,-1,1,0,0,0,0,0,0,0,0,0,PreArm: Board (3.6v) out of range 4.3-5.8v
2026-07-09T13:41:52.266Z,1002.611,False,STABILIZE,0.0000000,0.0000000,-1.81,-0.04,0.00,0.00,0.00,2.11,1.35,83.92,0.00,0.00,83.0,0,0.000,-0.01,-1,1,0,0,0,0,0,0,0,0,0,PreArm: Board (3.6v) out of range 4.3-5.8v
2026-07-09T13:41:52.766Z,1003.112,False,STABILIZE,0.0000000,0.0000000,-1.85,-0.04,0.00,0.00,0.00,2.12,1.35,83.92,0.00,0.00,83.0,0,0.000,-0.01,-1,1,0,0,0,0,0,0,0,0,0,PreArm: Board (3.6v) out of range 4.3-5.8v
2026-07-09T13:41:53.267Z,1003.613,False,STABILIZE,0.0000000,0.0000000,-1.86,-0.04,0.00,0.00,0.00,2.12,1.34,83.92,0.00,0.00,83.0,0,0.000,-0.01,-1,1,0,0,0,0,0,0,0,0,0,PreArm: Board (3.6v) out of range 4.3-5.8v
2026-07-09T13:41:53.768Z,1004.113,False,STABILIZE,0.0000000,0.0000000,-1.90,-0.04,0.00,0.00,0.00,2.12,1.34,83.92,0.00,0.00,83.0,0,0.000,-0.01,-1,1,0,0,0,0,0,0,0,0,0,PreArm: Board (3.6v) out of range 4.3-5.8v
2026-07-09T13:41:54.268Z,1004.614,False,STABILIZE,0.0000000,0.0000000,-1.89,-0.04,0.00,0.00,0.00,2.12,1.35,83.92,0.00,0.00,83.0,0,0.000,-0.01,-1,1,0,0,0,0,0,0,0,0,0,PreArm: Board (3.7v) out of range 4.3-5.8v
2026-07-09T13:41:54.864Z,1005.210,False,STABILIZE,0.0000000,0.0000000,-1.83,-0.04,0.00,0.00,0.00,2.12,1.35,83.92,0.00,0.00,83.0,0,0.000,-0.01,-1,1,0,0,0,0,0,0,0,0,0,PreArm: Board (3.7v) out of range 4.3-5.8v
2026-07-09T13:41:55.366Z,1005.711,False,STABILIZE,0.0000000,0.0000000,-1.82,-0.04,0.00,0.00,0.00,2.12,1.35,83.92,0.00,0.00,83.0,0,0.000,-0.01,-1,1,0,0,0,0,0,0,0,0,0,PreArm: Board (3.7v) out of range 4.3-5.8v
2026-07-09T13:41:55.866Z,1006.212,False,STABILIZE,0.0000000,0.0000000,-1.85,-0.04,0.00,0.00,0.00,2.12,1.35,83.92,0.00,0.00,83.0,0,0.000,-0.01,-1,1,0,0,0,0,0,0,0,0,0,PreArm: Board (3.7v) out of range 4.3-5.8v
2026-07-09T13:41:56.368Z,1006.713,False,STABILIZE,0.0000000,0.0000000,-1.85,-0.04,0.00,0.00,0.00,2.11,1.35,83.92,0.00,0.00,83.0,0,0.000,-0.01,-1,1,0,0,0,0,0,0,0,0,0,PreArm: Board (3.7v) out of range 4.3-5.8v
2026-07-09T13:41:56.868Z,1007.213,False,STABILIZE,0.0000000,0.0000000,-1.82,-0.04,0.00,0.00,0.00,2.11,1.35,83.92,0.00,0.00,83.0,0,0.000,-0.01,-1,1,0,0,0,0,0,0,0,0,0,PreArm: Board (3.7v) out of range 4.3-5.8v
2026-07-09T13:41:57.463Z,1007.809,False,STABILIZE,0.0000000,0.0000000,-1.84,-0.04,0.00,0.00,0.00,2.11,1.35,83.92,0.00,0.00,83.0,0,0.000,-0.01,-1,1,0,0,0,0,0,0,0,0,0,PreArm: Board (3.7v) out of range 4.3-5.8v
2026-07-09T13:41:57.963Z,1008.309,False,STABILIZE,0.0000000,0.0000000,-1.87,-0.04,0.00,0.00,0.00,2.11,1.35,83.92,0.00,0.00,83.0,0,0.000,-0.01,-1,1,0,0,0,0,0,0,0,0,0,PreArm: Board (3.7v) out of range 4.3-5.8v
2026-07-09T13:41:58.463Z,1008.809,False,STABILIZE,0.0000000,0.0000000,-1.83,-0.04,0.00,0.00,0.00,2.11,1.35,83.92,0.00,0.00,83.0,0,0.000,-0.01,-1,1,0,0,0,0,0,0,0,0,0,PreArm: Board (3.7v) out of range 4.3-5.8v
2026-07-09T13:41:58.965Z,1009.310,False,STABILIZE,0.0000000,0.0000000,-1.87,-0.04,0.00,0.00,0.00,2.11,1.35,83.92,0.00,0.00,83.0,0,0.000,-0.01,-1,1,0,0,0,0,0,0,0,0,0,PreArm: Board (3.7v) out of range 4.3-5.8v
2026-07-09T13:41:59.465Z,1009.810,False,STABILIZE,0.0000000,0.0000000,-1.83,-0.04,0.00,0.00,0.00,2.11,1.35,83.92,0.00,0.00,83.0,0,0.000,-0.01,-1,1,0,0,0,0,0,0,0,0,0,PreArm: Board (3.7v) out of range 4.3-5.8v
2026-07-09T13:41:59.965Z,1010.310,False,STABILIZE,0.0000000,0.0000000,-1.85,-0.04,0.00,0.00,0.00,2.11,1.35,83.92,0.00,0.00,83.0,0,0.000,-0.01,-1,1,0,0,0,0,0,0,0,0,0,PreArm: Board (3.7v) out of range 4.3-5.8v
2026-07-09T13:42:00.465Z,1010.811,False,STABILIZE,0.0000000,0.0000000,-1.84,-0.04,0.00,0.00,0.00,2.11,1.35,83.92,0.00,0.00,83.0,0,0.000,-0.01,-1,1,0,0,0,0,0,0,0,0,0,PreArm: Board (3.7v) out of range 4.3-5.8v
2026-07-09T13:42:00.965Z,1011.311,False,STABILIZE,0.0000000,0.0000000,-1.85,-0.04,0.00,0.00,0.00,2.11,1.35,83.93,0.00,0.00,83.0,0,0.000,-0.01,-1,1,0,0,0,0,0,0,0,0,0,PreArm: Board (3.7v) out of range 4.3-5.8v
2026-07-09T13:42:01.468Z,1011.814,False,STABILIZE,0.0000000,0.0000000,-1.82,-0.04,0.00,0.00,0.00,2.11,1.35,83.92,0.00,0.00,83.0,0,0.000,-0.01,-1,1,0,0,0,0,0,0,0,0,0,PreArm: Board (3.7v) out of range 4.3-5.8v
2026-07-09T13:42:01.968Z,1012.314,False,STABILIZE,0.0000000,0.0000000,-1.83,-0.04,0.00,0.00,0.00,2.11,1.35,83.92,0.00,0.00,83.0,0,0.000,-0.01,-1,1,0,0,0,0,0,0,0,0,0,PreArm: Board (3.7v) out of range 4.3-5.8v
2026-07-09T13:42:02.562Z,1012.907,False,STABILIZE,0.0000000,0.0000000,-1.84,-0.04,0.00,0.00,0.00,2.11,1.34,83.92,0.00,0.00,83.0,0,0.000,-0.01,-1,1,0,0,0,0,0,0,0,0,0,PreArm: Board (3.7v) out of range 4.3-5.8v
2026-07-09T13:42:03.063Z,1013.409,False,STABILIZE,0.0000000,0.0000000,-1.84,-0.04,0.00,0.00,0.00,2.11,1.34,83.93,0.00,0.00,83.0,0,0.000,-0.01,-1,1,0,0,0,0,0,0,0,0,0,PreArm: Board (3.7v) out of range 4.3-5.8v
2026-07-09T13:42:03.563Z,1013.909,False,STABILIZE,0.0000000,0.0000000,-1.83,-0.04,0.00,0.00,0.00,2.11,1.34,83.93,0.00,0.00,83.0,0,0.000,-0.01,-1,1,0,0,0,0,0,0,0,0,0,PreArm: Board (3.7v) out of range 4.3-5.8v
2026-07-09T13:42:04.065Z,1014.411,False,STABILIZE,0.0000000,0.0000000,-1.82,-0.04,0.00,0.00,0.00,2.11,1.34,83.93,0.00,0.00,83.0,0,0.000,-0.01,-1,1,0,0,0,0,0,0,0,0,0,PreArm: Board (3.7v) out of range 4.3-5.8v
2026-07-09T13:42:04.568Z,1014.914,False,STABILIZE,0.0000000,0.0000000,-1.82,-0.04,0.00,0.00,0.00,2.11,1.33,83.93,0.00,0.00,83.0,0,0.000,-0.01,-1,1,0,0,0,0,0,0,0,0,0,PreArm: Board (3.7v) out of range 4.3-5.8v
2026-07-09T13:42:05.069Z,1015.415,False,STABILIZE,0.0000000,0.0000000,-1.80,-0.04,0.00,0.00,0.00,2.12,1.34,83.93,0.00,0.00,83.0,0,0.000,-0.01,-1,1,0,0,0,0,0,0,0,0,0,PreArm: Board (3.7v) out of range 4.3-5.8v
2026-07-09T13:42:05.599Z,1015.944,False,STABILIZE,0.0000000,0.0000000,-1.77,-0.04,0.00,0.00,0.00,2.12,1.34,83.94,0.00,0.00,83.0,0,0.000,-0.01,-1,1,0,0,0,0,0,0,0,0,0,PreArm: Board (3.7v) out of range 4.3-5.8v
2026-07-09T13:42:06.162Z,1016.508,False,STABILIZE,0.0000000,0.0000000,-1.78,-0.04,0.00,0.00,0.00,2.12,1.34,83.94,0.00,0.00,83.0,0,0.000,-0.01,-1,1,0,0,0,0,0,0,0,0,0,PreArm: Board (3.7v) out of range 4.3-5.8v
2026-07-09T13:42:06.665Z,1017.011,False,STABILIZE,0.0000000,0.0000000,-1.82,-0.04,0.00,0.00,0.00,2.12,1.34,83.94,0.00,0.00,83.0,0,0.000,-0.01,-1,1,0,0,0,0,0,0,0,0,0,PreArm: Board (3.7v) out of range 4.3-5.8v
2026-07-09T13:42:07.165Z,1017.511,False,STABILIZE,0.0000000,0.0000000,-1.76,-0.04,0.00,0.00,0.00,2.12,1.34,83.94,0.00,0.00,83.0,0,0.000,-0.01,-1,1,0,0,0,0,0,0,0,0,0,PreArm: Board (3.7v) out of range 4.3-5.8v
2026-07-09T13:42:07.666Z,1018.012,False,STABILIZE,0.0000000,0.0000000,-1.79,-0.04,0.00,0.00,0.00,2.12,1.34,83.94,0.00,0.00,83.0,0,0.000,-0.01,-1,1,0,0,0,0,0,0,0,0,0,PreArm: Board (3.7v) out of range 4.3-5.8v
2026-07-09T13:42:08.167Z,1018.513,False,STABILIZE,0.0000000,0.0000000,-1.81,-0.04,0.00,0.00,0.00,2.12,1.34,83.94,0.00,0.00,83.0,0,0.000,-0.01,-1,1,0,0,0,0,0,0,0,0,0,PreArm: Board (3.7v) out of range 4.3-5.8v
2026-07-09T13:42:08.667Z,1019.013,False,STABILIZE,0.0000000,0.0000000,-1.80,-0.04,0.00,0.00,0.00,2.12,1.34,83.94,0.00,0.00,83.0,0,0.000,-0.01,-1,1,0,0,0,0,0,0,0,0,0,PreArm: Board (3.7v) out of range 4.3-5.8v
2026-07-09T13:42:09.169Z,1019.514,False,STABILIZE,0.0000000,0.0000000,-1.78,-0.04,0.00,0.00,0.00,2.12,1.34,83.94,0.00,0.00,83.0,0,0.000,-0.01,-1,1,0,0,0,0,0,0,0,0,0,PreArm: Board (3.7v) out of range 4.3-5.8v
2026-07-09T13:42:09.761Z,1020.106,False,STABILIZE,0.0000000,0.0000000,-1.80,-0.04,0.00,0.00,0.00,2.11,1.34,83.94,0.00,0.00,83.0,0,0.000,-0.01,-1,1,0,0,0,0,0,0,0,0,0,PreArm: Board (3.7v) out of range 4.3-5.8v
2026-07-09T13:42:10.261Z,1020.606,False,STABILIZE,0.0000000,0.0000000,-1.83,-0.04,0.00,0.00,0.00,2.11,1.34,83.94,0.00,0.00,83.0,0,0.000,-0.01,-1,1,0,0,0,0,0,0,0,0,0,PreArm: Board (3.7v) out of range 4.3-5.8v
2026-07-09T13:42:10.765Z,1021.111,False,STABILIZE,0.0000000,0.0000000,-1.78,-0.04,0.00,0.00,0.00,2.11,1.34,83.94,0.00,0.00,83.0,0,0.000,-0.01,-1,1,0,0,0,0,0,0,0,0,0,PreArm: Board (3.7v) out of range 4.3-5.8v
2026-07-09T13:42:11.267Z,1021.613,False,STABILIZE,0.0000000,0.0000000,-1.81,-0.04,0.00,0.00,0.00,2.11,1.34,83.94,0.00,0.00,83.0,0,0.000,-0.01,-1,1,0,0,0,0,0,0,0,0,0,PreArm: Board (3.7v) out of range 4.3-5.8v
2026-07-09T13:42:11.767Z,1022.113,False,STABILIZE,0.0000000,0.0000000,-1.81,-0.04,0.00,0.00,0.00,2.11,1.34,83.94,0.00,0.00,83.0,0,0.000,-0.01,-1,1,0,0,0,0,0,0,0,0,0,PreArm: Board (3.7v) out of range 4.3-5.8v
2026-07-09T13:42:12.269Z,1022.615,False,STABILIZE,0.0000000,0.0000000,-1.79,-0.04,0.00,0.00,0.00,2.11,1.34,83.94,0.00,0.00,83.0,0,0.000,-0.01,-1,1,0,0,0,0,0,0,0,0,0,PreArm: Board (3.7v) out of range 4.3-5.8v
2026-07-09T13:42:12.769Z,1023.115,False,STABILIZE,0.0000000,0.0000000,-1.77,-0.04,0.00,0.00,0.00,2.11,1.33,83.94,0.00,0.00,83.0,0,0.000,-0.01,-1,1,0,0,0,0,0,0,0,0,0,PreArm: Board (3.7v) out of range 4.3-5.8v
2026-07-09T13:42:13.361Z,1023.706,False,STABILIZE,0.0000000,0.0000000,-1.79,-0.04,0.00,0.00,0.00,2.11,1.33,83.94,0.00,0.00,83.0,0,0.000,-0.01,-1,1,0,0,0,0,0,0,0,0,0,PreArm: Board (3.7v) out of range 4.3-5.8v
2026-07-09T13:42:13.861Z,1024.206,False,STABILIZE,0.0000000,0.0000000,-1.76,-0.04,0.00,0.00,0.00,2.11,1.33,83.94,0.00,0.00,83.0,0,0.000,-0.01,-1,1,0,0,0,0,0,0,0,0,0,PreArm: Board (3.7v) out of range 4.3-5.8v
2026-07-09T13:42:14.362Z,1024.708,False,STABILIZE,0.0000000,0.0000000,-1.79,-0.04,0.00,0.00,0.00,2.11,1.33,83.94,0.00,0.00,83.0,0,0.000,-0.01,-1,1,0,0,0,0,0,0,0,0,0,PreArm: Board (3.7v) out of range 4.3-5.8v
2026-07-09T13:42:14.863Z,1025.209,False,STABILIZE,0.0000000,0.0000000,-1.79,-0.04,0.00,0.00,0.00,2.11,1.33,83.94,0.00,0.00,83.0,0,0.000,-0.01,-1,1,0,0,0,0,0,0,0,0,0,PreArm: Board (3.7v) out of range 4.3-5.8v
2026-07-09T13:42:15.364Z,1025.709,False,STABILIZE,0.0000000,0.0000000,-1.80,-0.04,0.00,0.00,0.00,2.11,1.33,83.94,0.00,0.00,83.0,0,0.000,-0.01,-1,1,0,0,0,0,0,0,0,0,0,PreArm: Board (3.7v) out of range 4.3-5.8v
2026-07-09T13:42:15.865Z,1026.211,False,STABILIZE,0.0000000,0.0000000,-1.81,-0.04,0.00,0.00,0.00,2.11,1.33,83.94,0.00,0.00,83.0,0,0.000,-0.01,-1,1,0,0,0,0,0,0,0,0,0,PreArm: Board (3.7v) out of range 4.3-5.8v
2026-07-09T13:42:16.366Z,1026.711,False,STABILIZE,0.0000000,0.0000000,-1.80,-0.04,0.00,0.00,0.00,2.11,1.34,83.94,0.00,0.00,83.0,0,0.000,-0.01,-1,1,0,0,0,0,0,0,0,0,0,PreArm: Board (3.7v) out of range 4.3-5.8v
2026-07-09T13:42:16.866Z,1027.211,False,STABILIZE,0.0000000,0.0000000,-1.79,-0.04,0.00,0.00,0.00,2.11,1.34,83.94,0.00,0.00,83.0,0,0.000,-0.01,-1,1,0,0,0,0,0,0,0,0,0,PreArm: Board (3.7v) out of range 4.3-5.8v
2026-07-09T13:42:17.368Z,1027.714,False,STABILIZE,0.0000000,0.0000000,-1.80,-0.04,0.00,0.00,0.00,2.11,1.35,83.94,0.00,0.00,83.0,0,0.000,-0.01,-1,1,0,0,0,0,0,0,0,0,0,PreArm: Board (3.7v) out of range 4.3-5.8v
2026-07-09T13:42:17.960Z,1028.306,False,STABILIZE,0.0000000,0.0000000,-1.81,-0.04,0.00,0.00,0.00,2.11,1.35,83.94,0.00,0.00,83.0,0,0.000,-0.01,-1,1,0,0,0,0,0,0,0,0,0,PreArm: Board (3.7v) out of range 4.3-5.8v
2026-07-09T13:42:18.461Z,1028.806,False,STABILIZE,0.0000000,0.0000000,-1.83,-0.04,0.00,0.00,0.00,2.11,1.35,83.94,0.00,0.00,83.0,0,0.000,-0.01,-1,1,0,0,0,0,0,0,0,0,0,PreArm: Board (3.7v) out of range 4.3-5.8v
2026-07-09T13:42:18.963Z,1029.309,False,STABILIZE,0.0000000,0.0000000,-1.80,-0.04,0.00,0.00,0.00,2.11,1.36,83.93,0.00,0.00,83.0,0,0.000,-0.01,-1,1,0,0,0,0,0,0,0,0,0,PreArm: Board (3.7v) out of range 4.3-5.8v
2026-07-09T13:42:19.463Z,1029.809,False,STABILIZE,0.0000000,0.0000000,-1.81,-0.04,0.00,0.00,0.00,2.11,1.36,83.94,0.00,0.00,83.0,0,0.000,-0.01,-1,1,0,0,0,0,0,0,0,0,0,PreArm: Board (3.7v) out of range 4.3-5.8v
2026-07-09T13:42:19.963Z,1030.309,False,STABILIZE,0.0000000,0.0000000,-1.80,-0.04,0.00,0.00,0.00,2.11,1.36,83.94,0.00,0.00,83.0,0,0.000,-0.01,-1,1,0,0,0,0,0,0,0,0,0,PreArm: Board (3.7v) out of range 4.3-5.8v
2026-07-09T13:42:20.466Z,1030.812,False,STABILIZE,0.0000000,0.0000000,-1.82,-0.04,0.00,0.00,0.00,2.10,1.36,83.94,0.01,0.00,83.0,0,0.000,-0.01,-1,1,0,0,0,0,0,0,0,0,0,PreArm: Board (3.7v) out of range 4.3-5.8v
2026-07-09T13:42:20.966Z,1031.312,False,STABILIZE,0.0000000,0.0000000,-1.82,-0.04,0.00,0.00,0.00,2.10,1.36,83.94,0.00,0.00,83.0,0,0.000,-0.01,-1,1,0,0,0,0,0,0,0,0,0,PreArm: Board (3.7v) out of range 4.3-5.8v
2026-07-09T13:42:21.466Z,1031.812,False,STABILIZE,0.0000000,0.0000000,-1.83,-0.04,0.00,0.00,0.00,2.11,1.36,83.94,0.01,0.00,83.0,0,0.000,-0.01,-1,1,0,0,0,0,0,0,0,0,0,PreArm: Board (3.7v) out of range 4.3-5.8v
2026-07-09T13:42:21.967Z,1032.312,False,STABILIZE,0.0000000,0.0000000,-1.81,-0.04,0.00,0.00,0.00,2.11,1.36,83.94,0.01,0.00,83.0,0,0.000,-0.01,-1,1,0,0,0,0,0,0,0,0,0,PreArm: Board (3.7v) out of range 4.3-5.8v
2026-07-09T13:42:22.468Z,1032.813,False,STABILIZE,0.0000000,0.0000000,-1.83,-0.04,0.00,0.00,0.00,2.11,1.36,83.94,0.01,0.00,83.0,0,0.000,-0.01,-1,1,0,0,0,0,0,0,0,0,0,PreArm: Board (3.7v) out of range 4.3-5.8v
2026-07-09T13:42:22.968Z,1033.314,False,STABILIZE,0.0000000,0.0000000,-1.80,-0.04,0.00,0.00,0.00,2.11,1.36,83.94,0.01,0.00,83.0,0,0.000,-0.01,-1,1,0,0,0,0,0,0,0,0,0,PreArm: Board (3.7v) out of range 4.3-5.8v
2026-07-09T13:42:23.560Z,1033.906,False,STABILIZE,0.0000000,0.0000000,-1.85,-0.04,0.00,0.00,0.00,2.12,1.35,83.94,0.00,0.00,83.0,0,0.000,-0.01,-1,1,0,0,0,0,0,0,0,0,0,PreArm: Board (3.7v) out of range 4.3-5.8v
2026-07-09T13:42:24.060Z,1034.406,False,STABILIZE,0.0000000,0.0000000,-1.84,-0.04,0.00,0.00,0.00,2.11,1.35,83.95,0.00,0.00,83.0,0,0.000,-0.01,-1,1,0,0,0,0,0,0,0,0,0,PreArm: Board (3.7v) out of range 4.3-5.8v
2026-07-09T13:42:24.560Z,1034.906,False,STABILIZE,0.0000000,0.0000000,-1.82,-0.04,0.00,0.00,0.00,2.11,1.35,83.95,0.00,0.00,83.0,0,0.000,-0.01,-1,1,0,0,0,0,0,0,0,0,0,PreArm: Board (3.7v) out of range 4.3-5.8v
2026-07-09T13:42:25.061Z,1035.406,False,STABILIZE,0.0000000,0.0000000,-1.82,-0.04,0.00,0.00,0.00,2.11,1.35,83.95,0.00,0.00,83.0,0,0.000,-0.01,-1,1,0,0,0,0,0,0,0,0,0,PreArm: Board (3.7v) out of range 4.3-5.8v
2026-07-09T13:42:25.561Z,1035.906,False,STABILIZE,0.0000000,0.0000000,-1.82,-0.04,0.00,0.00,0.00,2.12,1.35,83.95,0.00,0.00,83.0,0,0.000,-0.01,-1,1,0,0,0,0,0,0,0,0,0,PreArm: Board (3.7v) out of range 4.3-5.8v
2026-07-09T13:42:26.061Z,1036.406,False,STABILIZE,0.0000000,0.0000000,-1.87,-0.04,0.00,0.00,0.00,2.12,1.35,83.95,0.00,0.00,83.0,0,0.000,-0.01,-1,1,0,0,0,0,0,0,0,0,0,PreArm: Board (3.7v) out of range 4.3-5.8v
2026-07-09T13:42:26.561Z,1036.906,False,STABILIZE,0.0000000,0.0000000,-1.83,-0.04,0.00,0.00,0.00,2.12,1.35,83.95,0.00,0.00,83.0,0,0.000,-0.01,-1,1,0,0,0,0,0,0,0,0,0,PreArm: Board (3.7v) out of range 4.3-5.8v
2026-07-09T13:42:27.061Z,1037.406,False,STABILIZE,0.0000000,0.0000000,-1.85,-0.04,0.00,0.00,0.00,2.12,1.35,83.95,0.00,0.00,83.0,0,0.000,-0.01,-1,1,0,0,0,0,0,0,0,0,0,PreArm: Board (3.7v) out of range 4.3-5.8v
2026-07-09T13:42:27.561Z,1037.907,False,STABILIZE,0.0000000,0.0000000,-1.84,-0.04,0.00,0.00,0.00,2.11,1.34,83.95,0.00,0.00,83.0,0,0.000,-0.01,-1,1,0,0,0,0,0,0,0,0,0,PreArm: Board (3.7v) out of range 4.3-5.8v
2026-07-09T13:42:28.061Z,1038.407,False,STABILIZE,0.0000000,0.0000000,-1.85,-0.04,0.00,0.00,0.00,2.11,1.35,83.95,0.00,0.00,83.0,0,0.000,-0.01,-1,1,0,0,0,0,0,0,0,0,0,PreArm: Board (3.7v) out of range 4.3-5.8v
2026-07-09T13:42:28.565Z,1038.911,False,STABILIZE,0.0000000,0.0000000,-1.85,-0.04,0.00,0.00,0.00,2.11,1.35,83.95,0.00,0.00,83.0,0,0.000,-0.01,-1,1,0,0,0,0,0,0,0,0,0,PreArm: Board (3.7v) out of range 4.3-5.8v
2026-07-09T13:42:29.065Z,1039.411,False,STABILIZE,0.0000000,0.0000000,-1.85,-0.04,0.00,0.00,0.00,2.11,1.35,83.95,0.00,0.00,83.0,0,0.000,-0.01,-1,1,0,0,0,0,0,0,0,0,0,PreArm: Board (3.7v) out of range 4.3-5.8v
2026-07-09T13:42:29.565Z,1039.911,False,STABILIZE,0.0000000,0.0000000,-1.82,-0.04,0.00,0.00,0.00,2.11,1.35,83.95,0.00,0.00,83.0,0,0.000,-0.01,-1,1,0,0,0,0,0,0,0,0,0,PreArm: Board (3.7v) out of range 4.3-5.8v
2026-07-09T13:42:30.067Z,1040.413,False,STABILIZE,0.0000000,0.0000000,-1.84,-0.04,0.00,0.00,0.00,2.11,1.35,83.95,0.00,0.00,83.0,0,0.000,-0.01,-1,1,0,0,0,0,0,0,0,0,0,PreArm: Board (3.7v) out of range 4.3-5.8v
2026-07-09T13:42:30.569Z,1040.915,False,STABILIZE,0.0000000,0.0000000,-1.86,-0.04,0.00,0.00,0.00,2.11,1.35,83.95,0.00,0.00,83.0,0,0.000,-0.01,-1,1,0,0,0,0,0,0,0,0,0,PreArm: Board (3.7v) out of range 4.3-5.8v
2026-07-09T13:42:31.162Z,1041.508,False,STABILIZE,0.0000000,0.0000000,-1.81,-0.04,0.00,0.00,0.00,2.11,1.35,83.95,0.00,0.00,83.0,0,0.000,-0.01,-1,1,0,0,0,0,0,0,0,0,0,PreArm: Board (3.7v) out of range 4.3-5.8v
2026-07-09T13:42:31.664Z,1042.009,False,STABILIZE,0.0000000,0.0000000,-1.80,-0.04,0.00,0.00,0.00,2.11,1.35,83.95,0.00,0.00,83.0,0,0.000,-0.01,-1,1,0,0,0,0,0,0,0,0,0,PreArm: Board (3.7v) out of range 4.3-5.8v
2026-07-09T13:42:32.166Z,1042.512,False,STABILIZE,0.0000000,0.0000000,-1.84,-0.04,0.00,0.00,0.00,2.12,1.35,83.95,0.00,0.00,83.0,0,0.000,-0.01,-1,1,0,0,0,0,0,0,0,0,0,PreArm: Board (3.7v) out of range 4.3-5.8v
2026-07-09T13:42:32.668Z,1043.013,False,STABILIZE,0.0000000,0.0000000,-1.86,-0.04,0.00,0.00,0.00,2.12,1.35,83.95,0.00,0.00,83.0,0,0.000,-0.01,-1,1,0,0,0,0,0,0,0,0,0,PreArm: Board (3.7v) out of range 4.3-5.8v
2026-07-09T13:42:33.263Z,1043.608,False,STABILIZE,0.0000000,0.0000000,-1.84,-0.04,0.00,0.00,0.00,2.12,1.35,83.95,0.00,0.00,83.0,0,0.000,-0.01,-1,1,0,0,0,0,0,0,0,0,0,PreArm: Board (3.7v) out of range 4.3-5.8v
2026-07-09T13:42:33.763Z,1044.108,False,STABILIZE,0.0000000,0.0000000,-1.84,-0.04,0.00,0.00,0.00,2.12,1.35,83.95,0.00,0.00,83.0,0,0.000,-0.01,-1,1,0,0,0,0,0,0,0,0,0,PreArm: Board (3.7v) out of range 4.3-5.8v
2026-07-09T13:42:34.263Z,1044.609,False,STABILIZE,0.0000000,0.0000000,-1.83,-0.04,0.00,0.00,0.00,2.12,1.35,83.95,0.00,0.00,83.0,0,0.000,-0.01,-1,1,0,0,0,0,0,0,0,0,0,PreArm: Board (3.7v) out of range 4.3-5.8v
2026-07-09T13:42:34.763Z,1045.109,False,STABILIZE,0.0000000,0.0000000,-1.84,-0.04,0.00,0.00,0.00,2.12,1.35,83.95,0.00,0.00,83.0,0,0.000,-0.01,-1,1,0,0,0,0,0,0,0,0,0,PreArm: Board (3.7v) out of range 4.3-5.8v
2026-07-09T13:42:35.264Z,1045.610,False,STABILIZE,0.0000000,0.0000000,-1.84,-0.04,0.00,0.00,0.00,2.12,1.35,83.95,0.00,0.00,83.0,0,0.000,-0.01,-1,1,0,0,0,0,0,0,0,0,0,PreArm: Board (3.7v) out of range 4.3-5.8v
2026-07-09T13:42:35.766Z,1046.112,False,STABILIZE,0.0000000,0.0000000,-1.81,-0.04,0.00,0.00,0.00,2.12,1.35,83.95,0.00,0.00,83.0,0,0.000,-0.01,-1,1,0,0,0,0,0,0,0,0,0,PreArm: Board (3.7v) out of range 4.3-5.8v
2026-07-09T13:42:36.266Z,1046.612,False,STABILIZE,0.0000000,0.0000000,-1.85,-0.04,0.00,0.00,0.00,2.12,1.35,83.96,0.00,0.00,83.0,0,0.000,-0.01,-1,1,0,0,0,0,0,0,0,0,0,PreArm: Board (3.7v) out of range 4.3-5.8v
2026-07-09T13:42:36.768Z,1047.114,False,STABILIZE,0.0000000,0.0000000,-1.86,-0.04,0.00,0.00,0.00,2.12,1.35,83.95,0.00,0.00,83.0,0,0.000,-0.01,-1,1,0,0,0,0,0,0,0,0,0,PreArm: Board (3.7v) out of range 4.3-5.8v
2026-07-09T13:42:37.268Z,1047.614,False,STABILIZE,0.0000000,0.0000000,-1.85,-0.04,0.00,0.00,0.00,2.12,1.36,83.95,0.00,0.00,83.0,0,0.000,-0.01,-1,1,0,0,0,0,0,0,0,0,0,PreArm: Board (3.7v) out of range 4.3-5.8v
2026-07-09T13:42:37.768Z,1048.114,False,STABILIZE,0.0000000,0.0000000,-1.82,-0.04,0.00,0.00,0.00,2.12,1.35,83.95,0.00,0.00,83.0,0,0.000,-0.01,-1,1,0,0,0,0,0,0,0,0,0,PreArm: Board (3.7v) out of range 4.3-5.8v
2026-07-09T13:42:38.268Z,1048.614,False,STABILIZE,0.0000000,0.0000000,-1.83,-0.04,0.00,0.00,0.00,2.12,1.35,83.95,0.00,0.00,83.0,0,0.000,-0.01,-1,1,0,0,0,0,0,0,0,0,0,PreArm: Board (3.7v) out of range 4.3-5.8v
2026-07-09T13:42:38.860Z,1049.206,False,STABILIZE,0.0000000,0.0000000,-1.85,-0.04,0.00,0.00,0.00,2.12,1.35,83.95,0.00,0.00,83.0,0,0.000,-0.01,-1,1,0,0,0,0,0,0,0,0,0,PreArm: Board (3.7v) out of range 4.3-5.8v
2026-07-09T13:42:39.361Z,1049.707,False,STABILIZE,0.0000000,0.0000000,-1.83,-0.04,0.00,0.00,0.00,2.12,1.35,83.95,0.00,0.00,83.0,0,0.000,-0.01,-1,1,0,0,0,0,0,0,0,0,0,PreArm: Board (3.7v) out of range 4.3-5.8v
2026-07-09T13:42:39.862Z,1050.208,False,STABILIZE,0.0000000,0.0000000,-1.86,-0.04,0.00,0.00,0.00,2.12,1.35,83.95,0.00,0.00,83.0,0,0.000,-0.01,-1,1,0,0,0,0,0,0,0,0,0,PreArm: Board (3.7v) out of range 4.3-5.8v
2026-07-09T13:42:40.363Z,1050.709,False,STABILIZE,0.0000000,0.0000000,-1.82,-0.04,0.00,0.00,0.00,2.12,1.35,83.95,0.00,0.00,83.0,0,0.000,-0.01,-1,1,0,0,0,0,0,0,0,0,0,PreArm: Board (3.7v) out of range 4.3-5.8v
2026-07-09T13:42:40.863Z,1051.209,False,STABILIZE,0.0000000,0.0000000,-1.82,-0.04,0.00,0.00,0.00,2.12,1.35,83.95,0.00,0.00,83.0,0,0.000,-0.01,-1,1,0,0,0,0,0,0,0,0,0,PreArm: Board (3.7v) out of range 4.3-5.8v
2026-07-09T13:42:41.365Z,1051.711,False,STABILIZE,0.0000000,0.0000000,-1.82,-0.04,0.00,0.00,0.00,2.11,1.35,83.95,0.00,0.00,83.0,0,0.000,-0.01,-1,1,0,0,0,0,0,0,0,0,0,PreArm: Board (3.7v) out of range 4.3-5.8v
2026-07-09T13:42:41.867Z,1052.213,False,STABILIZE,0.0000000,0.0000000,-1.85,-0.04,0.00,0.00,0.00,2.11,1.36,83.95,0.00,0.00,83.0,0,0.000,-0.01,-1,1,0,0,0,0,0,0,0,0,0,PreArm: Board (3.7v) out of range 4.3-5.8v
2026-07-09T13:42:42.460Z,1052.806,False,STABILIZE,0.0000000,0.0000000,-1.83,-0.04,0.00,0.00,0.00,2.11,1.36,83.95,0.00,0.00,83.0,0,0.000,-0.01,-1,1,0,0,0,0,0,0,0,0,0,PreArm: Board (3.7v) out of range 4.3-5.8v
2026-07-09T13:42:42.961Z,1053.306,False,STABILIZE,0.0000000,0.0000000,-1.84,-0.04,0.00,0.00,0.00,2.11,1.35,83.95,0.00,0.00,83.0,0,0.000,-0.01,-1,1,0,0,0,0,0,0,0,0,0,PreArm: Board (3.7v) out of range 4.3-5.8v
2026-07-09T13:42:43.461Z,1053.806,False,STABILIZE,0.0000000,0.0000000,-1.83,-0.04,0.00,0.00,0.00,2.11,1.36,83.95,0.00,0.00,83.0,0,0.000,-0.01,-1,1,0,0,0,0,0,0,0,0,0,PreArm: Board (3.7v) out of range 4.3-5.8v
2026-07-09T13:42:43.961Z,1054.307,False,STABILIZE,0.0000000,0.0000000,-1.85,-0.04,0.00,0.00,0.00,2.11,1.36,83.95,0.00,0.00,83.0,0,0.000,-0.01,-1,1,0,0,0,0,0,0,0,0,0,PreArm: Board (3.7v) out of range 4.3-5.8v
2026-07-09T13:42:44.464Z,1054.809,False,STABILIZE,0.0000000,0.0000000,-1.89,-0.04,0.00,0.00,0.00,2.10,1.36,83.95,0.00,0.00,83.0,0,0.000,-0.01,-1,1,0,0,0,0,0,0,0,0,0,PreArm: Board (3.7v) out of range 4.3-5.8v
2026-07-09T13:42:44.964Z,1055.309,False,STABILIZE,0.0000000,0.0000000,-1.83,-0.04,0.00,0.00,0.00,2.10,1.36,83.95,0.00,0.00,83.0,0,0.000,-0.01,-1,1,0,0,0,0,0,0,0,0,0,PreArm: Board (3.7v) out of range 4.3-5.8v
2026-07-09T13:42:45.465Z,1055.811,False,STABILIZE,0.0000000,0.0000000,-1.86,-0.04,0.00,0.00,0.00,2.10,1.36,83.95,0.01,0.00,83.0,0,0.000,-0.01,-1,1,0,0,0,0,0,0,0,0,0,PreArm: Board (3.7v) out of range 4.3-5.8v
2026-07-09T13:42:45.966Z,1056.311,False,STABILIZE,0.0000000,0.0000000,-1.85,-0.04,0.00,0.00,0.00,2.11,1.36,83.95,0.01,0.00,83.0,0,0.000,-0.01,-1,1,0,0,0,0,0,0,0,0,0,PreArm: Board (3.7v) out of range 4.3-5.8v
2026-07-09T13:42:46.468Z,1056.813,False,STABILIZE,0.0000000,0.0000000,-1.85,-0.04,0.00,0.00,0.00,2.10,1.35,83.95,0.01,0.00,83.0,0,0.000,-0.01,-1,1,0,0,0,0,0,0,0,0,0,PreArm: Board (3.7v) out of range 4.3-5.8v
2026-07-09T13:42:47.063Z,1057.408,False,STABILIZE,0.0000000,0.0000000,-1.87,-0.04,0.00,0.00,0.00,2.10,1.35,83.95,0.00,0.00,83.0,0,0.000,-0.01,-1,1,0,0,0,0,0,0,0,0,0,PreArm: Board (3.7v) out of range 4.3-5.8v
2026-07-09T13:42:47.564Z,1057.909,False,STABILIZE,0.0000000,0.0000000,-1.85,-0.04,0.00,0.00,0.00,2.10,1.35,83.94,0.00,0.00,83.0,0,0.000,-0.01,-1,1,0,0,0,0,0,0,0,0,0,PreArm: Board (3.7v) out of range 4.3-5.8v
2026-07-09T13:42:48.064Z,1058.410,False,STABILIZE,0.0000000,0.0000000,-1.89,-0.04,0.00,0.00,0.00,2.10,1.35,83.94,0.00,0.00,83.0,0,0.000,-0.01,-1,1,0,0,0,0,0,0,0,0,0,PreArm: Board (3.7v) out of range 4.3-5.8v
2026-07-09T13:42:48.565Z,1058.910,False,STABILIZE,0.0000000,0.0000000,-1.88,-0.04,0.00,0.00,0.00,2.10,1.35,83.94,0.00,0.00,83.0,0,0.000,-0.01,-1,1,0,0,0,0,0,0,0,0,0,PreArm: Board (3.7v) out of range 4.3-5.8v
2026-07-09T13:42:49.065Z,1059.410,False,STABILIZE,0.0000000,0.0000000,-1.88,-0.04,0.00,0.00,0.00,2.10,1.34,83.94,0.00,0.00,83.0,0,0.000,-0.01,-1,1,0,0,0,0,0,0,0,0,0,PreArm: Board (3.7v) out of range 4.3-5.8v
2026-07-09T13:42:49.565Z,1059.911,False,STABILIZE,0.0000000,0.0000000,-1.87,-0.04,0.00,0.00,0.00,2.11,1.34,83.94,0.00,0.00,83.0,0,0.000,-0.01,-1,1,0,0,0,0,0,0,0,0,0,PreArm: Board (3.7v) out of range 4.3-5.8v
2026-07-09T13:42:50.065Z,1060.411,False,STABILIZE,0.0000000,0.0000000,-1.89,-0.04,0.00,0.00,0.00,2.11,1.34,83.94,0.00,0.00,83.0,0,0.000,-0.01,-1,1,0,0,0,0,0,0,0,0,0,PreArm: Board (3.7v) out of range 4.3-5.8v
2026-07-09T13:42:50.566Z,1060.911,False,STABILIZE,0.0000000,0.0000000,-1.91,-0.04,0.00,0.00,0.00,2.11,1.34,83.93,0.00,0.00,83.0,0,0.000,-0.01,-1,1,0,0,0,0,0,0,0,0,0,PreArm: Board (3.7v) out of range 4.3-5.8v
2026-07-09T13:42:51.066Z,1061.411,False,STABILIZE,0.0000000,0.0000000,-1.92,-0.04,0.00,0.00,0.00,2.11,1.34,83.93,0.00,0.00,83.0,0,0.000,-0.01,-1,1,0,0,0,0,0,0,0,0,0,PreArm: Board (3.7v) out of range 4.3-5.8v
2026-07-09T13:42:51.568Z,1061.914,False,STABILIZE,0.0000000,0.0000000,-1.87,-0.04,0.00,0.00,0.00,2.11,1.35,83.93,0.00,0.00,83.0,0,0.000,-0.01,-1,1,0,0,0,0,0,0,0,0,0,PreArm: Board (3.7v) out of range 4.3-5.8v
2026-07-09T13:42:52.068Z,1062.414,False,STABILIZE,0.0000000,0.0000000,-1.89,-0.04,0.00,0.00,0.00,2.11,1.35,83.94,0.00,0.00,83.0,0,0.000,-0.01,-1,1,0,0,0,0,0,0,0,0,0,PreArm: Board (3.7v) out of range 4.3-5.8v
2026-07-09T13:42:52.570Z,1062.916,False,STABILIZE,0.0000000,0.0000000,-1.88,-0.04,0.00,0.00,0.00,2.12,1.35,83.94,0.00,0.00,83.0,0,0.000,-0.01,-1,1,0,0,0,0,0,0,0,0,0,PreArm: Board (3.7v) out of range 4.3-5.8v
2026-07-09T13:42:53.163Z,1063.509,False,STABILIZE,0.0000000,0.0000000,-1.89,-0.04,0.00,0.00,0.00,2.12,1.35,83.94,0.00,0.00,83.0,0,0.000,-0.01,-1,1,0,0,0,0,0,0,0,0,0,PreArm: Board (3.7v) out of range 4.3-5.8v
2026-07-09T13:42:53.665Z,1064.010,False,STABILIZE,0.0000000,0.0000000,-1.87,-0.04,0.00,0.00,0.00,2.12,1.35,83.94,0.00,0.00,83.0,0,0.000,-0.01,-1,1,0,0,0,0,0,0,0,0,0,PreArm: Board (3.7v) out of range 4.3-5.8v
2026-07-09T13:42:54.165Z,1064.510,False,STABILIZE,0.0000000,0.0000000,-1.89,-0.04,0.00,0.00,0.00,2.12,1.35,83.94,0.00,0.00,83.0,0,0.000,-0.01,-1,1,0,0,0,0,0,0,0,0,0,PreArm: Board (3.7v) out of range 4.3-5.8v
2026-07-09T13:42:54.666Z,1065.011,False,STABILIZE,0.0000000,0.0000000,-1.91,-0.04,0.00,0.00,0.00,2.12,1.34,83.93,0.00,0.00,83.0,0,0.000,-0.01,-1,1,0,0,0,0,0,0,0,0,0,PreArm: Board (3.7v) out of range 4.3-5.8v
2026-07-09T13:42:55.167Z,1065.512,False,STABILIZE,0.0000000,0.0000000,-1.88,-0.04,0.00,0.00,0.00,2.12,1.34,83.93,0.00,0.00,83.0,0,0.000,-0.01,-1,1,0,0,0,0,0,0,0,0,0,PreArm: Board (3.7v) out of range 4.3-5.8v
2026-07-09T13:42:55.668Z,1066.013,False,STABILIZE,0.0000000,0.0000000,-1.87,-0.04,0.00,0.00,0.00,2.12,1.34,83.93,0.00,0.00,83.0,0,0.000,-0.01,-1,1,0,0,0,0,0,0,0,0,0,PreArm: Board (3.7v) out of range 4.3-5.8v
2026-07-09T13:42:56.168Z,1066.514,False,STABILIZE,0.0000000,0.0000000,-1.91,-0.04,0.00,0.00,0.00,2.12,1.35,83.93,0.00,0.00,83.0,0,0.000,-0.01,-1,1,0,0,0,0,0,0,0,0,0,PreArm: Board (3.7v) out of range 4.3-5.8v
2026-07-09T13:42:56.668Z,1067.014,False,STABILIZE,0.0000000,0.0000000,-1.87,-0.04,0.00,0.00,0.00,2.12,1.35,83.93,0.00,0.00,83.0,0,0.000,-0.01,-1,1,0,0,0,0,0,0,0,0,0,PreArm: Board (3.7v) out of range 4.3-5.8v
2026-07-09T13:42:57.260Z,1067.606,False,STABILIZE,0.0000000,0.0000000,-1.88,-0.04,0.00,0.00,0.00,2.12,1.35,83.93,0.00,0.00,83.0,0,0.000,-0.01,-1,1,0,0,0,0,0,0,0,0,0,PreArm: Board (3.7v) out of range 4.3-5.8v
2026-07-09T13:42:57.760Z,1068.106,False,STABILIZE,0.0000000,0.0000000,-1.87,-0.04,0.00,0.00,0.00,2.12,1.35,83.93,0.00,0.00,83.0,0,0.000,-0.01,-1,1,0,0,0,0,0,0,0,0,0,PreArm: Board (3.7v) out of range 4.3-5.8v
2026-07-09T13:42:58.260Z,1068.606,False,STABILIZE,0.0000000,0.0000000,-1.89,-0.04,0.00,0.00,0.00,2.12,1.34,83.93,0.00,0.00,83.0,0,0.000,-0.01,-1,1,0,0,0,0,0,0,0,0,0,PreArm: Board (3.7v) out of range 4.3-5.8v
2026-07-09T13:42:58.760Z,1069.106,False,STABILIZE,0.0000000,0.0000000,-1.85,-0.04,0.00,0.00,0.00,2.12,1.35,83.93,0.00,0.00,83.0,0,0.000,-0.01,-1,1,0,0,0,0,0,0,0,0,0,PreArm: Board (3.7v) out of range 4.3-5.8v
2026-07-09T13:42:59.260Z,1069.606,False,STABILIZE,0.0000000,0.0000000,-1.86,-0.04,0.00,0.00,0.00,2.12,1.35,83.93,0.00,0.00,83.0,0,0.000,-0.01,-1,1,0,0,0,0,0,0,0,0,0,PreArm: Board (3.7v) out of range 4.3-5.8v
2026-07-09T13:42:59.760Z,1070.106,False,STABILIZE,0.0000000,0.0000000,-1.87,-0.04,0.00,0.00,0.00,2.12,1.34,83.93,0.00,0.00,83.0,0,0.000,-0.01,-1,1,0,0,0,0,0,0,0,0,0,PreArm: Board (3.7v) out of range 4.3-5.8v
2026-07-09T13:43:00.263Z,1070.609,False,STABILIZE,0.0000000,0.0000000,-1.89,-0.04,0.00,0.00,0.00,2.11,1.34,83.93,0.00,0.00,83.0,0,0.000,-0.01,-1,1,0,0,0,0,0,0,0,0,0,PreArm: Board (3.7v) out of range 4.3-5.8v
2026-07-09T13:43:00.764Z,1071.110,False,STABILIZE,0.0000000,0.0000000,-1.91,-0.04,0.00,0.00,0.00,2.12,1.34,83.93,0.00,0.00,83.0,0,0.000,-0.01,-1,1,0,0,0,0,0,0,0,0,0,PreArm: Board (3.7v) out of range 4.3-5.8v
2026-07-09T13:43:01.264Z,1071.610,False,STABILIZE,0.0000000,0.0000000,-1.90,-0.04,0.00,0.00,0.00,2.12,1.33,83.93,0.00,0.00,83.0,0,0.000,-0.01,-1,1,0,0,0,0,0,0,0,0,0,PreArm: Board (3.7v) out of range 4.3-5.8v
2026-07-09T13:43:01.765Z,1072.111,False,STABILIZE,0.0000000,0.0000000,-1.86,-0.04,0.00,0.00,0.00,2.11,1.33,83.93,0.00,0.00,83.0,0,0.000,-0.01,-1,1,0,0,0,0,0,0,0,0,0,PreArm: Board (3.7v) out of range 4.3-5.8v
2026-07-09T13:43:02.266Z,1072.611,False,STABILIZE,0.0000000,0.0000000,-1.86,-0.04,0.00,0.00,0.00,2.12,1.33,83.94,0.00,0.00,83.0,0,0.000,-0.01,-1,1,0,0,0,0,0,0,0,0,0,PreArm: Board (3.7v) out of range 4.3-5.8v
2026-07-09T13:43:02.767Z,1073.113,False,STABILIZE,0.0000000,0.0000000,-1.85,-0.04,0.00,0.00,0.00,2.12,1.33,83.94,0.00,0.00,83.0,0,0.000,-0.01,-1,1,0,0,0,0,0,0,0,0,0,PreArm: Board (3.7v) out of range 4.3-5.8v
2026-07-09T13:43:03.268Z,1073.613,False,STABILIZE,0.0000000,0.0000000,-1.88,-0.04,0.00,0.00,0.00,2.12,1.33,83.94,0.00,0.00,83.0,0,0.000,-0.01,-1,1,0,0,0,0,0,0,0,0,0,PreArm: Board (3.7v) out of range 4.3-5.8v
2026-07-09T13:43:03.860Z,1074.206,False,STABILIZE,0.0000000,0.0000000,-1.89,-0.04,0.00,0.00,0.00,2.11,1.33,83.94,0.01,0.00,83.0,0,0.000,-0.01,-1,1,0,0,0,0,0,0,0,0,0,PreArm: Board (3.7v) out of range 4.3-5.8v
2026-07-09T13:43:04.361Z,1074.706,False,STABILIZE,0.0000000,0.0000000,-1.91,-0.04,0.00,0.00,0.00,2.11,1.33,83.94,0.00,0.00,83.0,0,0.000,-0.01,-1,1,0,0,0,0,0,0,0,0,0,PreArm: Board (3.7v) out of range 4.3-5.8v
2026-07-09T13:43:04.861Z,1075.207,False,STABILIZE,0.0000000,0.0000000,-1.91,-0.04,0.00,0.00,0.00,2.11,1.34,83.94,0.00,0.00,83.0,0,0.000,-0.01,-1,1,0,0,0,0,0,0,0,0,0,PreArm: Board (3.7v) out of range 4.3-5.8v
2026-07-09T13:43:05.362Z,1075.708,False,STABILIZE,0.0000000,0.0000000,-1.88,-0.04,0.00,0.00,0.00,2.11,1.34,83.94,0.00,0.00,83.0,0,0.000,-0.01,-1,1,0,0,0,0,0,0,0,0,0,PreArm: Board (3.7v) out of range 4.3-5.8v
2026-07-09T13:43:05.863Z,1076.208,False,STABILIZE,0.0000000,0.0000000,-1.88,-0.04,0.00,0.00,0.00,2.11,1.33,83.94,0.00,0.00,83.0,0,0.000,-0.01,-1,1,0,0,0,0,0,0,0,0,0,PreArm: Board (3.7v) out of range 4.3-5.8v
2026-07-09T13:43:06.363Z,1076.708,False,STABILIZE,0.0000000,0.0000000,-1.89,-0.04,0.00,0.00,0.00,2.11,1.34,83.94,0.00,0.00,83.0,0,0.000,-0.01,-1,1,0,0,0,0,0,0,0,0,0,PreArm: Board (3.7v) out of range 4.3-5.8v
2026-07-09T13:43:06.864Z,1077.210,False,STABILIZE,0.0000000,0.0000000,-1.87,-0.04,0.00,0.00,0.00,2.11,1.34,83.94,0.00,0.00,83.0,0,0.000,-0.01,-1,1,0,0,0,0,0,0,0,0,0,PreArm: Board (3.7v) out of range 4.3-5.8v
2026-07-09T13:43:07.366Z,1077.711,False,STABILIZE,0.0000000,0.0000000,-1.89,-0.04,0.00,0.00,0.00,2.11,1.34,83.95,0.00,0.00,83.0,0,0.000,-0.01,-1,1,0,0,0,0,0,0,0,0,0,PreArm: Board (3.7v) out of range 4.3-5.8v
2026-07-09T13:43:07.960Z,1078.305,False,STABILIZE,0.0000000,0.0000000,-1.87,-0.04,0.00,0.00,0.00,2.11,1.35,83.94,0.00,0.00,83.0,0,0.000,-0.01,-1,1,0,0,0,0,0,0,0,0,0,PreArm: Board (3.7v) out of range 4.3-5.8v
2026-07-09T13:43:08.461Z,1078.807,False,STABILIZE,0.0000000,0.0000000,-1.89,-0.04,0.00,0.00,0.00,2.11,1.35,83.95,0.00,0.00,83.0,0,0.000,-0.01,-1,1,0,0,0,0,0,0,0,0,0,PreArm: Board (3.7v) out of range 4.3-5.8v
2026-07-09T13:43:08.963Z,1079.308,False,STABILIZE,0.0000000,0.0000000,-1.86,-0.04,0.00,0.00,0.00,2.12,1.35,83.95,0.00,0.00,83.0,0,0.000,-0.01,-1,1,0,0,0,0,0,0,0,0,0,PreArm: Board (3.7v) out of range 4.3-5.8v
2026-07-09T13:43:09.464Z,1079.810,False,STABILIZE,0.0000000,0.0000000,-1.86,-0.04,0.00,0.00,0.00,2.11,1.35,83.95,0.00,0.00,83.0,0,0.000,-0.01,-1,1,0,0,0,0,0,0,0,0,0,PreArm: Board (3.7v) out of range 4.3-5.8v
2026-07-09T13:43:09.965Z,1080.311,False,STABILIZE,0.0000000,0.0000000,-1.90,-0.04,0.00,0.00,0.00,2.11,1.36,83.95,0.00,0.00,83.0,0,0.000,-0.01,-1,1,0,0,0,0,0,0,0,0,0,PreArm: Board (3.7v) out of range 4.3-5.8v
2026-07-09T13:43:10.466Z,1080.811,False,STABILIZE,0.0000000,0.0000000,-1.89,-0.04,0.00,0.00,0.00,2.12,1.36,83.95,0.00,0.00,83.0,0,0.000,-0.01,-1,1,0,0,0,0,0,0,0,0,0,PreArm: Board (3.7v) out of range 4.3-5.8v
2026-07-09T13:43:10.966Z,1081.311,False,STABILIZE,0.0000000,0.0000000,-1.88,-0.04,0.00,0.00,0.00,2.12,1.36,83.95,0.00,0.00,83.0,0,0.000,-0.01,-1,1,0,0,0,0,0,0,0,0,0,PreArm: Board (3.7v) out of range 4.3-5.8v
2026-07-09T13:43:11.468Z,1081.814,False,STABILIZE,0.0000000,0.0000000,-1.88,-0.04,0.00,0.00,0.00,2.12,1.36,83.95,0.01,0.00,83.0,0,0.000,-0.01,-1,1,0,0,0,0,0,0,0,0,0,PreArm: Board (3.7v) out of range 4.3-5.8v
2026-07-09T13:43:11.968Z,1082.314,False,STABILIZE,0.0000000,0.0000000,-1.87,-0.04,0.00,0.00,0.00,2.12,1.36,83.96,0.01,0.00,83.0,0,0.000,-0.01,-1,1,0,0,0,0,0,0,0,0,0,PreArm: Board (3.7v) out of range 4.3-5.8v
2026-07-09T13:43:12.561Z,1082.906,False,STABILIZE,0.0000000,0.0000000,-1.87,-0.04,0.00,0.00,0.00,2.12,1.36,83.96,0.01,0.00,83.0,0,0.000,-0.01,-1,1,0,0,0,0,0,0,0,0,0,PreArm: Board (3.7v) out of range 4.3-5.8v
2026-07-09T13:43:13.061Z,1083.406,False,STABILIZE,0.0000000,0.0000000,-1.90,-0.04,0.00,0.00,0.00,2.12,1.36,83.96,0.01,0.00,83.0,0,0.000,-0.01,-1,1,0,0,0,0,0,0,0,0,0,PreArm: Board (3.7v) out of range 4.3-5.8v
2026-07-09T13:43:13.561Z,1083.906,False,STABILIZE,0.0000000,0.0000000,-1.87,-0.04,0.00,0.00,0.00,2.12,1.35,83.96,0.01,0.00,83.0,0,0.000,-0.01,-1,1,0,0,0,0,0,0,0,0,0,PreArm: Board (3.7v) out of range 4.3-5.8v
2026-07-09T13:43:14.063Z,1084.408,False,STABILIZE,0.0000000,0.0000000,-1.90,-0.04,0.00,0.00,0.00,2.12,1.35,83.96,0.00,0.00,83.0,0,0.000,-0.01,-1,1,0,0,0,0,0,0,0,0,0,PreArm: Board (3.7v) out of range 4.3-5.8v
2026-07-09T13:43:14.565Z,1084.911,False,STABILIZE,0.0000000,0.0000000,-1.89,-0.04,0.00,0.00,0.00,2.12,1.35,83.96,0.00,0.00,83.0,0,0.000,-0.01,-1,1,0,0,0,0,0,0,0,0,0,PreArm: Board (3.7v) out of range 4.3-5.8v
2026-07-09T13:43:15.065Z,1085.411,False,STABILIZE,0.0000000,0.0000000,-1.88,-0.04,0.00,0.00,0.00,2.11,1.35,83.97,0.00,0.00,83.0,0,0.000,-0.01,-1,1,0,0,0,0,0,0,0,0,0,PreArm: Board (3.7v) out of range 4.3-5.8v
2026-07-09T13:43:15.565Z,1085.911,False,STABILIZE,0.0000000,0.0000000,-1.88,-0.04,0.00,0.00,0.00,2.11,1.34,83.97,0.00,0.00,83.0,0,0.000,-0.01,-1,1,0,0,0,0,0,0,0,0,0,PreArm: Board (3.7v) out of range 4.3-5.8v
2026-07-09T13:43:16.065Z,1086.411,False,STABILIZE,0.0000000,0.0000000,-1.92,-0.04,0.00,0.00,0.00,2.11,1.34,83.97,0.00,0.00,83.0,0,0.000,-0.01,-1,1,0,0,0,0,0,0,0,0,0,PreArm: Board (3.7v) out of range 4.3-5.8v
2026-07-09T13:43:16.565Z,1086.911,False,STABILIZE,0.0000000,0.0000000,-1.91,-0.04,0.00,0.00,0.00,2.11,1.34,83.97,0.00,0.00,83.0,0,0.000,-0.01,-1,1,0,0,0,0,0,0,0,0,0,PreArm: Board (3.7v) out of range 4.3-5.8v
2026-07-09T13:43:17.066Z,1087.412,False,STABILIZE,0.0000000,0.0000000,-1.90,-0.04,0.00,0.00,0.00,2.11,1.34,83.97,0.00,0.00,83.0,0,0.000,-0.01,-1,1,0,0,0,0,0,0,0,0,0,PreArm: Board (3.7v) out of range 4.3-5.8v
2026-07-09T13:43:17.567Z,1087.912,False,STABILIZE,0.0000000,0.0000000,-1.89,-0.04,0.00,0.00,0.00,2.11,1.34,83.97,0.00,0.00,83.0,0,0.000,-0.01,-1,1,0,0,0,0,0,0,0,0,0,PreArm: Board (3.7v) out of range 4.3-5.8v
2026-07-09T13:43:18.067Z,1088.413,False,STABILIZE,0.0000000,0.0000000,-1.89,-0.04,0.00,0.00,0.00,2.11,1.34,83.97,0.00,0.00,83.0,0,0.000,-0.01,-1,1,0,0,0,0,0,0,0,0,0,PreArm: Board (3.7v) out of range 4.3-5.8v
2026-07-09T13:43:18.568Z,1088.913,False,STABILIZE,0.0000000,0.0000000,-1.89,-0.04,0.00,0.00,0.00,2.11,1.34,83.97,0.00,0.00,83.0,0,0.000,-0.01,-1,1,0,0,0,0,0,0,0,0,0,PreArm: Board (3.7v) out of range 4.3-5.8v
2026-07-09T13:43:19.069Z,1089.414,False,STABILIZE,0.0000000,0.0000000,-1.90,-0.04,0.00,0.00,0.00,2.11,1.34,83.97,0.00,0.00,83.0,0,0.000,-0.01,-1,1,0,0,0,0,0,0,0,0,0,PreArm: Board (3.7v) out of range 4.3-5.8v
2026-07-09T13:43:19.569Z,1089.915,False,STABILIZE,0.0000000,0.0000000,-1.88,-0.04,0.00,0.00,0.00,2.11,1.34,83.97,0.00,0.00,83.0,0,0.000,-0.01,-1,1,0,0,0,0,0,0,0,0,0,PreArm: Board (3.7v) out of range 4.3-5.8v
2026-07-09T13:43:20.071Z,1090.417,False,STABILIZE,0.0000000,0.0000000,-1.93,-0.04,0.00,0.00,0.00,2.12,1.34,83.97,0.00,0.00,83.0,0,0.000,-0.01,-1,1,0,0,0,0,0,0,0,0,0,PreArm: Board (3.7v) out of range 4.3-5.8v
2026-07-09T13:43:20.600Z,1090.945,False,STABILIZE,0.0000000,0.0000000,-1.91,-0.04,0.00,0.00,0.00,2.12,1.34,83.97,0.00,0.00,83.0,0,0.000,-0.01,-1,1,0,0,0,0,0,0,0,0,0,PreArm: Board (3.7v) out of range 4.3-5.8v
2026-07-09T13:43:21.163Z,1091.509,False,STABILIZE,0.0000000,0.0000000,-1.90,-0.04,0.00,0.00,0.00,2.11,1.34,83.97,0.00,0.00,83.0,0,0.000,-0.01,-1,1,0,0,0,0,0,0,0,0,0,PreArm: Board (3.7v) out of range 4.3-5.8v
2026-07-09T13:43:21.664Z,1092.010,False,STABILIZE,0.0000000,0.0000000,-1.89,-0.04,0.00,0.00,0.00,2.12,1.33,83.97,0.00,0.00,83.0,0,0.000,-0.01,-1,1,0,0,0,0,0,0,0,0,0,PreArm: Board (3.7v) out of range 4.3-5.8v
2026-07-09T13:43:22.164Z,1092.510,False,STABILIZE,0.0000000,0.0000000,-1.90,-0.04,0.00,0.00,0.00,2.12,1.33,83.97,0.00,0.00,83.0,0,0.000,-0.01,-1,1,0,0,0,0,0,0,0,0,0,PreArm: Board (3.7v) out of range 4.3-5.8v
2026-07-09T13:43:22.664Z,1093.010,False,STABILIZE,0.0000000,0.0000000,-1.91,-0.04,0.00,0.00,0.00,2.12,1.33,83.97,0.00,0.00,83.0,0,0.000,-0.01,-1,1,0,0,0,0,0,0,0,0,0,PreArm: Board (3.7v) out of range 4.3-5.8v
2026-07-09T13:43:23.164Z,1093.510,False,STABILIZE,0.0000000,0.0000000,-1.89,-0.04,0.00,0.00,0.00,2.12,1.33,83.97,0.00,0.00,83.0,0,0.000,-0.01,-1,1,0,0,0,0,0,0,0,0,0,PreArm: Board (3.7v) out of range 4.3-5.8v
2026-07-09T13:43:23.664Z,1094.010,False,STABILIZE,0.0000000,0.0000000,-1.89,-0.04,0.00,0.00,0.00,2.12,1.33,83.97,0.00,0.00,83.0,0,0.000,-0.01,-1,1,0,0,0,0,0,0,0,0,0,PreArm: Board (3.7v) out of range 4.3-5.8v
2026-07-09T13:43:24.166Z,1094.511,False,STABILIZE,0.0000000,0.0000000,-1.90,-0.04,0.00,0.00,0.00,2.12,1.34,83.97,0.00,0.00,83.0,0,0.000,-0.01,-1,1,0,0,0,0,0,0,0,0,0,PreArm: Board (3.7v) out of range 4.3-5.8v
2026-07-09T13:43:24.668Z,1095.013,False,STABILIZE,0.0000000,0.0000000,-1.89,-0.04,0.00,0.00,0.00,2.12,1.34,83.97,0.00,0.00,83.0,0,0.000,-0.01,-1,1,0,0,0,0,0,0,0,0,0,PreArm: Board (3.7v) out of range 4.3-5.8v
2026-07-09T13:43:25.168Z,1095.513,False,STABILIZE,0.0000000,0.0000000,-1.90,-0.04,0.00,0.00,0.00,2.12,1.34,83.97,0.00,0.00,83.0,0,0.000,-0.01,-1,1,0,0,0,0,0,0,0,0,0,PreArm: Board (3.7v) out of range 4.3-5.8v
2026-07-09T13:43:25.760Z,1096.105,False,STABILIZE,0.0000000,0.0000000,-1.90,-0.04,0.00,0.00,0.00,2.12,1.34,83.97,0.00,0.00,83.0,0,0.000,-0.01,-1,1,0,0,0,0,0,0,0,0,0,PreArm: Board (3.7v) out of range 4.3-5.8v
2026-07-09T13:43:26.261Z,1096.606,False,STABILIZE,0.0000000,0.0000000,-1.88,-0.04,0.00,0.00,0.00,2.12,1.34,83.97,0.00,0.00,83.0,0,0.000,-0.01,-1,1,0,0,0,0,0,0,0,0,0,PreArm: Board (3.7v) out of range 4.3-5.8v
2026-07-09T13:43:26.763Z,1097.108,False,STABILIZE,0.0000000,0.0000000,-1.90,-0.04,0.00,0.00,0.00,2.12,1.34,83.97,0.00,0.00,83.0,0,0.000,-0.01,-1,1,0,0,0,0,0,0,0,0,0,PreArm: Board (3.7v) out of range 4.3-5.8v
2026-07-09T13:43:27.263Z,1097.608,False,STABILIZE,0.0000000,0.0000000,-1.87,-0.04,0.00,0.00,0.00,2.12,1.33,83.97,0.00,0.00,83.0,0,0.000,-0.01,-1,1,0,0,0,0,0,0,0,0,0,PreArm: Board (3.7v) out of range 4.3-5.8v
2026-07-09T13:43:27.763Z,1098.108,False,STABILIZE,0.0000000,0.0000000,-1.90,-0.04,0.00,0.00,0.00,2.12,1.33,83.97,0.00,0.00,83.0,0,0.000,-0.01,-1,1,0,0,0,0,0,0,0,0,0,PreArm: Board (3.7v) out of range 4.3-5.8v
2026-07-09T13:43:28.263Z,1098.608,False,STABILIZE,0.0000000,0.0000000,-1.90,-0.04,0.00,0.00,0.00,2.12,1.33,83.96,0.00,0.00,83.0,0,0.000,-0.01,-1,1,0,0,0,0,0,0,0,0,0,PreArm: Board (3.7v) out of range 4.3-5.8v
2026-07-09T13:43:28.765Z,1099.110,False,STABILIZE,0.0000000,0.0000000,-1.89,-0.04,0.00,0.00,0.00,2.12,1.33,83.96,0.00,0.00,83.0,0,0.000,-0.01,-1,1,0,0,0,0,0,0,0,0,0,PreArm: Board (3.7v) out of range 4.3-5.8v
2026-07-09T13:43:29.265Z,1099.610,False,STABILIZE,0.0000000,0.0000000,-1.89,-0.04,0.00,0.00,0.00,2.11,1.33,83.96,0.00,0.00,83.0,0,0.000,-0.01,-1,1,0,0,0,0,0,0,0,0,0,PreArm: Board (3.7v) out of range 4.3-5.8v
2026-07-09T13:43:29.768Z,1100.113,False,STABILIZE,0.0000000,0.0000000,-1.90,-0.04,0.00,0.00,0.00,2.12,1.33,83.96,0.00,0.00,83.0,0,0.000,-0.01,-1,1,0,0,0,0,0,0,0,0,0,PreArm: Board (3.7v) out of range 4.3-5.8v
2026-07-09T13:43:30.268Z,1100.614,False,STABILIZE,0.0000000,0.0000000,-1.90,-0.04,0.00,0.00,0.00,2.12,1.33,83.96,0.00,0.00,83.0,0,0.000,-0.01,-1,1,0,0,0,0,0,0,0,0,0,PreArm: Board (3.7v) out of range 4.3-5.8v
2026-07-09T13:43:30.860Z,1101.206,False,STABILIZE,0.0000000,0.0000000,-1.89,-0.04,0.00,0.00,0.00,2.12,1.34,83.96,0.00,0.00,83.0,0,0.000,-0.01,-1,1,0,0,0,0,0,0,0,0,0,PreArm: Board (3.7v) out of range 4.3-5.8v
2026-07-09T13:43:31.360Z,1101.706,False,STABILIZE,0.0000000,0.0000000,-1.88,-0.04,0.00,0.00,0.00,2.12,1.34,83.96,0.00,0.00,83.0,0,0.000,-0.01,-1,1,0,0,0,0,0,0,0,0,0,PreArm: Board (3.7v) out of range 4.3-5.8v
2026-07-09T13:43:31.860Z,1102.206,False,STABILIZE,0.0000000,0.0000000,-1.88,-0.04,0.00,0.00,0.00,2.12,1.34,83.96,0.00,0.00,83.0,0,0.000,-0.01,-1,1,0,0,0,0,0,0,0,0,0,PreArm: Board (3.7v) out of range 4.3-5.8v
2026-07-09T13:43:32.362Z,1102.708,False,STABILIZE,0.0000000,0.0000000,-1.86,-0.04,0.00,0.00,0.00,2.12,1.34,83.96,0.00,0.00,83.0,0,0.000,-0.01,-1,1,0,0,0,0,0,0,0,0,0,PreArm: Board (3.7v) out of range 4.3-5.8v
2026-07-09T13:43:32.863Z,1103.209,False,STABILIZE,0.0000000,0.0000000,-1.85,-0.04,0.00,0.00,0.00,2.12,1.34,83.96,0.00,0.00,83.0,0,0.000,-0.01,-1,1,0,0,0,0,0,0,0,0,0,PreArm: Board (3.7v) out of range 4.3-5.8v
2026-07-09T13:43:33.365Z,1103.711,False,STABILIZE,0.0000000,0.0000000,-1.87,-0.04,0.00,0.00,0.00,2.12,1.34,83.96,0.00,0.00,83.0,0,0.000,-0.01,-1,1,0,0,0,0,0,0,0,0,0,PreArm: Board (3.7v) out of range 4.3-5.8v
2026-07-09T13:43:33.865Z,1104.211,False,STABILIZE,0.0000000,0.0000000,-1.86,-0.04,0.00,0.00,0.00,2.12,1.34,83.96,0.00,0.00,83.0,0,0.000,-0.01,-1,1,0,0,0,0,0,0,0,0,0,PreArm: Board (3.7v) out of range 4.3-5.8v
2026-07-09T13:43:34.366Z,1104.711,False,STABILIZE,0.0000000,0.0000000,-1.88,-0.04,0.00,0.00,0.00,2.12,1.35,83.96,0.00,0.00,83.0,0,0.000,-0.01,-1,1,0,0,0,0,0,0,0,0,0,PreArm: Board (3.7v) out of range 4.3-5.8v
2026-07-09T13:43:34.867Z,1105.213,False,STABILIZE,0.0000000,0.0000000,-1.89,-0.04,0.00,0.00,0.00,2.12,1.34,83.96,0.00,0.00,83.0,0,0.000,-0.01,-1,1,0,0,0,0,0,0,0,0,0,PreArm: Board (3.7v) out of range 4.3-5.8v
2026-07-09T13:43:35.368Z,1105.713,False,STABILIZE,0.0000000,0.0000000,-1.89,-0.04,0.00,0.00,0.00,2.12,1.35,83.96,0.00,0.00,83.0,0,0.000,-0.01,-1,1,0,0,0,0,0,0,0,0,0,PreArm: Board (3.7v) out of range 4.3-5.8v
2026-07-09T13:43:35.961Z,1106.306,False,STABILIZE,0.0000000,0.0000000,-1.85,-0.04,0.00,0.00,0.00,2.12,1.34,83.96,0.00,0.00,83.0,0,0.000,-0.01,-1,1,0,0,0,0,0,0,0,0,0,PreArm: Board (3.7v) out of range 4.3-5.8v
2026-07-09T13:43:36.461Z,1106.806,False,STABILIZE,0.0000000,0.0000000,-1.90,-0.04,0.00,0.00,0.00,2.12,1.35,83.96,0.00,0.00,83.0,0,0.000,-0.01,-1,1,0,0,0,0,0,0,0,0,0,PreArm: Board (3.7v) out of range 4.3-5.8v
2026-07-09T13:43:36.961Z,1107.306,False,STABILIZE,0.0000000,0.0000000,-1.91,-0.04,0.00,0.00,0.00,2.12,1.35,83.96,0.00,0.00,83.0,0,0.000,-0.01,-1,1,0,0,0,0,0,0,0,0,0,PreArm: Board (3.7v) out of range 4.3-5.8v
2026-07-09T13:43:37.461Z,1107.806,False,STABILIZE,0.0000000,0.0000000,-1.89,-0.04,0.00,0.00,0.00,2.12,1.35,83.96,0.00,0.00,83.0,0,0.000,-0.01,-1,1,0,0,0,0,0,0,0,0,0,PreArm: Board (3.7v) out of range 4.3-5.8v
2026-07-09T13:43:37.961Z,1108.307,False,STABILIZE,0.0000000,0.0000000,-1.89,-0.04,0.00,0.00,0.00,2.12,1.34,83.96,0.00,0.00,83.0,0,0.000,-0.01,-1,1,0,0,0,0,0,0,0,0,0,PreArm: Board (3.7v) out of range 4.3-5.8v
2026-07-09T13:43:38.462Z,1108.808,False,STABILIZE,0.0000000,0.0000000,-1.89,-0.04,0.00,0.00,0.00,2.12,1.34,83.96,0.00,0.00,83.0,0,0.000,-0.01,-1,1,0,0,0,0,0,0,0,0,0,PreArm: Board (3.7v) out of range 4.3-5.8v
2026-07-09T13:43:38.962Z,1109.308,False,STABILIZE,0.0000000,0.0000000,-1.88,-0.04,0.00,0.00,0.00,2.12,1.34,83.96,0.00,0.00,83.0,0,0.000,-0.01,-1,1,0,0,0,0,0,0,0,0,0,PreArm: Board (3.7v) out of range 4.3-5.8v
2026-07-09T13:43:39.462Z,1109.808,False,STABILIZE,0.0000000,0.0000000,-1.90,-0.04,0.00,0.00,0.00,2.12,1.35,83.96,0.00,0.00,83.0,0,0.000,-0.01,-1,1,0,0,0,0,0,0,0,0,0,PreArm: Board (3.7v) out of range 4.3-5.8v
2026-07-09T13:43:39.964Z,1110.309,False,STABILIZE,0.0000000,0.0000000,-1.88,-0.04,0.00,0.00,0.00,2.12,1.35,83.96,0.00,0.00,83.0,0,0.000,-0.01,-1,1,0,0,0,0,0,0,0,0,0,PreArm: Board (3.7v) out of range 4.3-5.8v
2026-07-09T13:43:40.464Z,1110.809,False,STABILIZE,0.0000000,0.0000000,-1.89,-0.04,0.00,0.00,0.00,2.12,1.35,83.96,0.00,0.00,83.0,0,0.000,-0.01,-1,1,0,0,0,0,0,0,0,0,0,PreArm: Board (3.7v) out of range 4.3-5.8v
2026-07-09T13:43:40.965Z,1111.310,False,STABILIZE,0.0000000,0.0000000,-1.90,-0.04,0.00,0.00,0.00,2.12,1.35,83.96,0.00,0.00,83.0,0,0.000,-0.01,-1,1,0,0,0,0,0,0,0,0,0,PreArm: Board (3.7v) out of range 4.3-5.8v
2026-07-09T13:43:41.467Z,1111.812,False,STABILIZE,0.0000000,0.0000000,-1.90,-0.04,0.00,0.00,0.00,2.12,1.35,83.96,0.00,0.00,83.0,0,0.000,-0.01,-1,1,0,0,0,0,0,0,0,0,0,PreArm: Board (3.7v) out of range 4.3-5.8v
2026-07-09T13:43:41.968Z,1112.313,False,STABILIZE,0.0000000,0.0000000,-1.86,-0.04,0.00,0.00,0.00,2.12,1.35,83.96,0.00,0.00,83.0,0,0.000,-0.01,-1,1,0,0,0,0,0,0,0,0,0,PreArm: Board (3.7v) out of range 4.3-5.8v
2026-07-09T13:43:42.468Z,1112.814,False,STABILIZE,0.0000000,0.0000000,-1.87,-0.04,0.00,0.00,0.00,2.12,1.35,83.96,0.00,0.00,83.0,0,0.000,-0.01,-1,1,0,0,0,0,0,0,0,0,0,PreArm: Board (3.7v) out of range 4.3-5.8v
2026-07-09T13:43:43.062Z,1113.408,False,STABILIZE,0.0000000,0.0000000,-1.88,-0.04,0.00,0.00,0.00,2.12,1.35,83.95,0.00,0.00,83.0,0,0.000,-0.01,-1,1,0,0,0,0,0,0,0,0,0,PreArm: Board (3.7v) out of range 4.3-5.8v
2026-07-09T13:43:43.563Z,1113.908,False,STABILIZE,0.0000000,0.0000000,-1.87,-0.04,0.00,0.00,0.00,2.12,1.35,83.95,0.00,0.00,83.0,0,0.000,-0.01,-1,1,0,0,0,0,0,0,0,0,0,PreArm: Board (3.7v) out of range 4.3-5.8v
2026-07-09T13:43:44.063Z,1114.408,False,STABILIZE,0.0000000,0.0000000,-1.90,-0.04,0.00,0.00,0.00,2.12,1.35,83.95,0.00,0.00,83.0,0,0.000,-0.01,-1,1,0,0,0,0,0,0,0,0,0,PreArm: Board (3.7v) out of range 4.3-5.8v
2026-07-09T13:43:44.563Z,1114.908,False,STABILIZE,0.0000000,0.0000000,-1.89,-0.04,0.00,0.00,0.00,2.12,1.35,83.95,0.00,0.00,83.0,0,0.000,-0.01,-1,1,0,0,0,0,0,0,0,0,0,PreArm: Board (3.7v) out of range 4.3-5.8v
2026-07-09T13:43:45.063Z,1115.408,False,STABILIZE,0.0000000,0.0000000,-1.91,-0.04,0.00,0.00,0.00,2.12,1.35,83.94,0.00,0.00,83.0,0,0.000,-0.01,-1,1,0,0,0,0,0,0,0,0,0,PreArm: Board (3.7v) out of range 4.3-5.8v
2026-07-09T13:43:45.563Z,1115.908,False,STABILIZE,0.0000000,0.0000000,-1.91,-0.04,0.00,0.00,0.00,2.12,1.35,83.94,0.00,0.00,83.0,0,0.000,-0.01,-1,1,0,0,0,0,0,0,0,0,0,PreArm: Board (3.7v) out of range 4.3-5.8v
2026-07-09T13:43:46.063Z,1116.408,False,STABILIZE,0.0000000,0.0000000,-1.86,-0.04,0.00,0.00,0.00,2.11,1.35,83.94,0.00,0.00,83.0,0,0.000,-0.01,-1,1,0,0,0,0,0,0,0,0,0,PreArm: Board (3.7v) out of range 4.3-5.8v
2026-07-09T13:43:46.563Z,1116.909,False,STABILIZE,0.0000000,0.0000000,-1.89,-0.04,0.00,0.00,0.00,2.11,1.35,83.95,0.00,0.00,83.0,0,0.000,-0.01,-1,1,0,0,0,0,0,0,0,0,0,PreArm: Board (3.7v) out of range 4.3-5.8v
2026-07-09T13:43:47.063Z,1117.409,False,STABILIZE,0.0000000,0.0000000,-1.85,-0.04,0.00,0.00,0.00,2.11,1.35,83.95,0.00,0.00,83.0,0,0.000,-0.01,-1,1,0,0,0,0,0,0,0,0,0,PreArm: Board (3.7v) out of range 4.3-5.8v
2026-07-09T13:43:47.563Z,1117.909,False,STABILIZE,0.0000000,0.0000000,-1.89,-0.04,0.00,0.00,0.00,2.10,1.35,83.95,0.00,0.00,83.0,0,0.000,-0.01,-1,1,0,0,0,0,0,0,0,0,0,PreArm: Board (3.7v) out of range 4.3-5.8v
2026-07-09T13:43:48.063Z,1118.409,False,STABILIZE,0.0000000,0.0000000,-1.89,-0.04,0.00,0.00,0.00,2.10,1.35,83.96,0.00,0.00,83.0,0,0.000,-0.01,-1,1,0,0,0,0,0,0,0,0,0,PreArm: Board (3.7v) out of range 4.3-5.8v
2026-07-09T13:43:48.565Z,1118.910,False,STABILIZE,0.0000000,0.0000000,-1.88,-0.04,0.00,0.00,0.00,2.10,1.35,83.96,0.00,0.00,83.0,0,0.000,-0.01,-1,1,0,0,0,0,0,0,0,0,0,PreArm: Board (3.7v) out of range 4.3-5.8v
2026-07-09T13:43:49.065Z,1119.411,False,STABILIZE,0.0000000,0.0000000,-1.85,-0.04,0.00,0.00,0.00,2.10,1.35,83.96,0.00,0.00,83.0,0,0.000,-0.01,-1,1,0,0,0,0,0,0,0,0,0,PreArm: Board (3.7v) out of range 4.3-5.8v
2026-07-09T13:43:49.565Z,1119.911,False,STABILIZE,0.0000000,0.0000000,-1.85,-0.04,0.00,0.00,0.00,2.10,1.35,83.97,0.00,0.00,83.0,0,0.000,-0.01,-1,1,0,0,0,0,0,0,0,0,0,PreArm: Board (3.7v) out of range 4.3-5.8v
2026-07-09T13:43:50.065Z,1120.411,False,STABILIZE,0.0000000,0.0000000,-1.86,-0.04,0.00,0.00,0.00,2.11,1.35,83.97,0.00,0.00,83.0,0,0.000,-0.01,-1,1,0,0,0,0,0,0,0,0,0,PreArm: Board (3.7v) out of range 4.3-5.8v
2026-07-09T13:43:50.565Z,1120.911,False,STABILIZE,0.0000000,0.0000000,-1.85,-0.04,0.00,0.00,0.00,2.11,1.35,83.97,0.00,0.00,83.0,0,0.000,-0.01,-1,1,0,0,0,0,0,0,0,0,0,PreArm: Board (3.7v) out of range 4.3-5.8v
2026-07-09T13:43:51.067Z,1121.413,False,STABILIZE,0.0000000,0.0000000,-1.85,-0.04,0.00,0.00,0.00,2.10,1.35,83.97,0.00,0.00,83.0,0,0.000,-0.01,-1,1,0,0,0,0,0,0,0,0,0,PreArm: Board (3.7v) out of range 4.3-5.8v
2026-07-09T13:43:51.567Z,1121.913,False,STABILIZE,0.0000000,0.0000000,-1.87,-0.04,0.00,0.00,0.00,2.11,1.35,83.97,0.00,0.00,83.0,0,0.000,-0.01,-1,1,0,0,0,0,0,0,0,0,0,PreArm: Board (3.7v) out of range 4.3-5.8v
2026-07-09T13:43:52.067Z,1122.413,False,STABILIZE,0.0000000,0.0000000,-1.87,-0.04,0.00,0.00,0.00,2.11,1.35,83.97,0.00,0.00,83.0,0,0.000,-0.01,-1,1,0,0,0,0,0,0,0,0,0,PreArm: Board (3.7v) out of range 4.3-5.8v
2026-07-09T13:43:52.567Z,1122.913,False,STABILIZE,0.0000000,0.0000000,-1.85,-0.04,0.00,0.00,0.00,2.11,1.35,83.97,0.00,0.00,83.0,0,0.000,-0.01,-1,1,0,0,0,0,0,0,0,0,0,PreArm: Board (3.7v) out of range 4.3-5.8v
2026-07-09T13:43:53.067Z,1123.413,False,STABILIZE,0.0000000,0.0000000,-1.86,-0.04,0.00,0.00,0.00,2.11,1.35,83.97,0.00,0.00,83.0,0,0.000,-0.01,-1,1,0,0,0,0,0,0,0,0,0,PreArm: Board (3.7v) out of range 4.3-5.8v
2026-07-09T13:43:53.568Z,1123.913,False,STABILIZE,0.0000000,0.0000000,-1.85,-0.04,0.00,0.00,0.00,2.11,1.35,83.97,0.00,0.00,83.0,0,0.000,-0.01,-1,1,0,0,0,0,0,0,0,0,0,PreArm: Board (3.7v) out of range 4.3-5.8v
2026-07-09T13:43:54.068Z,1124.414,False,STABILIZE,0.0000000,0.0000000,-1.85,-0.04,0.00,0.00,0.00,2.11,1.36,83.97,0.00,0.00,83.0,0,0.000,-0.01,-1,1,0,0,0,0,0,0,0,0,0,PreArm: Board (3.7v) out of range 4.3-5.8v
2026-07-09T13:43:54.600Z,1124.945,False,STABILIZE,0.0000000,0.0000000,-1.87,-0.04,0.00,0.00,0.00,2.11,1.35,83.97,0.00,0.00,83.0,0,0.000,-0.01,-1,1,0,0,0,0,0,0,0,0,0,PreArm: Board (3.7v) out of range 4.3-5.8v
2026-07-09T13:43:55.160Z,1125.506,False,STABILIZE,0.0000000,0.0000000,-1.85,-0.04,0.00,0.00,0.00,2.11,1.35,83.97,0.00,0.00,83.0,0,0.000,-0.01,-1,1,0,0,0,0,0,0,0,0,0,PreArm: Board (3.7v) out of range 4.3-5.8v
2026-07-09T13:43:55.662Z,1126.008,False,STABILIZE,0.0000000,0.0000000,-1.83,-0.04,0.00,0.00,0.00,2.11,1.35,83.97,0.00,0.00,83.0,0,0.000,-0.01,-1,1,0,0,0,0,0,0,0,0,0,PreArm: Board (3.7v) out of range 4.3-5.8v
2026-07-09T13:43:56.163Z,1126.508,False,STABILIZE,0.0000000,0.0000000,-1.86,-0.04,0.00,0.00,0.00,2.11,1.35,83.97,0.00,0.00,83.0,0,0.000,-0.01,-1,1,0,0,0,0,0,0,0,0,0,PreArm: Board (3.7v) out of range 4.3-5.8v
2026-07-09T13:43:56.669Z,1127.015,False,STABILIZE,0.0000000,0.0000000,-1.82,-0.04,0.00,0.00,0.00,2.11,1.35,83.97,0.00,0.00,83.0,0,0.000,-0.01,-1,1,0,0,0,0,0,0,0,0,0,PreArm: Board (3.7v) out of range 4.3-5.8v
2026-07-09T13:43:57.261Z,1127.606,False,STABILIZE,0.0000000,0.0000000,-1.85,-0.04,0.00,0.00,0.00,2.11,1.35,83.97,0.00,0.00,83.0,0,0.000,-0.01,-1,1,0,0,0,0,0,0,0,0,0,PreArm: Board (3.7v) out of range 4.3-5.8v
2026-07-09T13:43:57.763Z,1128.108,False,STABILIZE,0.0000000,0.0000000,-1.83,-0.04,0.00,0.00,0.00,2.11,1.35,83.97,0.00,0.00,83.0,0,0.000,-0.01,-1,1,0,0,0,0,0,0,0,0,0,PreArm: Board (3.6v) out of range 4.3-5.8v
2026-07-09T13:43:58.263Z,1128.609,False,STABILIZE,0.0000000,0.0000000,-1.83,-0.04,0.00,0.00,0.00,2.11,1.35,83.97,0.00,0.00,83.0,0,0.000,-0.01,-1,1,0,0,0,0,0,0,0,0,0,PreArm: Board (3.6v) out of range 4.3-5.8v
2026-07-09T13:43:58.764Z,1129.110,False,STABILIZE,0.0000000,0.0000000,-1.86,-0.04,0.00,0.00,0.00,2.11,1.35,83.97,0.00,0.00,83.0,0,0.000,-0.01,-1,1,0,0,0,0,0,0,0,0,0,PreArm: Board (3.6v) out of range 4.3-5.8v
2026-07-09T13:43:59.265Z,1129.610,False,STABILIZE,0.0000000,0.0000000,-1.83,-0.04,0.00,0.00,0.00,2.11,1.35,83.97,0.00,0.00,83.0,0,0.000,-0.01,-1,1,0,0,0,0,0,0,0,0,0,PreArm: Board (3.6v) out of range 4.3-5.8v
2026-07-09T13:43:59.765Z,1130.110,False,STABILIZE,0.0000000,0.0000000,-1.87,-0.04,0.00,0.00,0.00,2.11,1.34,83.97,0.00,0.00,83.0,0,0.000,-0.01,-1,1,0,0,0,0,0,0,0,0,0,PreArm: Board (3.6v) out of range 4.3-5.8v
2026-07-09T13:44:00.265Z,1130.610,False,STABILIZE,0.0000000,0.0000000,-1.85,-0.04,0.00,0.00,0.00,2.11,1.34,83.97,0.00,0.00,83.0,0,0.000,-0.01,-1,1,0,0,0,0,0,0,0,0,0,PreArm: Board (3.6v) out of range 4.3-5.8v
2026-07-09T13:44:00.768Z,1131.113,False,STABILIZE,0.0000000,0.0000000,-1.84,-0.04,0.00,0.00,0.00,2.11,1.34,83.97,0.00,0.00,83.0,0,0.000,-0.01,-1,1,0,0,0,0,0,0,0,0,0,PreArm: Board (3.6v) out of range 4.3-5.8v
2026-07-09T13:44:01.268Z,1131.614,False,STABILIZE,0.0000000,0.0000000,-1.82,-0.04,0.00,0.00,0.00,2.11,1.34,83.97,0.00,0.00,83.0,0,0.000,-0.01,-1,1,0,0,0,0,0,0,0,0,0,PreArm: Board (3.6v) out of range 4.3-5.8v
2026-07-09T13:44:01.860Z,1132.205,False,STABILIZE,0.0000000,0.0000000,-1.83,-0.04,0.00,0.00,0.00,2.11,1.34,83.97,0.00,0.00,83.0,0,0.000,-0.01,-1,1,0,0,0,0,0,0,0,0,0,PreArm: Board (3.6v) out of range 4.3-5.8v
2026-07-09T13:44:02.363Z,1132.708,False,STABILIZE,0.0000000,0.0000000,-1.82,-0.04,0.00,0.00,0.00,2.11,1.35,83.97,0.00,0.00,83.0,0,0.000,-0.01,-1,1,0,0,0,0,0,0,0,0,0,PreArm: Board (3.6v) out of range 4.3-5.8v
2026-07-09T13:44:02.863Z,1133.209,False,STABILIZE,0.0000000,0.0000000,-1.81,-0.04,0.00,0.00,0.00,2.11,1.35,83.97,0.00,0.00,83.0,0,0.000,-0.01,-1,1,0,0,0,0,0,0,0,0,0,PreArm: Board (3.6v) out of range 4.3-5.8v
2026-07-09T13:44:03.365Z,1133.710,False,STABILIZE,0.0000000,0.0000000,-1.81,-0.04,0.00,0.00,0.00,2.11,1.35,83.97,0.00,0.00,83.0,0,0.000,-0.01,-1,1,0,0,0,0,0,0,0,0,0,PreArm: Board (3.6v) out of range 4.3-5.8v
2026-07-09T13:44:03.865Z,1134.210,False,STABILIZE,0.0000000,0.0000000,-1.86,-0.04,0.00,0.00,0.00,2.12,1.34,83.97,0.00,0.00,83.0,0,0.000,-0.01,-1,1,0,0,0,0,0,0,0,0,0,PreArm: Board (3.6v) out of range 4.3-5.8v
2026-07-09T13:44:04.365Z,1134.710,False,STABILIZE,0.0000000,0.0000000,-1.84,-0.04,0.00,0.00,0.00,2.12,1.34,83.97,0.00,0.00,83.0,0,0.000,-0.01,-1,1,0,0,0,0,0,0,0,0,0,PreArm: Board (3.6v) out of range 4.3-5.8v
2026-07-09T13:44:04.865Z,1135.210,False,STABILIZE,0.0000000,0.0000000,-1.85,-0.04,0.00,0.00,0.00,2.12,1.34,83.97,0.00,0.00,83.0,0,0.000,-0.01,-1,1,0,0,0,0,0,0,0,0,0,PreArm: Board (3.6v) out of range 4.3-5.8v
2026-07-09T13:44:05.366Z,1135.711,False,STABILIZE,0.0000000,0.0000000,-1.85,-0.04,0.00,0.00,0.00,2.12,1.34,83.98,0.00,0.00,83.0,0,0.000,-0.01,-1,1,0,0,0,0,0,0,0,0,0,PreArm: Board (3.6v) out of range 4.3-5.8v
2026-07-09T13:44:05.867Z,1136.212,False,STABILIZE,0.0000000,0.0000000,-1.85,-0.04,0.00,0.00,0.00,2.11,1.34,83.98,0.00,0.00,83.0,0,0.000,-0.01,-1,1,0,0,0,0,0,0,0,0,0,PreArm: Board (3.6v) out of range 4.3-5.8v
2026-07-09T13:44:06.368Z,1136.713,False,STABILIZE,0.0000000,0.0000000,-1.82,-0.04,0.00,0.00,0.00,2.11,1.34,83.97,0.00,0.00,83.0,0,0.000,-0.01,-1,1,0,0,0,0,0,0,0,0,0,PreArm: Board (3.6v) out of range 4.3-5.8v
2026-07-09T13:44:06.960Z,1137.306,False,STABILIZE,0.0000000,0.0000000,-1.84,-0.04,0.00,0.00,0.00,2.11,1.34,83.97,0.00,0.00,83.0,0,0.000,-0.01,-1,1,0,0,0,0,0,0,0,0,0,PreArm: Board (3.6v) out of range 4.3-5.8v
2026-07-09T13:44:07.460Z,1137.806,False,STABILIZE,0.0000000,0.0000000,-1.82,-0.04,0.00,0.00,0.00,2.11,1.34,83.97,0.00,0.00,83.0,0,0.000,-0.01,-1,1,0,0,0,0,0,0,0,0,0,PreArm: Board (3.6v) out of range 4.3-5.8v
2026-07-09T13:44:07.960Z,1138.306,False,STABILIZE,0.0000000,0.0000000,-1.81,-0.04,0.00,0.00,0.00,2.10,1.33,83.97,0.00,0.00,83.0,0,0.000,-0.01,-1,1,0,0,0,0,0,0,0,0,0,PreArm: Board (3.6v) out of range 4.3-5.8v
2026-07-09T13:44:08.463Z,1138.808,False,STABILIZE,0.0000000,0.0000000,-1.80,-0.04,0.00,0.00,0.00,2.10,1.33,83.97,0.00,0.00,83.0,0,0.000,-0.01,-1,1,0,0,0,0,0,0,0,0,0,PreArm: Board (3.6v) out of range 4.3-5.8v
2026-07-09T13:44:08.965Z,1139.310,False,STABILIZE,0.0000000,0.0000000,-1.83,-0.04,0.00,0.00,0.00,2.10,1.33,83.97,0.00,0.00,83.0,0,0.000,-0.01,-1,1,0,0,0,0,0,0,0,0,0,PreArm: Board (3.6v) out of range 4.3-5.8v
2026-07-09T13:44:09.467Z,1139.813,False,STABILIZE,0.0000000,0.0000000,-1.81,-0.04,0.00,0.00,0.00,2.10,1.33,83.97,0.00,0.00,83.0,0,0.000,-0.01,-1,1,0,0,0,0,0,0,0,0,0,PreArm: Board (3.6v) out of range 4.3-5.8v
2026-07-09T13:44:09.968Z,1140.313,False,STABILIZE,0.0000000,0.0000000,-1.81,-0.04,0.00,0.00,0.00,2.10,1.34,83.98,0.00,0.00,83.0,0,0.000,-0.01,-1,1,0,0,0,0,0,0,0,0,0,PreArm: Board (3.6v) out of range 4.3-5.8v
2026-07-09T13:44:10.560Z,1140.906,False,STABILIZE,0.0000000,0.0000000,-1.80,-0.04,0.00,0.00,0.00,2.10,1.34,83.97,0.00,0.00,83.0,0,0.000,-0.01,-1,1,0,0,0,0,0,0,0,0,0,PreArm: Board (3.6v) out of range 4.3-5.8v
2026-07-09T13:44:11.061Z,1141.406,False,STABILIZE,0.0000000,0.0000000,-1.79,-0.04,0.00,0.00,0.00,2.10,1.34,83.98,0.00,0.00,83.0,0,0.000,-0.01,-1,1,0,0,0,0,0,0,0,0,0,PreArm: Board (3.6v) out of range 4.3-5.8v
2026-07-09T13:44:11.562Z,1141.908,False,STABILIZE,0.0000000,0.0000000,-1.78,-0.04,0.00,0.00,0.00,2.10,1.34,83.98,0.01,0.00,83.0,0,0.000,-0.01,-1,1,0,0,0,0,0,0,0,0,0,PreArm: Board (3.6v) out of range 4.3-5.8v
2026-07-09T13:44:12.062Z,1142.408,False,STABILIZE,0.0000000,0.0000000,-1.79,-0.04,0.00,0.00,0.00,2.10,1.34,83.98,0.00,0.00,83.0,0,0.000,-0.01,-1,1,0,0,0,0,0,0,0,0,0,PreArm: Board (3.6v) out of range 4.3-5.8v
2026-07-09T13:44:12.563Z,1142.909,False,STABILIZE,0.0000000,0.0000000,-1.80,-0.04,0.00,0.00,0.00,2.10,1.34,83.98,0.00,0.00,83.0,0,0.000,-0.01,-1,1,0,0,0,0,0,0,0,0,0,PreArm: Board (3.6v) out of range 4.3-5.8v
2026-07-09T13:44:13.064Z,1143.410,False,STABILIZE,0.0000000,0.0000000,-1.83,-0.04,0.00,0.00,0.00,2.11,1.34,83.98,0.00,0.00,83.0,0,0.000,-0.01,-1,1,0,0,0,0,0,0,0,0,0,PreArm: Board (3.6v) out of range 4.3-5.8v
2026-07-09T13:44:13.564Z,1143.910,False,STABILIZE,0.0000000,0.0000000,-1.78,-0.04,0.00,0.00,0.00,2.11,1.35,83.98,0.00,0.00,83.0,0,0.000,-0.01,-1,1,0,0,0,0,0,0,0,0,0,PreArm: Board (3.6v) out of range 4.3-5.8v
2026-07-09T13:44:14.064Z,1144.410,False,STABILIZE,0.0000000,0.0000000,-1.78,-0.04,0.00,0.00,0.00,2.11,1.35,83.98,0.00,0.00,83.0,0,0.000,-0.01,-1,1,0,0,0,0,0,0,0,0,0,PreArm: Board (3.6v) out of range 4.3-5.8v
2026-07-09T13:44:14.565Z,1144.911,False,STABILIZE,0.0000000,0.0000000,-1.79,-0.04,0.00,0.00,0.00,2.11,1.35,83.98,0.00,0.00,83.0,0,0.000,-0.01,-1,1,0,0,0,0,0,0,0,0,0,PreArm: Board (3.6v) out of range 4.3-5.8v
2026-07-09T13:44:15.066Z,1145.412,False,STABILIZE,0.0000000,0.0000000,-1.79,-0.04,0.00,0.00,0.00,2.11,1.35,83.98,0.00,0.00,83.0,0,0.000,-0.01,-1,1,0,0,0,0,0,0,0,0,0,PreArm: Board (3.6v) out of range 4.3-5.8v
2026-07-09T13:44:15.567Z,1145.913,False,STABILIZE,0.0000000,0.0000000,-1.77,-0.04,0.00,0.00,0.00,2.11,1.35,83.98,0.00,0.00,83.0,0,0.000,-0.01,-1,1,0,0,0,0,0,0,0,0,0,PreArm: Board (3.6v) out of range 4.3-5.8v
2026-07-09T13:44:16.068Z,1146.413,False,STABILIZE,0.0000000,0.0000000,-1.78,-0.04,0.00,0.00,0.00,2.11,1.35,83.98,0.00,0.00,83.0,0,0.000,-0.01,-1,1,0,0,0,0,0,0,0,0,0,PreArm: Board (3.6v) out of range 4.3-5.8v
2026-07-09T13:44:16.602Z,1146.948,False,STABILIZE,0.0000000,0.0000000,-1.79,-0.04,0.00,0.00,0.00,2.11,1.35,83.98,0.00,0.00,83.0,0,0.000,-0.01,-1,1,0,0,0,0,0,0,0,0,0,PreArm: Board (3.6v) out of range 4.3-5.8v
2026-07-09T13:44:17.160Z,1147.505,False,STABILIZE,0.0000000,0.0000000,-1.80,-0.04,0.00,0.00,0.00,2.11,1.35,83.98,0.00,0.00,83.0,0,0.000,-0.01,-1,1,0,0,0,0,0,0,0,0,0,PreArm: Board (3.6v) out of range 4.3-5.8v
2026-07-09T13:44:17.660Z,1148.005,False,STABILIZE,0.0000000,0.0000000,-1.78,-0.04,0.00,0.00,0.00,2.10,1.36,83.98,0.00,0.00,83.0,0,0.000,-0.01,-1,1,0,0,0,0,0,0,0,0,0,PreArm: Board (3.6v) out of range 4.3-5.8v
2026-07-09T13:44:18.163Z,1148.508,False,STABILIZE,0.0000000,0.0000000,-1.77,-0.04,0.00,0.00,0.00,2.11,1.36,83.98,0.00,0.00,83.0,0,0.000,-0.01,-1,1,0,0,0,0,0,0,0,0,0,PreArm: Board (3.6v) out of range 4.3-5.8v
2026-07-09T13:44:18.663Z,1149.009,False,STABILIZE,0.0000000,0.0000000,-1.78,-0.04,0.00,0.00,0.00,2.11,1.36,83.98,0.00,0.00,83.0,0,0.000,-0.01,-1,1,0,0,0,0,0,0,0,0,0,PreArm: Board (3.6v) out of range 4.3-5.8v
2026-07-09T13:44:19.164Z,1149.510,False,STABILIZE,0.0000000,0.0000000,-1.82,-0.04,0.00,0.00,0.00,2.11,1.36,83.98,0.00,0.00,83.0,0,0.000,-0.01,-1,1,0,0,0,0,0,0,0,0,0,PreArm: Board (3.6v) out of range 4.3-5.8v
2026-07-09T13:44:19.665Z,1150.011,False,STABILIZE,0.0000000,0.0000000,-1.80,-0.04,0.00,0.00,0.00,2.11,1.36,83.98,0.00,0.00,83.0,0,0.000,-0.01,-1,1,0,0,0,0,0,0,0,0,0,PreArm: Board (3.6v) out of range 4.3-5.8v
2026-07-09T13:44:20.169Z,1150.515,False,STABILIZE,0.0000000,0.0000000,-1.77,-0.04,0.00,0.00,0.00,2.11,1.35,83.98,0.00,0.00,83.0,0,0.000,-0.01,-1,1,0,0,0,0,0,0,0,0,0,PreArm: Board (3.6v) out of range 4.3-5.8v
2026-07-09T13:44:20.760Z,1151.105,False,STABILIZE,0.0000000,0.0000000,-1.80,-0.04,0.00,0.00,0.00,2.11,1.35,83.98,0.00,0.00,83.0,0,0.000,-0.01,-1,1,0,0,0,0,0,0,0,0,0,PreArm: Board (3.6v) out of range 4.3-5.8v
2026-07-09T13:44:21.260Z,1151.605,False,STABILIZE,0.0000000,0.0000000,-1.80,-0.04,0.00,0.00,0.00,2.11,1.35,83.97,0.00,0.00,83.0,0,0.000,-0.01,-1,1,0,0,0,0,0,0,0,0,0,PreArm: Board (3.6v) out of range 4.3-5.8v
2026-07-09T13:44:21.760Z,1152.106,False,STABILIZE,0.0000000,0.0000000,-1.78,-0.04,0.00,0.00,0.00,2.11,1.35,83.98,0.00,0.00,83.0,0,0.000,-0.01,-1,1,0,0,0,0,0,0,0,0,0,PreArm: Board (3.6v) out of range 4.3-5.8v
2026-07-09T13:44:22.262Z,1152.607,False,STABILIZE,0.0000000,0.0000000,-1.80,-0.04,0.00,0.00,0.00,2.11,1.35,83.98,0.00,0.00,83.0,0,0.000,-0.01,-1,1,0,0,0,0,0,0,0,0,0,PreArm: Board (3.6v) out of range 4.3-5.8v
2026-07-09T13:44:22.762Z,1153.107,False,STABILIZE,0.0000000,0.0000000,-1.82,-0.04,0.00,0.00,0.00,2.11,1.35,83.98,0.00,0.00,83.0,0,0.000,-0.01,-1,1,0,0,0,0,0,0,0,0,0,PreArm: Board (3.6v) out of range 4.3-5.8v
2026-07-09T13:44:23.262Z,1153.608,False,STABILIZE,0.0000000,0.0000000,-1.75,-0.04,0.00,0.00,0.00,2.11,1.35,83.98,0.00,0.00,83.0,0,0.000,-0.01,-1,1,0,0,0,0,0,0,0,0,0,PreArm: Board (3.6v) out of range 4.3-5.8v
2026-07-09T13:44:23.763Z,1154.109,False,STABILIZE,0.0000000,0.0000000,-1.76,-0.04,0.00,0.00,0.00,2.11,1.34,83.98,0.00,0.00,83.0,0,0.000,-0.01,-1,1,0,0,0,0,0,0,0,0,0,PreArm: Board (3.6v) out of range 4.3-5.8v
2026-07-09T13:44:24.264Z,1154.610,False,STABILIZE,0.0000000,0.0000000,-1.78,-0.04,0.00,0.00,0.00,2.12,1.34,83.98,0.00,0.00,83.0,0,0.000,-0.01,-1,1,0,0,0,0,0,0,0,0,0,PreArm: Board (3.6v) out of range 4.3-5.8v
2026-07-09T13:44:24.765Z,1155.110,False,STABILIZE,0.0000000,0.0000000,-1.81,-0.04,0.00,0.00,0.00,2.12,1.35,83.97,0.00,0.00,83.0,0,0.000,-0.01,-1,1,0,0,0,0,0,0,0,0,0,PreArm: Board (3.6v) out of range 4.3-5.8v
2026-07-09T13:44:25.265Z,1155.610,False,STABILIZE,0.0000000,0.0000000,-1.73,-0.04,0.00,0.00,0.00,2.12,1.34,83.97,0.00,0.00,83.0,0,0.000,-0.01,-1,1,0,0,0,0,0,0,0,0,0,PreArm: Board (3.6v) out of range 4.3-5.8v
2026-07-09T13:44:25.765Z,1156.111,False,STABILIZE,0.0000000,0.0000000,-1.79,-0.04,0.00,0.00,0.00,2.12,1.34,83.97,0.00,0.00,83.0,0,0.000,-0.01,-1,1,0,0,0,0,0,0,0,0,0,PreArm: Board (3.6v) out of range 4.3-5.8v
2026-07-09T13:44:26.266Z,1156.612,False,STABILIZE,0.0000000,0.0000000,-1.75,-0.04,0.00,0.00,0.00,2.12,1.34,83.97,0.00,0.00,83.0,0,0.000,-0.01,-1,1,0,0,0,0,0,0,0,0,0,PreArm: Board (3.6v) out of range 4.3-5.8v
2026-07-09T13:44:26.767Z,1157.113,False,STABILIZE,0.0000000,0.0000000,-1.78,-0.04,0.00,0.00,0.00,2.12,1.34,83.97,0.00,0.00,83.0,0,0.000,-0.01,-1,1,0,0,0,0,0,0,0,0,0,PreArm: Board (3.6v) out of range 4.3-5.8v
2026-07-09T13:44:27.267Z,1157.613,False,STABILIZE,0.0000000,0.0000000,-1.75,-0.04,0.00,0.00,0.00,2.12,1.34,83.97,0.00,0.00,83.0,0,0.000,-0.01,-1,1,0,0,0,0,0,0,0,0,0,PreArm: Board (3.6v) out of range 4.3-5.8v
2026-07-09T13:44:27.767Z,1158.113,False,STABILIZE,0.0000000,0.0000000,-1.78,-0.04,0.00,0.00,0.00,2.12,1.34,83.97,0.00,0.00,83.0,0,0.000,-0.01,-1,1,0,0,0,0,0,0,0,0,0,PreArm: Board (3.6v) out of range 4.3-5.8v
2026-07-09T13:44:28.270Z,1158.616,False,STABILIZE,0.0000000,0.0000000,-1.77,-0.04,0.00,0.00,0.00,2.12,1.34,83.97,0.00,0.00,83.0,0,0.000,-0.01,-1,1,0,0,0,0,0,0,0,0,0,PreArm: Board (3.6v) out of range 4.3-5.8v
2026-07-09T13:44:28.771Z,1159.117,False,STABILIZE,0.0000000,0.0000000,-1.80,-0.04,0.00,0.00,0.00,2.12,1.34,83.97,0.00,0.00,83.0,0,0.000,-0.01,-1,1,0,0,0,0,0,0,0,0,0,PreArm: Board (3.6v) out of range 4.3-5.8v
2026-07-09T13:44:29.362Z,1159.708,False,STABILIZE,0.0000000,0.0000000,-1.75,-0.04,0.00,0.00,0.00,2.12,1.35,83.97,0.00,0.00,83.0,0,0.000,-0.01,-1,1,0,0,0,0,0,0,0,0,0,PreArm: Board (3.6v) out of range 4.3-5.8v
2026-07-09T13:44:29.862Z,1160.208,False,STABILIZE,0.0000000,0.0000000,-1.82,-0.04,0.00,0.00,0.00,2.12,1.34,83.97,0.00,0.00,83.0,0,0.000,-0.01,-1,1,0,0,0,0,0,0,0,0,0,PreArm: Board (3.6v) out of range 4.3-5.8v
2026-07-09T13:44:30.364Z,1160.709,False,STABILIZE,0.0000000,0.0000000,-1.78,-0.04,0.00,0.00,0.00,2.12,1.34,83.96,0.00,0.00,83.0,0,0.000,-0.01,-1,1,0,0,0,0,0,0,0,0,0,PreArm: Board (3.6v) out of range 4.3-5.8v
2026-07-09T13:44:30.864Z,1161.210,False,STABILIZE,0.0000000,0.0000000,-1.76,-0.04,0.00,0.00,0.00,2.11,1.34,83.96,0.00,0.00,83.0,0,0.000,-0.01,-1,1,0,0,0,0,0,0,0,0,0,PreArm: Board (3.6v) out of range 4.3-5.8v
2026-07-09T13:44:31.365Z,1161.710,False,STABILIZE,0.0000000,0.0000000,-1.79,-0.04,0.00,0.00,0.00,2.11,1.34,83.96,0.00,0.00,83.0,0,0.000,-0.01,-1,1,0,0,0,0,0,0,0,0,0,PreArm: Board (3.6v) out of range 4.3-5.8v
2026-07-09T13:44:31.868Z,1162.213,False,STABILIZE,0.0000000,0.0000000,-1.76,-0.04,0.00,0.00,0.00,2.11,1.34,83.96,0.00,0.00,83.0,0,0.000,-0.01,-1,1,0,0,0,0,0,0,0,0,0,PreArm: Board (3.6v) out of range 4.3-5.8v
2026-07-09T13:44:32.461Z,1162.806,False,STABILIZE,0.0000000,0.0000000,-1.76,-0.04,0.00,0.00,0.00,2.11,1.34,83.96,0.00,0.00,83.0,0,0.000,-0.01,-1,1,0,0,0,0,0,0,0,0,0,PreArm: Board (3.6v) out of range 4.3-5.8v
2026-07-09T13:44:32.962Z,1163.307,False,STABILIZE,0.0000000,0.0000000,-1.77,-0.04,0.00,0.00,0.00,2.11,1.34,83.96,0.00,0.00,83.0,0,0.000,-0.01,-1,1,0,0,0,0,0,0,0,0,0,PreArm: Board (3.6v) out of range 4.3-5.8v
2026-07-09T13:44:33.463Z,1163.808,False,STABILIZE,0.0000000,0.0000000,-1.76,-0.04,0.00,0.00,0.00,2.11,1.34,83.95,0.00,0.00,83.0,0,0.000,-0.01,-1,1,0,0,0,0,0,0,0,0,0,PreArm: Board (3.6v) out of range 4.3-5.8v
2026-07-09T13:44:33.963Z,1164.308,False,STABILIZE,0.0000000,0.0000000,-1.74,-0.04,0.00,0.00,0.00,2.10,1.34,83.96,0.00,0.00,83.0,0,0.000,-0.01,-1,1,0,0,0,0,0,0,0,0,0,PreArm: Board (3.6v) out of range 4.3-5.8v
2026-07-09T13:44:34.463Z,1164.808,False,STABILIZE,0.0000000,0.0000000,-1.76,-0.04,0.00,0.00,0.00,2.10,1.34,83.95,0.00,0.00,83.0,0,0.000,-0.01,-1,1,0,0,0,0,0,0,0,0,0,PreArm: Board (3.6v) out of range 4.3-5.8v
2026-07-09T13:44:34.963Z,1165.308,False,STABILIZE,0.0000000,0.0000000,-1.78,-0.04,0.00,0.00,0.00,2.10,1.34,83.95,0.00,0.00,83.0,0,0.000,-0.01,-1,1,0,0,0,0,0,0,0,0,0,PreArm: Board (3.6v) out of range 4.3-5.8v
2026-07-09T13:44:35.465Z,1165.811,False,STABILIZE,0.0000000,0.0000000,-1.78,-0.04,0.00,0.00,0.00,2.11,1.34,83.95,0.00,0.00,83.0,0,0.000,-0.01,-1,1,0,0,0,0,0,0,0,0,0,PreArm: Board (3.6v) out of range 4.3-5.8v
2026-07-09T13:44:35.967Z,1166.312,False,STABILIZE,0.0000000,0.0000000,-1.75,-0.04,0.00,0.00,0.00,2.11,1.34,83.95,0.00,0.00,83.0,0,0.000,-0.01,-1,1,0,0,0,0,0,0,0,0,0,PreArm: Board (3.6v) out of range 4.3-5.8v
2026-07-09T13:44:36.560Z,1166.905,False,STABILIZE,0.0000000,0.0000000,-1.74,-0.04,0.00,0.00,0.00,2.11,1.34,83.94,0.00,0.00,83.0,0,0.000,-0.01,-1,1,0,0,0,0,0,0,0,0,0,PreArm: Board (3.6v) out of range 4.3-5.8v
2026-07-09T13:44:37.061Z,1167.406,False,STABILIZE,0.0000000,0.0000000,-1.78,-0.04,0.00,0.00,0.00,2.11,1.34,83.94,0.00,0.00,83.0,0,0.000,-0.01,-1,1,0,0,0,0,0,0,0,0,0,PreArm: Board (3.6v) out of range 4.3-5.8v
2026-07-09T13:44:37.561Z,1167.907,False,STABILIZE,0.0000000,0.0000000,-1.77,-0.04,0.00,0.00,0.00,2.11,1.34,83.94,0.00,0.00,83.0,0,0.000,-0.01,-1,1,0,0,0,0,0,0,0,0,0,PreArm: Board (3.6v) out of range 4.3-5.8v
2026-07-09T13:44:38.062Z,1168.407,False,STABILIZE,0.0000000,0.0000000,-1.75,-0.04,0.00,0.00,0.00,2.11,1.34,83.94,0.00,0.00,83.0,0,0.000,-0.01,-1,1,0,0,0,0,0,0,0,0,0,PreArm: Board (3.6v) out of range 4.3-5.8v
2026-07-09T13:44:38.562Z,1168.908,False,STABILIZE,0.0000000,0.0000000,-1.72,-0.04,0.00,0.00,0.00,2.12,1.34,83.94,0.00,0.00,83.0,0,0.000,-0.01,-1,1,0,0,0,0,0,0,0,0,0,PreArm: Board (3.6v) out of range 4.3-5.8v
2026-07-09T13:44:39.063Z,1169.409,False,STABILIZE,0.0000000,0.0000000,-1.72,-0.04,0.00,0.00,0.00,2.12,1.34,83.94,0.00,0.00,83.0,0,0.000,-0.01,-1,1,0,0,0,0,0,0,0,0,0,PreArm: Board (3.6v) out of range 4.3-5.8v
2026-07-09T13:44:39.564Z,1169.910,False,STABILIZE,0.0000000,0.0000000,-1.73,-0.04,0.00,0.00,0.00,2.12,1.34,83.94,0.00,0.00,83.0,0,0.000,-0.01,-1,1,0,0,0,0,0,0,0,0,0,PreArm: Board (3.6v) out of range 4.3-5.8v
2026-07-09T13:44:40.066Z,1170.412,False,STABILIZE,0.0000000,0.0000000,-1.72,-0.04,0.00,0.00,0.00,2.12,1.34,83.93,0.00,0.00,83.0,0,0.000,-0.01,-1,1,0,0,0,0,0,0,0,0,0,PreArm: Board (3.6v) out of range 4.3-5.8v
2026-07-09T13:44:40.566Z,1170.912,False,STABILIZE,0.0000000,0.0000000,-1.76,-0.04,0.00,0.00,0.00,2.12,1.34,83.93,0.00,0.00,83.0,0,0.000,-0.01,-1,1,0,0,0,0,0,0,0,0,0,PreArm: Board (3.6v) out of range 4.3-5.8v
2026-07-09T13:44:41.068Z,1171.414,False,STABILIZE,0.0000000,0.0000000,-1.77,-0.04,0.00,0.00,0.00,2.12,1.34,83.93,0.00,0.00,83.0,0,0.000,-0.01,-1,1,0,0,0,0,0,0,0,0,0,PreArm: Board (3.6v) out of range 4.3-5.8v
2026-07-09T13:44:41.600Z,1171.945,False,STABILIZE,0.0000000,0.0000000,-1.75,-0.04,0.00,0.00,0.00,2.12,1.34,83.92,0.00,0.00,83.0,0,0.000,-0.01,-1,1,0,0,0,0,0,0,0,0,0,PreArm: Board (3.6v) out of range 4.3-5.8v
2026-07-09T13:44:42.161Z,1172.507,False,STABILIZE,0.0000000,0.0000000,-1.71,-0.04,0.00,0.00,0.00,2.12,1.34,83.92,0.00,0.00,83.0,0,0.000,-0.01,-1,1,0,0,0,0,0,0,0,0,0,PreArm: Board (3.6v) out of range 4.3-5.8v
2026-07-09T13:44:42.662Z,1173.007,False,STABILIZE,0.0000000,0.0000000,-1.74,-0.04,0.00,0.00,0.00,2.12,1.34,83.92,0.00,0.00,83.0,0,0.000,-0.01,-1,1,0,0,0,0,0,0,0,0,0,PreArm: Board (3.6v) out of range 4.3-5.8v
2026-07-09T13:44:43.162Z,1173.507,False,STABILIZE,0.0000000,0.0000000,-1.74,-0.04,0.00,0.00,0.00,2.12,1.34,83.92,0.00,0.00,83.0,0,0.000,-0.01,-1,1,0,0,0,0,0,0,0,0,0,PreArm: Board (3.6v) out of range 4.3-5.8v
2026-07-09T13:44:43.663Z,1174.008,False,STABILIZE,0.0000000,0.0000000,-1.73,-0.04,0.00,0.00,0.00,2.12,1.34,83.92,0.00,0.00,83.0,0,0.000,-0.01,-1,1,0,0,0,0,0,0,0,0,0,PreArm: Board (3.6v) out of range 4.3-5.8v
2026-07-09T13:44:44.164Z,1174.510,False,STABILIZE,0.0000000,0.0000000,-1.73,-0.04,0.00,0.00,0.00,2.12,1.33,83.92,0.00,0.00,83.0,0,0.000,-0.01,-1,1,0,0,0,0,0,0,0,0,0,PreArm: Board (3.6v) out of range 4.3-5.8v
2026-07-09T13:44:44.664Z,1175.010,False,STABILIZE,0.0000000,0.0000000,-1.71,-0.04,0.00,0.00,0.00,2.11,1.34,83.91,0.00,0.00,83.0,0,0.000,-0.01,-1,1,0,0,0,0,0,0,0,0,0,PreArm: Board (3.6v) out of range 4.3-5.8v
2026-07-09T13:44:45.164Z,1175.510,False,STABILIZE,0.0000000,0.0000000,-1.73,-0.04,0.00,0.00,0.00,2.12,1.34,83.91,0.00,0.00,83.0,0,0.000,-0.01,-1,1,0,0,0,0,0,0,0,0,0,PreArm: Board (3.6v) out of range 4.3-5.8v
2026-07-09T13:44:45.664Z,1176.010,False,STABILIZE,0.0000000,0.0000000,-1.74,-0.04,0.00,0.00,0.00,2.12,1.34,83.91,0.00,0.00,83.0,0,0.000,-0.01,-1,1,0,0,0,0,0,0,0,0,0,PreArm: Board (3.6v) out of range 4.3-5.8v
2026-07-09T13:44:46.164Z,1176.510,False,STABILIZE,0.0000000,0.0000000,-1.69,-0.04,0.00,0.00,0.00,2.12,1.34,83.91,0.00,0.00,83.0,0,0.000,-0.01,-1,1,0,0,0,0,0,0,0,0,0,PreArm: Board (3.6v) out of range 4.3-5.8v
2026-07-09T13:44:46.665Z,1177.010,False,STABILIZE,0.0000000,0.0000000,-1.70,-0.04,0.00,0.00,0.00,2.12,1.34,83.91,0.00,0.00,83.0,0,0.000,-0.01,-1,1,0,0,0,0,0,0,0,0,0,PreArm: Board (3.6v) out of range 4.3-5.8v
2026-07-09T13:44:47.167Z,1177.513,False,STABILIZE,0.0000000,0.0000000,-1.70,-0.04,0.00,0.00,0.00,2.12,1.34,83.90,0.00,0.00,83.0,0,0.000,-0.01,-1,1,0,0,0,0,0,0,0,0,0,PreArm: Board (3.6v) out of range 4.3-5.8v
2026-07-09T13:44:47.667Z,1178.013,False,STABILIZE,0.0000000,0.0000000,-1.76,-0.04,0.00,0.00,0.00,2.12,1.34,83.90,0.00,0.00,83.0,0,0.000,-0.01,-1,1,0,0,0,0,0,0,0,0,0,PreArm: Board (3.6v) out of range 4.3-5.8v
2026-07-09T13:44:48.167Z,1178.513,False,STABILIZE,0.0000000,0.0000000,-1.73,-0.04,0.00,0.00,0.00,2.12,1.34,83.89,0.00,0.00,83.0,0,0.000,-0.01,-1,1,0,0,0,0,0,0,0,0,0,PreArm: Board (3.6v) out of range 4.3-5.8v
2026-07-09T13:44:48.667Z,1179.013,False,STABILIZE,0.0000000,0.0000000,-1.69,-0.04,0.00,0.00,0.00,2.12,1.34,83.89,0.00,0.00,83.0,0,0.000,-0.01,-1,1,0,0,0,0,0,0,0,0,0,PreArm: Board (3.6v) out of range 4.3-5.8v
2026-07-09T13:44:49.169Z,1179.514,False,STABILIZE,0.0000000,0.0000000,-1.71,-0.04,0.00,0.00,0.00,2.12,1.34,83.89,0.00,0.00,83.0,0,0.000,-0.01,-1,1,0,0,0,0,0,0,0,0,0,PreArm: Board (3.6v) out of range 4.3-5.8v
2026-07-09T13:44:49.761Z,1180.106,False,STABILIZE,0.0000000,0.0000000,-1.69,-0.04,0.00,0.00,0.00,2.12,1.34,83.89,0.00,0.00,83.0,0,0.000,-0.01,-1,1,0,0,0,0,0,0,0,0,0,PreArm: Board (3.6v) out of range 4.3-5.8v
2026-07-09T13:44:50.261Z,1180.606,False,STABILIZE,0.0000000,0.0000000,-1.70,-0.04,0.00,0.00,0.00,2.13,1.34,83.88,0.00,0.00,83.0,0,0.000,-0.01,-1,1,0,0,0,0,0,0,0,0,0,PreArm: Board (3.6v) out of range 4.3-5.8v
2026-07-09T13:44:50.761Z,1181.107,False,STABILIZE,0.0000000,0.0000000,-1.69,-0.04,0.00,0.00,0.00,2.13,1.34,83.88,0.00,0.00,83.0,0,0.000,-0.01,-1,1,0,0,0,0,0,0,0,0,0,PreArm: Board (3.6v) out of range 4.3-5.8v
2026-07-09T13:44:51.263Z,1181.609,False,STABILIZE,0.0000000,0.0000000,-1.70,-0.04,0.00,0.00,0.00,2.13,1.35,83.88,0.00,0.00,83.0,0,0.000,-0.01,-1,1,0,0,0,0,0,0,0,0,0,PreArm: Board (3.6v) out of range 4.3-5.8v
2026-07-09T13:44:51.763Z,1182.109,False,STABILIZE,0.0000000,0.0000000,-1.70,-0.04,0.00,0.00,0.00,2.13,1.34,83.88,0.00,0.00,83.0,0,0.000,-0.01,-1,1,0,0,0,0,0,0,0,0,0,PreArm: Board (3.6v) out of range 4.3-5.8v
2026-07-09T13:44:52.264Z,1182.609,False,STABILIZE,0.0000000,0.0000000,-1.67,-0.04,0.00,0.00,0.00,2.13,1.35,83.88,0.00,0.00,83.0,0,0.000,-0.01,-1,1,0,0,0,0,0,0,0,0,0,PreArm: Board (3.6v) out of range 4.3-5.8v
2026-07-09T13:44:52.765Z,1183.110,False,STABILIZE,0.0000000,0.0000000,-1.69,-0.04,0.00,0.00,0.00,2.13,1.35,83.87,0.01,0.00,83.0,0,0.000,-0.01,-1,1,0,0,0,0,0,0,0,0,0,PreArm: Board (3.6v) out of range 4.3-5.8v
2026-07-09T13:44:53.265Z,1183.610,False,STABILIZE,0.0000000,0.0000000,-1.70,-0.04,0.00,0.00,0.00,2.13,1.34,83.87,0.01,0.00,83.0,0,0.000,-0.01,-1,1,0,0,0,0,0,0,0,0,0,PreArm: Board (3.6v) out of range 4.3-5.8v
2026-07-09T13:44:53.765Z,1184.110,False,STABILIZE,0.0000000,0.0000000,-1.69,-0.04,0.00,0.00,0.00,2.13,1.34,83.87,0.01,0.00,83.0,0,0.000,-0.01,-1,1,0,0,0,0,0,0,0,0,0,PreArm: Board (3.6v) out of range 4.3-5.8v
2026-07-09T13:44:54.265Z,1184.610,False,STABILIZE,0.0000000,0.0000000,-1.68,-0.04,0.00,0.00,0.00,2.13,1.35,83.87,0.01,0.00,83.0,0,0.000,-0.01,-1,1,0,0,0,0,0,0,0,0,0,PreArm: Board (3.6v) out of range 4.3-5.8v
2026-07-09T13:44:54.766Z,1185.112,False,STABILIZE,0.0000000,0.0000000,-1.68,-0.04,0.00,0.00,0.00,2.13,1.34,83.86,0.01,0.00,83.0,0,0.000,-0.01,-1,1,0,0,0,0,0,0,0,0,0,PreArm: Board (3.6v) out of range 4.3-5.8v
2026-07-09T13:44:55.267Z,1185.612,False,STABILIZE,0.0000000,0.0000000,-1.68,-0.04,0.00,0.00,0.00,2.13,1.34,83.86,0.01,0.00,83.0,0,0.000,-0.01,-1,1,0,0,0,0,0,0,0,0,0,PreArm: Board (3.6v) out of range 4.3-5.8v
2026-07-09T13:44:55.860Z,1186.205,False,STABILIZE,0.0000000,0.0000000,-1.67,-0.04,0.00,0.00,0.00,2.13,1.35,83.86,0.01,0.00,83.0,0,0.000,-0.01,-1,1,0,0,0,0,0,0,0,0,0,PreArm: Board (3.6v) out of range 4.3-5.8v
2026-07-09T13:44:56.360Z,1186.705,False,STABILIZE,0.0000000,0.0000000,-1.69,-0.04,0.00,0.00,0.00,2.13,1.35,83.86,0.00,0.00,83.0,0,0.000,-0.01,-1,1,0,0,0,0,0,0,0,0,0,PreArm: Board (3.6v) out of range 4.3-5.8v
2026-07-09T13:44:56.860Z,1187.205,False,STABILIZE,0.0000000,0.0000000,-1.71,-0.04,0.00,0.00,0.00,2.13,1.35,83.86,0.00,0.00,83.0,0,0.000,-0.01,-1,1,0,0,0,0,0,0,0,0,0,PreArm: Board (3.6v) out of range 4.3-5.8v
2026-07-09T13:44:57.360Z,1187.706,False,STABILIZE,0.0000000,0.0000000,-1.68,-0.04,0.00,0.00,0.00,2.13,1.34,83.87,0.01,0.00,83.0,0,0.000,-0.01,-1,1,0,0,0,0,0,0,0,0,0,PreArm: Board (3.6v) out of range 4.3-5.8v
2026-07-09T13:44:57.860Z,1188.206,False,STABILIZE,0.0000000,0.0000000,-1.67,-0.04,0.00,0.00,0.00,2.13,1.35,83.87,0.01,0.00,83.0,0,0.000,-0.01,-1,1,0,0,0,0,0,0,0,0,0,PreArm: Board (3.6v) out of range 4.3-5.8v
2026-07-09T13:44:58.360Z,1188.706,False,STABILIZE,0.0000000,0.0000000,-1.66,-0.04,0.00,0.00,0.00,2.13,1.35,83.87,0.01,0.00,83.0,0,0.000,-0.01,-1,1,0,0,0,0,0,0,0,0,0,PreArm: Board (3.6v) out of range 4.3-5.8v
2026-07-09T13:44:58.860Z,1189.206,False,STABILIZE,0.0000000,0.0000000,-1.67,-0.04,0.00,0.00,0.00,2.13,1.35,83.87,0.01,0.00,83.0,0,0.000,-0.01,-1,1,0,0,0,0,0,0,0,0,0,PreArm: Board (3.6v) out of range 4.3-5.8v
2026-07-09T13:44:59.363Z,1189.708,False,STABILIZE,0.0000000,0.0000000,-1.64,-0.04,0.00,0.00,0.00,2.13,1.35,83.87,0.01,0.00,83.0,0,0.000,-0.01,-1,1,0,0,0,0,0,0,0,0,0,PreArm: Board (3.7v) out of range 4.3-5.8v
2026-07-09T13:44:59.865Z,1190.210,False,STABILIZE,0.0000000,0.0000000,-1.67,-0.04,0.00,0.00,0.00,2.13,1.35,83.87,0.01,0.00,83.0,0,0.000,-0.01,-1,1,0,0,0,0,0,0,0,0,0,PreArm: Board (3.7v) out of range 4.3-5.8v
2026-07-09T13:45:00.365Z,1190.711,False,STABILIZE,0.0000000,0.0000000,-1.69,-0.04,0.00,0.00,0.00,2.13,1.35,83.87,0.00,0.00,83.0,0,0.000,-0.01,-1,1,0,0,0,0,0,0,0,0,0,PreArm: Board (3.7v) out of range 4.3-5.8v
2026-07-09T13:45:00.867Z,1191.213,False,STABILIZE,0.0000000,0.0000000,-1.67,-0.04,0.00,0.00,0.00,2.13,1.35,83.87,0.00,0.00,83.0,0,0.000,-0.01,-1,1,0,0,0,0,0,0,0,0,0,PreArm: Board (3.7v) out of range 4.3-5.8v
2026-07-09T13:45:01.367Z,1191.713,False,STABILIZE,0.0000000,0.0000000,-1.68,-0.04,0.00,0.00,0.00,2.12,1.35,83.86,0.00,0.00,83.0,0,0.000,-0.01,-1,1,0,0,0,0,0,0,0,0,0,PreArm: Board (3.7v) out of range 4.3-5.8v
2026-07-09T13:45:01.867Z,1192.213,False,STABILIZE,0.0000000,0.0000000,-1.65,-0.04,0.00,0.00,0.00,2.12,1.35,83.86,0.00,0.00,83.0,0,0.000,-0.01,-1,1,0,0,0,0,0,0,0,0,0,PreArm: Board (3.7v) out of range 4.3-5.8v
2026-07-09T13:45:02.367Z,1192.713,False,STABILIZE,0.0000000,0.0000000,-1.65,-0.04,0.00,0.00,0.00,2.12,1.35,83.86,0.00,0.00,83.0,0,0.000,-0.01,-1,1,0,0,0,0,0,0,0,0,0,PreArm: Board (3.7v) out of range 4.3-5.8v
2026-07-09T13:45:02.867Z,1193.213,False,STABILIZE,0.0000000,0.0000000,-1.64,-0.04,0.00,0.00,0.00,2.12,1.35,83.86,0.00,0.00,83.0,0,0.000,-0.01,-1,1,0,0,0,0,0,0,0,0,0,PreArm: Board (3.7v) out of range 4.3-5.8v
2026-07-09T13:45:03.367Z,1193.713,False,STABILIZE,0.0000000,0.0000000,-1.65,-0.04,0.00,0.00,0.00,2.13,1.35,83.86,0.00,0.00,83.0,0,0.000,-0.01,-1,1,0,0,0,0,0,0,0,0,0,PreArm: Board (3.7v) out of range 4.3-5.8v
2026-07-09T13:45:03.869Z,1194.215,False,STABILIZE,0.0000000,0.0000000,-1.63,-0.04,0.00,0.00,0.00,2.13,1.35,83.86,0.00,0.00,83.0,0,0.000,-0.01,-1,1,0,0,0,0,0,0,0,0,0,PreArm: Board (3.7v) out of range 4.3-5.8v
2026-07-09T13:45:04.460Z,1194.805,False,STABILIZE,0.0000000,0.0000000,-1.66,-0.04,0.00,0.00,0.00,2.13,1.35,83.86,0.00,0.00,83.0,0,0.000,-0.01,-1,1,0,0,0,0,0,0,0,0,0,PreArm: Board (3.7v) out of range 4.3-5.8v
2026-07-09T13:45:04.962Z,1195.308,False,STABILIZE,0.0000000,0.0000000,-1.68,-0.04,0.00,0.00,0.00,2.13,1.35,83.85,0.00,0.00,83.0,0,0.000,-0.01,-1,1,0,0,0,0,0,0,0,0,0,PreArm: Board (3.7v) out of range 4.3-5.8v
2026-07-09T13:45:05.463Z,1195.809,False,STABILIZE,0.0000000,0.0000000,-1.66,-0.04,0.00,0.00,0.00,2.13,1.35,83.85,0.00,0.00,83.0,0,0.000,-0.01,-1,1,0,0,0,0,0,0,0,0,0,PreArm: Board (3.7v) out of range 4.3-5.8v
2026-07-09T13:45:05.964Z,1196.310,False,STABILIZE,0.0000000,0.0000000,-1.64,-0.04,0.00,0.00,0.00,2.13,1.35,83.85,0.00,0.00,83.0,0,0.000,-0.01,-1,1,0,0,0,0,0,0,0,0,0,PreArm: Board (3.7v) out of range 4.3-5.8v
2026-07-09T13:45:06.465Z,1196.811,False,STABILIZE,0.0000000,0.0000000,-1.65,-0.04,0.00,0.00,0.00,2.13,1.35,83.85,0.01,0.00,83.0,0,0.000,-0.01,-1,1,0,0,0,0,0,0,0,0,0,PreArm: Board (3.7v) out of range 4.3-5.8v
2026-07-09T13:45:06.966Z,1197.312,False,STABILIZE,0.0000000,0.0000000,-1.64,-0.04,0.00,0.00,0.00,2.13,1.35,83.85,0.01,0.00,83.0,0,0.000,-0.01,-1,1,0,0,0,0,0,0,0,0,0,PreArm: Board (3.7v) out of range 4.3-5.8v
2026-07-09T13:45:07.467Z,1197.813,False,STABILIZE,0.0000000,0.0000000,-1.66,-0.04,0.00,0.00,0.00,2.13,1.35,83.85,0.01,0.00,83.0,0,0.000,-0.01,-1,1,0,0,0,0,0,0,0,0,0,PreArm: Board (3.7v) out of range 4.3-5.8v
2026-07-09T13:45:07.970Z,1198.315,False,STABILIZE,0.0000000,0.0000000,-1.67,-0.04,0.00,0.00,0.00,2.13,1.35,83.84,0.01,0.00,83.0,0,0.000,-0.01,-1,1,0,0,0,0,0,0,0,0,0,PreArm: Board (3.7v) out of range 4.3-5.8v
2026-07-09T13:45:08.559Z,1198.905,False,STABILIZE,0.0000000,0.0000000,-1.65,-0.04,0.00,0.00,0.00,2.13,1.35,83.84,0.01,0.00,83.0,0,0.000,-0.01,-1,1,0,0,0,0,0,0,0,0,0,PreArm: Board (3.7v) out of range 4.3-5.8v
2026-07-09T13:45:09.060Z,1199.406,False,STABILIZE,0.0000000,0.0000000,-1.64,-0.04,0.00,0.00,0.00,2.13,1.35,83.84,0.01,0.00,83.0,0,0.000,-0.01,-1,1,0,0,0,0,0,0,0,0,0,PreArm: Board (3.7v) out of range 4.3-5.8v
2026-07-09T13:45:09.561Z,1199.907,False,STABILIZE,0.0000000,0.0000000,-1.66,-0.04,0.00,0.00,0.00,2.13,1.35,83.84,0.01,0.00,83.0,0,0.000,-0.01,-1,1,0,0,0,0,0,0,0,0,0,PreArm: Board (3.7v) out of range 4.3-5.8v
2026-07-09T13:45:10.064Z,1200.409,False,STABILIZE,0.0000000,0.0000000,-1.70,-0.04,0.00,0.00,0.00,2.12,1.35,83.84,0.01,0.00,83.0,0,0.000,-0.01,-1,1,0,0,0,0,0,0,0,0,0,PreArm: Board (3.7v) out of range 4.3-5.8v
2026-07-09T13:45:10.564Z,1200.910,False,STABILIZE,0.0000000,0.0000000,-1.64,-0.04,0.00,0.00,0.00,2.12,1.35,83.84,0.00,0.00,83.0,0,0.000,-0.01,-1,1,0,0,0,0,0,0,0,0,0,PreArm: Board (3.7v) out of range 4.3-5.8v
2026-07-09T13:45:11.064Z,1201.410,False,STABILIZE,0.0000000,0.0000000,-1.66,-0.04,0.00,0.00,0.00,2.12,1.35,83.84,0.00,0.00,83.0,0,0.000,-0.01,-1,1,0,0,0,0,0,0,0,0,0,PreArm: Board (3.7v) out of range 4.3-5.8v
2026-07-09T13:45:11.565Z,1201.910,False,STABILIZE,0.0000000,0.0000000,-1.66,-0.04,0.00,0.00,0.00,2.13,1.35,83.84,0.00,0.00,83.0,0,0.000,-0.01,-1,1,0,0,0,0,0,0,0,0,0,PreArm: Board (3.7v) out of range 4.3-5.8v
2026-07-09T13:45:12.065Z,1202.411,False,STABILIZE,0.0000000,0.0000000,-1.67,-0.04,0.00,0.00,0.00,2.13,1.35,83.84,0.00,0.00,83.0,0,0.000,-0.01,-1,1,0,0,0,0,0,0,0,0,0,PreArm: Board (3.7v) out of range 4.3-5.8v
2026-07-09T13:45:12.566Z,1202.912,False,STABILIZE,0.0000000,0.0000000,-1.66,-0.04,0.00,0.00,0.00,2.13,1.35,83.84,0.00,0.00,83.0,0,0.000,-0.01,-1,1,0,0,0,0,0,0,0,0,0,PreArm: Board (3.7v) out of range 4.3-5.8v
2026-07-09T13:45:13.067Z,1203.412,False,STABILIZE,0.0000000,0.0000000,-1.66,-0.04,0.00,0.00,0.00,2.12,1.35,83.84,0.00,0.00,83.0,0,0.000,-0.01,-1,1,0,0,0,0,0,0,0,0,0,PreArm: Board (3.7v) out of range 4.3-5.8v
2026-07-09T13:45:13.599Z,1203.945,False,STABILIZE,0.0000000,0.0000000,-1.68,-0.04,0.00,0.00,0.00,2.13,1.35,83.84,0.00,0.00,83.0,0,0.000,-0.01,-1,1,0,0,0,0,0,0,0,0,0,PreArm: Board (3.7v) out of range 4.3-5.8v
2026-07-09T13:45:14.160Z,1204.505,False,STABILIZE,0.0000000,0.0000000,-1.69,-0.04,0.00,0.00,0.00,2.12,1.34,83.85,0.00,0.00,83.0,0,0.000,-0.01,-1,1,0,0,0,0,0,0,0,0,0,PreArm: Board (3.7v) out of range 4.3-5.8v
2026-07-09T13:45:14.661Z,1205.007,False,STABILIZE,0.0000000,0.0000000,-1.68,-0.04,0.00,0.00,0.00,2.12,1.34,83.85,0.00,0.00,83.0,0,0.000,-0.01,-1,1,0,0,0,0,0,0,0,0,0,PreArm: Board (3.7v) out of range 4.3-5.8v
2026-07-09T13:45:15.162Z,1205.507,False,STABILIZE,0.0000000,0.0000000,-1.68,-0.04,0.00,0.00,0.00,2.12,1.34,83.85,0.00,0.00,83.0,0,0.000,-0.01,-1,1,0,0,0,0,0,0,0,0,0,PreArm: Board (3.7v) out of range 4.3-5.8v
2026-07-09T13:45:15.662Z,1206.008,False,STABILIZE,0.0000000,0.0000000,-1.68,-0.04,0.00,0.00,0.00,2.12,1.34,83.85,0.00,0.00,83.0,0,0.000,-0.01,-1,1,0,0,0,0,0,0,0,0,0,PreArm: Board (3.7v) out of range 4.3-5.8v
2026-07-09T13:45:16.162Z,1206.508,False,STABILIZE,0.0000000,0.0000000,-1.68,-0.04,0.00,0.00,0.00,2.12,1.34,83.85,0.00,0.00,83.0,0,0.000,-0.01,-1,1,0,0,0,0,0,0,0,0,0,PreArm: Board (3.7v) out of range 4.3-5.8v
2026-07-09T13:45:16.662Z,1207.008,False,STABILIZE,0.0000000,0.0000000,-1.65,-0.04,0.00,0.00,0.00,2.12,1.34,83.84,0.00,0.00,83.0,0,0.000,-0.01,-1,1,0,0,0,0,0,0,0,0,0,PreArm: Board (3.7v) out of range 4.3-5.8v
2026-07-09T13:45:17.165Z,1207.511,False,STABILIZE,0.0000000,0.0000000,-1.65,-0.04,0.00,0.00,0.00,2.12,1.34,83.84,0.00,0.00,83.0,0,0.000,-0.01,-1,1,0,0,0,0,0,0,0,0,0,PreArm: Board (3.7v) out of range 4.3-5.8v
2026-07-09T13:45:17.667Z,1208.012,False,STABILIZE,0.0000000,0.0000000,-1.67,-0.04,0.00,0.00,0.00,2.12,1.33,83.84,0.00,0.00,83.0,0,0.000,-0.01,-1,1,0,0,0,0,0,0,0,0,0,PreArm: Board (3.7v) out of range 4.3-5.8v
2026-07-09T13:45:18.167Z,1208.512,False,STABILIZE,0.0000000,0.0000000,-1.66,-0.04,0.00,0.00,0.00,2.12,1.33,83.84,0.00,0.00,83.0,0,0.000,-0.01,-1,1,0,0,0,0,0,0,0,0,0,PreArm: Board (3.7v) out of range 4.3-5.8v
2026-07-09T13:45:18.667Z,1209.013,False,STABILIZE,0.0000000,0.0000000,-1.66,-0.04,0.00,0.00,0.00,2.12,1.34,83.84,0.00,0.00,83.0,0,0.000,-0.01,-1,1,0,0,0,0,0,0,0,0,0,PreArm: Board (3.7v) out of range 4.3-5.8v
2026-07-09T13:45:19.262Z,1209.608,False,STABILIZE,0.0000000,0.0000000,-1.64,-0.04,0.00,0.00,0.00,2.12,1.34,83.84,0.00,0.00,83.0,0,0.000,-0.01,-1,1,0,0,0,0,0,0,0,0,0,PreArm: Board (3.7v) out of range 4.3-5.8v
2026-07-09T13:45:19.762Z,1210.108,False,STABILIZE,0.0000000,0.0000000,-1.62,-0.04,0.00,0.00,0.00,2.12,1.33,83.84,0.00,0.00,83.0,0,0.000,-0.01,-1,1,0,0,0,0,0,0,0,0,0,PreArm: Board (3.7v) out of range 4.3-5.8v
2026-07-09T13:45:20.262Z,1210.608,False,STABILIZE,0.0000000,0.0000000,-1.67,-0.04,0.00,0.00,0.00,2.11,1.34,83.84,0.00,0.00,83.0,0,0.000,-0.01,-1,1,0,0,0,0,0,0,0,0,0,PreArm: Board (3.7v) out of range 4.3-5.8v
2026-07-09T13:45:20.762Z,1211.108,False,STABILIZE,0.0000000,0.0000000,-1.67,-0.04,0.00,0.00,0.00,2.11,1.34,83.84,0.00,0.00,83.0,0,0.000,-0.01,-1,1,0,0,0,0,0,0,0,0,0,PreArm: Board (3.7v) out of range 4.3-5.8v
2026-07-09T13:45:21.262Z,1211.608,False,STABILIZE,0.0000000,0.0000000,-1.63,-0.04,0.00,0.00,0.00,2.11,1.34,83.84,0.00,0.00,83.0,0,0.000,-0.01,-1,1,0,0,0,0,0,0,0,0,0,PreArm: Board (3.7v) out of range 4.3-5.8v
2026-07-09T13:45:21.764Z,1212.109,False,STABILIZE,0.0000000,0.0000000,-1.67,-0.04,0.00,0.00,0.00,2.11,1.33,83.85,0.00,0.00,83.0,0,0.000,-0.01,-1,1,0,0,0,0,0,0,0,0,0,PreArm: Board (3.7v) out of range 4.3-5.8v
2026-07-09T13:45:22.264Z,1212.610,False,STABILIZE,0.0000000,0.0000000,-1.69,-0.04,0.00,0.00,0.00,2.11,1.34,83.85,0.00,0.00,83.0,0,0.000,-0.01,-1,1,0,0,0,0,0,0,0,0,0,PreArm: Board (3.7v) out of range 4.3-5.8v
2026-07-09T13:45:22.764Z,1213.110,False,STABILIZE,0.0000000,0.0000000,-1.68,-0.04,0.00,0.00,0.00,2.11,1.34,83.85,0.00,0.00,83.0,0,0.000,-0.01,-1,1,0,0,0,0,0,0,0,0,0,PreArm: Board (3.7v) out of range 4.3-5.8v
2026-07-09T13:45:23.264Z,1213.610,False,STABILIZE,0.0000000,0.0000000,-1.68,-0.04,0.00,0.00,0.00,2.11,1.34,83.85,0.00,0.00,83.0,0,0.000,-0.01,-1,1,0,0,0,0,0,0,0,0,0,PreArm: Board (3.7v) out of range 4.3-5.8v
2026-07-09T13:45:23.764Z,1214.110,False,STABILIZE,0.0000000,0.0000000,-1.68,-0.04,0.00,0.00,0.00,2.12,1.34,83.85,0.00,0.00,83.0,0,0.000,-0.01,-1,1,0,0,0,0,0,0,0,0,0,PreArm: Board (3.7v) out of range 4.3-5.8v
2026-07-09T13:45:24.265Z,1214.611,False,STABILIZE,0.0000000,0.0000000,-1.64,-0.04,0.00,0.00,0.00,2.12,1.34,83.85,0.00,0.00,83.0,0,0.000,-0.01,-1,1,0,0,0,0,0,0,0,0,0,PreArm: Board (3.7v) out of range 4.3-5.8v
2026-07-09T13:45:24.766Z,1215.111,False,STABILIZE,0.0000000,0.0000000,-1.64,-0.04,0.00,0.00,0.00,2.12,1.34,83.85,0.00,0.00,83.0,0,0.000,-0.01,-1,1,0,0,0,0,0,0,0,0,0,PreArm: Board (3.7v) out of range 4.3-5.8v
2026-07-09T13:45:25.267Z,1215.613,False,STABILIZE,0.0000000,0.0000000,-1.67,-0.04,0.00,0.00,0.00,2.12,1.34,83.85,0.00,0.00,83.0,0,0.000,-0.01,-1,1,0,0,0,0,0,0,0,0,0,PreArm: Board (3.7v) out of range 4.3-5.8v
2026-07-09T13:45:25.767Z,1216.113,False,STABILIZE,0.0000000,0.0000000,-1.66,-0.04,0.00,0.00,0.00,2.12,1.35,83.85,0.00,0.00,83.0,0,0.000,-0.01,-1,1,0,0,0,0,0,0,0,0,0,PreArm: Board (3.7v) out of range 4.3-5.8v
2026-07-09T13:45:26.268Z,1216.613,False,STABILIZE,0.0000000,0.0000000,-1.67,-0.04,0.00,0.00,0.00,2.12,1.34,83.85,0.00,0.00,83.0,0,0.000,-0.01,-1,1,0,0,0,0,0,0,0,0,0,PreArm: Board (3.7v) out of range 4.3-5.8v
2026-07-09T13:45:26.859Z,1217.205,False,STABILIZE,0.0000000,0.0000000,-1.67,-0.04,0.00,0.00,0.00,2.12,1.34,83.85,0.00,0.00,83.0,0,0.000,-0.01,-1,1,0,0,0,0,0,0,0,0,0,PreArm: Board (3.7v) out of range 4.3-5.8v
2026-07-09T13:45:27.360Z,1217.705,False,STABILIZE,0.0000000,0.0000000,-1.68,-0.04,0.00,0.00,0.00,2.12,1.34,83.85,0.00,0.00,83.0,0,0.000,-0.01,-1,1,0,0,0,0,0,0,0,0,0,PreArm: Board (3.7v) out of range 4.3-5.8v
2026-07-09T13:45:27.860Z,1218.205,False,STABILIZE,0.0000000,0.0000000,-1.66,-0.04,0.00,0.00,0.00,2.12,1.34,83.85,0.00,0.00,83.0,0,0.000,-0.01,-1,1,0,0,0,0,0,0,0,0,0,PreArm: Board (3.7v) out of range 4.3-5.8v
2026-07-09T13:45:28.360Z,1218.706,False,STABILIZE,0.0000000,0.0000000,-1.67,-0.04,0.00,0.00,0.00,2.12,1.34,83.85,0.00,0.00,83.0,0,0.000,-0.01,-1,1,0,0,0,0,0,0,0,0,0,PreArm: Board (3.7v) out of range 4.3-5.8v
2026-07-09T13:45:28.861Z,1219.207,False,STABILIZE,0.0000000,0.0000000,-1.68,-0.04,0.00,0.00,0.00,2.12,1.34,83.85,0.00,0.00,83.0,0,0.000,-0.01,-1,1,0,0,0,0,0,0,0,0,0,PreArm: Board (3.7v) out of range 4.3-5.8v
2026-07-09T13:45:29.362Z,1219.707,False,STABILIZE,0.0000000,0.0000000,-1.66,-0.04,0.00,0.00,0.00,2.12,1.34,83.85,0.00,0.00,83.0,0,0.000,-0.01,-1,1,0,0,0,0,0,0,0,0,0,PreArm: Board (3.6v) out of range 4.3-5.8v
2026-07-09T13:45:29.862Z,1220.207,False,STABILIZE,0.0000000,0.0000000,-1.69,-0.04,0.00,0.00,0.00,2.12,1.34,83.85,0.00,0.00,83.0,0,0.000,-0.01,-1,1,0,0,0,0,0,0,0,0,0,PreArm: Board (3.6v) out of range 4.3-5.8v
2026-07-09T13:45:30.362Z,1220.707,False,STABILIZE,0.0000000,0.0000000,-1.67,-0.04,0.00,0.00,0.00,2.12,1.34,83.85,0.00,0.00,83.0,0,0.000,-0.01,-1,1,0,0,0,0,0,0,0,0,0,PreArm: Board (3.6v) out of range 4.3-5.8v
2026-07-09T13:45:30.863Z,1221.208,False,STABILIZE,0.0000000,0.0000000,-1.65,-0.04,0.00,0.00,0.00,2.12,1.34,83.84,0.00,0.00,83.0,0,0.000,-0.01,-1,1,0,0,0,0,0,0,0,0,0,PreArm: Board (3.6v) out of range 4.3-5.8v
2026-07-09T13:45:31.363Z,1221.708,False,STABILIZE,0.0000000,0.0000000,-1.65,-0.04,0.00,0.00,0.00,2.12,1.34,83.84,0.00,0.00,83.0,0,0.000,-0.01,-1,1,0,0,0,0,0,0,0,0,0,PreArm: Board (3.6v) out of range 4.3-5.8v
2026-07-09T13:45:31.865Z,1222.210,False,STABILIZE,0.0000000,0.0000000,-1.67,-0.04,0.00,0.00,0.00,2.12,1.34,83.84,0.00,0.00,83.0,0,0.000,-0.01,-1,1,0,0,0,0,0,0,0,0,0,PreArm: Board (3.6v) out of range 4.3-5.8v
2026-07-09T13:45:32.366Z,1222.712,False,STABILIZE,0.0000000,0.0000000,-1.68,-0.04,0.00,0.00,0.00,2.12,1.34,83.83,0.00,0.00,83.0,0,0.000,-0.01,-1,1,0,0,0,0,0,0,0,0,0,PreArm: Board (3.6v) out of range 4.3-5.8v
2026-07-09T13:45:32.867Z,1223.212,False,STABILIZE,0.0000000,0.0000000,-1.66,-0.04,0.00,0.00,0.00,2.12,1.34,83.83,0.00,0.00,83.0,0,0.000,-0.01,-1,1,0,0,0,0,0,0,0,0,0,PreArm: Board (3.6v) out of range 4.3-5.8v
2026-07-09T13:45:33.367Z,1223.713,False,STABILIZE,0.0000000,0.0000000,-1.67,-0.04,0.00,0.00,0.00,2.12,1.34,83.83,0.00,0.00,83.0,0,0.000,-0.01,-1,1,0,0,0,0,0,0,0,0,0,PreArm: Board (3.6v) out of range 4.3-5.8v
2026-07-09T13:45:33.867Z,1224.213,False,STABILIZE,0.0000000,0.0000000,-1.66,-0.04,0.00,0.00,0.00,2.12,1.35,83.83,0.00,0.00,83.0,0,0.000,-0.01,-1,1,0,0,0,0,0,0,0,0,0,PreArm: Board (3.6v) out of range 4.3-5.8v
2026-07-09T13:45:34.369Z,1224.715,False,STABILIZE,0.0000000,0.0000000,-1.68,-0.04,0.00,0.00,0.00,2.03,1.32,83.68,0.00,0.00,83.0,0,0.000,-0.01,-1,1,0,0,0,0,0,0,0,0,0,PreArm: Board (3.6v) out of range 4.3-5.8v
2026-07-09T13:45:34.960Z,1225.306,False,STABILIZE,0.0000000,0.0000000,-1.67,-0.04,0.00,0.00,0.00,1.99,1.32,83.64,0.01,0.00,83.0,0,0.000,-0.01,-1,1,0,0,0,0,0,0,0,0,0,PreArm: Board (3.6v) out of range 4.3-5.8v
2026-07-09T13:45:35.460Z,1225.806,False,STABILIZE,0.0000000,0.0000000,-1.69,-0.04,0.00,0.00,0.00,2.02,1.28,83.61,0.00,0.00,83.0,0,0.000,-0.01,-1,1,0,0,0,0,0,0,0,0,0,PreArm: Board (3.6v) out of range 4.3-5.8v
2026-07-09T13:45:35.960Z,1226.306,False,STABILIZE,0.0000000,0.0000000,-1.68,-0.04,0.00,0.00,0.00,2.09,1.35,83.83,0.00,0.00,83.0,0,0.000,-0.01,-1,1,0,0,0,0,0,0,0,0,0,PreArm: Board (3.6v) out of range 4.3-5.8v
2026-07-09T13:45:36.461Z,1226.807,False,STABILIZE,0.0000000,0.0000000,-1.67,-0.04,0.00,0.00,0.00,2.05,1.35,83.84,0.01,0.00,83.0,0,0.000,-0.01,-1,1,0,0,0,0,0,0,0,0,0,PreArm: Board (3.6v) out of range 4.3-5.8v
2026-07-09T13:45:36.963Z,1227.309,False,STABILIZE,0.0000000,0.0000000,-1.66,-0.04,0.00,0.00,0.00,2.12,1.35,83.79,0.00,0.00,83.0,0,0.000,-0.01,-1,1,0,0,0,0,0,0,0,0,0,PreArm: Board (3.6v) out of range 4.3-5.8v
2026-07-09T13:45:37.464Z,1227.809,False,STABILIZE,0.0000000,0.0000000,-1.65,-0.04,0.00,0.00,0.00,2.10,1.36,83.81,0.01,0.00,83.0,0,0.000,-0.01,-1,1,0,0,0,0,0,0,0,0,0,PreArm: Board (3.6v) out of range 4.3-5.8v
2026-07-09T13:45:37.964Z,1228.310,False,STABILIZE,0.0000000,0.0000000,-1.66,-0.04,0.00,0.00,0.00,2.11,1.36,83.83,0.00,0.00,83.0,0,0.000,-0.01,-1,1,0,0,0,0,0,0,0,0,0,PreArm: Board (3.6v) out of range 4.3-5.8v
2026-07-09T13:45:38.467Z,1228.813,False,STABILIZE,0.0000000,0.0000000,-1.66,-0.04,0.00,0.00,0.00,2.10,1.35,83.82,0.00,0.00,83.0,0,0.000,-0.01,-1,1,0,0,0,0,0,0,0,0,0,PreArm: Board (3.6v) out of range 4.3-5.8v
2026-07-09T13:45:39.059Z,1229.405,False,STABILIZE,0.0000000,0.0000000,-1.65,-0.04,0.00,0.00,0.00,2.10,1.36,83.82,0.01,0.00,83.0,0,0.000,-0.01,-1,1,0,0,0,0,0,0,0,0,0,PreArm: Board (3.6v) out of range 4.3-5.8v
2026-07-09T13:45:39.563Z,1229.909,False,STABILIZE,0.0000000,0.0000000,-1.65,-0.04,0.00,0.00,0.00,2.10,1.36,83.82,0.01,0.00,83.0,0,0.000,-0.01,-1,1,0,0,0,0,0,0,0,0,0,PreArm: Board (3.6v) out of range 4.3-5.8v
2026-07-09T13:45:40.065Z,1230.411,False,STABILIZE,0.0000000,0.0000000,-1.66,-0.04,0.00,0.00,0.00,2.10,1.36,83.83,0.00,0.00,83.0,0,0.000,-0.01,-1,1,0,0,0,0,0,0,0,0,0,PreArm: Board (3.6v) out of range 4.3-5.8v
2026-07-09T13:45:40.566Z,1230.912,False,STABILIZE,0.0000000,0.0000000,-1.65,-0.04,0.00,0.00,0.00,2.10,1.36,83.83,0.00,0.00,83.0,0,0.000,-0.01,-1,1,0,0,0,0,0,0,0,0,0,PreArm: Board (3.6v) out of range 4.3-5.8v
2026-07-09T13:45:41.069Z,1231.415,False,STABILIZE,0.0000000,0.0000000,-1.64,-0.04,0.00,0.00,0.00,2.10,1.36,83.83,0.00,0.00,83.0,0,0.000,-0.01,-1,1,0,0,0,0,0,0,0,0,0,PreArm: Board (3.6v) out of range 4.3-5.8v
2026-07-09T13:45:41.601Z,1231.947,False,STABILIZE,0.0000000,0.0000000,-1.67,-0.04,0.00,0.00,0.00,2.10,1.36,83.83,0.00,0.00,83.0,0,0.000,-0.01,-1,1,0,0,0,0,0,0,0,0,0,PreArm: Board (3.6v) out of range 4.3-5.8v
2026-07-09T13:45:42.160Z,1232.505,False,STABILIZE,0.0000000,0.0000000,-1.69,-0.04,0.00,0.00,0.00,2.10,1.36,83.83,0.00,0.00,83.0,0,0.000,-0.01,-1,1,0,0,0,0,0,0,0,0,0,PreArm: Board (3.6v) out of range 4.3-5.8v
2026-07-09T13:45:42.660Z,1233.005,False,STABILIZE,0.0000000,0.0000000,-1.63,-0.04,0.00,0.00,0.00,2.10,1.36,83.83,0.00,0.00,83.0,0,0.000,-0.01,-1,1,0,0,0,0,0,0,0,0,0,PreArm: Board (3.6v) out of range 4.3-5.8v
2026-07-09T13:45:43.161Z,1233.507,False,STABILIZE,0.0000000,0.0000000,-1.68,-0.04,0.00,0.00,0.00,2.10,1.36,83.83,0.00,0.00,83.0,0,0.000,-0.01,-1,1,0,0,0,0,0,0,0,0,0,PreArm: Board (3.6v) out of range 4.3-5.8v
2026-07-09T13:45:43.661Z,1234.007,False,STABILIZE,0.0000000,0.0000000,-1.65,-0.04,0.00,0.00,0.00,2.10,1.36,83.83,0.00,0.00,83.0,0,0.000,-0.01,-1,1,0,0,0,0,0,0,0,0,0,PreArm: Board (3.6v) out of range 4.3-5.8v
2026-07-09T13:45:44.162Z,1234.508,False,STABILIZE,0.0000000,0.0000000,-1.65,-0.04,0.00,0.00,0.00,2.10,1.36,83.83,0.00,0.00,83.0,0,0.000,-0.01,-1,1,0,0,0,0,0,0,0,0,0,PreArm: Board (3.6v) out of range 4.3-5.8v
2026-07-09T13:45:44.662Z,1235.008,False,STABILIZE,0.0000000,0.0000000,-1.66,-0.04,0.00,0.00,0.00,2.10,1.36,83.83,0.00,0.00,83.0,0,0.000,-0.01,-1,1,0,0,0,0,0,0,0,0,0,PreArm: Board (3.6v) out of range 4.3-5.8v
2026-07-09T13:45:45.162Z,1235.508,False,STABILIZE,0.0000000,0.0000000,-1.67,-0.04,0.00,0.00,0.00,2.10,1.36,83.83,0.00,0.00,83.0,0,0.000,-0.01,-1,1,0,0,0,0,0,0,0,0,0,PreArm: Board (3.6v) out of range 4.3-5.8v
2026-07-09T13:45:45.663Z,1236.008,False,STABILIZE,0.0000000,0.0000000,-1.67,-0.04,0.00,0.00,0.00,2.10,1.35,83.83,0.00,0.00,83.0,0,0.000,-0.01,-1,1,0,0,0,0,0,0,0,0,0,PreArm: Board (3.6v) out of range 4.3-5.8v
2026-07-09T13:45:46.163Z,1236.508,False,STABILIZE,0.0000000,0.0000000,-1.66,-0.04,0.00,0.00,0.00,2.10,1.35,83.84,0.00,0.00,83.0,0,0.000,-0.01,-1,1,0,0,0,0,0,0,0,0,0,PreArm: Board (3.6v) out of range 4.3-5.8v
2026-07-09T13:45:46.665Z,1237.010,False,STABILIZE,0.0000000,0.0000000,-1.67,-0.04,0.00,0.00,0.00,2.10,1.35,83.84,0.00,0.00,83.0,0,0.000,-0.01,-1,1,0,0,0,0,0,0,0,0,0,PreArm: Board (3.6v) out of range 4.3-5.8v
2026-07-09T13:45:47.165Z,1237.510,False,STABILIZE,0.0000000,0.0000000,-1.68,-0.04,0.00,0.00,0.00,2.10,1.34,83.84,0.00,0.00,83.0,0,0.000,-0.01,-1,1,0,0,0,0,0,0,0,0,0,PreArm: Board (3.6v) out of range 4.3-5.8v
2026-07-09T13:45:47.665Z,1238.010,False,STABILIZE,0.0000000,0.0000000,-1.64,-0.04,0.00,0.00,0.00,2.09,1.34,83.84,0.00,0.00,83.0,0,0.000,-0.01,-1,1,0,0,0,0,0,0,0,0,0,PreArm: Board (3.6v) out of range 4.3-5.8v
2026-07-09T13:45:48.165Z,1238.510,False,STABILIZE,0.0000000,0.0000000,-1.64,-0.04,0.00,0.00,0.00,2.09,1.33,83.84,0.00,0.00,83.0,0,0.000,-0.01,-1,1,0,0,0,0,0,0,0,0,0,PreArm: Board (3.6v) out of range 4.3-5.8v
2026-07-09T13:45:48.665Z,1239.010,False,STABILIZE,0.0000000,0.0000000,-1.65,-0.04,0.00,0.00,0.00,2.09,1.34,83.85,0.00,0.00,83.0,0,0.000,-0.01,-1,1,0,0,0,0,0,0,0,0,0,PreArm: Board (3.6v) out of range 4.3-5.8v
2026-07-09T13:45:49.167Z,1239.512,False,STABILIZE,0.0000000,0.0000000,-1.65,-0.04,0.00,0.00,0.00,2.09,1.34,83.85,0.00,0.00,83.0,0,0.000,-0.01,-1,1,0,0,0,0,0,0,0,0,0,PreArm: Board (3.6v) out of range 4.3-5.8v
2026-07-09T13:45:49.667Z,1240.013,False,STABILIZE,0.0000000,0.0000000,-1.64,-0.04,0.00,0.00,0.00,2.09,1.34,83.85,0.00,0.00,83.0,0,0.000,-0.01,-1,1,0,0,0,0,0,0,0,0,0,PreArm: Board (3.6v) out of range 4.3-5.8v
2026-07-09T13:45:50.262Z,1240.607,False,STABILIZE,0.0000000,0.0000000,-1.64,-0.04,0.00,0.00,0.00,2.09,1.33,83.85,0.00,0.00,83.0,0,0.000,-0.01,-1,1,0,0,0,0,0,0,0,0,0,PreArm: Board (3.6v) out of range 4.3-5.8v
2026-07-09T13:45:50.762Z,1241.107,False,STABILIZE,0.0000000,0.0000000,-1.64,-0.04,0.00,0.00,0.00,2.09,1.33,83.86,0.01,0.00,83.0,0,0.000,-0.01,-1,1,0,0,0,0,0,0,0,0,0,PreArm: Board (3.6v) out of range 4.3-5.8v
2026-07-09T13:45:51.262Z,1241.608,False,STABILIZE,0.0000000,0.0000000,-1.64,-0.04,0.00,0.00,0.00,2.09,1.33,83.86,0.01,0.00,83.0,0,0.000,-0.01,-1,1,0,0,0,0,0,0,0,0,0,PreArm: Board (3.6v) out of range 4.3-5.8v
2026-07-09T13:45:51.765Z,1242.111,False,STABILIZE,0.0000000,0.0000000,-1.63,-0.04,0.00,0.00,0.00,2.09,1.33,83.86,0.01,0.00,83.0,0,0.000,-0.01,-1,1,0,0,0,0,0,0,0,0,0,PreArm: Board (3.6v) out of range 4.3-5.8v
2026-07-09T13:45:52.266Z,1242.611,False,STABILIZE,0.0000000,0.0000000,-1.63,-0.04,0.00,0.00,0.00,2.10,1.33,83.86,0.01,0.00,83.0,0,0.000,-0.01,-1,1,0,0,0,0,0,0,0,0,0,PreArm: Board (3.6v) out of range 4.3-5.8v
2026-07-09T13:45:52.767Z,1243.112,False,STABILIZE,0.0000000,0.0000000,-1.64,-0.04,0.00,0.00,0.00,2.10,1.33,83.86,0.01,0.00,83.0,0,0.000,-0.01,-1,1,0,0,0,0,0,0,0,0,0,PreArm: Board (3.6v) out of range 4.3-5.8v
2026-07-09T13:45:53.270Z,1243.615,False,STABILIZE,0.0000000,0.0000000,-1.61,-0.04,0.00,0.00,0.00,2.09,1.32,83.86,0.01,0.00,83.0,0,0.000,-0.01,-1,1,0,0,0,0,0,0,0,0,0,PreArm: Board (3.6v) out of range 4.3-5.8v
2026-07-09T13:45:53.865Z,1244.211,False,STABILIZE,0.0000000,0.0000000,-1.63,-0.04,0.00,0.00,0.00,2.09,1.32,83.86,0.01,0.00,83.0,0,0.000,-0.01,-1,1,0,0,0,0,0,0,0,0,0,PreArm: Board (3.6v) out of range 4.3-5.8v
2026-07-09T13:45:54.367Z,1244.713,False,STABILIZE,0.0000000,0.0000000,-1.63,-0.04,0.00,0.00,0.00,2.10,1.32,83.86,0.01,0.00,83.0,0,0.000,-0.01,-1,1,0,0,0,0,0,0,0,0,0,PreArm: Board (3.6v) out of range 4.3-5.8v
2026-07-09T13:45:54.960Z,1245.306,False,STABILIZE,0.0000000,0.0000000,-1.63,-0.04,0.00,0.00,0.00,2.10,1.33,83.86,0.01,0.00,83.0,0,0.000,-0.01,-1,1,0,0,0,0,0,0,0,0,0,PreArm: Board (3.6v) out of range 4.3-5.8v
2026-07-09T13:45:55.462Z,1245.808,False,STABILIZE,0.0000000,0.0000000,-1.63,-0.04,0.00,0.00,0.00,2.09,1.33,83.86,0.01,0.00,83.0,0,0.000,-0.01,-1,1,0,0,0,0,0,0,0,0,0,PreArm: Board (3.6v) out of range 4.3-5.8v
2026-07-09T13:45:55.963Z,1246.308,False,STABILIZE,0.0000000,0.0000000,-1.62,-0.04,0.00,0.00,0.00,2.09,1.33,83.86,0.01,0.00,83.0,0,0.000,-0.01,-1,1,0,0,0,0,0,0,0,0,0,PreArm: Board (3.6v) out of range 4.3-5.8v
2026-07-09T13:45:56.464Z,1246.810,False,STABILIZE,0.0000000,0.0000000,-1.61,-0.04,0.00,0.00,0.00,2.09,1.33,83.86,0.01,0.00,83.0,0,0.000,-0.01,-1,1,0,0,0,0,0,0,0,0,0,PreArm: Board (3.6v) out of range 4.3-5.8v
2026-07-09T13:45:56.964Z,1247.310,False,STABILIZE,0.0000000,0.0000000,-1.64,-0.04,0.00,0.00,0.00,2.10,1.33,83.86,0.00,0.00,83.0,0,0.000,-0.01,-1,1,0,0,0,0,0,0,0,0,0,PreArm: Board (3.6v) out of range 4.3-5.8v
2026-07-09T13:45:57.464Z,1247.810,False,STABILIZE,0.0000000,0.0000000,-1.65,-0.04,0.00,0.00,0.00,2.10,1.33,83.87,0.00,0.00,83.0,0,0.000,-0.01,-1,1,0,0,0,0,0,0,0,0,0,PreArm: Board (3.6v) out of range 4.3-5.8v
2026-07-09T13:45:57.964Z,1248.310,False,STABILIZE,0.0000000,0.0000000,-1.63,-0.04,0.00,0.00,0.00,2.10,1.34,83.87,0.00,0.00,83.0,0,0.000,-0.01,-1,1,0,0,0,0,0,0,0,0,0,PreArm: Board (3.6v) out of range 4.3-5.8v
2026-07-09T13:45:58.465Z,1248.810,False,STABILIZE,0.0000000,0.0000000,-1.65,-0.04,0.00,0.00,0.00,2.10,1.34,83.87,0.00,0.00,83.0,0,0.000,-0.01,-1,1,0,0,0,0,0,0,0,0,0,PreArm: Board (3.6v) out of range 4.3-5.8v
2026-07-09T13:45:58.966Z,1249.311,False,STABILIZE,0.0000000,0.0000000,-1.60,-0.04,0.00,0.00,0.00,2.10,1.34,83.87,0.00,0.00,83.0,0,0.000,-0.01,-1,1,0,0,0,0,0,0,0,0,0,PreArm: Board (3.6v) out of range 4.3-5.8v
2026-07-09T13:45:59.466Z,1249.811,False,STABILIZE,0.0000000,0.0000000,-1.62,-0.04,0.00,0.00,0.00,2.10,1.34,83.87,0.00,0.00,83.0,0,0.000,-0.01,-1,1,0,0,0,0,0,0,0,0,0,PreArm: Board (3.6v) out of range 4.3-5.8v
2026-07-09T13:45:59.966Z,1250.312,False,STABILIZE,0.0000000,0.0000000,-1.63,-0.04,0.00,0.00,0.00,2.10,1.34,83.88,0.00,0.00,83.0,0,0.000,-0.01,-1,1,0,0,0,0,0,0,0,0,0,PreArm: Board (3.6v) out of range 4.3-5.8v
2026-07-09T13:46:00.466Z,1250.812,False,STABILIZE,0.0000000,0.0000000,-1.65,-0.04,0.00,0.00,0.00,2.10,1.34,83.87,0.00,0.00,83.0,0,0.000,-0.01,-1,1,0,0,0,0,0,0,0,0,0,PreArm: Board (3.6v) out of range 4.3-5.8v
2026-07-09T13:46:01.060Z,1251.406,False,STABILIZE,0.0000000,0.0000000,-1.66,-0.04,0.00,0.00,0.00,2.10,1.34,83.88,0.00,0.00,83.0,0,0.000,-0.01,-1,1,0,0,0,0,0,0,0,0,0,PreArm: Board (3.6v) out of range 4.3-5.8v
2026-07-09T13:46:01.564Z,1251.909,False,STABILIZE,0.0000000,0.0000000,-1.64,-0.04,0.00,0.00,0.00,2.10,1.34,83.88,0.00,0.00,83.0,0,0.000,-0.01,-1,1,0,0,0,0,0,0,0,0,0,PreArm: Board (3.6v) out of range 4.3-5.8v
2026-07-09T13:46:02.064Z,1252.410,False,STABILIZE,0.0000000,0.0000000,-1.64,-0.04,0.00,0.00,0.00,2.10,1.34,83.88,0.00,0.00,83.0,0,0.000,-0.01,-1,1,0,0,0,0,0,0,0,0,0,PreArm: Board (3.6v) out of range 4.3-5.8v
2026-07-09T13:46:02.567Z,1252.912,False,STABILIZE,0.0000000,0.0000000,-1.65,-0.04,0.00,0.00,0.00,2.10,1.34,83.88,0.00,0.00,83.0,0,0.000,-0.01,-1,1,0,0,0,0,0,0,0,0,0,PreArm: Board (3.6v) out of range 4.3-5.8v
2026-07-09T13:46:03.067Z,1253.412,False,STABILIZE,0.0000000,0.0000000,-1.64,-0.04,0.00,0.00,0.00,2.10,1.35,83.88,0.00,0.00,83.0,0,0.000,-0.01,-1,1,0,0,0,0,0,0,0,0,0,PreArm: Board (3.6v) out of range 4.3-5.8v
2026-07-09T13:46:03.600Z,1253.946,False,STABILIZE,0.0000000,0.0000000,-1.66,-0.04,0.00,0.00,0.00,2.10,1.34,83.89,0.00,0.00,83.0,0,0.000,-0.01,-1,1,0,0,0,0,0,0,0,0,0,PreArm: Board (3.6v) out of range 4.3-5.8v
2026-07-09T13:46:04.160Z,1254.505,False,STABILIZE,0.0000000,0.0000000,-1.64,-0.04,0.00,0.00,0.00,2.10,1.35,83.88,0.00,0.00,83.0,0,0.000,-0.01,-1,1,0,0,0,0,0,0,0,0,0,PreArm: Board (3.6v) out of range 4.3-5.8v
2026-07-09T13:46:04.660Z,1255.005,False,STABILIZE,0.0000000,0.0000000,-1.65,-0.04,0.00,0.00,0.00,2.10,1.35,83.88,0.00,0.00,83.0,0,0.000,-0.01,-1,1,0,0,0,0,0,0,0,0,0,PreArm: Board (3.6v) out of range 4.3-5.8v
2026-07-09T13:46:05.161Z,1255.506,False,STABILIZE,0.0000000,0.0000000,-1.67,-0.04,0.00,0.00,0.00,2.10,1.34,83.89,0.00,0.00,83.0,0,0.000,-0.01,-1,1,0,0,0,0,0,0,0,0,0,PreArm: Board (3.6v) out of range 4.3-5.8v
2026-07-09T13:46:05.662Z,1256.008,False,STABILIZE,0.0000000,0.0000000,-1.63,-0.04,0.00,0.00,0.00,2.10,1.34,83.89,0.00,0.00,83.0,0,0.000,-0.01,-1,1,0,0,0,0,0,0,0,0,0,PreArm: Board (3.6v) out of range 4.3-5.8v
2026-07-09T13:46:06.165Z,1256.510,False,STABILIZE,0.0000000,0.0000000,-1.64,-0.04,0.00,0.00,0.00,2.10,1.34,83.89,0.00,0.00,83.0,0,0.000,-0.01,-1,1,0,0,0,0,0,0,0,0,0,PreArm: Board (3.6v) out of range 4.3-5.8v
2026-07-09T13:46:06.667Z,1257.012,False,STABILIZE,0.0000000,0.0000000,-1.64,-0.04,0.00,0.00,0.00,2.10,1.34,83.89,0.00,0.00,83.0,0,0.000,-0.01,-1,1,0,0,0,0,0,0,0,0,0,PreArm: Board (3.6v) out of range 4.3-5.8v
2026-07-09T13:46:07.167Z,1257.512,False,STABILIZE,0.0000000,0.0000000,-1.65,-0.04,0.00,0.00,0.00,2.10,1.34,83.89,0.00,0.00,83.0,0,0.000,-0.01,-1,1,0,0,0,0,0,0,0,0,0,PreArm: Board (3.6v) out of range 4.3-5.8v
2026-07-09T13:46:07.670Z,1258.016,False,STABILIZE,0.0000000,0.0000000,-1.66,-0.04,0.00,0.00,0.00,2.10,1.34,83.89,0.00,0.00,83.0,0,0.000,-0.01,-1,1,0,0,0,0,0,0,0,0,0,PreArm: Board (3.6v) out of range 4.3-5.8v
2026-07-09T13:46:08.261Z,1258.606,False,STABILIZE,0.0000000,0.0000000,-1.65,-0.04,0.00,0.00,0.00,2.10,1.33,83.89,0.00,0.00,83.0,0,0.000,-0.01,-1,1,0,0,0,0,0,0,0,0,0,PreArm: Board (3.6v) out of range 4.3-5.8v
2026-07-09T13:46:08.762Z,1259.108,False,STABILIZE,0.0000000,0.0000000,-1.62,-0.04,0.00,0.00,0.00,2.10,1.33,83.89,0.00,0.00,83.0,0,0.000,-0.01,-1,1,0,0,0,0,0,0,0,0,0,PreArm: Board (3.6v) out of range 4.3-5.8v
2026-07-09T13:46:09.266Z,1259.611,False,STABILIZE,0.0000000,0.0000000,-1.66,-0.04,0.00,0.00,0.00,2.10,1.33,83.90,0.00,0.00,83.0,0,0.000,-0.01,-1,1,0,0,0,0,0,0,0,0,0,PreArm: Board (3.6v) out of range 4.3-5.8v
2026-07-09T13:46:09.767Z,1260.112,False,STABILIZE,0.0000000,0.0000000,-1.67,-0.04,0.00,0.00,0.00,2.10,1.33,83.90,0.00,0.00,83.0,0,0.000,-0.01,-1,1,0,0,0,0,0,0,0,0,0,PreArm: Board (3.6v) out of range 4.3-5.8v
2026-07-09T13:46:10.360Z,1260.705,False,STABILIZE,0.0000000,0.0000000,-1.65,-0.04,0.00,0.00,0.00,2.10,1.33,83.90,0.00,0.00,83.0,0,0.000,-0.01,-1,1,0,0,0,0,0,0,0,0,0,PreArm: Board (3.6v) out of range 4.3-5.8v
2026-07-09T13:46:10.863Z,1261.208,False,STABILIZE,0.0000000,0.0000000,-1.65,-0.04,0.00,0.00,0.00,2.10,1.33,83.90,0.00,0.00,83.0,0,0.000,-0.01,-1,1,0,0,0,0,0,0,0,0,0,PreArm: Board (3.6v) out of range 4.3-5.8v
2026-07-09T13:46:11.363Z,1261.708,False,STABILIZE,0.0000000,0.0000000,-1.63,-0.04,0.00,0.00,0.00,2.10,1.33,83.90,0.00,0.00,83.0,0,0.000,-0.01,-1,1,0,0,0,0,0,0,0,0,0,PreArm: Board (3.6v) out of range 4.3-5.8v
2026-07-09T13:46:11.864Z,1262.209,False,STABILIZE,0.0000000,0.0000000,-1.65,-0.04,0.00,0.00,0.00,2.10,1.34,83.90,0.00,0.00,83.0,0,0.000,-0.01,-1,1,0,0,0,0,0,0,0,0,0,PreArm: Board (3.6v) out of range 4.3-5.8v
2026-07-09T13:46:12.365Z,1262.711,False,STABILIZE,0.0000000,0.0000000,-1.63,-0.04,0.00,0.00,0.00,2.10,1.34,83.90,0.00,0.00,83.0,0,0.000,-0.01,-1,1,0,0,0,0,0,0,0,0,0,PreArm: Board (3.6v) out of range 4.3-5.8v
2026-07-09T13:46:12.867Z,1263.213,False,STABILIZE,0.0000000,0.0000000,-1.64,-0.04,0.00,0.00,0.00,2.10,1.34,83.90,0.00,0.00,83.0,0,0.000,-0.01,-1,1,0,0,0,0,0,0,0,0,0,PreArm: Board (3.6v) out of range 4.3-5.8v
2026-07-09T13:46:13.368Z,1263.714,False,STABILIZE,0.0000000,0.0000000,-1.64,-0.04,0.00,0.00,0.00,2.10,1.34,83.90,0.00,0.00,83.0,0,0.000,-0.01,-1,1,0,0,0,0,0,0,0,0,0,PreArm: Board (3.6v) out of range 4.3-5.8v
2026-07-09T13:46:13.868Z,1264.214,False,STABILIZE,0.0000000,0.0000000,-1.64,-0.04,0.00,0.00,0.00,2.10,1.34,83.91,0.00,0.00,83.0,0,0.000,-0.01,-1,1,0,0,0,0,0,0,0,0,0,PreArm: Board (3.6v) out of range 4.3-5.8v
2026-07-09T13:46:14.369Z,1264.715,False,STABILIZE,0.0000000,0.0000000,-1.63,-0.04,0.00,0.00,0.00,2.10,1.34,83.90,0.00,0.00,83.0,0,0.000,-0.01,-1,1,0,0,0,0,0,0,0,0,0,PreArm: Board (3.6v) out of range 4.3-5.8v
2026-07-09T13:46:14.960Z,1265.305,False,STABILIZE,0.0000000,0.0000000,-1.64,-0.04,0.00,0.00,0.00,2.10,1.34,83.90,0.00,0.00,83.0,0,0.000,-0.01,-1,1,0,0,0,0,0,0,0,0,0,PreArm: Board (3.6v) out of range 4.3-5.8v
2026-07-09T13:46:15.460Z,1265.806,False,STABILIZE,0.0000000,0.0000000,-1.62,-0.04,0.00,0.00,0.00,2.10,1.34,83.91,0.00,0.00,83.0,0,0.000,-0.01,-1,1,0,0,0,0,0,0,0,0,0,PreArm: Board (3.6v) out of range 4.3-5.8v
2026-07-09T13:46:15.960Z,1266.306,False,STABILIZE,0.0000000,0.0000000,-1.64,-0.04,0.00,0.00,0.00,2.10,1.33,83.91,0.00,0.00,83.0,0,0.000,-0.01,-1,1,0,0,0,0,0,0,0,0,0,PreArm: Board (3.6v) out of range 4.3-5.8v
2026-07-09T13:46:16.460Z,1266.806,False,STABILIZE,0.0000000,0.0000000,-1.59,-0.04,0.00,0.00,0.00,2.10,1.33,83.90,0.00,0.00,83.0,0,0.000,-0.01,-1,1,0,0,0,0,0,0,0,0,0,PreArm: Board (3.6v) out of range 4.3-5.8v
2026-07-09T13:46:16.961Z,1267.306,False,STABILIZE,0.0000000,0.0000000,-1.61,-0.04,0.00,0.00,0.00,2.10,1.34,83.90,0.00,0.00,83.0,0,0.000,-0.01,-1,1,0,0,0,0,0,0,0,0,0,PreArm: Board (3.6v) out of range 4.3-5.8v
2026-07-09T13:46:17.462Z,1267.808,False,STABILIZE,0.0000000,0.0000000,-1.63,-0.04,0.00,0.00,0.00,2.10,1.33,83.91,0.00,0.00,83.0,0,0.000,-0.01,-1,1,0,0,0,0,0,0,0,0,0,PreArm: Board (3.6v) out of range 4.3-5.8v
2026-07-09T13:46:17.963Z,1268.308,False,STABILIZE,0.0000000,0.0000000,-1.61,-0.04,0.00,0.00,0.00,2.10,1.34,83.91,0.00,0.00,83.0,0,0.000,-0.01,-1,1,0,0,0,0,0,0,0,0,0,PreArm: Board (3.6v) out of range 4.3-5.8v
2026-07-09T13:46:18.463Z,1268.808,False,STABILIZE,0.0000000,0.0000000,-1.65,-0.04,0.00,0.00,0.00,2.10,1.34,83.91,0.00,0.00,83.0,0,0.000,-0.01,-1,1,0,0,0,0,0,0,0,0,0,PreArm: Board (3.6v) out of range 4.3-5.8v
2026-07-09T13:46:18.963Z,1269.308,False,STABILIZE,0.0000000,0.0000000,-1.63,-0.04,0.00,0.00,0.00,2.10,1.34,83.90,0.00,0.00,83.0,0,0.000,-0.01,-1,1,0,0,0,0,0,0,0,0,0,PreArm: Board (3.6v) out of range 4.3-5.8v
2026-07-09T13:46:19.463Z,1269.808,False,STABILIZE,0.0000000,0.0000000,-1.63,-0.04,0.00,0.00,0.00,2.10,1.34,83.90,0.00,0.00,83.0,0,0.000,-0.01,-1,1,0,0,0,0,0,0,0,0,0,PreArm: Board (3.6v) out of range 4.3-5.8v
2026-07-09T13:46:19.963Z,1270.309,False,STABILIZE,0.0000000,0.0000000,-1.64,-0.04,0.00,0.00,0.00,2.10,1.34,83.91,0.00,0.00,83.0,0,0.000,-0.01,-1,1,0,0,0,0,0,0,0,0,0,PreArm: Board (3.6v) out of range 4.3-5.8v
2026-07-09T13:46:20.464Z,1270.810,False,STABILIZE,0.0000000,0.0000000,-1.59,-0.04,0.00,0.00,0.00,2.10,1.34,83.90,0.00,0.00,83.0,0,0.000,-0.01,-1,1,0,0,0,0,0,0,0,0,0,PreArm: Board (3.6v) out of range 4.3-5.8v
2026-07-09T13:46:20.966Z,1271.311,False,STABILIZE,0.0000000,0.0000000,-1.61,-0.04,0.00,0.00,0.00,2.10,1.34,83.90,0.00,0.00,83.0,0,0.000,-0.01,-1,1,0,0,0,0,0,0,0,0,0,PreArm: Board (3.6v) out of range 4.3-5.8v
2026-07-09T13:46:21.466Z,1271.811,False,STABILIZE,0.0000000,0.0000000,-1.60,-0.04,0.00,0.00,0.00,2.10,1.35,83.90,0.00,0.00,83.0,0,0.000,-0.01,-1,1,0,0,0,0,0,0,0,0,0,PreArm: Board (3.6v) out of range 4.3-5.8v
2026-07-09T13:46:21.966Z,1272.312,False,STABILIZE,0.0000000,0.0000000,-1.61,-0.04,0.00,0.00,0.00,2.10,1.35,83.90,0.00,0.00,83.0,0,0.000,-0.01,-1,1,0,0,0,0,0,0,0,0,0,PreArm: Board (3.6v) out of range 4.3-5.8v
2026-07-09T13:46:22.467Z,1272.813,False,STABILIZE,0.0000000,0.0000000,-1.63,-0.04,0.00,0.00,0.00,2.10,1.35,83.90,0.00,0.00,83.0,0,0.000,-0.01,-1,1,0,0,0,0,0,0,0,0,0,PreArm: Board (3.6v) out of range 4.3-5.8v
2026-07-09T13:46:22.967Z,1273.313,False,STABILIZE,0.0000000,0.0000000,-1.61,-0.04,0.00,0.00,0.00,2.10,1.35,83.90,0.00,0.00,83.0,0,0.000,-0.01,-1,1,0,0,0,0,0,0,0,0,0,PreArm: Board (3.6v) out of range 4.3-5.8v
2026-07-09T13:46:23.559Z,1273.905,False,STABILIZE,0.0000000,0.0000000,-1.60,-0.04,0.00,0.00,0.00,2.10,1.35,83.90,0.00,0.00,83.0,0,0.000,-0.01,-1,1,0,0,0,0,0,0,0,0,0,PreArm: Board (3.6v) out of range 4.3-5.8v
2026-07-09T13:46:24.060Z,1274.405,False,STABILIZE,0.0000000,0.0000000,-1.62,-0.04,0.00,0.00,0.00,2.10,1.35,83.90,0.00,0.00,83.0,0,0.000,-0.01,-1,1,0,0,0,0,0,0,0,0,0,PreArm: Board (3.6v) out of range 4.3-5.8v
2026-07-09T13:46:24.562Z,1274.908,False,STABILIZE,0.0000000,0.0000000,-1.63,-0.04,0.00,0.00,0.00,2.10,1.35,83.89,0.00,0.00,83.0,0,0.000,-0.01,-1,1,0,0,0,0,0,0,0,0,0,PreArm: Board (3.6v) out of range 4.3-5.8v
2026-07-09T13:46:25.062Z,1275.408,False,STABILIZE,0.0000000,0.0000000,-1.60,-0.04,0.00,0.00,0.00,2.10,1.35,83.90,0.00,0.00,83.0,0,0.000,-0.01,-1,1,0,0,0,0,0,0,0,0,0,PreArm: Board (3.6v) out of range 4.3-5.8v
2026-07-09T13:46:25.562Z,1275.908,False,STABILIZE,0.0000000,0.0000000,-1.63,-0.04,0.00,0.00,0.00,2.10,1.35,83.89,0.00,0.00,83.0,0,0.000,-0.01,-1,1,0,0,0,0,0,0,0,0,0,PreArm: Board (3.6v) out of range 4.3-5.8v
2026-07-09T13:46:26.063Z,1276.409,False,STABILIZE,0.0000000,0.0000000,-1.61,-0.04,0.00,0.00,0.00,2.11,1.35,83.89,0.00,0.00,83.0,0,0.000,-0.01,-1,1,0,0,0,0,0,0,0,0,0,PreArm: Board (3.6v) out of range 4.3-5.8v
2026-07-09T13:46:26.564Z,1276.909,False,STABILIZE,0.0000000,0.0000000,-1.60,-0.04,0.00,0.00,0.00,2.10,1.35,83.89,0.00,0.00,83.0,0,0.000,-0.01,-1,1,0,0,0,0,0,0,0,0,0,PreArm: Board (3.6v) out of range 4.3-5.8v
2026-07-09T13:46:27.066Z,1277.411,False,STABILIZE,0.0000000,0.0000000,-1.61,-0.04,0.00,0.00,0.00,2.10,1.35,83.89,0.00,0.00,83.0,0,0.000,-0.01,-1,1,0,0,0,0,0,0,0,0,0,PreArm: Board (3.6v) out of range 4.3-5.8v
2026-07-09T13:46:27.566Z,1277.911,False,STABILIZE,0.0000000,0.0000000,-1.60,-0.04,0.00,0.00,0.00,2.10,1.35,83.89,0.00,0.00,83.0,0,0.000,-0.01,-1,1,0,0,0,0,0,0,0,0,0,PreArm: Board (3.6v) out of range 4.3-5.8v
2026-07-09T13:46:28.069Z,1278.414,False,STABILIZE,0.0000000,0.0000000,-1.59,-0.04,0.00,0.00,0.00,2.10,1.35,83.89,0.00,0.00,83.0,0,0.000,-0.01,-1,1,0,0,0,0,0,0,0,0,0,PreArm: Board (3.6v) out of range 4.3-5.8v
2026-07-09T13:46:28.569Z,1278.915,False,STABILIZE,0.0000000,0.0000000,-1.61,-0.04,0.00,0.00,0.00,2.10,1.35,83.89,0.00,0.00,83.0,0,0.000,-0.01,-1,1,0,0,0,0,0,0,0,0,0,PreArm: Board (3.6v) out of range 4.3-5.8v
2026-07-09T13:46:29.162Z,1279.507,False,STABILIZE,0.0000000,0.0000000,-1.62,-0.04,0.00,0.00,0.00,2.10,1.35,83.89,0.00,0.00,83.0,0,0.000,-0.01,-1,1,0,0,0,0,0,0,0,0,0,PreArm: Board (3.6v) out of range 4.3-5.8v
2026-07-09T13:46:29.662Z,1280.008,False,STABILIZE,0.0000000,0.0000000,-1.60,-0.04,0.00,0.00,0.00,2.10,1.35,83.89,0.00,0.00,83.0,0,0.000,-0.01,-1,1,0,0,0,0,0,0,0,0,0,PreArm: Board (3.6v) out of range 4.3-5.8v
2026-07-09T13:46:30.162Z,1280.508,False,STABILIZE,0.0000000,0.0000000,-1.61,-0.04,0.00,0.00,0.00,2.10,1.35,83.89,0.00,0.00,83.0,0,0.000,-0.01,-1,1,0,0,0,0,0,0,0,0,0,PreArm: Board (3.6v) out of range 4.3-5.8v
2026-07-09T13:46:30.663Z,1281.008,False,STABILIZE,0.0000000,0.0000000,-1.59,-0.04,0.00,0.00,0.00,2.10,1.35,83.89,0.00,0.00,83.0,0,0.000,-0.01,-1,1,0,0,0,0,0,0,0,0,0,PreArm: Board (3.6v) out of range 4.3-5.8v
2026-07-09T13:46:31.163Z,1281.508,False,STABILIZE,0.0000000,0.0000000,-1.58,-0.04,0.00,0.00,0.00,2.10,1.36,83.88,0.00,0.00,83.0,0,0.000,-0.01,-1,1,0,0,0,0,0,0,0,0,0,PreArm: Board (3.6v) out of range 4.3-5.8v
2026-07-09T13:46:31.664Z,1282.010,False,STABILIZE,0.0000000,0.0000000,-1.60,-0.04,0.00,0.00,0.00,2.10,1.36,83.88,0.00,0.00,83.0,0,0.000,-0.01,-1,1,0,0,0,0,0,0,0,0,0,PreArm: Board (3.6v) out of range 4.3-5.8v
2026-07-09T13:46:32.164Z,1282.510,False,STABILIZE,0.0000000,0.0000000,-1.61,-0.04,0.00,0.00,0.00,2.10,1.35,83.88,0.00,0.00,83.0,0,0.000,-0.01,-1,1,0,0,0,0,0,0,0,0,0,PreArm: Board (3.6v) out of range 4.3-5.8v
2026-07-09T13:46:32.664Z,1283.010,False,STABILIZE,0.0000000,0.0000000,-1.60,-0.04,0.00,0.00,0.00,2.09,1.35,83.88,0.00,0.00,83.0,0,0.000,-0.01,-1,1,0,0,0,0,0,0,0,0,0,PreArm: Board (3.6v) out of range 4.3-5.8v
2026-07-09T13:46:33.165Z,1283.510,False,STABILIZE,0.0000000,0.0000000,-1.59,-0.04,0.00,0.00,0.00,2.09,1.35,83.88,0.00,0.00,83.0,0,0.000,-0.01,-1,1,0,0,0,0,0,0,0,0,0,PreArm: Board (3.6v) out of range 4.3-5.8v
2026-07-09T13:46:33.666Z,1284.012,False,STABILIZE,0.0000000,0.0000000,-1.58,-0.04,0.00,0.00,0.00,2.09,1.34,83.88,0.00,0.00,83.0,0,0.000,-0.01,-1,1,0,0,0,0,0,0,0,0,0,PreArm: Board (3.6v) out of range 4.3-5.8v
2026-07-09T13:46:34.166Z,1284.512,False,STABILIZE,0.0000000,0.0000000,-1.60,-0.04,0.00,0.00,0.00,2.09,1.34,83.88,0.00,0.00,83.0,0,0.000,-0.01,-1,1,0,0,0,0,0,0,0,0,0,PreArm: Board (3.6v) out of range 4.3-5.8v
2026-07-09T13:46:34.667Z,1285.013,False,STABILIZE,0.0000000,0.0000000,-1.58,-0.04,0.00,0.00,0.00,2.09,1.34,83.88,0.00,0.00,83.0,0,0.000,-0.01,-1,1,0,0,0,0,0,0,0,0,0,PreArm: Board (3.6v) out of range 4.3-5.8v
2026-07-09T13:46:35.167Z,1285.513,False,STABILIZE,0.0000000,0.0000000,-1.60,-0.04,0.00,0.00,0.00,2.09,1.34,83.87,0.00,0.00,83.0,0,0.000,-0.01,-1,1,0,0,0,0,0,0,0,0,0,PreArm: Board (3.6v) out of range 4.3-5.8v
2026-07-09T13:46:35.759Z,1286.105,False,STABILIZE,0.0000000,0.0000000,-1.60,-0.04,0.00,0.00,0.00,2.09,1.33,83.87,0.00,0.00,83.0,0,0.000,-0.01,-1,1,0,0,0,0,0,0,0,0,0,PreArm: Board (3.6v) out of range 4.3-5.8v
2026-07-09T13:46:36.261Z,1286.607,False,STABILIZE,0.0000000,0.0000000,-1.59,-0.04,0.00,0.00,0.00,2.09,1.33,83.88,0.00,0.00,83.0,0,0.000,-0.01,-1,1,0,0,0,0,0,0,0,0,0,PreArm: Board (3.6v) out of range 4.3-5.8v
2026-07-09T13:46:36.762Z,1287.107,False,STABILIZE,0.0000000,0.0000000,-1.59,-0.04,0.00,0.00,0.00,2.09,1.34,83.88,0.00,0.00,83.0,0,0.000,-0.01,-1,1,0,0,0,0,0,0,0,0,0,PreArm: Board (3.6v) out of range 4.3-5.8v
2026-07-09T13:46:37.262Z,1287.607,False,STABILIZE,0.0000000,0.0000000,-1.61,-0.04,0.00,0.00,0.00,2.09,1.34,83.88,0.00,0.00,83.0,0,0.000,-0.01,-1,1,0,0,0,0,0,0,0,0,0,PreArm: Board (3.6v) out of range 4.3-5.8v
2026-07-09T13:46:37.762Z,1288.107,False,STABILIZE,0.0000000,0.0000000,-1.56,-0.04,0.00,0.00,0.00,2.10,1.34,83.88,0.00,0.00,83.0,0,0.000,-0.01,-1,1,0,0,0,0,0,0,0,0,0,PreArm: Board (3.6v) out of range 4.3-5.8v
2026-07-09T13:46:38.262Z,1288.607,False,STABILIZE,0.0000000,0.0000000,-1.62,-0.04,0.00,0.00,0.00,2.09,1.34,83.88,0.00,0.00,83.0,0,0.000,-0.01,-1,1,0,0,0,0,0,0,0,0,0,PreArm: Board (3.6v) out of range 4.3-5.8v
2026-07-09T13:46:38.762Z,1289.107,False,STABILIZE,0.0000000,0.0000000,-1.58,-0.04,0.00,0.00,0.00,2.09,1.34,83.88,0.00,0.00,83.0,0,0.000,-0.01,-1,1,0,0,0,0,0,0,0,0,0,PreArm: Board (3.6v) out of range 4.3-5.8v
2026-07-09T13:46:39.264Z,1289.610,False,STABILIZE,0.0000000,0.0000000,-1.58,-0.04,0.00,0.00,0.00,2.09,1.34,83.88,0.00,0.00,83.0,0,0.000,-0.01,-1,1,0,0,0,0,0,0,0,0,0,PreArm: Board (3.6v) out of range 4.3-5.8v
2026-07-09T13:46:39.765Z,1290.110,False,STABILIZE,0.0000000,0.0000000,-1.62,-0.04,0.00,0.00,0.00,2.09,1.33,83.88,0.00,0.00,83.0,0,0.000,-0.01,-1,1,0,0,0,0,0,0,0,0,0,PreArm: Board (3.6v) out of range 4.3-5.8v
2026-07-09T13:46:40.267Z,1290.612,False,STABILIZE,0.0000000,0.0000000,-1.61,-0.04,0.00,0.00,0.00,2.10,1.34,83.88,0.00,0.00,83.0,0,0.000,-0.01,-1,1,0,0,0,0,0,0,0,0,0,PreArm: Board (3.6v) out of range 4.3-5.8v
2026-07-09T13:46:40.767Z,1291.112,False,STABILIZE,0.0000000,0.0000000,-1.61,-0.04,0.00,0.00,0.00,2.10,1.33,83.88,0.00,0.00,83.0,0,0.000,-0.01,-1,1,0,0,0,0,0,0,0,0,0,PreArm: Board (3.6v) out of range 4.3-5.8v
2026-07-09T13:46:41.268Z,1291.614,False,STABILIZE,0.0000000,0.0000000,-1.58,-0.04,0.00,0.00,0.00,2.10,1.33,83.88,0.00,0.00,83.0,0,0.000,-0.01,-1,1,0,0,0,0,0,0,0,0,0,PreArm: Board (3.6v) out of range 4.3-5.8v
2026-07-09T13:46:41.860Z,1292.205,False,STABILIZE,0.0000000,0.0000000,-1.59,-0.04,0.00,0.00,0.00,2.10,1.33,83.88,0.00,0.00,83.0,0,0.000,-0.01,-1,1,0,0,0,0,0,0,0,0,0,PreArm: Board (3.6v) out of range 4.3-5.8v
2026-07-09T13:46:42.362Z,1292.708,False,STABILIZE,0.0000000,0.0000000,-1.60,-0.04,0.00,0.00,0.00,2.10,1.33,83.89,0.00,0.00,83.0,0,0.000,-0.01,-1,1,0,0,0,0,0,0,0,0,0,PreArm: Board (3.6v) out of range 4.3-5.8v
2026-07-09T13:46:42.864Z,1293.209,False,STABILIZE,0.0000000,0.0000000,-1.61,-0.04,0.00,0.00,0.00,2.10,1.33,83.88,0.00,0.00,83.0,0,0.000,-0.01,-1,1,0,0,0,0,0,0,0,0,0,PreArm: Board (3.6v) out of range 4.3-5.8v
2026-07-09T13:46:43.364Z,1293.710,False,STABILIZE,0.0000000,0.0000000,-1.59,-0.04,0.00,0.00,0.00,2.10,1.33,83.88,0.00,0.00,83.0,0,0.000,-0.01,-1,1,0,0,0,0,0,0,0,0,0,PreArm: Board (3.6v) out of range 4.3-5.8v
2026-07-09T13:46:43.866Z,1294.212,False,STABILIZE,0.0000000,0.0000000,-1.61,-0.04,0.00,0.00,0.00,2.10,1.33,83.88,0.00,0.00,83.0,0,0.000,-0.01,-1,1,0,0,0,0,0,0,0,0,0,PreArm: Board (3.6v) out of range 4.3-5.8v
2026-07-09T13:46:44.459Z,1294.805,False,STABILIZE,0.0000000,0.0000000,-1.61,-0.04,0.00,0.00,0.00,2.10,1.32,83.88,0.00,0.00,83.0,0,0.000,-0.01,-1,1,0,0,0,0,0,0,0,0,0,PreArm: Board (3.6v) out of range 4.3-5.8v
2026-07-09T13:46:44.959Z,1295.305,False,STABILIZE,0.0000000,0.0000000,-1.61,-0.04,0.00,0.00,0.00,2.10,1.33,83.88,0.00,0.00,83.0,0,0.000,-0.01,-1,1,0,0,0,0,0,0,0,0,0,PreArm: Board (3.6v) out of range 4.3-5.8v
2026-07-09T13:46:45.459Z,1295.805,False,STABILIZE,0.0000000,0.0000000,-1.64,-0.04,0.00,0.00,0.00,2.10,1.33,83.88,0.01,0.00,83.0,0,0.000,-0.01,-1,1,0,0,0,0,0,0,0,0,0,PreArm: Board (3.6v) out of range 4.3-5.8v
2026-07-09T13:46:45.960Z,1296.305,False,STABILIZE,0.0000000,0.0000000,-1.66,-0.04,0.00,0.00,0.00,2.10,1.33,83.88,0.01,0.00,83.0,0,0.000,-0.01,-1,1,0,0,0,0,0,0,0,0,0,PreArm: Board (3.6v) out of range 4.3-5.8v
2026-07-09T13:46:46.460Z,1296.806,False,STABILIZE,0.0000000,0.0000000,-1.60,-0.04,0.00,0.00,0.00,2.10,1.33,83.88,0.01,0.00,83.0,0,0.000,-0.01,-1,1,0,0,0,0,0,0,0,0,0,PreArm: Board (3.6v) out of range 4.3-5.8v
2026-07-09T13:46:46.962Z,1297.307,False,STABILIZE,0.0000000,0.0000000,-1.60,-0.04,0.00,0.00,0.00,2.10,1.33,83.88,0.01,0.00,83.0,0,0.000,-0.01,-1,1,0,0,0,0,0,0,0,0,0,PreArm: Board (3.6v) out of range 4.3-5.8v
2026-07-09T13:46:47.463Z,1297.809,False,STABILIZE,0.0000000,0.0000000,-1.62,-0.04,0.00,0.00,0.00,2.10,1.34,83.88,0.01,0.00,83.0,0,0.000,-0.01,-1,1,0,0,0,0,0,0,0,0,0,PreArm: Board (3.6v) out of range 4.3-5.8v
2026-07-09T13:46:47.964Z,1298.310,False,STABILIZE,0.0000000,0.0000000,-1.64,-0.04,0.00,0.00,0.00,2.10,1.34,83.88,0.00,0.00,83.0,0,0.000,-0.01,-1,1,0,0,0,0,0,0,0,0,0,PreArm: Board (3.6v) out of range 4.3-5.8v
2026-07-09T13:46:48.464Z,1298.810,False,STABILIZE,0.0000000,0.0000000,-1.60,-0.04,0.00,0.00,0.00,2.10,1.34,83.88,0.00,0.00,83.0,0,0.000,-0.01,-1,1,0,0,0,0,0,0,0,0,0,PreArm: Board (3.6v) out of range 4.3-5.8v
2026-07-09T13:46:48.965Z,1299.311,False,STABILIZE,0.0000000,0.0000000,-1.62,-0.04,0.00,0.00,0.00,2.10,1.34,83.88,0.00,0.00,83.0,0,0.000,-0.01,-1,1,0,0,0,0,0,0,0,0,0,PreArm: Board (3.6v) out of range 4.3-5.8v
2026-07-09T13:46:49.561Z,1299.907,False,STABILIZE,0.0000000,0.0000000,-1.61,-0.04,0.00,0.00,0.00,2.09,1.35,83.89,0.00,0.00,83.0,0,0.000,-0.01,-1,1,0,0,0,0,0,0,0,0,0,PreArm: Board (3.6v) out of range 4.3-5.8v
2026-07-09T13:46:50.061Z,1300.407,False,STABILIZE,0.0000000,0.0000000,-1.58,-0.04,0.00,0.00,0.00,2.09,1.35,83.89,0.00,0.00,83.0,0,0.000,-0.01,-1,1,0,0,0,0,0,0,0,0,0,PreArm: Board (3.6v) out of range 4.3-5.8v
2026-07-09T13:46:50.562Z,1300.907,False,STABILIZE,0.0000000,0.0000000,-1.64,-0.04,0.00,0.00,0.00,2.09,1.35,83.88,0.00,0.00,83.0,0,0.000,-0.01,-1,1,0,0,0,0,0,0,0,0,0,PreArm: Board (3.6v) out of range 4.3-5.8v
2026-07-09T13:46:51.062Z,1301.407,False,STABILIZE,0.0000000,0.0000000,-1.61,-0.04,0.00,0.00,0.00,2.09,1.35,83.88,0.00,0.00,83.0,0,0.000,-0.01,-1,1,0,0,0,0,0,0,0,0,0,PreArm: Board (3.6v) out of range 4.3-5.8v
2026-07-09T13:46:51.562Z,1301.907,False,STABILIZE,0.0000000,0.0000000,-1.61,-0.04,0.00,0.00,0.00,2.09,1.35,83.88,0.00,0.00,83.0,0,0.000,-0.01,-1,1,0,0,0,0,0,0,0,0,0,PreArm: Board (3.6v) out of range 4.3-5.8v
2026-07-09T13:46:52.064Z,1302.410,False,STABILIZE,0.0000000,0.0000000,-1.59,-0.04,0.00,0.00,0.00,2.09,1.35,83.88,0.00,0.00,83.0,0,0.000,-0.01,-1,1,0,0,0,0,0,0,0,0,0,PreArm: Board (3.6v) out of range 4.3-5.8v
2026-07-09T13:46:52.566Z,1302.912,False,STABILIZE,0.0000000,0.0000000,-1.62,-0.04,0.00,0.00,0.00,2.09,1.35,83.87,0.00,0.00,83.0,0,0.000,-0.01,-1,1,0,0,0,0,0,0,0,0,0,PreArm: Board (3.6v) out of range 4.3-5.8v
2026-07-09T13:46:53.068Z,1303.413,False,STABILIZE,0.0000000,0.0000000,-1.63,-0.04,0.00,0.00,0.00,2.10,1.35,83.87,0.00,0.00,83.0,0,0.000,-0.01,-1,1,0,0,0,0,0,0,0,0,0,PreArm: Board (3.6v) out of range 4.3-5.8v
2026-07-09T13:46:53.570Z,1303.915,False,STABILIZE,0.0000000,0.0000000,-1.58,-0.04,0.00,0.00,0.00,2.10,1.35,83.88,0.00,0.00,83.0,0,0.000,-0.01,-1,1,0,0,0,0,0,0,0,0,0,PreArm: Board (3.6v) out of range 4.3-5.8v
2026-07-09T13:46:54.160Z,1304.505,False,STABILIZE,0.0000000,0.0000000,-1.61,-0.04,0.00,0.00,0.00,2.10,1.35,83.87,0.00,0.00,83.0,0,0.000,-0.01,-1,1,0,0,0,0,0,0,0,0,0,PreArm: Board (3.6v) out of range 4.3-5.8v
2026-07-09T13:46:54.660Z,1305.005,False,STABILIZE,0.0000000,0.0000000,-1.62,-0.04,0.00,0.00,0.00,2.10,1.35,83.87,0.00,0.00,83.0,0,0.000,-0.01,-1,1,0,0,0,0,0,0,0,0,0,PreArm: Board (3.6v) out of range 4.3-5.8v
2026-07-09T13:46:55.162Z,1305.508,False,STABILIZE,0.0000000,0.0000000,-1.61,-0.04,0.00,0.00,0.00,2.10,1.34,83.87,0.00,0.00,83.0,0,0.000,-0.01,-1,1,0,0,0,0,0,0,0,0,0,PreArm: Board (3.6v) out of range 4.3-5.8v
2026-07-09T13:46:55.662Z,1306.008,False,STABILIZE,0.0000000,0.0000000,-1.64,-0.04,0.00,0.00,0.00,2.10,1.34,83.87,0.00,0.00,83.0,0,0.000,-0.01,-1,1,0,0,0,0,0,0,0,0,0,PreArm: Board (3.6v) out of range 4.3-5.8v
2026-07-09T13:46:56.164Z,1306.509,False,STABILIZE,0.0000000,0.0000000,-1.60,-0.04,0.00,0.00,0.00,2.10,1.34,83.87,0.00,0.00,83.0,0,0.000,-0.01,-1,1,0,0,0,0,0,0,0,0,0,PreArm: Board (3.6v) out of range 4.3-5.8v
2026-07-09T13:46:56.664Z,1307.010,False,STABILIZE,0.0000000,0.0000000,-1.60,-0.04,0.00,0.00,0.00,2.10,1.34,83.87,0.00,0.00,83.0,0,0.000,-0.01,-1,1,0,0,0,0,0,0,0,0,0,PreArm: Board (3.6v) out of range 4.3-5.8v
2026-07-09T13:46:57.165Z,1307.511,False,STABILIZE,0.0000000,0.0000000,-1.59,-0.04,0.00,0.00,0.00,2.10,1.34,83.87,0.00,0.00,83.0,0,0.000,-0.01,-1,1,0,0,0,0,0,0,0,0,0,PreArm: Board (3.6v) out of range 4.3-5.8v
2026-07-09T13:46:57.667Z,1308.012,False,STABILIZE,0.0000000,0.0000000,-1.61,-0.04,0.00,0.00,0.00,2.10,1.34,83.87,0.00,0.00,83.0,0,0.000,-0.01,-1,1,0,0,0,0,0,0,0,0,0,PreArm: Board (3.6v) out of range 4.3-5.8v
2026-07-09T13:46:58.167Z,1308.512,False,STABILIZE,0.0000000,0.0000000,-1.62,-0.04,0.00,0.00,0.00,2.10,1.34,83.87,0.00,0.00,83.0,0,0.000,-0.01,-1,1,0,0,0,0,0,0,0,0,0,PreArm: Board (3.6v) out of range 4.3-5.8v
2026-07-09T13:46:58.667Z,1309.013,False,STABILIZE,0.0000000,0.0000000,-1.60,-0.04,0.00,0.00,0.00,2.10,1.35,83.87,0.00,0.00,83.0,0,0.000,-0.01,-1,1,0,0,0,0,0,0,0,0,0,PreArm: Board (3.6v) out of range 4.3-5.8v
2026-07-09T13:46:59.260Z,1309.605,False,STABILIZE,0.0000000,0.0000000,-1.60,-0.04,0.00,0.00,0.00,2.10,1.34,83.87,0.00,0.00,83.0,0,0.000,-0.01,-1,1,0,0,0,0,0,0,0,0,0,PreArm: Board (3.6v) out of range 4.3-5.8v
2026-07-09T13:46:59.762Z,1310.107,False,STABILIZE,0.0000000,0.0000000,-1.60,-0.04,0.00,0.00,0.00,2.10,1.35,83.87,0.00,0.00,83.0,0,0.000,-0.01,-1,1,0,0,0,0,0,0,0,0,0,PreArm: Board (3.6v) out of range 4.3-5.8v
2026-07-09T13:47:00.262Z,1310.608,False,STABILIZE,0.0000000,0.0000000,-1.60,-0.04,0.00,0.00,0.00,2.10,1.35,83.87,0.00,0.00,83.0,0,0.000,-0.01,-1,1,0,0,0,0,0,0,0,0,0,PreArm: Board (3.6v) out of range 4.3-5.8v
2026-07-09T13:47:00.763Z,1311.108,False,STABILIZE,0.0000000,0.0000000,-1.60,-0.04,0.00,0.00,0.00,2.10,1.35,83.87,0.00,0.00,83.0,0,0.000,-0.01,-1,1,0,0,0,0,0,0,0,0,0,PreArm: Board (3.6v) out of range 4.3-5.8v
2026-07-09T13:47:01.263Z,1311.608,False,STABILIZE,0.0000000,0.0000000,-1.62,-0.04,0.00,0.00,0.00,2.09,1.35,83.87,0.00,0.00,83.0,0,0.000,-0.01,-1,1,0,0,0,0,0,0,0,0,0,PreArm: RC not found
2026-07-09T13:47:01.764Z,1312.109,False,STABILIZE,0.0000000,0.0000000,-1.62,-0.04,0.00,0.00,0.00,2.09,1.35,83.87,0.00,0.00,83.0,0,0.000,-0.01,-1,1,0,0,0,0,0,0,0,0,0,PreArm: Board (3.6v) out of range 4.3-5.8v
2026-07-09T13:47:02.264Z,1312.610,False,STABILIZE,0.0000000,0.0000000,-1.59,-0.04,0.00,0.00,0.00,2.09,1.35,83.88,0.00,0.00,83.0,0,0.000,-0.01,-1,1,0,0,0,0,0,0,0,0,0,PreArm: Board (3.6v) out of range 4.3-5.8v
2026-07-09T13:47:02.764Z,1313.110,False,STABILIZE,0.0000000,0.0000000,-1.59,-0.04,0.00,0.00,0.00,2.09,1.35,83.88,0.00,0.00,83.0,0,0.000,-0.01,-1,1,0,0,0,0,0,0,0,0,0,PreArm: Board (3.6v) out of range 4.3-5.8v
2026-07-09T13:47:03.264Z,1313.610,False,STABILIZE,0.0000000,0.0000000,-1.62,-0.04,0.00,0.00,0.00,2.09,1.34,83.88,0.00,0.00,83.0,0,0.000,-0.01,-1,1,0,0,0,0,0,0,0,0,0,PreArm: Board (3.6v) out of range 4.3-5.8v
2026-07-09T13:47:03.764Z,1314.110,False,STABILIZE,0.0000000,0.0000000,-1.58,-0.04,0.00,0.00,0.00,2.09,1.34,83.88,0.00,0.00,83.0,0,0.000,-0.01,-1,1,0,0,0,0,0,0,0,0,0,PreArm: Board (3.6v) out of range 4.3-5.8v
2026-07-09T13:47:04.265Z,1314.611,False,STABILIZE,0.0000000,0.0000000,-1.60,-0.04,0.00,0.00,0.00,2.09,1.35,83.88,0.00,0.00,83.0,0,0.000,-0.01,-1,1,0,0,0,0,0,0,0,0,0,PreArm: Board (3.6v) out of range 4.3-5.8v
2026-07-09T13:47:04.766Z,1315.111,False,STABILIZE,0.0000000,0.0000000,-1.58,-0.04,0.00,0.00,0.00,2.09,1.35,83.88,0.00,0.00,83.0,0,0.000,-0.01,-1,1,0,0,0,0,0,0,0,0,0,PreArm: Board (3.6v) out of range 4.3-5.8v
2026-07-09T13:47:05.267Z,1315.613,False,STABILIZE,0.0000000,0.0000000,-1.61,-0.04,0.00,0.00,0.00,2.10,1.35,83.88,0.00,0.00,83.0,0,0.000,-0.01,-1,1,0,0,0,0,0,0,0,0,0,PreArm: Board (3.6v) out of range 4.3-5.8v
2026-07-09T13:47:05.860Z,1316.206,False,STABILIZE,0.0000000,0.0000000,-1.58,-0.04,0.00,0.00,0.00,2.10,1.35,83.88,0.00,0.00,83.0,0,0.000,-0.01,-1,1,0,0,0,0,0,0,0,0,0,PreArm: Board (3.6v) out of range 4.3-5.8v
2026-07-09T13:47:06.361Z,1316.707,False,STABILIZE,0.0000000,0.0000000,-1.61,-0.04,0.00,0.00,0.00,2.10,1.35,83.88,0.00,0.00,83.0,0,0.000,-0.01,-1,1,0,0,0,0,0,0,0,0,0,PreArm: Board (3.6v) out of range 4.3-5.8v
2026-07-09T13:47:06.861Z,1317.207,False,STABILIZE,0.0000000,0.0000000,-1.56,-0.04,0.00,0.00,0.00,2.10,1.35,83.88,0.00,0.00,83.0,0,0.000,-0.01,-1,1,0,0,0,0,0,0,0,0,0,PreArm: Board (3.6v) out of range 4.3-5.8v
2026-07-09T13:47:07.361Z,1317.707,False,STABILIZE,0.0000000,0.0000000,-1.54,-0.04,0.00,0.00,0.00,2.10,1.35,83.88,0.00,0.00,83.0,0,0.000,-0.01,-1,1,0,0,0,0,0,0,0,0,0,PreArm: Board (3.6v) out of range 4.3-5.8v
2026-07-09T13:47:07.861Z,1318.207,False,STABILIZE,0.0000000,0.0000000,-1.60,-0.04,0.00,0.00,0.00,2.10,1.35,83.88,0.00,0.00,83.0,0,0.000,-0.01,-1,1,0,0,0,0,0,0,0,0,0,PreArm: Board (3.6v) out of range 4.3-5.8v
2026-07-09T13:47:08.361Z,1318.707,False,STABILIZE,0.0000000,0.0000000,-1.61,-0.04,0.00,0.00,0.00,2.10,1.35,83.89,0.00,0.00,83.0,0,0.000,-0.01,-1,1,0,0,0,0,0,0,0,0,0,PreArm: Board (3.6v) out of range 4.3-5.8v
2026-07-09T13:47:08.863Z,1319.207,False,STABILIZE,0.0000000,0.0000000,-1.57,-0.04,0.00,0.00,0.00,2.10,1.35,83.89,0.00,0.00,83.0,0,0.000,-0.01,-1,1,0,0,0,0,0,0,0,0,0,PreArm: Board (3.6v) out of range 4.3-5.8v
2026-07-09T13:47:09.362Z,1319.707,False,STABILIZE,0.0000000,0.0000000,-1.57,-0.04,0.00,0.00,0.00,2.10,1.35,83.89,0.00,0.00,83.0,0,0.000,-0.01,-1,1,0,0,0,0,0,0,0,0,0,PreArm: Board (3.6v) out of range 4.3-5.8v
2026-07-09T13:47:09.863Z,1320.209,False,STABILIZE,0.0000000,0.0000000,-1.55,-0.04,0.00,0.00,0.00,2.10,1.35,83.89,0.00,0.00,83.0,0,0.000,-0.01,-1,1,0,0,0,0,0,0,0,0,0,PreArm: Board (3.6v) out of range 4.3-5.8v
2026-07-09T13:47:10.366Z,1320.712,False,STABILIZE,0.0000000,0.0000000,-1.58,-0.04,0.00,0.00,0.00,2.10,1.36,83.89,0.00,0.00,83.0,0,0.000,-0.01,-1,1,0,0,0,0,0,0,0,0,0,PreArm: Board (3.6v) out of range 4.3-5.8v
2026-07-09T13:47:10.866Z,1321.212,False,STABILIZE,0.0000000,0.0000000,-1.59,-0.04,0.00,0.00,0.00,2.10,1.36,83.89,0.00,0.00,83.0,0,0.000,-0.01,-1,1,0,0,0,0,0,0,0,0,0,PreArm: Board (3.6v) out of range 4.3-5.8v
2026-07-09T13:47:11.368Z,1321.714,False,STABILIZE,0.0000000,0.0000000,-1.56,-0.04,0.00,0.00,0.00,2.10,1.36,83.89,0.01,0.00,83.0,0,0.000,-0.01,-1,1,0,0,0,0,0,0,0,0,0,PreArm: Board (3.6v) out of range 4.3-5.8v
2026-07-09T13:47:11.960Z,1322.305,False,STABILIZE,0.0000000,0.0000000,-1.57,-0.04,0.00,0.00,0.00,2.10,1.36,83.89,0.01,0.00,83.0,0,0.000,-0.01,-1,1,0,0,0,0,0,0,0,0,0,PreArm: Board (3.6v) out of range 4.3-5.8v
2026-07-09T13:47:12.460Z,1322.805,False,STABILIZE,0.0000000,0.0000000,-1.56,-0.04,0.00,0.00,0.00,2.09,1.36,83.89,0.01,0.00,83.0,0,0.000,-0.01,-1,1,0,0,0,0,0,0,0,0,0,PreArm: Board (3.6v) out of range 4.3-5.8v
2026-07-09T13:47:12.960Z,1323.305,False,STABILIZE,0.0000000,0.0000000,-1.54,-0.04,0.00,0.00,0.00,2.09,1.35,83.89,0.01,0.00,83.0,0,0.000,-0.01,-1,1,0,0,0,0,0,0,0,0,0,PreArm: Board (3.6v) out of range 4.3-5.8v
2026-07-09T13:47:13.460Z,1323.805,False,STABILIZE,0.0000000,0.0000000,-1.59,-0.04,0.00,0.00,0.00,2.10,1.35,83.89,0.00,0.00,83.0,0,0.000,-0.01,-1,1,0,0,0,0,0,0,0,0,0,PreArm: Board (3.6v) out of range 4.3-5.8v
2026-07-09T13:47:13.960Z,1324.306,False,STABILIZE,0.0000000,0.0000000,-1.58,-0.04,0.00,0.00,0.00,2.10,1.35,83.89,0.00,0.00,83.0,0,0.000,-0.01,-1,1,0,0,0,0,0,0,0,0,0,PreArm: Board (3.6v) out of range 4.3-5.8v
2026-07-09T13:47:14.461Z,1324.807,False,STABILIZE,0.0000000,0.0000000,-1.55,-0.04,0.00,0.00,0.00,2.09,1.35,83.89,0.00,0.00,83.0,0,0.000,-0.01,-1,1,0,0,0,0,0,0,0,0,0,PreArm: Board (3.6v) out of range 4.3-5.8v
2026-07-09T13:47:14.963Z,1325.309,False,STABILIZE,0.0000000,0.0000000,-1.57,-0.04,0.00,0.00,0.00,2.09,1.35,83.89,0.00,0.00,83.0,0,0.000,-0.01,-1,1,0,0,0,0,0,0,0,0,0,PreArm: Board (3.6v) out of range 4.3-5.8v
2026-07-09T13:47:15.463Z,1325.809,False,STABILIZE,0.0000000,0.0000000,-1.57,-0.04,0.00,0.00,0.00,2.09,1.35,83.89,0.00,0.00,83.0,0,0.000,-0.01,-1,1,0,0,0,0,0,0,0,0,0,PreArm: Board (3.6v) out of range 4.3-5.8v
2026-07-09T13:47:15.964Z,1326.309,False,STABILIZE,0.0000000,0.0000000,-1.57,-0.04,0.00,0.00,0.00,2.09,1.35,83.89,0.00,0.00,83.0,0,0.000,-0.01,-1,1,0,0,0,0,0,0,0,0,0,PreArm: Board (3.6v) out of range 4.3-5.8v
2026-07-09T13:47:16.464Z,1326.809,False,STABILIZE,0.0000000,0.0000000,-1.55,-0.04,0.00,0.00,0.00,2.09,1.34,83.89,0.00,0.00,83.0,0,0.000,-0.01,-1,1,0,0,0,0,0,0,0,0,0,PreArm: Board (3.6v) out of range 4.3-5.8v
2026-07-09T13:47:16.964Z,1327.309,False,STABILIZE,0.0000000,0.0000000,-1.60,-0.04,0.00,0.00,0.00,2.09,1.34,83.89,0.00,0.00,83.0,0,0.000,-0.01,-1,1,0,0,0,0,0,0,0,0,0,PreArm: Board (3.6v) out of range 4.3-5.8v
2026-07-09T13:47:17.466Z,1327.811,False,STABILIZE,0.0000000,0.0000000,-1.58,-0.04,0.00,0.00,0.00,2.09,1.34,83.89,0.00,0.00,83.0,0,0.000,-0.01,-1,1,0,0,0,0,0,0,0,0,0,PreArm: Board (3.6v) out of range 4.3-5.8v
2026-07-09T13:47:17.968Z,1328.314,False,STABILIZE,0.0000000,0.0000000,-1.57,-0.04,0.00,0.00,0.00,2.09,1.34,83.90,0.00,0.00,83.0,0,0.000,-0.01,-1,1,0,0,0,0,0,0,0,0,0,PreArm: Board (3.6v) out of range 4.3-5.8v
2026-07-09T13:47:18.562Z,1328.908,False,STABILIZE,0.0000000,0.0000000,-1.55,-0.04,0.00,0.00,0.00,2.09,1.34,83.90,0.00,0.00,83.0,0,0.000,-0.01,-1,1,0,0,0,0,0,0,0,0,0,PreArm: Board (3.6v) out of range 4.3-5.8v
2026-07-09T13:47:19.064Z,1329.409,False,STABILIZE,0.0000000,0.0000000,-1.55,-0.04,0.00,0.00,0.00,2.09,1.34,83.90,0.00,0.00,83.0,0,0.000,-0.01,-1,1,0,0,0,0,0,0,0,0,0,PreArm: Board (3.6v) out of range 4.3-5.8v
2026-07-09T13:47:19.565Z,1329.911,False,STABILIZE,0.0000000,0.0000000,-1.58,-0.04,0.00,0.00,0.00,2.10,1.34,83.90,0.00,0.00,83.0,0,0.000,-0.01,-1,1,0,0,0,0,0,0,0,0,0,PreArm: Board (3.6v) out of range 4.3-5.8v
2026-07-09T13:47:20.065Z,1330.411,False,STABILIZE,0.0000000,0.0000000,-1.58,-0.04,0.00,0.00,0.00,2.09,1.34,83.90,0.00,0.00,83.0,0,0.000,-0.01,-1,1,0,0,0,0,0,0,0,0,0,PreArm: Board (3.6v) out of range 4.3-5.8v
2026-07-09T13:47:20.566Z,1330.911,False,STABILIZE,0.0000000,0.0000000,-1.56,-0.04,0.00,0.00,0.00,2.09,1.34,83.90,0.00,0.00,83.0,0,0.000,-0.01,-1,1,0,0,0,0,0,0,0,0,0,PreArm: Board (3.6v) out of range 4.3-5.8v
2026-07-09T13:47:21.066Z,1331.411,False,STABILIZE,0.0000000,0.0000000,-1.56,-0.04,0.00,0.00,0.00,2.10,1.34,83.90,0.00,0.00,83.0,0,0.000,-0.01,-1,1,0,0,0,0,0,0,0,0,0,PreArm: Board (3.6v) out of range 4.3-5.8v
2026-07-09T13:47:21.566Z,1331.911,False,STABILIZE,0.0000000,0.0000000,-1.56,-0.04,0.00,0.00,0.00,2.10,1.34,83.90,0.00,0.00,83.0,0,0.000,-0.01,-1,1,0,0,0,0,0,0,0,0,0,PreArm: Board (3.6v) out of range 4.3-5.8v
2026-07-09T13:47:22.068Z,1332.413,False,STABILIZE,0.0000000,0.0000000,-1.55,-0.04,0.00,0.00,0.00,2.10,1.34,83.90,0.00,0.00,83.0,0,0.000,-0.01,-1,1,0,0,0,0,0,0,0,0,0,PreArm: Board (3.6v) out of range 4.3-5.8v
2026-07-09T13:47:22.597Z,1332.943,False,STABILIZE,0.0000000,0.0000000,-1.57,-0.04,0.00,0.00,0.00,2.10,1.33,83.90,0.00,0.00,83.0,0,0.000,-0.01,-1,1,0,0,0,0,0,0,0,0,0,PreArm: Board (3.6v) out of range 4.3-5.8v
2026-07-09T13:47:23.159Z,1333.505,False,STABILIZE,0.0000000,0.0000000,-1.56,-0.04,0.00,0.00,0.00,2.10,1.33,83.90,0.00,0.00,83.0,0,0.000,-0.01,-1,1,0,0,0,0,0,0,0,0,0,PreArm: Board (3.6v) out of range 4.3-5.8v
2026-07-09T13:47:23.659Z,1334.005,False,STABILIZE,0.0000000,0.0000000,-1.58,-0.04,0.00,0.00,0.00,2.10,1.33,83.90,0.00,0.00,83.0,0,0.000,-0.01,-1,1,0,0,0,0,0,0,0,0,0,PreArm: Board (3.6v) out of range 4.3-5.8v
2026-07-09T13:47:24.159Z,1334.505,False,STABILIZE,0.0000000,0.0000000,-1.59,-0.04,0.00,0.00,0.00,2.10,1.33,83.90,0.00,0.00,83.0,0,0.000,-0.01,-1,1,0,0,0,0,0,0,0,0,0,PreArm: Board (3.6v) out of range 4.3-5.8v
2026-07-09T13:47:24.660Z,1335.006,False,STABILIZE,0.0000000,0.0000000,-1.55,-0.04,0.00,0.00,0.00,2.10,1.33,83.90,0.00,0.00,83.0,0,0.000,-0.01,-1,1,0,0,0,0,0,0,0,0,0,PreArm: Board (3.6v) out of range 4.3-5.8v
2026-07-09T13:47:25.161Z,1335.507,False,STABILIZE,0.0000000,0.0000000,-1.61,-0.04,0.00,0.00,0.00,2.10,1.33,83.90,0.00,0.00,83.0,0,0.000,-0.01,-1,1,0,0,0,0,0,0,0,0,0,PreArm: Board (3.6v) out of range 4.3-5.8v
2026-07-09T13:47:25.663Z,1336.008,False,STABILIZE,0.0000000,0.0000000,-1.58,-0.04,0.00,0.00,0.00,2.10,1.32,83.90,0.01,0.00,83.0,0,0.000,-0.01,-1,1,0,0,0,0,0,0,0,0,0,PreArm: Board (3.6v) out of range 4.3-5.8v
2026-07-09T13:47:26.163Z,1336.509,False,STABILIZE,0.0000000,0.0000000,-1.58,-0.04,0.00,0.00,0.00,2.10,1.32,83.90,0.01,0.00,83.0,0,0.000,-0.01,-1,1,0,0,0,0,0,0,0,0,0,PreArm: Board (3.6v) out of range 4.3-5.8v
2026-07-09T13:47:26.664Z,1337.010,False,STABILIZE,0.0000000,0.0000000,-1.54,-0.04,0.00,0.00,0.00,2.10,1.33,83.90,0.01,0.00,83.0,0,0.000,-0.01,-1,1,0,0,0,0,0,0,0,0,0,PreArm: Board (3.6v) out of range 4.3-5.8v
2026-07-09T13:47:27.164Z,1337.510,False,STABILIZE,0.0000000,0.0000000,-1.54,-0.04,0.00,0.00,0.00,2.10,1.33,83.91,0.01,0.00,83.0,0,0.000,-0.01,-1,1,0,0,0,0,0,0,0,0,0,PreArm: Board (3.6v) out of range 4.3-5.8v
2026-07-09T13:47:27.665Z,1338.010,False,STABILIZE,0.0000000,0.0000000,-1.55,-0.04,0.00,0.00,0.00,2.10,1.33,83.91,0.01,0.00,83.0,0,0.000,-0.01,-1,1,0,0,0,0,0,0,0,0,0,PreArm: Board (3.6v) out of range 4.3-5.8v
2026-07-09T13:47:28.166Z,1338.512,False,STABILIZE,0.0000000,0.0000000,-1.55,-0.04,0.00,0.00,0.00,2.10,1.33,83.90,0.01,0.00,83.0,0,0.000,-0.01,-1,1,0,0,0,0,0,0,0,0,0,PreArm: Board (3.6v) out of range 4.3-5.8v
2026-07-09T13:47:28.668Z,1339.014,False,STABILIZE,0.0000000,0.0000000,-1.59,-0.04,0.00,0.00,0.00,2.10,1.33,83.90,0.01,0.00,83.0,0,0.000,-0.01,-1,1,0,0,0,0,0,0,0,0,0,PreArm: Board (3.6v) out of range 4.3-5.8v
2026-07-09T13:47:29.263Z,1339.609,False,STABILIZE,0.0000000,0.0000000,-1.58,-0.04,0.00,0.00,0.00,2.10,1.33,83.90,0.01,0.00,83.0,0,0.000,-0.01,-1,1,0,0,0,0,0,0,0,0,0,PreArm: Board (3.6v) out of range 4.3-5.8v
2026-07-09T13:47:29.764Z,1340.109,False,STABILIZE,0.0000000,0.0000000,-1.58,-0.04,0.00,0.00,0.00,2.10,1.32,83.90,0.01,0.00,83.0,0,0.000,-0.01,-1,1,0,0,0,0,0,0,0,0,0,PreArm: Board (3.6v) out of range 4.3-5.8v
2026-07-09T13:47:30.266Z,1340.612,False,STABILIZE,0.0000000,0.0000000,-1.57,-0.04,0.00,0.00,0.00,2.10,1.33,83.90,0.01,0.00,83.0,0,0.000,-0.01,-1,1,0,0,0,0,0,0,0,0,0,PreArm: Board (3.6v) out of range 4.3-5.8v
2026-07-09T13:47:30.766Z,1341.112,False,STABILIZE,0.0000000,0.0000000,-1.54,-0.04,0.00,0.00,0.00,2.10,1.33,83.90,0.01,0.00,83.0,0,0.000,-0.01,-1,1,0,0,0,0,0,0,0,0,0,PreArm: Board (3.6v) out of range 4.3-5.8v
2026-07-09T13:47:31.266Z,1341.612,False,STABILIZE,0.0000000,0.0000000,-1.55,-0.04,0.00,0.00,0.00,2.10,1.33,83.90,0.01,0.00,83.0,0,0.000,-0.01,-1,1,0,0,0,0,0,0,0,0,0,PreArm: Board (3.6v) out of range 4.3-5.8v
2026-07-09T13:47:31.767Z,1342.112,False,STABILIZE,0.0000000,0.0000000,-1.57,-0.04,0.00,0.00,0.00,2.10,1.33,83.90,0.01,0.00,83.0,0,0.000,-0.01,-1,1,0,0,0,0,0,0,0,0,0,PreArm: Board (3.6v) out of range 4.3-5.8v
2026-07-09T13:47:32.268Z,1342.613,False,STABILIZE,0.0000000,0.0000000,-1.59,-0.04,0.00,0.00,0.00,2.10,1.33,83.91,0.00,0.00,83.0,0,0.000,-0.01,-1,1,0,0,0,0,0,0,0,0,0,PreArm: Board (3.6v) out of range 4.3-5.8v
2026-07-09T13:47:32.768Z,1343.114,False,STABILIZE,0.0000000,0.0000000,-1.57,-0.04,0.00,0.00,0.00,2.10,1.34,83.90,0.00,0.00,83.0,0,0.000,-0.01,-1,1,0,0,0,0,0,0,0,0,0,PreArm: Board (3.6v) out of range 4.3-5.8v
2026-07-09T13:47:33.360Z,1343.705,False,STABILIZE,0.0000000,0.0000000,-1.56,-0.04,0.00,0.00,0.00,2.11,1.33,83.90,0.00,0.00,83.0,0,0.000,-0.01,-1,1,0,0,0,0,0,0,0,0,0,PreArm: Board (3.6v) out of range 4.3-5.8v
2026-07-09T13:47:33.861Z,1344.206,False,STABILIZE,0.0000000,0.0000000,-1.52,-0.04,0.00,0.00,0.00,2.10,1.33,83.91,0.00,0.00,83.0,0,0.000,-0.01,-1,1,0,0,0,0,0,0,0,0,0,PreArm: Board (3.6v) out of range 4.3-5.8v
2026-07-09T13:47:34.361Z,1344.707,False,STABILIZE,0.0000000,0.0000000,-1.53,-0.04,0.00,0.00,0.00,2.11,1.34,83.91,0.00,0.00,83.0,0,0.000,-0.01,-1,1,0,0,0,0,0,0,0,0,0,PreArm: Board (3.6v) out of range 4.3-5.8v
2026-07-09T13:47:34.863Z,1345.209,False,STABILIZE,0.0000000,0.0000000,-1.56,-0.04,0.00,0.00,0.00,2.11,1.34,83.90,0.00,0.00,83.0,0,0.000,-0.01,-1,1,0,0,0,0,0,0,0,0,0,PreArm: Board (3.6v) out of range 4.3-5.8v
2026-07-09T13:47:35.363Z,1345.709,False,STABILIZE,0.0000000,0.0000000,-1.54,-0.04,0.00,0.00,0.00,2.11,1.34,83.91,0.00,0.00,83.0,0,0.000,-0.01,-1,1,0,0,0,0,0,0,0,0,0,PreArm: Board (3.6v) out of range 4.3-5.8v
2026-07-09T13:47:35.866Z,1346.211,False,STABILIZE,0.0000000,0.0000000,-1.55,-0.04,0.00,0.00,0.00,2.11,1.34,83.91,0.00,0.00,83.0,0,0.000,-0.01,-1,1,0,0,0,0,0,0,0,0,0,PreArm: Board (3.6v) out of range 4.3-5.8v
2026-07-09T13:47:36.367Z,1346.712,False,STABILIZE,0.0000000,0.0000000,-1.53,-0.04,0.00,0.00,0.00,2.11,1.34,83.91,0.00,0.00,83.0,0,0.000,-0.01,-1,1,0,0,0,0,0,0,0,0,0,PreArm: Board (3.6v) out of range 4.3-5.8v
2026-07-09T13:47:36.867Z,1347.213,False,STABILIZE,0.0000000,0.0000000,-1.53,-0.04,0.00,0.00,0.00,2.11,1.35,83.91,0.00,0.00,83.0,0,0.000,-0.01,-1,1,0,0,0,0,0,0,0,0,0,PreArm: Board (3.6v) out of range 4.3-5.8v
2026-07-09T13:47:37.459Z,1347.805,False,STABILIZE,0.0000000,0.0000000,-1.54,-0.04,0.00,0.00,0.00,2.11,1.35,83.91,0.00,0.00,83.0,0,0.000,-0.01,-1,1,0,0,0,0,0,0,0,0,0,PreArm: Board (3.6v) out of range 4.3-5.8v
2026-07-09T13:47:37.959Z,1348.305,False,STABILIZE,0.0000000,0.0000000,-1.58,-0.04,0.00,0.00,0.00,2.11,1.35,83.91,0.00,0.00,83.0,0,0.000,-0.01,-1,1,0,0,0,0,0,0,0,0,0,PreArm: Board (3.6v) out of range 4.3-5.8v
2026-07-09T13:47:38.459Z,1348.805,False,STABILIZE,0.0000000,0.0000000,-1.57,-0.04,0.00,0.00,0.00,2.11,1.36,83.91,0.00,0.00,83.0,0,0.000,-0.01,-1,1,0,0,0,0,0,0,0,0,0,PreArm: Board (3.6v) out of range 4.3-5.8v
2026-07-09T13:47:38.960Z,1349.305,False,STABILIZE,0.0000000,0.0000000,-1.55,-0.04,0.00,0.00,0.00,2.11,1.36,83.92,0.00,0.00,83.0,0,0.000,-0.01,-1,1,0,0,0,0,0,0,0,0,0,PreArm: Board (3.6v) out of range 4.3-5.8v
2026-07-09T13:47:39.461Z,1349.807,False,STABILIZE,0.0000000,0.0000000,-1.57,-0.04,0.00,0.00,0.00,2.10,1.35,83.92,0.00,0.00,83.0,0,0.000,-0.01,-1,1,0,0,0,0,0,0,0,0,0,PreArm: Board (3.6v) out of range 4.3-5.8v
2026-07-09T13:47:39.961Z,1350.307,False,STABILIZE,0.0000000,0.0000000,-1.55,-0.04,0.00,0.00,0.00,2.10,1.36,83.92,0.00,0.00,83.0,0,0.000,-0.01,-1,1,0,0,0,0,0,0,0,0,0,PreArm: Board (3.6v) out of range 4.3-5.8v
2026-07-09T13:47:40.461Z,1350.807,False,STABILIZE,0.0000000,0.0000000,-1.56,-0.04,0.00,0.00,0.00,2.10,1.36,83.92,0.00,0.00,83.0,0,0.000,-0.01,-1,1,0,0,0,0,0,0,0,0,0,PreArm: Board (3.6v) out of range 4.3-5.8v
2026-07-09T13:47:40.963Z,1351.309,False,STABILIZE,0.0000000,0.0000000,-1.54,-0.04,0.00,0.00,0.00,2.10,1.36,83.92,0.01,0.00,83.0,0,0.000,-0.01,-1,1,0,0,0,0,0,0,0,0,0,PreArm: Board (3.6v) out of range 4.3-5.8v
2026-07-09T13:47:41.464Z,1351.810,False,STABILIZE,0.0000000,0.0000000,-1.54,-0.04,0.00,0.00,0.00,2.10,1.35,83.93,0.01,0.00,83.0,0,0.000,-0.01,-1,1,0,0,0,0,0,0,0,0,0,PreArm: Board (3.6v) out of range 4.3-5.8v
2026-07-09T13:47:41.966Z,1352.312,False,STABILIZE,0.0000000,0.0000000,-1.56,-0.04,0.00,0.00,0.00,2.10,1.35,83.93,0.01,0.00,83.0,0,0.000,-0.01,-1,1,0,0,0,0,0,0,0,0,0,PreArm: Board (3.6v) out of range 4.3-5.8v
2026-07-09T13:47:42.466Z,1352.812,False,STABILIZE,0.0000000,0.0000000,-1.54,-0.04,0.00,0.00,0.00,2.10,1.35,83.93,0.00,0.00,83.0,0,0.000,-0.01,-1,1,0,0,0,0,0,0,0,0,0,PreArm: Board (3.6v) out of range 4.3-5.8v
2026-07-09T13:47:43.060Z,1353.406,False,STABILIZE,0.0000000,0.0000000,-1.53,-0.04,0.00,0.00,0.00,2.10,1.35,83.93,0.00,0.00,83.0,0,0.000,-0.01,-1,1,0,0,0,0,0,0,0,0,0,PreArm: Board (3.6v) out of range 4.3-5.8v
2026-07-09T13:47:43.560Z,1353.906,False,STABILIZE,0.0000000,0.0000000,-1.54,-0.04,0.00,0.00,0.00,2.10,1.35,83.93,0.00,0.00,83.0,0,0.000,-0.01,-1,1,0,0,0,0,0,0,0,0,0,PreArm: Board (3.6v) out of range 4.3-5.8v
2026-07-09T13:47:44.060Z,1354.406,False,STABILIZE,0.0000000,0.0000000,-1.57,-0.04,0.00,0.00,0.00,2.09,1.34,83.93,0.00,0.00,83.0,0,0.000,-0.01,-1,1,0,0,0,0,0,0,0,0,0,PreArm: Board (3.6v) out of range 4.3-5.8v
2026-07-09T13:47:44.562Z,1354.908,False,STABILIZE,0.0000000,0.0000000,-1.55,-0.04,0.00,0.00,0.00,2.09,1.34,83.93,0.00,0.00,83.0,0,0.000,-0.01,-1,1,0,0,0,0,0,0,0,0,0,PreArm: Board (3.6v) out of range 4.3-5.8v
2026-07-09T13:47:45.063Z,1355.409,False,STABILIZE,0.0000000,0.0000000,-1.53,-0.04,0.00,0.00,0.00,2.09,1.34,83.93,0.00,0.00,83.0,0,0.000,-0.01,-1,1,0,0,0,0,0,0,0,0,0,PreArm: Board (3.6v) out of range 4.3-5.8v
2026-07-09T13:47:45.563Z,1355.909,False,STABILIZE,0.0000000,0.0000000,-1.57,-0.04,0.00,0.00,0.00,2.09,1.34,83.93,0.00,0.00,83.0,0,0.000,-0.01,-1,1,0,0,0,0,0,0,0,0,0,PreArm: Board (3.6v) out of range 4.3-5.8v
2026-07-09T13:47:46.063Z,1356.409,False,STABILIZE,0.0000000,0.0000000,-1.56,-0.04,0.00,0.00,0.00,2.09,1.34,83.93,0.00,0.00,83.0,0,0.000,-0.01,-1,1,0,0,0,0,0,0,0,0,0,PreArm: Board (3.6v) out of range 4.3-5.8v
2026-07-09T13:47:46.563Z,1356.909,False,STABILIZE,0.0000000,0.0000000,-1.58,-0.04,0.00,0.00,0.00,2.09,1.34,83.93,0.00,0.00,83.0,0,0.000,-0.01,-1,1,0,0,0,0,0,0,0,0,0,PreArm: Board (3.6v) out of range 4.3-5.8v
2026-07-09T13:47:47.063Z,1357.409,False,STABILIZE,0.0000000,0.0000000,-1.58,-0.04,0.00,0.00,0.00,2.09,1.34,83.93,0.00,0.00,83.0,0,0.000,-0.01,-1,1,0,0,0,0,0,0,0,0,0,PreArm: Board (3.6v) out of range 4.3-5.8v
2026-07-09T13:47:47.563Z,1357.909,False,STABILIZE,0.0000000,0.0000000,-1.55,-0.04,0.00,0.00,0.00,2.09,1.34,83.93,0.00,0.00,83.0,0,0.000,-0.01,-1,1,0,0,0,0,0,0,0,0,0,PreArm: Board (3.6v) out of range 4.3-5.8v
2026-07-09T13:47:48.064Z,1358.409,False,STABILIZE,0.0000000,0.0000000,-1.60,-0.04,0.00,0.00,0.00,2.09,1.33,83.93,0.00,0.00,83.0,0,0.000,-0.01,-1,1,0,0,0,0,0,0,0,0,0,PreArm: Board (3.6v) out of range 4.3-5.8v
2026-07-09T13:47:48.565Z,1358.911,False,STABILIZE,0.0000000,0.0000000,-1.60,-0.04,0.00,0.00,0.00,2.09,1.33,83.93,0.00,0.00,83.0,0,0.000,-0.01,-1,1,0,0,0,0,0,0,0,0,0,PreArm: Board (3.6v) out of range 4.3-5.8v
2026-07-09T13:47:49.066Z,1359.412,False,STABILIZE,0.0000000,0.0000000,-1.53,-0.04,0.00,0.00,0.00,2.09,1.33,83.93,0.00,0.00,83.0,0,0.000,-0.01,-1,1,0,0,0,0,0,0,0,0,0,PreArm: Board (3.6v) out of range 4.3-5.8v
2026-07-09T13:47:49.568Z,1359.914,False,STABILIZE,0.0000000,0.0000000,-1.59,-0.04,0.00,0.00,0.00,2.09,1.33,83.93,0.01,0.00,83.0,0,0.000,-0.01,-1,1,0,0,0,0,0,0,0,0,0,PreArm: Board (3.6v) out of range 4.3-5.8v
2026-07-09T13:47:50.159Z,1360.504,False,STABILIZE,0.0000000,0.0000000,-1.58,-0.04,0.00,0.00,0.00,2.09,1.33,83.93,0.01,0.00,83.0,0,0.000,-0.01,-1,1,0,0,0,0,0,0,0,0,0,PreArm: Board (3.6v) out of range 4.3-5.8v
2026-07-09T13:47:50.659Z,1361.005,False,STABILIZE,0.0000000,0.0000000,-1.56,-0.04,0.00,0.00,0.00,2.09,1.33,83.93,0.01,0.00,83.0,0,0.000,-0.01,-1,1,0,0,0,0,0,0,0,0,0,PreArm: Board (3.6v) out of range 4.3-5.8v
2026-07-09T13:47:51.162Z,1361.508,False,STABILIZE,0.0000000,0.0000000,-1.55,-0.04,0.00,0.00,0.00,2.09,1.33,83.93,0.01,0.00,83.0,0,0.000,-0.01,-1,1,0,0,0,0,0,0,0,0,0,PreArm: Board (3.6v) out of range 4.3-5.8v
2026-07-09T13:47:51.664Z,1362.009,False,STABILIZE,0.0000000,0.0000000,-1.60,-0.04,0.00,0.00,0.00,2.10,1.33,83.93,0.01,0.00,83.0,0,0.000,-0.01,-1,1,0,0,0,0,0,0,0,0,0,PreArm: Board (3.6v) out of range 4.3-5.8v
2026-07-09T13:47:52.164Z,1362.509,False,STABILIZE,0.0000000,0.0000000,-1.58,-0.04,0.00,0.00,0.00,2.10,1.34,83.93,0.00,0.00,83.0,0,0.000,-0.01,-1,1,0,0,0,0,0,0,0,0,0,PreArm: Board (3.6v) out of range 4.3-5.8v
2026-07-09T13:47:52.664Z,1363.009,False,STABILIZE,0.0000000,0.0000000,-1.59,-0.04,0.00,0.00,0.00,2.10,1.33,83.93,0.00,0.00,83.0,0,0.000,-0.01,-1,1,0,0,0,0,0,0,0,0,0,PreArm: Board (3.6v) out of range 4.3-5.8v
2026-07-09T13:47:53.164Z,1363.510,False,STABILIZE,0.0000000,0.0000000,-1.56,-0.04,0.00,0.00,0.00,2.10,1.34,83.93,0.00,0.00,83.0,0,0.000,-0.01,-1,1,0,0,0,0,0,0,0,0,0,PreArm: Board (3.6v) out of range 4.3-5.8v
2026-07-09T13:47:53.664Z,1364.010,False,STABILIZE,0.0000000,0.0000000,-1.60,-0.04,0.00,0.00,0.00,2.09,1.34,83.93,0.00,0.00,83.0,0,0.000,-0.01,-1,1,0,0,0,0,0,0,0,0,0,PreArm: Board (3.6v) out of range 4.3-5.8v
2026-07-09T13:47:54.166Z,1364.511,False,STABILIZE,0.0000000,0.0000000,-1.59,-0.04,0.00,0.00,0.00,2.09,1.34,83.93,0.00,0.00,83.0,0,0.000,-0.01,-1,1,0,0,0,0,0,0,0,0,0,PreArm: Board (3.6v) out of range 4.3-5.8v
2026-07-09T13:47:54.667Z,1365.013,False,STABILIZE,0.0000000,0.0000000,-1.58,-0.04,0.00,0.00,0.00,2.09,1.34,83.93,0.00,0.00,83.0,0,0.000,-0.01,-1,1,0,0,0,0,0,0,0,0,0,PreArm: Board (3.6v) out of range 4.3-5.8v
2026-07-09T13:47:55.167Z,1365.513,False,STABILIZE,0.0000000,0.0000000,-1.59,-0.04,0.00,0.00,0.00,2.09,1.34,83.93,0.00,0.00,83.0,0,0.000,-0.01,-1,1,0,0,0,0,0,0,0,0,0,PreArm: Board (3.6v) out of range 4.3-5.8v
2026-07-09T13:47:55.759Z,1366.105,False,STABILIZE,0.0000000,0.0000000,-1.62,-0.04,0.00,0.00,0.00,2.09,1.34,83.93,0.00,0.00,83.0,0,0.000,-0.01,-1,1,0,0,0,0,0,0,0,0,0,PreArm: Board (3.6v) out of range 4.3-5.8v
2026-07-09T13:47:56.260Z,1366.605,False,STABILIZE,0.0000000,0.0000000,-1.59,-0.04,0.00,0.00,0.00,2.09,1.34,83.93,0.00,0.00,83.0,0,0.000,-0.01,-1,1,0,0,0,0,0,0,0,0,0,PreArm: Board (3.6v) out of range 4.3-5.8v
2026-07-09T13:47:56.761Z,1367.106,False,STABILIZE,0.0000000,0.0000000,-1.60,-0.04,0.00,0.00,0.00,2.09,1.34,83.92,0.00,0.00,83.0,0,0.000,-0.01,-1,1,0,0,0,0,0,0,0,0,0,PreArm: Board (3.6v) out of range 4.3-5.8v
2026-07-09T13:47:57.261Z,1367.607,False,STABILIZE,0.0000000,0.0000000,-1.62,-0.04,0.00,0.00,0.00,2.09,1.34,83.92,0.00,0.00,83.0,0,0.000,-0.01,-1,1,0,0,0,0,0,0,0,0,0,PreArm: Board (3.6v) out of range 4.3-5.8v
2026-07-09T13:47:57.762Z,1368.108,False,STABILIZE,0.0000000,0.0000000,-1.60,-0.04,0.00,0.00,0.00,2.10,1.35,83.92,0.00,0.00,83.0,0,0.000,-0.01,-1,1,0,0,0,0,0,0,0,0,0,PreArm: Board (3.6v) out of range 4.3-5.8v
2026-07-09T13:47:58.262Z,1368.608,False,STABILIZE,0.0000000,0.0000000,-1.61,-0.04,0.00,0.00,0.00,2.10,1.35,83.92,0.00,0.00,83.0,0,0.000,-0.01,-1,1,0,0,0,0,0,0,0,0,0,PreArm: Board (3.6v) out of range 4.3-5.8v
2026-07-09T13:47:58.763Z,1369.108,False,STABILIZE,0.0000000,0.0000000,-1.60,-0.04,0.00,0.00,0.00,2.10,1.35,83.92,0.00,0.00,83.0,0,0.000,-0.01,-1,1,0,0,0,0,0,0,0,0,0,PreArm: Board (3.6v) out of range 4.3-5.8v
2026-07-09T13:47:59.264Z,1369.610,False,STABILIZE,0.0000000,0.0000000,-1.58,-0.04,0.00,0.00,0.00,2.10,1.35,83.92,0.00,0.00,83.0,0,0.000,-0.01,-1,1,0,0,0,0,0,0,0,0,0,PreArm: Board (3.6v) out of range 4.3-5.8v
2026-07-09T13:47:59.766Z,1370.112,False,STABILIZE,0.0000000,0.0000000,-1.60,-0.04,0.00,0.00,0.00,2.11,1.35,83.93,0.00,0.00,83.0,0,0.000,-0.01,-1,1,0,0,0,0,0,0,0,0,0,PreArm: Board (3.6v) out of range 4.3-5.8v
2026-07-09T13:48:00.359Z,1370.705,False,STABILIZE,0.0000000,0.0000000,-1.58,-0.04,0.00,0.00,0.00,2.11,1.35,83.93,0.00,0.00,83.0,0,0.000,-0.01,-1,1,0,0,0,0,0,0,0,0,0,PreArm: Board (3.6v) out of range 4.3-5.8v
2026-07-09T13:48:00.860Z,1371.206,False,STABILIZE,0.0000000,0.0000000,-1.64,-0.04,0.00,0.00,0.00,2.11,1.35,83.93,0.00,0.00,83.0,0,0.000,-0.01,-1,1,0,0,0,0,0,0,0,0,0,PreArm: Board (3.6v) out of range 4.3-5.8v
2026-07-09T13:48:01.360Z,1371.706,False,STABILIZE,0.0000000,0.0000000,-1.62,-0.04,0.00,0.00,0.00,2.11,1.34,83.94,0.00,0.00,83.0,0,0.000,-0.01,-1,1,0,0,0,0,0,0,0,0,0,PreArm: Board (3.6v) out of range 4.3-5.8v
2026-07-09T13:48:01.860Z,1372.206,False,STABILIZE,0.0000000,0.0000000,-1.61,-0.04,0.00,0.00,0.00,2.11,1.34,83.94,0.00,0.00,83.0,0,0.000,-0.01,-1,1,0,0,0,0,0,0,0,0,0,PreArm: Board (3.6v) out of range 4.3-5.8v
2026-07-09T13:48:02.363Z,1372.708,False,STABILIZE,0.0000000,0.0000000,-1.61,-0.04,0.00,0.00,0.00,2.11,1.34,83.94,0.00,0.00,83.0,0,0.000,-0.01,-1,1,0,0,0,0,0,0,0,0,0,PreArm: Board (3.6v) out of range 4.3-5.8v
2026-07-09T13:48:02.864Z,1373.210,False,STABILIZE,0.0000000,0.0000000,-1.61,-0.04,0.00,0.00,0.00,2.11,1.33,83.94,0.00,0.00,83.0,0,0.000,-0.01,-1,1,0,0,0,0,0,0,0,0,0,PreArm: Board (3.6v) out of range 4.3-5.8v
2026-07-09T13:48:03.367Z,1373.713,False,STABILIZE,0.0000000,0.0000000,-1.61,-0.04,0.00,0.00,0.00,2.11,1.33,83.94,0.00,0.00,83.0,0,0.000,-0.01,-1,1,0,0,0,0,0,0,0,0,0,PreArm: Board (3.7v) out of range 4.3-5.8v
2026-07-09T13:48:03.959Z,1374.305,False,STABILIZE,0.0000000,0.0000000,-1.62,-0.04,0.00,0.00,0.00,2.11,1.34,83.94,0.00,0.00,83.0,0,0.000,-0.01,-1,1,0,0,0,0,0,0,0,0,0,PreArm: Board (3.7v) out of range 4.3-5.8v
2026-07-09T13:48:04.460Z,1374.806,False,STABILIZE,0.0000000,0.0000000,-1.62,-0.04,0.00,0.00,0.00,2.11,1.34,83.94,0.00,0.00,83.0,0,0.000,-0.01,-1,1,0,0,0,0,0,0,0,0,0,PreArm: Board (3.7v) out of range 4.3-5.8v
2026-07-09T13:48:04.962Z,1375.307,False,STABILIZE,0.0000000,0.0000000,-1.64,-0.04,0.00,0.00,0.00,2.10,1.34,83.94,0.00,0.00,83.0,0,0.000,-0.01,-1,1,0,0,0,0,0,0,0,0,0,PreArm: Board (3.7v) out of range 4.3-5.8v
2026-07-09T13:48:05.462Z,1375.807,False,STABILIZE,0.0000000,0.0000000,-1.58,-0.04,0.00,0.00,0.00,2.10,1.34,83.94,0.00,0.00,83.0,0,0.000,-0.01,-1,1,0,0,0,0,0,0,0,0,0,PreArm: Board (3.7v) out of range 4.3-5.8v
2026-07-09T13:48:05.962Z,1376.307,False,STABILIZE,0.0000000,0.0000000,-1.63,-0.04,0.00,0.00,0.00,2.10,1.34,83.94,0.00,0.00,83.0,0,0.000,-0.01,-1,1,0,0,0,0,0,0,0,0,0,PreArm: Board (3.7v) out of range 4.3-5.8v
2026-07-09T13:48:06.462Z,1376.807,False,STABILIZE,0.0000000,0.0000000,-1.61,-0.04,0.00,0.00,0.00,2.10,1.34,83.94,0.00,0.00,83.0,0,0.000,-0.01,-1,1,0,0,0,0,0,0,0,0,0,PreArm: Board (3.7v) out of range 4.3-5.8v
2026-07-09T13:48:06.962Z,1377.308,False,STABILIZE,0.0000000,0.0000000,-1.63,-0.04,0.00,0.00,0.00,2.11,1.35,83.94,0.00,0.00,83.0,0,0.000,-0.01,-1,1,0,0,0,0,0,0,0,0,0,PreArm: Board (3.7v) out of range 4.3-5.8v
2026-07-09T13:48:07.462Z,1377.808,False,STABILIZE,0.0000000,0.0000000,-1.66,-0.04,0.00,0.00,0.00,2.11,1.35,83.94,0.00,0.00,83.0,0,0.000,-0.01,-1,1,0,0,0,0,0,0,0,0,0,PreArm: Board (3.7v) out of range 4.3-5.8v
2026-07-09T13:48:07.964Z,1378.310,False,STABILIZE,0.0000000,0.0000000,-1.59,-0.04,0.00,0.00,0.00,2.11,1.35,83.95,0.00,0.00,83.0,0,0.000,-0.01,-1,1,0,0,0,0,0,0,0,0,0,PreArm: Board (3.7v) out of range 4.3-5.8v
2026-07-09T13:48:08.468Z,1378.813,False,STABILIZE,0.0000000,0.0000000,-1.58,-0.04,0.00,0.00,0.00,2.11,1.35,83.94,0.00,0.00,83.0,0,0.000,-0.01,-1,1,0,0,0,0,0,0,0,0,0,PreArm: Board (3.7v) out of range 4.3-5.8v
2026-07-09T13:48:09.059Z,1379.404,False,STABILIZE,0.0000000,0.0000000,-1.61,-0.04,0.00,0.00,0.00,2.11,1.35,83.94,0.00,0.00,83.0,0,0.000,-0.01,-1,1,0,0,0,0,0,0,0,0,0,PreArm: Board (3.7v) out of range 4.3-5.8v
2026-07-09T13:48:09.559Z,1379.904,False,STABILIZE,0.0000000,0.0000000,-1.59,-0.04,0.00,0.00,0.00,2.11,1.36,83.94,0.00,0.00,83.0,0,0.000,-0.01,-1,1,0,0,0,0,0,0,0,0,0,PreArm: Board (3.7v) out of range 4.3-5.8v
2026-07-09T13:48:10.059Z,1380.405,False,STABILIZE,0.0000000,0.0000000,-1.60,-0.04,0.00,0.00,0.00,2.11,1.36,83.94,0.00,0.00,83.0,0,0.000,-0.01,-1,1,0,0,0,0,0,0,0,0,0,PreArm: Board (3.7v) out of range 4.3-5.8v
2026-07-09T13:48:10.559Z,1380.905,False,STABILIZE,0.0000000,0.0000000,-1.62,-0.04,0.00,0.00,0.00,2.11,1.35,83.94,0.00,0.00,83.0,0,0.000,-0.01,-1,1,0,0,0,0,0,0,0,0,0,PreArm: Board (3.7v) out of range 4.3-5.8v
2026-07-09T13:48:11.059Z,1381.405,False,STABILIZE,0.0000000,0.0000000,-1.60,-0.04,0.00,0.00,0.00,2.11,1.35,83.94,0.01,0.00,83.0,0,0.000,-0.01,-1,1,0,0,0,0,0,0,0,0,0,PreArm: Board (3.7v) out of range 4.3-5.8v
2026-07-09T13:48:11.559Z,1381.905,False,STABILIZE,0.0000000,0.0000000,-1.60,-0.04,0.00,0.00,0.00,2.11,1.35,83.94,0.01,0.00,83.0,0,0.000,-0.01,-1,1,0,0,0,0,0,0,0,0,0,PreArm: Board (3.7v) out of range 4.3-5.8v
2026-07-09T13:48:12.060Z,1382.405,False,STABILIZE,0.0000000,0.0000000,-1.64,-0.04,0.00,0.00,0.00,2.11,1.35,83.94,0.00,0.00,83.0,0,0.000,-0.01,-1,1,0,0,0,0,0,0,0,0,0,PreArm: Board (3.7v) out of range 4.3-5.8v
2026-07-09T13:48:12.560Z,1382.905,False,STABILIZE,0.0000000,0.0000000,-1.58,-0.04,0.00,0.00,0.00,2.11,1.35,83.95,0.00,0.00,83.0,0,0.000,-0.01,-1,1,0,0,0,0,0,0,0,0,0,PreArm: Board (3.7v) out of range 4.3-5.8v
2026-07-09T13:48:13.061Z,1383.406,False,STABILIZE,0.0000000,0.0000000,-1.61,-0.04,0.00,0.00,0.00,2.11,1.35,83.95,0.00,0.00,83.0,0,0.000,-0.01,-1,1,0,0,0,0,0,0,0,0,0,PreArm: Board (3.7v) out of range 4.3-5.8v
2026-07-09T13:48:13.562Z,1383.908,False,STABILIZE,0.0000000,0.0000000,-1.64,-0.04,0.00,0.00,0.00,2.10,1.35,83.95,0.00,0.00,83.0,0,0.000,-0.01,-1,1,0,0,0,0,0,0,0,0,0,PreArm: Board (3.7v) out of range 4.3-5.8v
2026-07-09T13:48:14.062Z,1384.408,False,STABILIZE,0.0000000,0.0000000,-1.61,-0.04,0.00,0.00,0.00,2.10,1.35,83.95,0.00,0.00,83.0,0,0.000,-0.01,-1,1,0,0,0,0,0,0,0,0,0,PreArm: Board (3.7v) out of range 4.3-5.8v
2026-07-09T13:48:14.562Z,1384.908,False,STABILIZE,0.0000000,0.0000000,-1.59,-0.04,0.00,0.00,0.00,2.10,1.35,83.96,0.00,0.00,83.0,0,0.000,-0.01,-1,1,0,0,0,0,0,0,0,0,0,PreArm: Board (3.7v) out of range 4.3-5.8v
2026-07-09T13:48:15.063Z,1385.408,False,STABILIZE,0.0000000,0.0000000,-1.62,-0.04,0.00,0.00,0.00,2.10,1.36,83.96,0.00,0.00,83.0,0,0.000,-0.01,-1,1,0,0,0,0,0,0,0,0,0,PreArm: Board (3.7v) out of range 4.3-5.8v
2026-07-09T13:48:15.563Z,1385.908,False,STABILIZE,0.0000000,0.0000000,-1.61,-0.04,0.00,0.00,0.00,2.10,1.36,83.96,0.00,0.00,83.0,0,0.000,-0.01,-1,1,0,0,0,0,0,0,0,0,0,PreArm: Board (3.7v) out of range 4.3-5.8v
2026-07-09T13:48:16.064Z,1386.410,False,STABILIZE,0.0000000,0.0000000,-1.60,-0.04,0.00,0.00,0.00,2.10,1.36,83.96,0.00,0.00,83.0,0,0.000,-0.01,-1,1,0,0,0,0,0,0,0,0,0,PreArm: Board (3.7v) out of range 4.3-5.8v
2026-07-09T13:48:16.565Z,1386.911,False,STABILIZE,0.0000000,0.0000000,-1.59,-0.04,0.00,0.00,0.00,2.10,1.35,83.96,0.00,0.00,83.0,0,0.000,-0.01,-1,1,0,0,0,0,0,0,0,0,0,PreArm: Board (3.7v) out of range 4.3-5.8v
2026-07-09T13:48:17.066Z,1387.412,False,STABILIZE,0.0000000,0.0000000,-1.59,-0.04,0.00,0.00,0.00,2.10,1.35,83.96,0.00,0.00,83.0,0,0.000,-0.01,-1,1,0,0,0,0,0,0,0,0,0,PreArm: Board (3.7v) out of range 4.3-5.8v
2026-07-09T13:48:17.566Z,1387.912,False,STABILIZE,0.0000000,0.0000000,-1.59,-0.04,0.00,0.00,0.00,2.10,1.35,83.96,0.00,0.00,83.0,0,0.000,-0.01,-1,1,0,0,0,0,0,0,0,0,0,PreArm: Board (3.7v) out of range 4.3-5.8v
2026-07-09T13:48:18.162Z,1388.508,False,STABILIZE,0.0000000,0.0000000,-1.60,-0.04,0.00,0.00,0.00,2.10,1.35,83.96,0.00,0.00,83.0,0,0.000,-0.01,-1,1,0,0,0,0,0,0,0,0,0,PreArm: Board (3.7v) out of range 4.3-5.8v
2026-07-09T13:48:18.662Z,1389.008,False,STABILIZE,0.0000000,0.0000000,-1.61,-0.04,0.00,0.00,0.00,2.11,1.35,83.95,0.00,0.00,83.0,0,0.000,-0.01,-1,1,0,0,0,0,0,0,0,0,0,PreArm: Board (3.7v) out of range 4.3-5.8v
2026-07-09T13:48:19.163Z,1389.509,False,STABILIZE,0.0000000,0.0000000,-1.60,-0.04,0.00,0.00,0.00,2.11,1.35,83.95,0.00,0.00,83.0,0,0.000,-0.01,-1,1,0,0,0,0,0,0,0,0,0,PreArm: Board (3.7v) out of range 4.3-5.8v
2026-07-09T13:48:19.666Z,1390.012,False,STABILIZE,0.0000000,0.0000000,-1.61,-0.04,0.00,0.00,0.00,2.11,1.35,83.95,0.00,0.00,83.0,0,0.000,-0.01,-1,1,0,0,0,0,0,0,0,0,0,PreArm: Board (3.7v) out of range 4.3-5.8v
2026-07-09T13:48:20.167Z,1390.512,False,STABILIZE,0.0000000,0.0000000,-1.59,-0.04,0.00,0.00,0.00,2.11,1.35,83.94,0.00,0.00,83.0,0,0.000,-0.01,-1,1,0,0,0,0,0,0,0,0,0,PreArm: Board (3.7v) out of range 4.3-5.8v
2026-07-09T13:48:20.668Z,1391.013,False,STABILIZE,0.0000000,0.0000000,-1.60,-0.04,0.00,0.00,0.00,2.10,1.34,83.94,0.00,0.00,83.0,0,0.000,-0.01,-1,1,0,0,0,0,0,0,0,0,0,PreArm: Board (3.7v) out of range 4.3-5.8v
2026-07-09T13:48:21.168Z,1391.514,False,STABILIZE,0.0000000,0.0000000,-1.59,-0.04,0.00,0.00,0.00,2.10,1.34,83.93,0.00,0.00,83.0,0,0.000,-0.01,-1,1,0,0,0,0,0,0,0,0,0,PreArm: Board (3.7v) out of range 4.3-5.8v
2026-07-09T13:48:21.762Z,1392.107,False,STABILIZE,0.0000000,0.0000000,-1.60,-0.04,0.00,0.00,0.00,2.10,1.34,83.93,0.00,0.00,83.0,0,0.000,-0.01,-1,1,0,0,0,0,0,0,0,0,0,PreArm: Board (3.7v) out of range 4.3-5.8v
2026-07-09T13:48:22.262Z,1392.607,False,STABILIZE,0.0000000,0.0000000,-1.60,-0.04,0.00,0.00,0.00,2.11,1.34,83.93,0.00,0.00,83.0,0,0.000,-0.01,-1,1,0,0,0,0,0,0,0,0,0,PreArm: Board (3.7v) out of range 4.3-5.8v
2026-07-09T13:48:22.762Z,1393.107,False,STABILIZE,0.0000000,0.0000000,-1.59,-0.04,0.00,0.00,0.00,2.11,1.34,83.93,0.00,0.00,83.0,0,0.000,-0.01,-1,1,0,0,0,0,0,0,0,0,0,PreArm: Board (3.7v) out of range 4.3-5.8v
2026-07-09T13:48:23.263Z,1393.609,False,STABILIZE,0.0000000,0.0000000,-1.63,-0.04,0.00,0.00,0.00,2.11,1.34,83.93,0.00,0.00,83.0,0,0.000,-0.01,-1,1,0,0,0,0,0,0,0,0,0,PreArm: Board (3.7v) out of range 4.3-5.8v
2026-07-09T13:48:23.763Z,1394.109,False,STABILIZE,0.0000000,0.0000000,-1.61,-0.04,0.00,0.00,0.00,2.11,1.34,83.93,0.00,0.00,83.0,0,0.000,-0.01,-1,1,0,0,0,0,0,0,0,0,0,PreArm: Board (3.7v) out of range 4.3-5.8v
2026-07-09T13:48:24.264Z,1394.609,False,STABILIZE,0.0000000,0.0000000,-1.59,-0.04,0.00,0.00,0.00,2.11,1.34,83.93,0.00,0.00,83.0,0,0.000,-0.01,-1,1,0,0,0,0,0,0,0,0,0,PreArm: Board (3.7v) out of range 4.3-5.8v
2026-07-09T13:48:24.765Z,1395.110,False,STABILIZE,0.0000000,0.0000000,-1.59,-0.04,0.00,0.00,0.00,2.11,1.34,83.93,0.00,0.00,83.0,0,0.000,-0.01,-1,1,0,0,0,0,0,0,0,0,0,PreArm: Board (3.7v) out of range 4.3-5.8v
2026-07-09T13:48:25.265Z,1395.611,False,STABILIZE,0.0000000,0.0000000,-1.59,-0.04,0.00,0.00,0.00,2.11,1.33,83.93,0.00,0.00,83.0,0,0.000,-0.01,-1,1,0,0,0,0,0,0,0,0,0,PreArm: Board (3.7v) out of range 4.3-5.8v
2026-07-09T13:48:25.765Z,1396.111,False,STABILIZE,0.0000000,0.0000000,-1.60,-0.04,0.00,0.00,0.00,2.11,1.33,83.93,0.00,0.00,83.0,0,0.000,-0.01,-1,1,0,0,0,0,0,0,0,0,0,PreArm: Board (3.7v) out of range 4.3-5.8v
2026-07-09T13:48:26.267Z,1396.612,False,STABILIZE,0.0000000,0.0000000,-1.59,-0.04,0.00,0.00,0.00,2.11,1.33,83.94,0.00,0.00,83.0,0,0.000,-0.01,-1,1,0,0,0,0,0,0,0,0,0,PreArm: Board (3.7v) out of range 4.3-5.8v
2026-07-09T13:48:26.859Z,1397.205,False,STABILIZE,0.0000000,0.0000000,-1.59,-0.04,0.00,0.00,0.00,2.10,1.33,83.94,0.00,0.00,83.0,0,0.000,-0.01,-1,1,0,0,0,0,0,0,0,0,0,PreArm: Board (3.7v) out of range 4.3-5.8v
2026-07-09T13:48:27.359Z,1397.705,False,STABILIZE,0.0000000,0.0000000,-1.58,-0.04,0.00,0.00,0.00,2.10,1.33,83.94,0.00,0.00,83.0,0,0.000,-0.01,-1,1,0,0,0,0,0,0,0,0,0,PreArm: Board (3.7v) out of range 4.3-5.8v
2026-07-09T13:48:27.862Z,1398.207,False,STABILIZE,0.0000000,0.0000000,-1.59,-0.04,0.00,0.00,0.00,2.10,1.32,83.93,0.01,0.00,83.0,0,0.000,-0.01,-1,1,0,0,0,0,0,0,0,0,0,PreArm: Board (3.7v) out of range 4.3-5.8v
2026-07-09T13:48:28.362Z,1398.707,False,STABILIZE,0.0000000,0.0000000,-1.61,-0.04,0.00,0.00,0.00,2.10,1.32,83.93,0.01,0.00,83.0,0,0.000,-0.01,-1,1,0,0,0,0,0,0,0,0,0,PreArm: Board (3.7v) out of range 4.3-5.8v
2026-07-09T13:48:28.862Z,1399.207,False,STABILIZE,0.0000000,0.0000000,-1.58,-0.04,0.00,0.00,0.00,2.10,1.32,83.94,0.01,0.00,83.0,0,0.000,-0.01,-1,1,0,0,0,0,0,0,0,0,0,PreArm: Board (3.7v) out of range 4.3-5.8v
2026-07-09T13:48:29.362Z,1399.708,False,STABILIZE,0.0000000,0.0000000,-1.62,-0.04,0.00,0.00,0.00,2.10,1.32,83.94,0.01,0.00,83.0,0,0.000,-0.01,-1,1,0,0,0,0,0,0,0,0,0,PreArm: Board (3.7v) out of range 4.3-5.8v
2026-07-09T13:48:29.862Z,1400.208,False,STABILIZE,0.0000000,0.0000000,-1.60,-0.04,0.00,0.00,0.00,2.10,1.32,83.94,0.01,0.00,83.0,0,0.000,-0.01,-1,1,0,0,0,0,0,0,0,0,0,PreArm: Board (3.7v) out of range 4.3-5.8v
2026-07-09T13:48:30.363Z,1400.708,False,STABILIZE,0.0000000,0.0000000,-1.62,-0.04,0.00,0.00,0.00,2.09,1.32,83.94,0.01,0.00,83.0,0,0.000,-0.01,-1,1,0,0,0,0,0,0,0,0,0,PreArm: Board (3.7v) out of range 4.3-5.8v
2026-07-09T13:48:30.863Z,1401.209,False,STABILIZE,0.0000000,0.0000000,-1.61,-0.04,0.00,0.00,0.00,2.09,1.32,83.94,0.01,0.00,83.0,0,0.000,-0.01,-1,1,0,0,0,0,0,0,0,0,0,PreArm: Board (3.7v) out of range 4.3-5.8v
2026-07-09T13:48:31.364Z,1401.710,False,STABILIZE,0.0000000,0.0000000,-1.61,-0.04,0.00,0.00,0.00,2.09,1.32,83.94,0.01,0.00,83.0,0,0.000,-0.01,-1,1,0,0,0,0,0,0,0,0,0,PreArm: Board (3.7v) out of range 4.3-5.8v
2026-07-09T13:48:31.865Z,1402.211,False,STABILIZE,0.0000000,0.0000000,-1.63,-0.04,0.00,0.00,0.00,2.10,1.32,83.95,0.01,0.00,83.0,0,0.000,-0.01,-1,1,0,0,0,0,0,0,0,0,0,PreArm: Board (3.7v) out of range 4.3-5.8v
2026-07-09T13:48:32.366Z,1402.711,False,STABILIZE,0.0000000,0.0000000,-1.64,-0.04,0.00,0.00,0.00,2.09,1.32,83.95,0.01,0.00,83.0,0,0.000,-0.01,-1,1,0,0,0,0,0,0,0,0,0,PreArm: Board (3.7v) out of range 4.3-5.8v
2026-07-09T13:48:32.866Z,1403.212,False,STABILIZE,0.0000000,0.0000000,-1.60,-0.04,0.00,0.00,0.00,2.09,1.31,83.95,0.01,0.00,83.0,0,0.000,-0.01,-1,1,0,0,0,0,0,0,0,0,0,PreArm: Board (3.7v) out of range 4.3-5.8v
2026-07-09T13:48:33.366Z,1403.712,False,STABILIZE,0.0000000,0.0000000,-1.64,-0.04,0.00,0.00,0.00,2.09,1.31,83.95,0.01,0.00,83.0,0,0.000,-0.01,-1,1,0,0,0,0,0,0,0,0,0,PreArm: Board (3.7v) out of range 4.3-5.8v
2026-07-09T13:48:33.866Z,1404.212,False,STABILIZE,0.0000000,0.0000000,-1.64,-0.04,0.00,0.00,0.00,2.09,1.31,83.94,0.01,0.00,83.0,0,0.000,-0.01,-1,1,0,0,0,0,0,0,0,0,0,PreArm: Board (3.7v) out of range 4.3-5.8v
2026-07-09T13:48:34.367Z,1404.713,False,STABILIZE,0.0000000,0.0000000,-1.60,-0.04,0.00,0.00,0.00,2.09,1.31,83.94,0.01,0.00,83.0,0,0.000,-0.01,-1,1,0,0,0,0,0,0,0,0,0,PreArm: Board (3.9v) out of range 4.3-5.8v
2026-07-09T13:48:34.961Z,1405.307,False,STABILIZE,0.0000000,0.0000000,-1.64,-0.04,0.00,0.00,0.00,2.10,1.31,83.94,0.01,0.00,83.0,0,0.000,-0.01,-1,1,0,0,0,0,0,0,0,0,0,PreArm: Board (3.9v) out of range 4.3-5.8v
2026-07-09T13:48:35.461Z,1405.807,False,STABILIZE,0.0000000,0.0000000,-1.63,-0.04,0.00,0.00,0.00,2.10,1.32,83.95,0.01,0.00,83.0,0,0.000,-0.01,-1,1,0,0,0,0,0,0,0,0,0,PreArm: Board (3.9v) out of range 4.3-5.8v
2026-07-09T13:48:35.962Z,1406.308,False,STABILIZE,0.0000000,0.0000000,-1.65,-0.04,0.00,0.00,0.00,2.10,1.31,83.95,0.01,0.00,83.0,0,0.000,-0.01,-1,1,0,0,0,0,0,0,0,0,0,PreArm: Board (3.9v) out of range 4.3-5.8v
2026-07-09T13:48:36.463Z,1406.809,False,STABILIZE,0.0000000,0.0000000,-1.64,-0.04,0.00,0.00,0.00,2.10,1.31,83.95,0.01,0.00,83.0,0,0.000,-0.01,-1,1,0,0,0,0,0,0,0,0,0,PreArm: Board (3.9v) out of range 4.3-5.8v
2026-07-09T13:48:36.963Z,1407.309,False,STABILIZE,0.0000000,0.0000000,-1.65,-0.04,0.00,0.00,0.00,2.10,1.32,83.95,0.01,0.00,83.0,0,0.000,-0.01,-1,1,0,0,0,0,0,0,0,0,0,PreArm: Board (3.9v) out of range 4.3-5.8v
2026-07-09T13:48:37.464Z,1407.809,False,STABILIZE,0.0000000,0.0000000,-1.66,-0.04,0.00,0.00,0.00,2.11,1.31,83.96,0.01,0.00,83.0,0,0.000,-0.01,-1,1,0,0,0,0,0,0,0,0,0,PreArm: Board (3.9v) out of range 4.3-5.8v
2026-07-09T13:48:37.964Z,1408.309,False,STABILIZE,0.0000000,0.0000000,-1.61,-0.04,0.00,0.00,0.00,2.11,1.32,83.96,0.01,0.00,83.0,0,0.000,-0.01,-1,1,0,0,0,0,0,0,0,0,0,PreArm: Board (3.9v) out of range 4.3-5.8v
2026-07-09T13:48:38.464Z,1408.809,False,STABILIZE,0.0000000,0.0000000,-1.64,-0.04,0.00,0.00,0.00,2.11,1.32,83.96,0.01,0.00,83.0,0,0.000,-0.01,-1,1,0,0,0,0,0,0,0,0,0,PreArm: Board (3.9v) out of range 4.3-5.8v
2026-07-09T13:48:38.967Z,1409.312,False,STABILIZE,0.0000000,0.0000000,-1.64,-0.04,0.00,0.00,0.00,2.11,1.32,83.96,0.01,0.00,83.0,0,0.000,-0.01,-1,1,0,0,0,0,0,0,0,0,0,PreArm: Board (3.9v) out of range 4.3-5.8v
2026-07-09T13:48:39.467Z,1409.812,False,STABILIZE,0.0000000,0.0000000,-1.64,-0.04,0.00,0.00,0.00,2.11,1.33,83.96,0.01,0.00,83.0,0,0.000,-0.01,-1,1,0,0,0,0,0,0,0,0,0,PreArm: Board (3.9v) out of range 4.3-5.8v
2026-07-09T13:48:39.968Z,1410.313,False,STABILIZE,0.0000000,0.0000000,-1.64,-0.04,0.00,0.00,0.00,2.11,1.33,83.97,0.01,0.00,83.0,0,0.000,-0.01,-1,1,0,0,0,0,0,0,0,0,0,PreArm: Board (3.9v) out of range 4.3-5.8v
2026-07-09T13:48:40.559Z,1410.904,False,STABILIZE,0.0000000,0.0000000,-1.66,-0.04,0.00,0.00,0.00,2.11,1.34,83.97,0.00,0.00,83.0,0,0.000,-0.01,-1,1,0,0,0,0,0,0,0,0,0,PreArm: Board (3.9v) out of range 4.3-5.8v
2026-07-09T13:48:41.059Z,1411.404,False,STABILIZE,0.0000000,0.0000000,-1.65,-0.04,0.00,0.00,0.00,2.11,1.34,83.97,0.00,0.00,83.0,0,0.000,-0.01,-1,1,0,0,0,0,0,0,0,0,0,PreArm: Board (3.9v) out of range 4.3-5.8v
2026-07-09T13:48:41.559Z,1411.904,False,STABILIZE,0.0000000,0.0000000,-1.67,-0.04,0.00,0.00,0.00,2.11,1.34,83.97,0.00,0.00,83.0,0,0.000,-0.01,-1,1,0,0,0,0,0,0,0,0,0,PreArm: Board (3.9v) out of range 4.3-5.8v
2026-07-09T13:48:42.059Z,1412.404,False,STABILIZE,0.0000000,0.0000000,-1.67,-0.04,0.00,0.00,0.00,2.11,1.34,83.97,0.00,0.00,83.0,0,0.000,-0.01,-1,1,0,0,0,0,0,0,0,0,0,PreArm: Board (3.9v) out of range 4.3-5.8v
2026-07-09T13:48:42.559Z,1412.904,False,STABILIZE,0.0000000,0.0000000,-1.68,-0.04,0.00,0.00,0.00,2.12,1.34,83.97,0.00,0.00,83.0,0,0.000,-0.01,-1,1,0,0,0,0,0,0,0,0,0,PreArm: Board (3.9v) out of range 4.3-5.8v
2026-07-09T13:48:43.062Z,1413.407,False,STABILIZE,0.0000000,0.0000000,-1.67,-0.04,0.00,0.00,0.00,2.11,1.34,83.97,0.00,0.00,83.0,0,0.000,-0.01,-1,1,0,0,0,0,0,0,0,0,0,PreArm: Board (3.9v) out of range 4.3-5.8v
2026-07-09T13:48:43.565Z,1413.910,False,STABILIZE,0.0000000,0.0000000,-1.68,-0.04,0.00,0.00,0.01,2.11,1.35,83.98,0.00,0.00,83.0,0,0.000,-0.01,-1,1,0,0,0,0,0,0,0,0,0,PreArm: Board (3.9v) out of range 4.3-5.8v
2026-07-09T13:48:44.066Z,1414.411,False,STABILIZE,0.0000000,0.0000000,-1.68,-0.04,0.00,0.00,0.00,2.11,1.35,83.98,0.00,0.00,83.0,0,0.000,-0.01,-1,1,0,0,0,0,0,0,0,0,0,PreArm: Board (3.9v) out of range 4.3-5.8v
2026-07-09T13:48:44.566Z,1414.911,False,STABILIZE,0.0000000,0.0000000,-1.66,-0.04,0.00,0.00,0.01,2.11,1.35,83.98,0.00,0.00,83.0,0,0.000,-0.01,-1,1,0,0,0,0,0,0,0,0,0,PreArm: Board (3.9v) out of range 4.3-5.8v
2026-07-09T13:48:45.159Z,1415.505,False,STABILIZE,0.0000000,0.0000000,-1.68,-0.04,0.00,0.00,0.00,2.11,1.35,83.97,0.00,0.00,83.0,0,0.000,-0.01,-1,1,0,0,0,0,0,0,0,0,0,PreArm: Board (3.9v) out of range 4.3-5.8v
2026-07-09T13:48:45.660Z,1416.006,False,STABILIZE,0.0000000,0.0000000,-1.70,-0.04,0.00,0.00,0.00,2.10,1.35,83.98,0.00,0.00,83.0,0,0.000,-0.01,-1,1,0,0,0,0,0,0,0,0,0,PreArm: Board (3.9v) out of range 4.3-5.8v
2026-07-09T13:48:46.161Z,1416.506,False,STABILIZE,0.0000000,0.0000000,-1.70,-0.04,0.00,0.00,0.00,2.10,1.35,83.97,0.00,0.00,83.0,0,0.000,-0.01,-1,1,0,0,0,0,0,0,0,0,0,PreArm: Board (3.9v) out of range 4.3-5.8v
2026-07-09T13:48:46.661Z,1417.007,False,STABILIZE,0.0000000,0.0000000,-1.69,-0.04,0.00,0.00,0.00,2.10,1.35,83.97,0.00,0.00,83.0,0,0.000,-0.01,-1,1,0,0,0,0,0,0,0,0,0,PreArm: Board (3.9v) out of range 4.3-5.8v
2026-07-09T13:48:47.161Z,1417.507,False,STABILIZE,0.0000000,0.0000000,-1.70,-0.04,0.00,0.00,0.00,2.10,1.36,83.97,0.00,0.00,83.0,0,0.000,-0.01,-1,1,0,0,0,0,0,0,0,0,0,PreArm: Board (3.9v) out of range 4.3-5.8v
2026-07-09T13:48:47.664Z,1418.010,False,STABILIZE,0.0000000,0.0000000,-1.69,-0.04,0.00,0.00,0.00,2.10,1.36,83.97,0.00,0.00,83.0,0,0.000,-0.01,-1,1,0,0,0,0,0,0,0,0,0,PreArm: Board (3.9v) out of range 4.3-5.8v
2026-07-09T13:48:48.164Z,1418.510,False,STABILIZE,0.0000000,0.0000000,-1.68,-0.04,0.00,0.00,0.00,2.10,1.36,83.97,0.00,0.00,83.0,0,0.000,-0.01,-1,1,0,0,0,0,0,0,0,0,0,PreArm: Board (3.9v) out of range 4.3-5.8v
2026-07-09T13:48:48.664Z,1419.010,False,STABILIZE,0.0000000,0.0000000,-1.68,-0.04,0.00,0.00,0.00,2.10,1.36,83.97,0.00,0.00,83.0,0,0.000,-0.01,-1,1,0,0,0,0,0,0,0,0,0,PreArm: Board (3.9v) out of range 4.3-5.8v
2026-07-09T13:48:49.166Z,1419.511,False,STABILIZE,0.0000000,0.0000000,-1.67,-0.04,0.00,0.00,0.00,2.10,1.36,83.97,0.00,0.00,83.0,0,0.000,-0.01,-1,1,0,0,0,0,0,0,0,0,0,PreArm: Board (3.9v) out of range 4.3-5.8v
2026-07-09T13:48:49.666Z,1420.012,False,STABILIZE,0.0000000,0.0000000,-1.66,-0.04,0.00,0.00,0.00,2.10,1.36,83.97,0.00,0.00,83.0,0,0.000,-0.01,-1,1,0,0,0,0,0,0,0,0,0,PreArm: Board (3.9v) out of range 4.3-5.8v
2026-07-09T13:48:50.167Z,1420.512,False,STABILIZE,0.0000000,0.0000000,-1.68,-0.04,0.00,0.00,0.00,2.10,1.36,83.98,0.00,0.00,83.0,0,0.000,-0.01,-1,1,0,0,0,0,0,0,0,0,0,PreArm: Board (3.9v) out of range 4.3-5.8v
2026-07-09T13:48:50.669Z,1421.014,False,STABILIZE,0.0000000,0.0000000,-1.69,-0.04,0.00,0.00,0.00,2.10,1.36,83.97,0.00,0.00,83.0,0,0.000,-0.01,-1,1,0,0,0,0,0,0,0,0,0,PreArm: Board (3.9v) out of range 4.3-5.8v
2026-07-09T13:48:51.261Z,1421.607,False,STABILIZE,0.0000000,0.0000000,-1.70,-0.04,0.00,0.00,0.00,2.11,1.36,83.98,0.00,0.00,83.0,0,0.000,-0.01,-1,1,0,0,0,0,0,0,0,0,0,PreArm: Board (3.9v) out of range 4.3-5.8v
2026-07-09T13:48:51.761Z,1422.107,False,STABILIZE,0.0000000,0.0000000,-1.69,-0.04,0.00,0.00,0.00,2.11,1.36,83.98,0.01,0.00,83.0,0,0.000,-0.01,-1,1,0,0,0,0,0,0,0,0,0,PreArm: Board (3.9v) out of range 4.3-5.8v
2026-07-09T13:48:52.264Z,1422.610,False,STABILIZE,0.0000000,0.0000000,-1.70,-0.04,0.00,0.00,0.00,2.11,1.36,83.98,0.01,0.00,83.0,0,0.000,-0.01,-1,1,0,0,0,0,0,0,0,0,0,PreArm: Board (3.9v) out of range 4.3-5.8v
2026-07-09T13:48:52.764Z,1423.110,False,STABILIZE,0.0000000,0.0000000,-1.72,-0.04,0.00,0.00,0.00,2.11,1.36,83.98,0.01,0.00,83.0,0,0.000,-0.01,-1,1,0,0,0,0,0,0,0,0,0,PreArm: Board (3.9v) out of range 4.3-5.8v
2026-07-09T13:48:53.264Z,1423.610,False,STABILIZE,0.0000000,0.0000000,-1.71,-0.04,0.00,0.00,0.00,2.11,1.36,83.98,0.01,0.00,83.0,0,0.000,-0.01,-1,1,0,0,0,0,0,0,0,0,0,PreArm: Board (3.9v) out of range 4.3-5.8v
2026-07-09T13:48:53.766Z,1424.112,False,STABILIZE,0.0000000,0.0000000,-1.69,-0.04,0.00,0.00,0.00,2.11,1.36,83.98,0.01,0.00,83.0,0,0.000,-0.01,-1,1,0,0,0,0,0,0,0,0,0,PreArm: Board (3.9v) out of range 4.3-5.8v
2026-07-09T13:48:54.267Z,1424.613,False,STABILIZE,0.0000000,0.0000000,-1.69,-0.04,0.00,0.00,0.00,2.11,1.36,83.98,0.01,0.00,83.0,0,0.000,-0.01,-1,1,0,0,0,0,0,0,0,0,0,PreArm: Board (3.9v) out of range 4.3-5.8v
2026-07-09T13:48:54.861Z,1425.207,False,STABILIZE,0.0000000,0.0000000,-1.69,-0.04,0.00,0.00,0.00,2.11,1.36,83.99,0.01,0.00,83.0,0,0.000,-0.01,-1,1,0,0,0,0,0,0,0,0,0,PreArm: Board (3.9v) out of range 4.3-5.8v
2026-07-09T13:48:55.362Z,1425.707,False,STABILIZE,0.0000000,0.0000000,-1.70,-0.04,0.00,0.00,0.00,2.11,1.36,83.99,0.01,0.00,83.0,0,0.000,-0.01,-1,1,0,0,0,0,0,0,0,0,0,PreArm: Board (3.9v) out of range 4.3-5.8v
2026-07-09T13:48:55.862Z,1426.207,False,STABILIZE,0.0000000,0.0000000,-1.67,-0.04,0.00,0.00,0.00,2.11,1.36,83.99,0.01,0.00,83.0,0,0.000,-0.01,-1,1,0,0,0,0,0,0,0,0,0,PreArm: Board (3.9v) out of range 4.3-5.8v
2026-07-09T13:48:56.362Z,1426.707,False,STABILIZE,0.0000000,0.0000000,-1.68,-0.04,0.00,0.00,0.00,2.10,1.36,83.99,0.01,0.00,83.0,0,0.000,-0.01,-1,1,0,0,0,0,0,0,0,0,0,PreArm: Board (3.9v) out of range 4.3-5.8v
2026-07-09T13:48:56.865Z,1427.211,False,STABILIZE,0.0000000,0.0000000,-1.72,-0.04,0.00,0.00,0.00,2.10,1.35,84.00,0.00,0.00,83.0,0,0.000,-0.01,-1,1,0,0,0,0,0,0,0,0,0,PreArm: Board (3.9v) out of range 4.3-5.8v
2026-07-09T13:48:57.366Z,1427.712,False,STABILIZE,0.0000000,0.0000000,-1.69,-0.04,0.00,0.00,0.00,2.10,1.36,83.99,0.00,0.00,83.0,0,0.000,-0.01,-1,1,0,0,0,0,0,0,0,0,0,PreArm: Board (3.9v) out of range 4.3-5.8v
2026-07-09T13:48:57.866Z,1428.212,False,STABILIZE,0.0000000,0.0000000,-1.70,-0.04,0.00,0.00,0.00,2.10,1.35,83.99,0.00,0.00,83.0,0,0.000,-0.01,-1,1,0,0,0,0,0,0,0,0,0,PreArm: Board (3.9v) out of range 4.3-5.8v
2026-07-09T13:48:58.366Z,1428.712,False,STABILIZE,0.0000000,0.0000000,-1.70,-0.04,0.00,0.00,0.00,2.10,1.35,83.99,0.00,0.00,83.0,0,0.000,-0.01,-1,1,0,0,0,0,0,0,0,0,0,PreArm: Board (3.9v) out of range 4.3-5.8v
2026-07-09T13:48:58.959Z,1429.304,False,STABILIZE,0.0000000,0.0000000,-1.67,-0.04,0.00,0.00,0.00,2.10,1.35,83.99,0.00,0.00,83.0,0,0.000,-0.01,-1,1,0,0,0,0,0,0,0,0,0,PreArm: Board (3.9v) out of range 4.3-5.8v
2026-07-09T13:48:59.459Z,1429.804,False,STABILIZE,0.0000000,0.0000000,-1.72,-0.04,0.00,0.00,0.00,2.10,1.35,83.99,0.00,0.00,83.0,0,0.000,-0.01,-1,1,0,0,0,0,0,0,0,0,0,PreArm: Board (3.9v) out of range 4.3-5.8v
2026-07-09T13:48:59.959Z,1430.305,False,STABILIZE,0.0000000,0.0000000,-1.70,-0.04,0.00,0.00,0.00,2.10,1.35,83.99,0.00,0.00,83.0,0,0.000,-0.01,-1,1,0,0,0,0,0,0,0,0,0,PreArm: Board (3.9v) out of range 4.3-5.8v
2026-07-09T13:49:00.459Z,1430.805,False,STABILIZE,0.0000000,0.0000000,-1.71,-0.04,0.00,0.00,0.00,2.10,1.34,84.00,0.00,0.00,83.0,0,0.000,-0.01,-1,1,0,0,0,0,0,0,0,0,0,PreArm: Board (3.9v) out of range 4.3-5.8v
2026-07-09T13:49:00.959Z,1431.305,False,STABILIZE,0.0000000,0.0000000,-1.71,-0.04,0.00,0.00,0.00,2.10,1.34,83.99,0.00,0.00,83.0,0,0.000,-0.01,-1,1,0,0,0,0,0,0,0,0,0,PreArm: Board (3.9v) out of range 4.3-5.8v
2026-07-09T13:49:01.459Z,1431.805,False,STABILIZE,0.0000000,0.0000000,-1.67,-0.04,0.00,0.00,0.00,2.10,1.34,83.99,0.00,0.00,83.0,0,0.000,-0.01,-1,1,0,0,0,0,0,0,0,0,0,PreArm: Board (3.9v) out of range 4.3-5.8v
2026-07-09T13:49:01.961Z,1432.307,False,STABILIZE,0.0000000,0.0000000,-1.68,-0.04,0.00,0.00,0.00,2.10,1.34,83.99,0.00,0.00,83.0,0,0.000,-0.01,-1,1,0,0,0,0,0,0,0,0,0,PreArm: Board (3.9v) out of range 4.3-5.8v
2026-07-09T13:49:02.462Z,1432.808,False,STABILIZE,0.0000000,0.0000000,-1.70,-0.04,0.00,0.00,0.00,2.10,1.34,83.99,0.00,0.00,83.0,0,0.000,-0.01,-1,1,0,0,0,0,0,0,0,0,0,PreArm: Board (3.9v) out of range 4.3-5.8v
2026-07-09T13:49:02.962Z,1433.308,False,STABILIZE,0.0000000,0.0000000,-1.68,-0.04,0.00,0.00,0.00,2.10,1.34,83.99,0.00,0.00,83.0,0,0.000,-0.01,-1,1,0,0,0,0,0,0,0,0,0,PreArm: Board (3.9v) out of range 4.3-5.8v
2026-07-09T13:49:03.462Z,1433.808,False,STABILIZE,0.0000000,0.0000000,-1.71,-0.04,0.00,0.00,0.00,2.10,1.34,83.99,0.00,0.00,83.0,0,0.000,-0.01,-1,1,0,0,0,0,0,0,0,0,0,PreArm: Board (3.9v) out of range 4.3-5.8v
2026-07-09T13:49:03.963Z,1434.309,False,STABILIZE,0.0000000,0.0000000,-1.70,-0.04,0.00,0.00,0.00,2.10,1.34,83.99,0.00,0.00,83.0,0,0.000,-0.01,-1,1,0,0,0,0,0,0,0,0,0,PreArm: Board (3.9v) out of range 4.3-5.8v
2026-07-09T13:49:04.463Z,1434.809,False,STABILIZE,0.0000000,0.0000000,-1.71,-0.04,0.00,0.00,0.00,2.11,1.34,84.00,0.00,0.00,83.0,0,0.000,-0.01,-1,1,0,0,0,0,0,0,0,0,0,PreArm: Board (3.9v) out of range 4.3-5.8v
2026-07-09T13:49:04.964Z,1435.309,False,STABILIZE,0.0000000,0.0000000,-1.69,-0.04,0.00,0.00,0.00,2.11,1.34,83.99,0.00,0.00,83.0,0,0.000,-0.01,-1,1,0,0,0,0,0,0,0,0,0,PreArm: Board (3.9v) out of range 4.3-5.8v
2026-07-09T13:49:05.464Z,1435.810,False,STABILIZE,0.0000000,0.0000000,-1.72,-0.04,0.00,0.00,0.00,2.11,1.34,83.99,0.00,0.00,83.0,0,0.000,-0.01,-1,1,0,0,0,0,0,0,0,0,0,PreArm: Board (3.9v) out of range 4.3-5.8v
2026-07-09T13:49:05.965Z,1436.310,False,STABILIZE,0.0000000,0.0000000,-1.73,-0.04,0.00,0.00,0.00,2.11,1.34,84.00,0.00,0.00,83.0,0,0.000,-0.01,-1,1,0,0,0,0,0,0,0,0,0,PreArm: Board (3.9v) out of range 4.3-5.8v
2026-07-09T13:49:06.468Z,1436.814,False,STABILIZE,0.0000000,0.0000000,-1.71,-0.04,0.00,0.00,0.00,2.11,1.34,84.00,0.00,0.00,83.0,0,0.000,-0.01,-1,1,0,0,0,0,0,0,0,0,0,PreArm: Board (3.9v) out of range 4.3-5.8v
2026-07-09T13:49:06.969Z,1437.315,False,STABILIZE,0.0000000,0.0000000,-1.71,-0.04,0.00,0.00,0.00,2.11,1.34,84.00,0.00,0.00,83.0,0,0.000,-0.01,-1,1,0,0,0,0,0,0,0,0,0,PreArm: Board (3.9v) out of range 4.3-5.8v
2026-07-09T13:49:07.558Z,1437.904,False,STABILIZE,0.0000000,0.0000000,-1.71,-0.04,0.00,0.00,0.00,2.11,1.34,84.00,0.00,0.00,83.0,0,0.000,-0.01,-1,1,0,0,0,0,0,0,0,0,0,PreArm: Board (3.9v) out of range 4.3-5.8v
2026-07-09T13:49:08.058Z,1438.404,False,STABILIZE,0.0000000,0.0000000,-1.72,-0.04,0.00,0.00,0.00,2.11,1.34,84.00,0.00,0.00,84.0,0,0.000,-0.01,-1,1,0,0,0,0,0,0,0,0,0,PreArm: Board (3.9v) out of range 4.3-5.8v
2026-07-09T13:49:08.558Z,1438.904,False,STABILIZE,0.0000000,0.0000000,-1.69,-0.04,0.00,0.00,0.00,2.11,1.34,84.00,0.00,0.00,84.0,0,0.000,-0.01,-1,1,0,0,0,0,0,0,0,0,0,PreArm: Board (3.9v) out of range 4.3-5.8v
2026-07-09T13:49:09.058Z,1439.404,False,STABILIZE,0.0000000,0.0000000,-1.68,-0.04,0.00,0.00,0.00,2.11,1.34,84.01,0.00,0.00,84.0,0,0.000,-0.01,-1,1,0,0,0,0,0,0,0,0,0,PreArm: Board (3.9v) out of range 4.3-5.8v
2026-07-09T13:49:09.561Z,1439.907,False,STABILIZE,0.0000000,0.0000000,-1.70,-0.04,0.00,0.00,0.00,2.11,1.34,84.00,0.00,0.00,84.0,0,0.000,-0.01,-1,1,0,0,0,0,0,0,0,0,0,PreArm: Board (3.9v) out of range 4.3-5.8v
2026-07-09T13:49:10.061Z,1440.407,False,STABILIZE,0.0000000,0.0000000,-1.70,-0.04,0.00,0.00,0.00,2.11,1.34,84.00,0.00,0.00,84.0,0,0.000,-0.01,-1,1,0,0,0,0,0,0,0,0,0,PreArm: Board (3.9v) out of range 4.3-5.8v
2026-07-09T13:49:10.561Z,1440.907,False,STABILIZE,0.0000000,0.0000000,-1.67,-0.04,0.00,0.00,0.00,2.11,1.34,84.00,0.00,0.00,84.0,0,0.000,-0.01,-1,1,0,0,0,0,0,0,0,0,0,PreArm: Board (3.9v) out of range 4.3-5.8v
2026-07-09T13:49:11.062Z,1441.407,False,STABILIZE,0.0000000,0.0000000,-1.70,-0.04,0.00,0.00,0.00,2.11,1.34,84.00,0.00,0.00,83.0,0,0.000,-0.01,-1,1,0,0,0,0,0,0,0,0,0,PreArm: Board (3.9v) out of range 4.3-5.8v
2026-07-09T13:49:11.562Z,1441.907,False,STABILIZE,0.0000000,0.0000000,-1.70,-0.04,0.00,0.00,0.00,2.11,1.34,84.00,0.00,0.00,83.0,0,0.000,-0.01,-1,1,0,0,0,0,0,0,0,0,0,PreArm: Board (3.9v) out of range 4.3-5.8v
2026-07-09T13:49:12.062Z,1442.407,False,STABILIZE,0.0000000,0.0000000,-1.70,-0.04,0.00,0.00,0.00,2.11,1.34,84.00,0.00,0.00,83.0,0,0.000,-0.01,-1,1,0,0,0,0,0,0,0,0,0,PreArm: Board (3.9v) out of range 4.3-5.8v
2026-07-09T13:49:12.562Z,1442.907,False,STABILIZE,0.0000000,0.0000000,-1.70,-0.04,0.00,0.00,0.00,2.11,1.34,84.00,0.00,0.00,83.0,0,0.000,-0.01,-1,1,0,0,0,0,0,0,0,0,0,PreArm: Board (3.9v) out of range 4.3-5.8v
2026-07-09T13:49:13.062Z,1443.407,False,STABILIZE,0.0000000,0.0000000,-1.71,-0.04,0.00,0.00,0.00,2.10,1.34,84.00,0.00,0.00,83.0,0,0.000,-0.01,-1,1,0,0,0,0,0,0,0,0,0,PreArm: Board (3.9v) out of range 4.3-5.8v
2026-07-09T13:49:13.563Z,1443.909,False,STABILIZE,0.0000000,0.0000000,-1.69,-0.04,0.00,0.00,0.00,2.10,1.34,84.00,0.00,0.00,84.0,0,0.000,-0.01,-1,1,0,0,0,0,0,0,0,0,0,PreArm: Board (3.9v) out of range 4.3-5.8v
2026-07-09T13:49:14.064Z,1444.410,False,STABILIZE,0.0000000,0.0000000,-1.68,-0.04,0.00,0.00,0.00,2.10,1.34,84.00,0.00,0.00,84.0,0,0.000,-0.01,-1,1,0,0,0,0,0,0,0,0,0,PreArm: Board (3.9v) out of range 4.3-5.8v
2026-07-09T13:49:14.568Z,1444.914,False,STABILIZE,0.0000000,0.0000000,-1.72,-0.04,0.00,0.00,0.00,2.10,1.34,84.00,0.00,0.00,84.0,0,0.000,-0.01,-1,1,0,0,0,0,0,0,0,0,0,PreArm: Board (3.9v) out of range 4.3-5.8v
2026-07-09T13:49:15.070Z,1445.416,False,STABILIZE,0.0000000,0.0000000,-1.70,-0.04,0.00,0.00,0.00,2.10,1.34,84.00,0.00,0.00,84.0,0,0.000,-0.01,-1,1,0,0,0,0,0,0,0,0,0,PreArm: Board (3.9v) out of range 4.3-5.8v
2026-07-09T13:49:15.602Z,1445.948,False,STABILIZE,0.0000000,0.0000000,-1.71,-0.04,0.00,0.00,0.00,2.10,1.33,84.01,0.00,0.00,84.0,0,0.000,-0.01,-1,1,0,0,0,0,0,0,0,0,0,PreArm: Board (3.9v) out of range 4.3-5.8v
2026-07-09T13:49:16.160Z,1446.506,False,STABILIZE,0.0000000,0.0000000,-1.72,-0.04,0.00,0.00,0.00,2.10,1.33,84.00,0.00,0.00,84.0,0,0.000,-0.01,-1,1,0,0,0,0,0,0,0,0,0,PreArm: Board (3.9v) out of range 4.3-5.8v
2026-07-09T13:49:16.662Z,1447.007,False,STABILIZE,0.0000000,0.0000000,-1.69,-0.04,0.00,0.00,0.00,2.10,1.33,84.00,0.00,0.00,83.0,0,0.000,-0.01,-1,1,0,0,0,0,0,0,0,0,0,PreArm: Board (3.9v) out of range 4.3-5.8v
2026-07-09T13:49:17.163Z,1447.508,False,STABILIZE,0.0000000,0.0000000,-1.75,-0.04,0.00,0.00,0.00,2.11,1.33,84.00,0.00,0.00,83.0,0,0.000,-0.01,-1,1,0,0,0,0,0,0,0,0,0,PreArm: Board (3.9v) out of range 4.3-5.8v
2026-07-09T13:49:17.663Z,1448.008,False,STABILIZE,0.0000000,0.0000000,-1.72,-0.04,0.00,0.00,0.00,2.11,1.33,83.99,0.00,0.00,83.0,0,0.000,-0.01,-1,1,0,0,0,0,0,0,0,0,0,PreArm: Board (3.9v) out of range 4.3-5.8v
2026-07-09T13:49:18.164Z,1448.509,False,STABILIZE,0.0000000,0.0000000,-1.76,-0.04,0.00,0.00,0.00,2.11,1.33,83.99,0.00,0.00,83.0,0,0.000,-0.01,-1,1,0,0,0,0,0,0,0,0,0,PreArm: Board (3.9v) out of range 4.3-5.8v
2026-07-09T13:49:18.664Z,1449.009,False,STABILIZE,0.0000000,0.0000000,-1.70,-0.04,0.00,0.00,0.00,2.11,1.33,84.00,0.00,0.00,83.0,0,0.000,-0.01,-1,1,0,0,0,0,0,0,0,0,0,PreArm: Board (3.9v) out of range 4.3-5.8v
2026-07-09T13:49:19.164Z,1449.509,False,STABILIZE,0.0000000,0.0000000,-1.71,-0.04,0.00,0.00,0.00,2.10,1.33,84.00,0.00,0.00,84.0,0,0.000,-0.01,-1,1,0,0,0,0,0,0,0,0,0,PreArm: Board (3.9v) out of range 4.3-5.8v
2026-07-09T13:49:19.664Z,1450.010,False,STABILIZE,0.0000000,0.0000000,-1.74,-0.04,0.00,0.00,0.00,2.10,1.33,84.00,0.00,0.00,84.0,0,0.000,-0.01,-1,1,0,0,0,0,0,0,0,0,0,PreArm: Board (3.9v) out of range 4.3-5.8v
2026-07-09T13:49:20.168Z,1450.514,False,STABILIZE,0.0000000,0.0000000,-1.73,-0.04,0.00,0.00,0.00,2.10,1.33,84.00,0.00,0.00,84.0,0,0.000,-0.01,-1,1,0,0,0,0,0,0,0,0,0,PreArm: Board (3.9v) out of range 4.3-5.8v
2026-07-09T13:49:20.759Z,1451.105,False,STABILIZE,0.0000000,0.0000000,-1.74,-0.04,0.00,0.00,0.00,2.10,1.33,84.00,0.00,0.00,84.0,0,0.000,-0.01,-1,1,0,0,0,0,0,0,0,0,0,PreArm: Board (3.9v) out of range 4.3-5.8v
2026-07-09T13:49:21.261Z,1451.607,False,STABILIZE,0.0000000,0.0000000,-1.70,-0.04,0.00,0.00,0.00,2.10,1.33,84.00,0.00,0.00,84.0,0,0.000,-0.01,-1,1,0,0,0,0,0,0,0,0,0,PreArm: Board (3.9v) out of range 4.3-5.8v
2026-07-09T13:49:21.761Z,1452.107,False,STABILIZE,0.0000000,0.0000000,-1.71,-0.04,0.00,0.00,0.00,2.10,1.33,84.00,0.00,0.00,84.0,0,0.000,-0.01,-1,1,0,0,0,0,0,0,0,0,0,PreArm: Board (3.9v) out of range 4.3-5.8v
2026-07-09T13:49:22.264Z,1452.610,False,STABILIZE,0.0000000,0.0000000,-1.71,-0.04,0.00,0.00,0.00,2.10,1.33,84.00,0.00,0.00,84.0,0,0.000,-0.01,-1,1,0,0,0,0,0,0,0,0,0,PreArm: Board (3.9v) out of range 4.3-5.8v
2026-07-09T13:49:22.765Z,1453.111,False,STABILIZE,0.0000000,0.0000000,-1.71,-0.04,0.00,0.00,0.00,2.10,1.33,84.00,0.00,0.00,84.0,0,0.000,-0.01,-1,1,0,0,0,0,0,0,0,0,0,PreArm: Board (3.9v) out of range 4.3-5.8v
2026-07-09T13:49:23.266Z,1453.611,False,STABILIZE,0.0000000,0.0000000,-1.74,-0.04,0.00,0.00,0.00,2.10,1.33,84.00,0.00,0.00,83.0,0,0.000,-0.01,-1,1,0,0,0,0,0,0,0,0,0,PreArm: Board (3.9v) out of range 4.3-5.8v
2026-07-09T13:49:23.859Z,1454.205,False,STABILIZE,0.0000000,0.0000000,-1.71,-0.04,0.00,0.00,0.00,2.10,1.33,84.00,0.00,0.00,83.0,0,0.000,-0.01,-1,1,0,0,0,0,0,0,0,0,0,PreArm: Board (3.9v) out of range 4.3-5.8v
2026-07-09T13:49:24.359Z,1454.705,False,STABILIZE,0.0000000,0.0000000,-1.76,-0.04,0.00,0.00,0.00,2.10,1.34,84.00,0.00,0.00,84.0,0,0.000,-0.01,-1,1,0,0,0,0,0,0,0,0,0,PreArm: Board (3.9v) out of range 4.3-5.8v
2026-07-09T13:49:24.862Z,1455.208,False,STABILIZE,0.0000000,0.0000000,-1.75,-0.04,0.00,0.00,0.00,2.10,1.34,84.00,0.00,0.00,84.0,0,0.000,-0.01,-1,1,0,0,0,0,0,0,0,0,0,PreArm: Board (3.9v) out of range 4.3-5.8v
2026-07-09T13:49:25.363Z,1455.709,False,STABILIZE,0.0000000,0.0000000,-1.74,-0.04,0.00,0.00,0.00,2.10,1.34,84.00,0.00,0.00,84.0,0,0.000,-0.01,-1,1,0,0,0,0,0,0,0,0,0,PreArm: Board (3.9v) out of range 4.3-5.8v
2026-07-09T13:49:25.866Z,1456.212,False,STABILIZE,0.0000000,0.0000000,-1.71,-0.04,0.00,0.00,0.00,2.10,1.34,84.01,0.00,0.00,84.0,0,0.000,-0.01,-1,1,0,0,0,0,0,0,0,0,0,PreArm: Board (3.9v) out of range 4.3-5.8v
2026-07-09T13:49:26.459Z,1456.805,False,STABILIZE,0.0000000,0.0000000,-1.72,-0.04,0.00,0.00,0.00,2.10,1.35,84.01,0.00,0.00,84.0,0,0.000,-0.01,-1,1,0,0,0,0,0,0,0,0,0,PreArm: Board (3.9v) out of range 4.3-5.8v
2026-07-09T13:49:26.959Z,1457.305,False,STABILIZE,0.0000000,0.0000000,-1.73,-0.04,0.00,0.00,0.00,2.10,1.35,84.01,0.00,0.00,84.0,0,0.000,-0.01,-1,1,0,0,0,0,0,0,0,0,0,PreArm: Board (3.9v) out of range 4.3-5.8v
2026-07-09T13:49:27.460Z,1457.805,False,STABILIZE,0.0000000,0.0000000,-1.75,-0.04,0.00,0.00,0.00,2.10,1.35,84.01,0.00,0.00,84.0,0,0.000,-0.01,-1,1,0,0,0,0,0,0,0,0,0,PreArm: Board (3.9v) out of range 4.3-5.8v
2026-07-09T13:49:27.961Z,1458.306,False,STABILIZE,0.0000000,0.0000000,-1.74,-0.04,0.00,0.00,0.00,2.10,1.35,84.01,0.00,0.00,84.0,0,0.000,-0.01,-1,1,0,0,0,0,0,0,0,0,0,PreArm: Board (3.9v) out of range 4.3-5.8v
2026-07-09T13:49:28.462Z,1458.807,False,STABILIZE,0.0000000,0.0000000,-1.73,-0.04,0.00,0.00,0.00,2.10,1.35,84.02,0.00,0.00,84.0,0,0.000,-0.01,-1,1,0,0,0,0,0,0,0,0,0,PreArm: Board (3.9v) out of range 4.3-5.8v
2026-07-09T13:49:28.963Z,1459.309,False,STABILIZE,0.0000000,0.0000000,-1.73,-0.04,0.00,0.00,0.00,2.10,1.35,84.02,0.00,0.00,84.0,0,0.000,-0.01,-1,1,0,0,0,0,0,0,0,0,0,PreArm: Board (3.9v) out of range 4.3-5.8v
2026-07-09T13:49:29.463Z,1459.809,False,STABILIZE,0.0000000,0.0000000,-1.74,-0.04,0.00,0.00,0.00,2.10,1.35,84.02,0.00,0.00,84.0,0,0.000,-0.01,-1,1,0,0,0,0,0,0,0,0,0,PreArm: Board (3.9v) out of range 4.3-5.8v
2026-07-09T13:49:29.966Z,1460.312,False,STABILIZE,0.0000000,0.0000000,-1.75,-0.04,0.00,0.00,0.00,2.10,1.35,84.02,0.00,0.00,84.0,0,0.000,-0.01,-1,1,0,0,0,0,0,0,0,0,0,PreArm: Board (3.9v) out of range 4.3-5.8v
2026-07-09T13:49:30.466Z,1460.812,False,STABILIZE,0.0000000,0.0000000,-1.75,-0.04,0.00,0.00,0.00,2.10,1.35,84.02,0.00,0.00,84.0,0,0.000,-0.01,-1,1,0,0,0,0,0,0,0,0,0,PreArm: Board (3.9v) out of range 4.3-5.8v
2026-07-09T13:49:31.058Z,1461.404,False,STABILIZE,0.0000000,0.0000000,-1.79,-0.04,0.00,0.00,0.00,2.10,1.35,84.02,0.00,0.00,84.0,0,0.000,-0.01,-1,1,0,0,0,0,0,0,0,0,0,PreArm: Board (3.9v) out of range 4.3-5.8v
2026-07-09T13:49:31.560Z,1461.906,False,STABILIZE,0.0000000,0.0000000,-1.75,-0.04,0.00,0.00,0.00,2.10,1.34,84.02,0.00,0.00,84.0,0,0.000,-0.01,-1,1,0,0,0,0,0,0,0,0,0,PreArm: Board (3.9v) out of range 4.3-5.8v
2026-07-09T13:49:32.060Z,1462.406,False,STABILIZE,0.0000000,0.0000000,-1.76,-0.04,0.00,0.00,0.00,2.10,1.34,84.02,0.00,0.00,84.0,0,0.000,-0.01,-1,1,0,0,0,0,0,0,0,0,0,PreArm: Board (3.9v) out of range 4.3-5.8v
2026-07-09T13:49:32.560Z,1462.906,False,STABILIZE,0.0000000,0.0000000,-1.75,-0.04,0.00,0.00,0.00,2.10,1.34,84.02,0.00,0.00,84.0,0,0.000,-0.01,-1,1,0,0,0,0,0,0,0,0,0,PreArm: Board (3.9v) out of range 4.3-5.8v
2026-07-09T13:49:33.060Z,1463.406,False,STABILIZE,0.0000000,0.0000000,-1.77,-0.04,0.00,0.00,0.00,2.10,1.34,84.03,0.00,0.00,84.0,0,0.000,-0.01,-1,1,0,0,0,0,0,0,0,0,0,PreArm: Board (3.9v) out of range 4.3-5.8v
2026-07-09T13:49:33.561Z,1463.906,False,STABILIZE,0.0000000,0.0000000,-1.75,-0.04,0.00,0.00,0.00,2.10,1.34,84.03,0.00,0.00,84.0,0,0.000,-0.01,-1,1,0,0,0,0,0,0,0,0,0,PreArm: Board (3.9v) out of range 4.3-5.8v
2026-07-09T13:49:34.062Z,1464.407,False,STABILIZE,0.0000000,0.0000000,-1.79,-0.04,0.00,0.00,0.00,2.10,1.34,84.03,0.00,0.00,84.0,0,0.000,-0.01,-1,1,0,0,0,0,0,0,0,0,0,PreArm: Board (3.9v) out of range 4.3-5.8v
2026-07-09T13:49:34.565Z,1464.911,False,STABILIZE,0.0000000,0.0000000,-1.74,-0.04,0.00,0.00,0.00,2.10,1.34,84.03,0.00,0.00,84.0,0,0.000,-0.01,-1,1,0,0,0,0,0,0,0,0,0,PreArm: Board (3.9v) out of range 4.3-5.8v
2026-07-09T13:49:35.066Z,1465.411,False,STABILIZE,0.0000000,0.0000000,-1.75,-0.04,0.00,0.00,0.00,2.10,1.35,84.03,0.00,0.00,84.0,0,0.000,-0.01,-1,1,0,0,0,0,0,0,0,0,0,PreArm: Board (3.9v) out of range 4.3-5.8v
2026-07-09T13:49:35.566Z,1465.912,False,STABILIZE,0.0000000,0.0000000,-1.79,-0.04,0.00,0.00,0.00,2.10,1.35,84.03,0.00,0.00,84.0,0,0.000,-0.01,-1,1,0,0,0,0,0,0,0,0,0,PreArm: Board (3.9v) out of range 4.3-5.8v
2026-07-09T13:49:36.159Z,1466.505,False,STABILIZE,0.0000000,0.0000000,-1.77,-0.04,0.00,0.00,0.00,2.10,1.35,84.02,0.00,0.00,84.0,0,0.000,-0.01,-1,1,0,0,0,0,0,0,0,0,0,PreArm: Board (3.9v) out of range 4.3-5.8v
2026-07-09T13:49:36.661Z,1467.006,False,STABILIZE,0.0000000,0.0000000,-1.76,-0.04,0.00,0.00,0.00,2.10,1.35,84.02,0.00,0.00,84.0,0,0.000,-0.01,-1,1,0,0,0,0,0,0,0,0,0,PreArm: Board (3.9v) out of range 4.3-5.8v
2026-07-09T13:49:37.162Z,1467.507,False,STABILIZE,0.0000000,0.0000000,-1.78,-0.04,0.00,0.00,0.00,2.10,1.35,84.02,0.00,0.00,84.0,0,0.000,-0.01,-1,1,0,0,0,0,0,0,0,0,0,PreArm: Board (3.9v) out of range 4.3-5.8v
2026-07-09T13:49:37.662Z,1468.008,False,STABILIZE,0.0000000,0.0000000,-1.76,-0.04,0.00,0.00,0.00,2.10,1.35,84.02,0.00,0.00,84.0,0,0.000,-0.01,-1,1,0,0,0,0,0,0,0,0,0,PreArm: Board (3.9v) out of range 4.3-5.8v
2026-07-09T13:49:38.164Z,1468.509,False,STABILIZE,0.0000000,0.0000000,-1.77,-0.04,0.00,0.00,0.00,2.10,1.35,84.02,0.00,0.00,84.0,0,0.000,-0.01,-1,1,0,0,0,0,0,0,0,0,0,PreArm: Board (3.9v) out of range 4.3-5.8v
2026-07-09T13:49:38.666Z,1469.012,False,STABILIZE,0.0000000,0.0000000,-1.74,-0.04,0.00,0.00,0.00,2.10,1.35,84.02,0.00,0.00,84.0,0,0.000,-0.01,-1,1,0,0,0,0,0,0,0,0,0,PreArm: Board (3.9v) out of range 4.3-5.8v
2026-07-09T13:49:39.168Z,1469.513,False,STABILIZE,0.0000000,0.0000000,-1.82,-0.04,0.00,0.00,0.00,2.10,1.35,84.02,0.00,0.00,84.0,0,0.000,-0.01,-1,1,0,0,0,0,0,0,0,0,0,PreArm: Board (3.9v) out of range 4.3-5.8v
2026-07-09T13:49:39.763Z,1470.108,False,STABILIZE,0.0000000,0.0000000,-1.77,-0.04,0.00,0.00,0.00,2.10,1.35,84.02,0.00,0.00,84.0,0,0.000,-0.01,-1,1,0,0,0,0,0,0,0,0,0,PreArm: Board (3.9v) out of range 4.3-5.8v
2026-07-09T13:49:40.263Z,1470.608,False,STABILIZE,0.0000000,0.0000000,-1.76,-0.04,0.00,0.00,0.00,2.10,1.35,84.02,0.00,0.00,84.0,0,0.000,-0.01,-1,1,0,0,0,0,0,0,0,0,0,PreArm: Board (3.9v) out of range 4.3-5.8v
2026-07-09T13:49:40.764Z,1471.110,False,STABILIZE,0.0000000,0.0000000,-1.80,-0.04,0.00,0.00,0.00,2.10,1.35,84.02,0.00,0.00,84.0,0,0.000,-0.01,-1,1,0,0,0,0,0,0,0,0,0,PreArm: Board (3.9v) out of range 4.3-5.8v
2026-07-09T13:49:41.267Z,1471.612,False,STABILIZE,0.0000000,0.0000000,-1.78,-0.04,0.00,0.00,0.00,2.10,1.35,84.02,0.00,0.00,84.0,0,0.000,-0.01,-1,1,0,0,0,0,0,0,0,0,0,PreArm: Board (3.9v) out of range 4.3-5.8v
2026-07-09T13:49:41.863Z,1472.208,False,STABILIZE,0.0000000,0.0000000,-1.78,-0.04,0.00,0.00,0.00,2.10,1.34,84.02,0.00,0.00,84.0,0,0.000,-0.01,-1,1,0,0,0,0,0,0,0,0,0,PreArm: Board (3.9v) out of range 4.3-5.8v
2026-07-09T13:49:42.363Z,1472.709,False,STABILIZE,0.0000000,0.0000000,-1.79,-0.04,0.00,0.00,0.00,2.10,1.34,84.01,0.00,0.00,84.0,0,0.000,-0.01,-1,1,0,0,0,0,0,0,0,0,0,PreArm: Board (3.9v) out of range 4.3-5.8v
2026-07-09T13:49:42.865Z,1473.210,False,STABILIZE,0.0000000,0.0000000,-1.80,-0.04,0.00,0.00,0.00,2.10,1.35,84.01,0.00,0.00,84.0,0,0.000,-0.01,-1,1,0,0,0,0,0,0,0,0,0,PreArm: Board (3.9v) out of range 4.3-5.8v
2026-07-09T13:49:43.367Z,1473.713,False,STABILIZE,0.0000000,0.0000000,-1.80,-0.04,0.00,0.00,0.00,2.10,1.34,84.01,0.00,0.00,84.0,0,0.000,-0.01,-1,1,0,0,0,0,0,0,0,0,0,PreArm: Board (3.9v) out of range 4.3-5.8v
2026-07-09T13:49:43.961Z,1474.307,False,STABILIZE,0.0000000,0.0000000,-1.80,-0.04,0.00,0.00,0.00,2.11,1.34,84.01,0.00,0.00,84.0,0,0.000,-0.01,-1,1,0,0,0,0,0,0,0,0,0,PreArm: Board (3.9v) out of range 4.3-5.8v
2026-07-09T13:49:44.461Z,1474.807,False,STABILIZE,0.0000000,0.0000000,-1.80,-0.04,0.00,0.00,0.00,2.11,1.34,84.01,0.00,0.00,84.0,0,0.000,-0.01,-1,1,0,0,0,0,0,0,0,0,0,PreArm: Board (3.9v) out of range 4.3-5.8v
2026-07-09T13:49:44.961Z,1475.307,False,STABILIZE,0.0000000,0.0000000,-1.79,-0.04,0.00,0.00,0.00,2.11,1.34,84.01,0.00,0.00,84.0,0,0.000,-0.01,-1,1,0,0,0,0,0,0,0,0,0,PreArm: Board (3.9v) out of range 4.3-5.8v
2026-07-09T13:49:45.462Z,1475.808,False,STABILIZE,0.0000000,0.0000000,-1.80,-0.04,0.00,0.00,0.00,2.11,1.34,84.01,0.00,0.00,84.0,0,0.000,-0.01,-1,1,0,0,0,0,0,0,0,0,0,PreArm: Board (3.9v) out of range 4.3-5.8v
2026-07-09T13:49:45.964Z,1476.310,False,STABILIZE,0.0000000,0.0000000,-1.81,-0.04,0.00,0.00,0.00,2.11,1.34,84.01,0.00,0.00,84.0,0,0.000,-0.01,-1,1,0,0,0,0,0,0,0,0,0,PreArm: Board (3.9v) out of range 4.3-5.8v
2026-07-09T13:49:46.464Z,1476.810,False,STABILIZE,0.0000000,0.0000000,-1.83,-0.04,0.00,0.00,0.00,2.11,1.34,84.01,0.00,0.00,84.0,0,0.000,-0.01,-1,1,0,0,0,0,0,0,0,0,0,PreArm: Board (3.9v) out of range 4.3-5.8v
2026-07-09T13:49:46.965Z,1477.311,False,STABILIZE,0.0000000,0.0000000,-1.84,-0.04,0.00,0.00,0.00,2.11,1.35,84.01,0.00,0.00,84.0,0,0.000,-0.01,-1,1,0,0,0,0,0,0,0,0,0,PreArm: Board (3.9v) out of range 4.3-5.8v
2026-07-09T13:49:47.465Z,1477.811,False,STABILIZE,0.0000000,0.0000000,-1.82,-0.04,0.00,0.00,0.00,2.11,1.35,84.01,0.00,0.00,84.0,0,0.000,-0.01,-1,1,0,0,0,0,0,0,0,0,0,PreArm: Board (3.9v) out of range 4.3-5.8v
2026-07-09T13:49:47.966Z,1478.311,False,STABILIZE,0.0000000,0.0000000,-1.82,-0.04,0.00,0.00,0.00,2.11,1.35,84.01,0.00,0.00,84.0,0,0.000,-0.01,-1,1,0,0,0,0,0,0,0,0,0,PreArm: Board (3.9v) out of range 4.3-5.8v
2026-07-09T13:49:48.558Z,1478.904,False,STABILIZE,0.0000000,0.0000000,-1.81,-0.04,0.00,0.00,0.00,2.11,1.35,84.01,0.00,0.00,84.0,0,0.000,-0.01,-1,1,0,0,0,0,0,0,0,0,0,PreArm: Board (3.9v) out of range 4.3-5.8v
2026-07-09T13:49:49.059Z,1479.404,False,STABILIZE,0.0000000,0.0000000,-1.82,-0.04,0.00,0.00,0.00,2.11,1.35,84.00,0.00,0.00,84.0,0,0.000,-0.01,-1,1,0,0,0,0,0,0,0,0,0,PreArm: Board (3.9v) out of range 4.3-5.8v
2026-07-09T13:49:49.559Z,1479.904,False,STABILIZE,0.0000000,0.0000000,-1.80,-0.04,0.00,0.00,0.00,2.10,1.34,84.00,0.00,0.00,84.0,0,0.000,-0.01,-1,1,0,0,0,0,0,0,0,0,0,PreArm: Board (3.9v) out of range 4.3-5.8v
2026-07-09T13:49:50.059Z,1480.404,False,STABILIZE,0.0000000,0.0000000,-1.82,-0.04,0.00,0.00,0.00,2.11,1.34,84.00,0.00,0.00,84.0,0,0.000,-0.01,-1,1,0,0,0,0,0,0,0,0,0,PreArm: Board (3.9v) out of range 4.3-5.8v
2026-07-09T13:49:50.559Z,1480.904,False,STABILIZE,0.0000000,0.0000000,-1.79,-0.04,0.00,0.00,0.00,2.10,1.34,84.00,0.00,0.00,83.0,0,0.000,-0.01,-1,1,0,0,0,0,0,0,0,0,0,PreArm: Board (3.9v) out of range 4.3-5.8v
2026-07-09T13:49:51.059Z,1481.405,False,STABILIZE,0.0000000,0.0000000,-1.85,-0.04,0.00,0.00,0.00,2.10,1.34,84.00,0.00,0.00,83.0,0,0.000,-0.01,-1,1,0,0,0,0,0,0,0,0,0,PreArm: Board (3.9v) out of range 4.3-5.8v
2026-07-09T13:49:51.562Z,1481.907,False,STABILIZE,0.0000000,0.0000000,-1.82,-0.04,0.00,0.00,0.00,2.11,1.34,83.99,0.00,0.00,83.0,0,0.000,-0.01,-1,1,0,0,0,0,0,0,0,0,0,PreArm: Board (3.9v) out of range 4.3-5.8v
2026-07-09T13:49:52.062Z,1482.407,False,STABILIZE,0.0000000,0.0000000,-1.83,-0.04,0.00,0.00,0.00,2.11,1.34,83.99,0.00,0.00,83.0,0,0.000,-0.01,-1,1,0,0,0,0,0,0,0,0,0,PreArm: Board (3.9v) out of range 4.3-5.8v
2026-07-09T13:49:52.562Z,1482.907,False,STABILIZE,0.0000000,0.0000000,-1.80,-0.04,0.00,0.00,0.00,2.11,1.34,83.99,0.00,0.00,83.0,0,0.000,-0.01,-1,1,0,0,0,0,0,0,0,0,0,PreArm: Board (3.9v) out of range 4.3-5.8v
2026-07-09T13:49:53.062Z,1483.408,False,STABILIZE,0.0000000,0.0000000,-1.80,-0.04,0.00,0.00,0.00,2.11,1.34,83.99,0.00,0.00,83.0,0,0.000,-0.01,-1,1,0,0,0,0,0,0,0,0,0,PreArm: Board (3.9v) out of range 4.3-5.8v
2026-07-09T13:49:53.562Z,1483.908,False,STABILIZE,0.0000000,0.0000000,-1.83,-0.04,0.00,0.00,0.00,2.07,1.33,83.98,0.00,0.00,83.0,0,0.000,-0.01,-1,1,0,0,0,0,0,0,0,0,0,PreArm: Board (3.9v) out of range 4.3-5.8v
2026-07-09T13:49:54.063Z,1484.408,False,STABILIZE,0.0000000,0.0000000,-1.85,-0.04,0.00,0.00,0.00,2.16,1.36,84.04,0.01,0.00,84.0,0,0.000,-0.01,-1,1,0,0,0,0,0,0,0,0,0,PreArm: Board (3.9v) out of range 4.3-5.8v
2026-07-09T13:49:54.564Z,1484.909,False,STABILIZE,0.0000000,0.0000000,-1.83,-0.04,0.00,0.00,0.00,2.14,1.34,84.06,0.00,0.00,84.0,0,0.000,-0.01,-1,1,0,0,0,0,0,0,0,0,0,PreArm: Board (3.9v) out of range 4.3-5.8v
2026-07-09T13:49:55.064Z,1485.409,False,STABILIZE,0.0000000,0.0000000,-1.85,-0.04,0.00,0.00,0.00,2.12,1.34,84.01,0.00,0.00,84.0,0,0.000,-0.01,-1,1,0,0,0,0,0,0,0,0,0,PreArm: Board (3.9v) out of range 4.3-5.8v
2026-07-09T13:49:55.565Z,1485.910,False,STABILIZE,0.0000000,0.0000000,-1.84,-0.04,0.00,0.00,0.00,2.11,1.33,83.98,0.00,0.00,83.0,0,0.000,-0.01,-1,1,0,0,0,0,0,0,0,0,0,PreArm: Board (3.9v) out of range 4.3-5.8v
2026-07-09T13:49:56.066Z,1486.411,False,STABILIZE,0.0000000,0.0000000,-1.85,-0.04,0.00,0.00,0.00,2.11,1.34,84.01,0.00,0.00,84.0,0,0.000,-0.01,-1,1,0,0,0,0,0,0,0,0,0,PreArm: Board (3.9v) out of range 4.3-5.8v
2026-07-09T13:49:56.598Z,1486.943,False,STABILIZE,0.0000000,0.0000000,-1.83,-0.04,0.00,0.00,0.00,2.10,1.34,84.00,0.00,0.00,84.0,0,0.000,-0.01,-1,1,0,0,0,0,0,0,0,0,0,PreArm: Board (3.9v) out of range 4.3-5.8v
2026-07-09T13:49:57.159Z,1487.505,False,STABILIZE,0.0000000,0.0000000,-1.83,-0.04,0.00,0.00,0.00,2.09,1.34,84.00,0.01,0.00,83.0,0,0.000,-0.01,-1,1,0,0,0,0,0,0,0,0,0,PreArm: Board (3.9v) out of range 4.3-5.8v
2026-07-09T13:49:57.661Z,1488.006,False,STABILIZE,0.0000000,0.0000000,-1.83,-0.04,0.00,0.00,0.00,2.12,1.34,84.01,0.00,0.00,84.0,0,0.000,-0.01,-1,1,0,0,0,0,0,0,0,0,0,PreArm: Board (3.9v) out of range 4.3-5.8v
2026-07-09T13:49:58.161Z,1488.507,False,STABILIZE,0.0000000,0.0000000,-1.81,-0.04,0.00,0.00,0.00,2.22,1.35,84.01,0.01,0.00,84.0,0,0.000,-0.01,-1,1,0,0,0,0,0,0,0,0,0,PreArm: Board (3.9v) out of range 4.3-5.8v
2026-07-09T13:49:58.661Z,1489.007,False,STABILIZE,0.0000000,0.0000000,-1.84,-0.04,0.00,0.00,0.00,1.98,1.31,83.49,0.01,0.00,83.0,0,0.000,-0.01,-1,1,0,0,0,0,0,0,0,0,0,PreArm: Board (3.9v) out of range 4.3-5.8v
2026-07-09T13:49:59.161Z,1489.507,False,STABILIZE,0.0000000,0.0000000,-1.85,-0.04,0.00,0.00,0.00,2.09,1.34,83.95,0.00,0.00,83.0,0,0.000,-0.01,-1,1,0,0,0,0,0,0,0,0,0,PreArm: Board (3.9v) out of range 4.3-5.8v
2026-07-09T13:49:59.662Z,1490.007,False,STABILIZE,0.0000000,0.0000000,-1.85,-0.04,0.00,0.00,0.00,2.06,1.34,83.97,0.00,0.00,83.0,0,0.000,-0.01,-1,1,0,0,0,0,0,0,0,0,0,PreArm: Board (3.9v) out of range 4.3-5.8v
2026-07-09T13:50:00.163Z,1490.509,False,STABILIZE,0.0000000,0.0000000,-1.83,-0.04,0.00,0.00,0.00,2.01,1.37,84.06,0.00,0.00,84.0,0,0.000,-0.01,-1,1,0,0,0,0,0,0,0,0,0,PreArm: Board (3.9v) out of range 4.3-5.8v
2026-07-09T13:50:00.663Z,1491.009,False,STABILIZE,0.0000000,0.0000000,-1.84,-0.04,0.00,0.00,0.00,2.10,1.36,84.05,0.00,0.00,84.0,0,0.000,-0.01,-1,1,0,0,0,0,0,0,0,0,0,PreArm: Board (3.9v) out of range 4.3-5.8v
2026-07-09T13:50:01.163Z,1491.509,False,STABILIZE,0.0000000,0.0000000,-1.88,-0.04,0.00,0.00,0.00,2.07,1.33,83.99,0.00,0.00,83.0,0,0.000,-0.01,-1,1,0,0,0,0,0,0,0,0,0,PreArm: Board (3.9v) out of range 4.3-5.8v
2026-07-09T13:50:01.663Z,1492.009,False,STABILIZE,0.0000000,0.0000000,-1.87,-0.04,0.00,0.00,0.00,1.99,1.30,83.94,0.00,0.00,83.0,0,0.000,-0.01,-1,1,0,0,0,0,0,0,0,0,0,PreArm: Board (3.9v) out of range 4.3-5.8v
2026-07-09T13:50:02.163Z,1492.509,False,STABILIZE,0.0000000,0.0000000,-1.87,-0.04,0.00,0.00,0.00,1.98,1.34,84.03,0.01,0.00,84.0,0,0.000,-0.01,-1,1,0,0,0,0,0,0,0,0,0,PreArm: Board (3.9v) out of range 4.3-5.8v
2026-07-09T13:50:02.663Z,1493.009,False,STABILIZE,0.0000000,0.0000000,-1.84,-0.04,0.00,0.00,0.00,2.01,1.35,84.02,0.01,0.00,84.0,0,0.000,-0.01,-1,1,0,0,0,0,0,0,0,0,0,PreArm: Board (3.9v) out of range 4.3-5.8v
2026-07-09T13:50:03.164Z,1493.509,False,STABILIZE,0.0000000,0.0000000,-1.85,-0.04,0.00,0.00,0.00,1.97,1.35,84.04,0.00,0.00,84.0,0,0.000,-0.01,-1,1,0,0,0,0,0,0,0,0,0,PreArm: Board (3.9v) out of range 4.3-5.8v
2026-07-09T13:50:03.664Z,1494.009,False,STABILIZE,0.0000000,0.0000000,-1.87,-0.04,0.00,0.00,0.00,2.07,1.34,84.03,0.00,0.00,84.0,0,0.000,-0.01,-1,1,0,0,0,0,0,0,0,0,0,PreArm: Board (3.9v) out of range 4.3-5.8v
2026-07-09T13:50:04.166Z,1494.511,False,STABILIZE,0.0000000,0.0000000,-1.87,-0.04,0.00,0.00,0.00,2.10,1.35,84.04,0.00,0.00,84.0,0,0.000,-0.01,-1,1,0,0,0,0,0,0,0,0,0,PreArm: Board (3.9v) out of range 4.3-5.8v
2026-07-09T13:50:04.758Z,1495.104,False,STABILIZE,0.0000000,0.0000000,-1.89,-0.04,0.00,0.00,0.00,2.10,1.34,84.04,0.00,0.00,84.0,0,0.000,-0.01,-1,1,0,0,0,0,0,0,0,0,0,PreArm: Board (3.9v) out of range 4.3-5.8v
2026-07-09T13:50:05.261Z,1495.607,False,STABILIZE,0.0000000,0.0000000,-1.85,-0.04,0.00,0.00,0.00,2.10,1.35,84.04,0.00,0.00,84.0,0,0.000,-0.01,-1,1,0,0,0,0,0,0,0,0,0,PreArm: Board (3.9v) out of range 4.3-5.8v
2026-07-09T13:50:05.763Z,1496.108,False,STABILIZE,0.0000000,0.0000000,-1.87,-0.04,0.00,0.00,0.00,2.10,1.35,84.04,0.00,0.00,84.0,0,0.000,-0.01,-1,1,0,0,0,0,0,0,0,0,0,PreArm: Board (3.9v) out of range 4.3-5.8v
2026-07-09T13:50:06.263Z,1496.608,False,STABILIZE,0.0000000,0.0000000,-1.85,-0.04,0.00,0.00,0.00,2.10,1.34,84.04,0.00,0.00,84.0,0,0.000,-0.01,-1,1,0,0,0,0,0,0,0,0,0,PreArm: Board (3.9v) out of range 4.3-5.8v
2026-07-09T13:50:06.763Z,1497.109,False,STABILIZE,0.0000000,0.0000000,-1.85,-0.04,0.00,0.00,0.00,2.10,1.34,84.04,0.00,0.00,84.0,0,0.000,-0.01,-1,1,0,0,0,0,0,0,0,0,0,PreArm: Board (3.8v) out of range 4.3-5.8v
2026-07-09T13:50:07.264Z,1497.609,False,STABILIZE,0.0000000,0.0000000,-1.86,-0.04,0.00,0.00,0.00,2.10,1.34,84.04,0.00,0.00,84.0,0,0.000,-0.01,-1,1,0,0,0,0,0,0,0,0,0,PreArm: Board (3.8v) out of range 4.3-5.8v
2026-07-09T13:50:07.764Z,1498.110,False,STABILIZE,0.0000000,0.0000000,-1.84,-0.04,0.00,0.00,0.00,2.10,1.34,84.04,0.00,0.00,84.0,0,0.000,-0.01,-1,1,0,0,0,0,0,0,0,0,0,PreArm: Board (3.8v) out of range 4.3-5.8v
2026-07-09T13:50:08.265Z,1498.611,False,STABILIZE,0.0000000,0.0000000,-1.85,-0.04,0.00,0.00,0.00,2.10,1.34,84.04,0.00,0.00,84.0,0,0.000,-0.01,-1,1,0,0,0,0,0,0,0,0,0,PreArm: Board (3.8v) out of range 4.3-5.8v
2026-07-09T13:50:08.766Z,1499.111,False,STABILIZE,0.0000000,0.0000000,-1.89,-0.04,0.00,0.00,0.00,2.10,1.34,84.04,0.00,0.00,84.0,0,0.000,-0.01,-1,1,0,0,0,0,0,0,0,0,0,PreArm: Board (3.8v) out of range 4.3-5.8v
2026-07-09T13:50:09.266Z,1499.612,False,STABILIZE,0.0000000,0.0000000,-1.89,-0.04,0.00,0.00,0.00,2.10,1.34,84.04,0.00,0.00,84.0,0,0.000,-0.01,-1,1,0,0,0,0,0,0,0,0,0,PreArm: Board (3.8v) out of range 4.3-5.8v
2026-07-09T13:50:09.768Z,1500.113,False,STABILIZE,0.0000000,0.0000000,-1.86,-0.04,0.00,0.00,0.00,2.10,1.34,84.04,0.00,0.00,84.0,0,0.000,-0.01,-1,1,0,0,0,0,0,0,0,0,0,PreArm: Board (3.8v) out of range 4.3-5.8v
2026-07-09T13:50:10.359Z,1500.705,False,STABILIZE,0.0000000,0.0000000,-1.84,-0.04,0.00,0.00,0.00,2.10,1.34,84.04,0.00,0.00,84.0,0,0.000,-0.01,-1,1,0,0,0,0,0,0,0,0,0,PreArm: Board (3.8v) out of range 4.3-5.8v
2026-07-09T13:50:10.859Z,1501.205,False,STABILIZE,0.0000000,0.0000000,-1.85,-0.04,0.00,0.00,0.00,2.10,1.34,84.04,0.00,0.00,84.0,0,0.000,-0.01,-1,1,0,0,0,0,0,0,0,0,0,PreArm: Board (3.8v) out of range 4.3-5.8v
2026-07-09T13:50:11.359Z,1501.705,False,STABILIZE,0.0000000,0.0000000,-1.87,-0.04,0.00,0.00,0.00,2.10,1.34,84.04,0.00,0.00,84.0,0,0.000,-0.01,-1,1,0,0,0,0,0,0,0,0,0,PreArm: Board (3.8v) out of range 4.3-5.8v
2026-07-09T13:50:11.859Z,1502.205,False,STABILIZE,0.0000000,0.0000000,-1.85,-0.04,0.00,0.00,0.00,2.10,1.34,84.04,0.00,0.00,84.0,0,0.000,-0.01,-1,1,0,0,0,0,0,0,0,0,0,PreArm: Board (3.8v) out of range 4.3-5.8v
2026-07-09T13:50:12.361Z,1502.707,False,STABILIZE,0.0000000,0.0000000,-1.87,-0.04,0.00,0.00,0.00,2.10,1.34,84.05,0.00,0.00,84.0,0,0.000,-0.01,-1,1,0,0,0,0,0,0,0,0,0,PreArm: Board (3.8v) out of range 4.3-5.8v
2026-07-09T13:50:12.863Z,1503.208,False,STABILIZE,0.0000000,0.0000000,-1.89,-0.04,0.00,0.00,0.00,2.10,1.34,84.04,0.00,0.00,84.0,0,0.000,-0.01,-1,1,0,0,0,0,0,0,0,0,0,PreArm: Board (3.8v) out of range 4.3-5.8v
2026-07-09T13:50:13.363Z,1503.708,False,STABILIZE,0.0000000,0.0000000,-1.87,-0.04,0.00,0.00,0.00,2.10,1.34,84.04,0.00,0.00,84.0,0,0.000,-0.01,-1,1,0,0,0,0,0,0,0,0,0,PreArm: Board (3.8v) out of range 4.3-5.8v
2026-07-09T13:50:13.864Z,1504.209,False,STABILIZE,0.0000000,0.0000000,-1.86,-0.04,0.00,0.00,0.00,2.10,1.34,84.04,0.00,0.00,84.0,0,0.000,-0.01,-1,1,0,0,0,0,0,0,0,0,0,PreArm: Board (3.8v) out of range 4.3-5.8v
2026-07-09T13:50:14.366Z,1504.711,False,STABILIZE,0.0000000,0.0000000,-1.87,-0.04,0.00,0.00,0.00,2.10,1.34,84.04,0.00,0.00,84.0,0,0.000,-0.01,-1,1,0,0,0,0,0,0,0,0,0,PreArm: Board (3.8v) out of range 4.3-5.8v
2026-07-09T13:50:14.959Z,1505.305,False,STABILIZE,0.0000000,0.0000000,-1.85,-0.04,0.00,0.00,0.00,2.10,1.34,84.04,0.00,0.00,84.0,0,0.000,-0.01,-1,1,0,0,0,0,0,0,0,0,0,PreArm: Board (3.8v) out of range 4.3-5.8v
2026-07-09T13:50:15.461Z,1505.807,False,STABILIZE,0.0000000,0.0000000,-1.85,-0.04,0.00,0.00,0.00,2.10,1.34,84.04,0.00,0.00,84.0,0,0.000,-0.01,-1,1,0,0,0,0,0,0,0,0,0,PreArm: Board (3.8v) out of range 4.3-5.8v
2026-07-09T13:50:15.962Z,1506.307,False,STABILIZE,0.0000000,0.0000000,-1.88,-0.04,0.00,0.00,0.00,2.11,1.35,84.05,0.00,0.00,84.0,0,0.000,-0.01,-1,1,0,0,0,0,0,0,0,0,0,PreArm: Board (3.8v) out of range 4.3-5.8v
2026-07-09T13:50:16.464Z,1506.810,False,STABILIZE,0.0000000,0.0000000,-1.86,-0.04,0.00,0.00,0.00,2.10,1.35,84.05,0.00,0.00,84.0,0,0.000,-0.01,-1,1,0,0,0,0,0,0,0,0,0,PreArm: Board (3.8v) out of range 4.3-5.8v
2026-07-09T13:50:16.964Z,1507.310,False,STABILIZE,0.0000000,0.0000000,-1.86,-0.04,0.00,0.00,0.00,2.10,1.35,84.05,0.00,0.00,84.0,0,0.000,-0.01,-1,1,0,0,0,0,0,0,0,0,0,PreArm: Board (3.8v) out of range 4.3-5.8v
2026-07-09T13:50:17.465Z,1507.811,False,STABILIZE,0.0000000,0.0000000,-1.88,-0.04,0.00,0.00,0.00,2.10,1.35,84.05,0.00,0.00,84.0,0,0.000,-0.01,-1,1,0,0,0,0,0,0,0,0,0,PreArm: Board (3.8v) out of range 4.3-5.8v
2026-07-09T13:50:17.966Z,1508.311,False,STABILIZE,0.0000000,0.0000000,-1.86,-0.04,0.00,0.00,0.00,2.10,1.35,84.04,0.00,0.00,84.0,0,0.000,-0.01,-1,1,0,0,0,0,0,0,0,0,0,PreArm: Board (3.8v) out of range 4.3-5.8v
2026-07-09T13:50:18.559Z,1508.905,False,STABILIZE,0.0000000,0.0000000,-1.85,-0.04,0.00,0.00,0.00,2.10,1.35,84.04,0.00,0.00,84.0,0,0.000,-0.01,-1,1,0,0,0,0,0,0,0,0,0,PreArm: Board (3.8v) out of range 4.3-5.8v
2026-07-09T13:50:19.061Z,1509.407,False,STABILIZE,0.0000000,0.0000000,-1.89,-0.04,0.00,0.00,0.00,2.10,1.35,84.04,0.00,0.00,84.0,0,0.000,-0.01,-1,1,0,0,0,0,0,0,0,0,0,PreArm: Board (3.8v) out of range 4.3-5.8v
2026-07-09T13:50:19.561Z,1509.907,False,STABILIZE,0.0000000,0.0000000,-1.85,-0.04,0.00,0.00,0.00,2.10,1.35,84.05,0.00,0.00,84.0,0,0.000,-0.01,-1,1,0,0,0,0,0,0,0,0,0,PreArm: Board (3.8v) out of range 4.3-5.8v
2026-07-09T13:50:20.061Z,1510.407,False,STABILIZE,0.0000000,0.0000000,-1.87,-0.04,0.00,0.00,0.00,2.10,1.35,84.04,0.00,0.00,84.0,0,0.000,-0.01,-1,1,0,0,0,0,0,0,0,0,0,PreArm: Board (3.8v) out of range 4.3-5.8v
2026-07-09T13:50:20.561Z,1510.907,False,STABILIZE,0.0000000,0.0000000,-1.90,-0.04,0.00,0.00,0.00,2.09,1.35,84.03,0.00,0.00,84.0,0,0.000,-0.01,-1,1,0,0,0,0,0,0,0,0,0,PreArm: Board (3.8v) out of range 4.3-5.8v
2026-07-09T13:50:21.065Z,1511.411,False,STABILIZE,0.0000000,0.0000000,-1.87,-0.04,0.00,0.00,0.00,2.09,1.34,84.03,0.00,0.00,84.0,0,0.000,-0.01,-1,1,0,0,0,0,0,0,0,0,0,PreArm: Board (3.8v) out of range 4.3-5.8v
2026-07-09T13:50:21.565Z,1511.911,False,STABILIZE,0.0000000,0.0000000,-1.87,-0.04,0.00,0.00,0.00,2.09,1.34,84.03,0.00,0.00,84.0,0,0.000,-0.01,-1,1,0,0,0,0,0,0,0,0,0,PreArm: Board (3.8v) out of range 4.3-5.8v
2026-07-09T13:50:22.066Z,1512.412,False,STABILIZE,0.0000000,0.0000000,-1.87,-0.04,0.00,0.00,0.00,2.09,1.35,84.03,0.00,0.00,84.0,0,0.000,-0.01,-1,1,0,0,0,0,0,0,0,0,0,PreArm: Board (3.8v) out of range 4.3-5.8v
2026-07-09T13:50:22.601Z,1512.946,False,STABILIZE,0.0000000,0.0000000,-1.89,-0.04,0.00,0.00,0.00,2.09,1.35,84.03,0.00,0.00,84.0,0,0.000,-0.01,-1,1,0,0,0,0,0,0,0,0,0,PreArm: Board (3.8v) out of range 4.3-5.8v
2026-07-09T13:50:23.159Z,1513.504,False,STABILIZE,0.0000000,0.0000000,-1.89,-0.04,0.00,0.00,0.00,2.09,1.34,84.02,0.00,0.00,84.0,0,0.000,-0.01,-1,1,0,0,0,0,0,0,0,0,0,PreArm: Board (3.8v) out of range 4.3-5.8v
2026-07-09T13:50:23.659Z,1514.004,False,STABILIZE,0.0000000,0.0000000,-1.86,-0.04,0.00,0.00,0.00,2.09,1.34,84.02,0.00,0.00,84.0,0,0.000,-0.01,-1,1,0,0,0,0,0,0,0,0,0,PreArm: Board (3.8v) out of range 4.3-5.8v
2026-07-09T13:50:24.161Z,1514.506,False,STABILIZE,0.0000000,0.0000000,-1.87,-0.04,0.00,0.00,0.00,2.09,1.35,84.02,0.00,0.00,84.0,0,0.000,-0.01,-1,1,0,0,0,0,0,0,0,0,0,PreArm: Board (3.8v) out of range 4.3-5.8v
2026-07-09T13:50:24.661Z,1515.006,False,STABILIZE,0.0000000,0.0000000,-1.86,-0.04,0.00,0.00,0.00,2.10,1.35,84.01,0.00,0.00,84.0,0,0.000,-0.01,-1,1,0,0,0,0,0,0,0,0,0,PreArm: Board (3.8v) out of range 4.3-5.8v
2026-07-09T13:50:25.161Z,1515.507,False,STABILIZE,0.0000000,0.0000000,-1.89,-0.04,0.00,0.00,0.00,2.10,1.35,84.01,0.00,0.00,84.0,0,0.000,-0.01,-1,1,0,0,0,0,0,0,0,0,0,PreArm: Board (3.8v) out of range 4.3-5.8v
2026-07-09T13:50:25.664Z,1516.010,False,STABILIZE,0.0000000,0.0000000,-1.87,-0.04,0.00,0.00,0.00,2.10,1.35,84.01,0.00,0.00,84.0,0,0.000,-0.01,-1,1,0,0,0,0,0,0,0,0,0,PreArm: Board (3.8v) out of range 4.3-5.8v
2026-07-09T13:50:26.165Z,1516.511,False,STABILIZE,0.0000000,0.0000000,-1.89,-0.04,0.00,0.00,0.00,2.10,1.35,84.00,0.00,0.00,84.0,0,0.000,-0.01,-1,1,0,0,0,0,0,0,0,0,0,PreArm: Board (3.8v) out of range 4.3-5.8v
2026-07-09T13:50:26.666Z,1517.012,False,STABILIZE,0.0000000,0.0000000,-1.90,-0.04,0.00,0.00,0.00,2.09,1.35,84.00,0.00,0.00,84.0,0,0.000,-0.01,-1,1,0,0,0,0,0,0,0,0,0,PreArm: Board (3.8v) out of range 4.3-5.8v
2026-07-09T13:50:27.166Z,1517.512,False,STABILIZE,0.0000000,0.0000000,-1.85,-0.04,0.00,0.00,0.00,2.09,1.35,84.00,0.00,0.00,84.0,0,0.000,-0.01,-1,1,0,0,0,0,0,0,0,0,0,PreArm: Board (3.8v) out of range 4.3-5.8v
2026-07-09T13:50:27.667Z,1518.012,False,STABILIZE,0.0000000,0.0000000,-1.91,-0.04,0.00,0.00,0.00,2.09,1.35,84.00,0.00,0.00,83.0,0,0.000,-0.01,-1,1,0,0,0,0,0,0,0,0,0,PreArm: Board (3.8v) out of range 4.3-5.8v
2026-07-09T13:50:28.171Z,1518.517,False,STABILIZE,0.0000000,0.0000000,-1.90,-0.04,0.00,0.00,0.00,2.09,1.35,83.99,0.00,0.00,83.0,0,0.000,-0.01,-1,1,0,0,0,0,0,0,0,0,0,PreArm: Board (3.8v) out of range 4.3-5.8v
2026-07-09T13:50:28.759Z,1519.104,False,STABILIZE,0.0000000,0.0000000,-1.89,-0.04,0.00,0.00,0.00,2.09,1.34,84.00,0.00,0.00,83.0,0,0.000,-0.01,-1,1,0,0,0,0,0,0,0,0,0,PreArm: Board (3.8v) out of range 4.3-5.8v
2026-07-09T13:50:29.259Z,1519.604,False,STABILIZE,0.0000000,0.0000000,-1.87,-0.04,0.00,0.00,0.00,2.09,1.35,83.99,0.00,0.00,83.0,0,0.000,-0.01,-1,1,0,0,0,0,0,0,0,0,0,PreArm: Board (3.8v) out of range 4.3-5.8v
2026-07-09T13:50:29.759Z,1520.104,False,STABILIZE,0.0000000,0.0000000,-1.87,-0.04,0.00,0.00,0.00,2.09,1.35,83.99,0.00,0.00,83.0,0,0.000,-0.01,-1,1,0,0,0,0,0,0,0,0,0,PreArm: Board (3.8v) out of range 4.3-5.8v
2026-07-09T13:50:30.259Z,1520.605,False,STABILIZE,0.0000000,0.0000000,-1.91,-0.04,0.00,0.00,0.00,2.09,1.34,83.99,0.00,0.00,83.0,0,0.000,-0.01,-1,1,0,0,0,0,0,0,0,0,0,PreArm: Board (3.8v) out of range 4.3-5.8v
2026-07-09T13:50:30.762Z,1521.107,False,STABILIZE,0.0000000,0.0000000,-1.88,-0.04,0.00,0.00,0.00,2.09,1.34,83.99,0.00,0.00,83.0,0,0.000,-0.01,-1,1,0,0,0,0,0,0,0,0,0,PreArm: Board (3.8v) out of range 4.3-5.8v
2026-07-09T13:50:31.263Z,1521.608,False,STABILIZE,0.0000000,0.0000000,-1.87,-0.04,0.00,0.00,0.00,2.09,1.34,83.99,0.00,0.00,83.0,0,0.000,-0.01,-1,1,0,0,0,0,0,0,0,0,0,PreArm: Board (3.8v) out of range 4.3-5.8v
2026-07-09T13:50:31.763Z,1522.109,False,STABILIZE,0.0000000,0.0000000,-1.88,-0.04,0.00,0.00,0.00,2.09,1.34,83.99,0.00,0.00,83.0,0,0.000,-0.01,-1,1,0,0,0,0,0,0,0,0,0,PreArm: Board (3.8v) out of range 4.3-5.8v
2026-07-09T13:50:32.263Z,1522.609,False,STABILIZE,0.0000000,0.0000000,-1.90,-0.04,0.00,0.00,0.00,2.09,1.35,83.99,0.00,0.00,83.0,0,0.000,-0.01,-1,1,0,0,0,0,0,0,0,0,0,PreArm: Board (3.8v) out of range 4.3-5.8v
2026-07-09T13:50:32.766Z,1523.111,False,STABILIZE,0.0000000,0.0000000,-1.90,-0.04,0.00,0.00,0.00,2.09,1.34,83.99,0.00,0.00,83.0,0,0.000,-0.01,-1,1,0,0,0,0,0,0,0,0,0,PreArm: Board (3.8v) out of range 4.3-5.8v
2026-07-09T13:50:33.266Z,1523.611,False,STABILIZE,0.0000000,0.0000000,-1.90,-0.04,0.00,0.00,0.00,2.09,1.34,83.99,0.00,0.00,83.0,0,0.000,-0.01,-1,1,0,0,0,0,0,0,0,0,0,PreArm: Board (3.8v) out of range 4.3-5.8v
2026-07-09T13:50:33.766Z,1524.111,False,STABILIZE,0.0000000,0.0000000,-1.89,-0.04,0.00,0.00,0.00,2.10,1.34,83.99,0.00,0.00,83.0,0,0.000,-0.01,-1,1,0,0,0,0,0,0,0,0,0,PreArm: Board (3.8v) out of range 4.3-5.8v
2026-07-09T13:50:34.358Z,1524.704,False,STABILIZE,0.0000000,0.0000000,-1.88,-0.04,0.00,0.00,0.00,2.10,1.34,83.99,0.00,0.00,83.0,0,0.000,-0.01,-1,1,0,0,0,0,0,0,0,0,0,PreArm: Board (3.8v) out of range 4.3-5.8v
2026-07-09T13:50:34.858Z,1525.204,False,STABILIZE,0.0000000,0.0000000,-1.93,-0.04,0.00,0.00,0.00,2.10,1.34,83.99,0.00,0.00,83.0,0,0.000,-0.01,-1,1,0,0,0,0,0,0,0,0,0,PreArm: Board (3.8v) out of range 4.3-5.8v
2026-07-09T13:50:35.359Z,1525.705,False,STABILIZE,0.0000000,0.0000000,-1.92,-0.04,0.00,0.00,0.00,2.10,1.34,83.99,0.00,0.00,83.0,0,0.000,-0.01,-1,1,0,0,0,0,0,0,0,0,0,PreArm: Board (3.8v) out of range 4.3-5.8v
2026-07-09T13:50:35.859Z,1526.205,False,STABILIZE,0.0000000,0.0000000,-1.91,-0.04,0.00,0.00,0.00,2.10,1.35,83.99,0.00,0.00,83.0,0,0.000,-0.01,-1,1,0,0,0,0,0,0,0,0,0,PreArm: Board (3.8v) out of range 4.3-5.8v
2026-07-09T13:50:36.361Z,1526.707,False,STABILIZE,0.0000000,0.0000000,-1.91,-0.04,0.00,0.00,0.00,2.10,1.35,83.99,0.00,0.00,83.0,0,0.000,-0.01,-1,1,0,0,0,0,0,0,0,0,0,PreArm: Board (3.8v) out of range 4.3-5.8v
2026-07-09T13:50:36.861Z,1527.207,False,STABILIZE,0.0000000,0.0000000,-1.91,-0.04,0.00,0.00,0.00,2.09,1.35,83.99,0.00,0.00,83.0,0,0.000,-0.01,-1,1,0,0,0,0,0,0,0,0,0,PreArm: Board (3.8v) out of range 4.3-5.8v
2026-07-09T13:50:37.361Z,1527.707,False,STABILIZE,0.0000000,0.0000000,-1.93,-0.04,0.00,0.00,0.00,2.10,1.35,83.99,0.00,0.00,83.0,0,0.000,-0.01,-1,1,0,0,0,0,0,0,0,0,0,PreArm: Board (3.9v) out of range 4.3-5.8v
2026-07-09T13:50:37.863Z,1528.208,False,STABILIZE,0.0000000,0.0000000,-1.94,-0.04,0.00,0.00,0.00,2.10,1.35,83.99,0.00,0.00,83.0,0,0.000,-0.01,-1,1,0,0,0,0,0,0,0,0,0,PreArm: Board (3.9v) out of range 4.3-5.8v
2026-07-09T13:50:38.363Z,1528.709,False,STABILIZE,0.0000000,0.0000000,-1.96,-0.04,0.00,0.00,0.00,2.09,1.35,83.99,0.00,0.00,83.0,0,0.000,-0.01,-1,1,0,0,0,0,0,0,0,0,0,PreArm: Board (3.9v) out of range 4.3-5.8v
2026-07-09T13:50:38.863Z,1529.209,False,STABILIZE,0.0000000,0.0000000,-1.98,-0.04,0.00,0.00,0.00,2.09,1.35,83.99,0.00,0.00,83.0,0,0.000,-0.01,-1,1,0,0,0,0,0,0,0,0,0,PreArm: Board (3.9v) out of range 4.3-5.8v
2026-07-09T13:50:39.363Z,1529.709,False,STABILIZE,0.0000000,0.0000000,-1.95,-0.04,0.00,0.00,0.00,2.09,1.35,83.99,0.00,0.00,83.0,0,0.000,-0.01,-1,1,0,0,0,0,0,0,0,0,0,PreArm: Board (3.9v) out of range 4.3-5.8v
2026-07-09T13:50:39.863Z,1530.209,False,STABILIZE,0.0000000,0.0000000,-1.96,-0.04,0.00,0.00,0.01,2.09,1.35,83.99,0.00,0.00,83.0,0,0.000,-0.01,-1,1,0,0,0,0,0,0,0,0,0,PreArm: Board (3.9v) out of range 4.3-5.8v
2026-07-09T13:50:40.363Z,1530.709,False,STABILIZE,0.0000000,0.0000000,-1.94,-0.04,0.00,0.00,0.01,2.09,1.35,84.00,0.00,0.00,83.0,0,0.000,-0.01,-1,1,0,0,0,0,0,0,0,0,0,PreArm: Board (3.9v) out of range 4.3-5.8v
2026-07-09T13:50:40.863Z,1531.209,False,STABILIZE,0.0000000,0.0000000,-1.97,-0.04,0.00,0.00,0.01,2.09,1.35,84.00,0.00,0.00,83.0,0,0.000,-0.01,-1,1,0,0,0,0,0,0,0,0,0,PreArm: Board (3.9v) out of range 4.3-5.8v
2026-07-09T13:50:41.363Z,1531.709,False,STABILIZE,0.0000000,0.0000000,-1.97,-0.04,0.00,0.00,0.01,2.09,1.35,84.00,0.00,0.00,83.0,0,0.000,-0.01,-1,1,0,0,0,0,0,0,0,0,0,PreArm: Board (3.9v) out of range 4.3-5.8v
2026-07-09T13:50:41.863Z,1532.209,False,STABILIZE,0.0000000,0.0000000,-1.95,-0.04,0.00,0.00,0.01,2.10,1.35,84.00,0.00,0.00,83.0,0,0.000,-0.01,-1,1,0,0,0,0,0,0,0,0,0,PreArm: Board (3.9v) out of range 4.3-5.8v
2026-07-09T13:50:42.365Z,1532.711,False,STABILIZE,0.0000000,0.0000000,-1.97,-0.04,0.00,0.00,0.01,2.10,1.35,84.00,0.00,0.00,83.0,0,0.000,-0.01,-1,1,0,0,0,0,0,0,0,0,0,PreArm: Board (3.9v) out of range 4.3-5.8v
2026-07-09T13:50:42.868Z,1533.214,False,STABILIZE,0.0000000,0.0000000,-1.98,-0.04,0.00,0.00,0.01,2.10,1.35,84.01,0.00,0.00,84.0,0,0.000,-0.01,-1,1,0,0,0,0,0,0,0,0,0,PreArm: Board (3.9v) out of range 4.3-5.8v
2026-07-09T13:50:43.459Z,1533.804,False,STABILIZE,0.0000000,0.0000000,-1.99,-0.04,0.00,0.00,0.00,2.10,1.35,84.01,0.00,0.00,84.0,0,0.000,-0.01,-1,1,0,0,0,0,0,0,0,0,0,PreArm: Board (3.9v) out of range 4.3-5.8v
2026-07-09T13:50:43.959Z,1534.304,False,STABILIZE,0.0000000,0.0000000,-1.97,-0.04,0.00,0.00,0.00,2.10,1.36,84.01,0.00,0.00,84.0,0,0.000,-0.01,-1,1,0,0,0,0,0,0,0,0,0,PreArm: Board (3.9v) out of range 4.3-5.8v
2026-07-09T13:50:44.461Z,1534.806,False,STABILIZE,0.0000000,0.0000000,-1.96,-0.04,0.00,0.00,0.00,2.10,1.35,84.01,0.00,0.00,84.0,0,0.000,-0.01,-1,1,0,0,0,0,0,0,0,0,0,PreArm: Board (3.9v) out of range 4.3-5.8v
2026-07-09T13:50:44.961Z,1535.306,False,STABILIZE,0.0000000,0.0000000,-1.97,-0.04,0.00,0.00,0.00,2.10,1.35,84.01,0.00,0.00,84.0,0,0.000,-0.01,-1,1,0,0,0,0,0,0,0,0,0,PreArm: Board (3.9v) out of range 4.3-5.8v
2026-07-09T13:50:45.461Z,1535.807,False,STABILIZE,0.0000000,0.0000000,-2.01,-0.04,0.00,0.00,0.00,2.10,1.35,84.01,0.00,0.00,84.0,0,0.000,-0.01,-1,1,0,0,0,0,0,0,0,0,0,PreArm: Board (3.9v) out of range 4.3-5.8v
2026-07-09T13:50:45.961Z,1536.307,False,STABILIZE,0.0000000,0.0000000,-1.97,-0.04,0.00,0.00,0.00,2.10,1.35,84.01,0.00,0.00,84.0,0,0.000,-0.01,-1,1,0,0,0,0,0,0,0,0,0,PreArm: Board (3.9v) out of range 4.3-5.8v
2026-07-09T13:50:46.464Z,1536.809,False,STABILIZE,0.0000000,0.0000000,-1.98,-0.04,0.00,0.00,0.00,2.11,1.35,84.01,0.00,0.00,84.0,0,0.000,-0.01,-1,1,0,0,0,0,0,0,0,0,0,PreArm: Board (3.9v) out of range 4.3-5.8v
2026-07-09T13:50:46.964Z,1537.309,False,STABILIZE,0.0000000,0.0000000,-1.99,-0.04,0.00,0.00,0.00,2.10,1.34,84.01,0.00,0.00,84.0,0,0.000,-0.01,-1,1,0,0,0,0,0,0,0,0,0,PreArm: Board (3.9v) out of range 4.3-5.8v
2026-07-09T13:50:47.466Z,1537.811,False,STABILIZE,0.0000000,0.0000000,-2.02,-0.04,0.00,0.00,0.00,2.10,1.34,84.01,0.00,0.00,84.0,0,0.000,-0.01,-1,1,0,0,0,0,0,0,0,0,0,PreArm: Board (3.9v) out of range 4.3-5.8v
2026-07-09T13:50:47.966Z,1538.311,False,STABILIZE,0.0000000,0.0000000,-1.99,-0.04,0.00,0.00,0.00,2.10,1.34,84.01,0.00,0.00,84.0,0,0.000,-0.01,-1,1,0,0,0,0,0,0,0,0,0,PreArm: Board (3.9v) out of range 4.3-5.8v
2026-07-09T13:50:48.466Z,1538.811,False,STABILIZE,0.0000000,0.0000000,-1.98,-0.04,0.00,0.00,0.00,2.10,1.34,84.01,0.00,0.00,84.0,0,0.000,-0.01,-1,1,0,0,0,0,0,0,0,0,0,PreArm: Board (3.9v) out of range 4.3-5.8v
2026-07-09T13:50:49.061Z,1539.406,False,STABILIZE,0.0000000,0.0000000,-1.98,-0.04,0.00,0.00,0.00,2.10,1.34,84.01,0.00,0.00,84.0,0,0.000,-0.01,-1,1,0,0,0,0,0,0,0,0,0,PreArm: Board (3.9v) out of range 4.3-5.8v
2026-07-09T13:50:49.561Z,1539.906,False,STABILIZE,0.0000000,0.0000000,-2.00,-0.04,0.00,0.00,0.00,2.10,1.34,84.02,0.00,0.00,84.0,0,0.000,-0.01,-1,1,0,0,0,0,0,0,0,0,0,PreArm: Board (3.9v) out of range 4.3-5.8v
2026-07-09T13:50:50.061Z,1540.407,False,STABILIZE,0.0000000,0.0000000,-1.99,-0.04,0.00,0.00,0.00,2.10,1.33,84.01,0.00,0.00,84.0,0,0.000,-0.01,-1,1,0,0,0,0,0,0,0,0,0,PreArm: Board (3.9v) out of range 4.3-5.8v
2026-07-09T13:50:50.563Z,1540.908,False,STABILIZE,0.0000000,0.0000000,-2.03,-0.04,0.00,0.00,0.00,2.10,1.33,84.01,0.00,0.00,84.0,0,0.000,-0.01,-1,1,0,0,0,0,0,0,0,0,0,PreArm: Board (3.9v) out of range 4.3-5.8v
2026-07-09T13:50:51.063Z,1541.408,False,STABILIZE,0.0000000,0.0000000,-1.99,-0.04,0.00,0.00,0.00,2.10,1.33,84.01,0.00,0.00,84.0,0,0.000,-0.01,-1,1,0,0,0,0,0,0,0,0,0,PreArm: Board (3.9v) out of range 4.3-5.8v
2026-07-09T13:50:51.563Z,1541.909,False,STABILIZE,0.0000000,0.0000000,-1.98,-0.04,0.00,0.00,0.00,2.10,1.32,84.01,0.00,0.00,84.0,0,0.000,-0.01,-1,1,0,0,0,0,0,0,0,0,0,PreArm: Board (3.9v) out of range 4.3-5.8v
2026-07-09T13:50:52.065Z,1542.410,False,STABILIZE,0.0000000,0.0000000,-2.02,-0.04,0.00,0.00,0.00,2.09,1.32,84.01,0.00,0.00,84.0,0,0.000,-0.01,-1,1,0,0,0,0,0,0,0,0,0,PreArm: Board (3.9v) out of range 4.3-5.8v
2026-07-09T13:50:52.565Z,1542.911,False,STABILIZE,0.0000000,0.0000000,-2.01,-0.04,0.00,0.00,0.00,2.09,1.32,84.01,0.00,0.00,84.0,0,0.000,-0.01,-1,1,0,0,0,0,0,0,0,0,0,PreArm: Board (3.9v) out of range 4.3-5.8v
2026-07-09T13:50:53.065Z,1543.411,False,STABILIZE,0.0000000,0.0000000,-2.01,-0.04,0.00,0.00,0.00,2.09,1.32,84.01,0.01,0.00,84.0,0,0.000,-0.01,-1,1,0,0,0,0,0,0,0,0,0,PreArm: Board (3.9v) out of range 4.3-5.8v
2026-07-09T13:50:53.568Z,1543.914,False,STABILIZE,0.0000000,0.0000000,-2.04,-0.04,0.00,0.00,0.00,2.09,1.32,84.01,0.01,0.00,84.0,0,0.000,-0.01,-1,1,0,0,0,0,0,0,0,0,0,PreArm: Board (3.9v) out of range 4.3-5.8v
2026-07-09T13:50:54.159Z,1544.504,False,STABILIZE,0.0000000,0.0000000,-2.04,-0.04,0.00,0.00,0.00,2.09,1.32,84.01,0.01,0.00,84.0,0,0.000,-0.01,-1,1,0,0,0,0,0,0,0,0,0,PreArm: Board (3.9v) out of range 4.3-5.8v
2026-07-09T13:50:54.661Z,1545.007,False,STABILIZE,0.0000000,0.0000000,-2.03,-0.04,0.00,0.00,0.00,2.09,1.32,84.01,0.01,0.00,84.0,0,0.000,-0.01,-1,1,0,0,0,0,0,0,0,0,0,PreArm: Board (3.9v) out of range 4.3-5.8v
2026-07-09T13:50:55.161Z,1545.507,False,STABILIZE,0.0000000,0.0000000,-2.03,-0.04,0.00,0.00,0.00,2.10,1.33,84.01,0.01,0.00,84.0,0,0.000,-0.01,-1,1,0,0,0,0,0,0,0,0,0,PreArm: Board (3.9v) out of range 4.3-5.8v
2026-07-09T13:50:55.661Z,1546.007,False,STABILIZE,0.0000000,0.0000000,-2.04,-0.04,0.00,0.00,0.00,2.10,1.33,84.01,0.01,0.00,84.0,0,0.000,-0.01,-1,1,0,0,0,0,0,0,0,0,0,PreArm: Board (3.9v) out of range 4.3-5.8v
2026-07-09T13:50:56.161Z,1546.507,False,STABILIZE,0.0000000,0.0000000,-2.07,-0.04,0.00,0.00,0.00,2.10,1.33,84.01,0.01,0.00,84.0,0,0.000,-0.01,-1,1,0,0,0,0,0,0,0,0,0,PreArm: Board (3.9v) out of range 4.3-5.8v
2026-07-09T13:50:56.661Z,1547.007,False,STABILIZE,0.0000000,0.0000000,-2.05,-0.04,0.00,0.00,0.00,2.09,1.34,84.01,0.00,0.00,84.0,0,0.000,-0.01,-1,1,0,0,0,0,0,0,0,0,0,PreArm: Board (3.9v) out of range 4.3-5.8v
2026-07-09T13:50:57.161Z,1547.507,False,STABILIZE,0.0000000,0.0000000,-2.06,-0.04,0.00,0.00,0.00,2.09,1.34,84.01,0.00,0.00,84.0,0,0.000,-0.01,-1,1,0,0,0,0,0,0,0,0,0,PreArm: Board (3.9v) out of range 4.3-5.8v
2026-07-09T13:50:57.661Z,1548.007,False,STABILIZE,0.0000000,0.0000000,-2.08,-0.04,0.00,0.00,0.01,2.09,1.34,84.00,0.00,0.00,84.0,0,0.000,-0.01,-1,1,0,0,0,0,0,0,0,0,0,PreArm: Board (3.9v) out of range 4.3-5.8v
2026-07-09T13:50:58.164Z,1548.509,False,STABILIZE,0.0000000,0.0000000,-2.09,-0.04,0.00,0.00,0.01,2.09,1.34,84.00,0.00,0.00,84.0,0,0.000,-0.01,-1,1,0,0,0,0,0,0,0,0,0,PreArm: Board (3.9v) out of range 4.3-5.8v
2026-07-09T13:50:58.664Z,1549.009,False,STABILIZE,0.0000000,0.0000000,-2.07,-0.04,0.00,0.00,0.01,2.09,1.35,84.00,0.00,0.00,83.0,0,0.000,-0.01,-1,1,0,0,0,0,0,0,0,0,0,PreArm: Board (3.9v) out of range 4.3-5.8v
2026-07-09T13:50:59.165Z,1549.511,False,STABILIZE,0.0000000,0.0000000,-2.10,-0.04,0.00,0.00,0.01,2.10,1.34,83.99,0.00,0.00,83.0,0,0.000,-0.01,-1,1,0,0,0,0,0,0,0,0,0,PreArm: Board (3.9v) out of range 4.3-5.8v
2026-07-09T13:50:59.665Z,1550.011,False,STABILIZE,0.0000000,0.0000000,-2.04,-0.04,0.00,0.00,0.01,2.10,1.34,83.99,0.00,0.00,83.0,0,0.000,-0.01,-1,1,0,0,0,0,0,0,0,0,0,PreArm: Board (3.9v) out of range 4.3-5.8v
2026-07-09T13:51:00.167Z,1550.513,False,STABILIZE,0.0000000,0.0000000,-2.08,-0.04,0.00,0.00,0.01,2.10,1.35,83.98,0.00,0.00,83.0,0,0.000,-0.01,-1,1,0,0,0,0,0,0,0,0,0,PreArm: Board (3.9v) out of range 4.3-5.8v
2026-07-09T13:51:00.758Z,1551.104,False,STABILIZE,0.0000000,0.0000000,-2.08,-0.04,0.00,0.00,0.01,2.10,1.35,83.98,0.00,0.00,83.0,0,0.000,-0.01,-1,1,0,0,0,0,0,0,0,0,0,PreArm: Board (3.9v) out of range 4.3-5.8v
2026-07-09T13:51:01.260Z,1551.606,False,STABILIZE,0.0000000,0.0000000,-2.07,-0.04,0.00,0.00,0.00,2.10,1.35,83.97,0.00,0.00,83.0,0,0.000,-0.01,-1,1,0,0,0,0,0,0,0,0,0,PreArm: Board (3.9v) out of range 4.3-5.8v
2026-07-09T13:51:01.761Z,1552.106,False,STABILIZE,0.0000000,0.0000000,-2.07,-0.04,0.00,0.00,0.00,2.10,1.35,83.97,0.00,0.00,83.0,0,0.000,-0.01,-1,1,0,0,0,0,0,0,0,0,0,PreArm: Board (3.9v) out of range 4.3-5.8v
2026-07-09T13:51:02.261Z,1552.606,False,STABILIZE,0.0000000,0.0000000,-2.08,-0.04,0.00,0.00,0.00,2.10,1.35,83.97,0.00,0.00,83.0,0,0.000,-0.01,-1,1,0,0,0,0,0,0,0,0,0,PreArm: Board (3.9v) out of range 4.3-5.8v
2026-07-09T13:51:02.761Z,1553.106,False,STABILIZE,0.0000000,0.0000000,-2.09,-0.04,0.00,0.00,0.00,2.10,1.35,83.96,0.00,0.00,83.0,0,0.000,-0.01,-1,1,0,0,0,0,0,0,0,0,0,PreArm: Board (3.9v) out of range 4.3-5.8v
2026-07-09T13:51:03.261Z,1553.606,False,STABILIZE,0.0000000,0.0000000,-2.09,-0.04,0.00,0.00,0.00,2.10,1.35,83.96,0.00,0.00,83.0,0,0.000,-0.01,-1,1,0,0,0,0,0,0,0,0,0,PreArm: Board (3.9v) out of range 4.3-5.8v
2026-07-09T13:51:03.761Z,1554.106,False,STABILIZE,0.0000000,0.0000000,-2.08,-0.04,0.00,0.00,0.00,2.10,1.35,83.96,0.00,0.00,83.0,0,0.000,-0.01,-1,1,0,0,0,0,0,0,0,0,0,PreArm: Board (3.9v) out of range 4.3-5.8v
2026-07-09T13:51:04.262Z,1554.607,False,STABILIZE,0.0000000,0.0000000,-2.10,-0.04,0.00,0.00,0.00,2.10,1.35,83.96,0.00,0.00,83.0,0,0.000,-0.01,-1,1,0,0,0,0,0,0,0,0,0,PreArm: Board (3.9v) out of range 4.3-5.8v
2026-07-09T13:51:04.763Z,1555.108,False,STABILIZE,0.0000000,0.0000000,-2.14,-0.04,0.00,0.00,0.00,2.10,1.35,83.95,0.00,0.00,83.0,0,0.000,-0.01,-1,1,0,0,0,0,0,0,0,0,0,PreArm: Board (3.9v) out of range 4.3-5.8v
2026-07-09T13:51:05.263Z,1555.608,False,STABILIZE,0.0000000,0.0000000,-2.11,-0.04,0.00,0.00,0.00,2.10,1.35,83.95,0.00,0.00,83.0,0,0.000,-0.01,-1,1,0,0,0,0,0,0,0,0,0,PreArm: Board (3.9v) out of range 4.3-5.8v
2026-07-09T13:51:05.763Z,1556.108,False,STABILIZE,0.0000000,0.0000000,-2.17,-0.04,0.00,0.00,0.00,2.10,1.35,83.94,0.00,0.00,83.0,0,0.000,-0.01,-1,1,0,0,0,0,0,0,0,0,0,PreArm: Board (3.9v) out of range 4.3-5.8v
2026-07-09T13:51:06.263Z,1556.608,False,STABILIZE,0.0000000,0.0000000,-2.14,-0.04,0.00,0.00,0.00,2.10,1.35,83.94,0.00,0.00,83.0,0,0.000,-0.01,-1,1,0,0,0,0,0,0,0,0,0,PreArm: Board (3.9v) out of range 4.3-5.8v
2026-07-09T13:51:06.763Z,1557.108,False,STABILIZE,0.0000000,0.0000000,-2.10,-0.04,0.00,0.00,0.00,2.09,1.36,83.97,0.00,0.00,83.0,0,0.000,-0.01,-1,1,0,0,0,0,0,0,0,0,0,PreArm: Board (3.9v) out of range 4.3-5.8v
2026-07-09T13:51:07.263Z,1557.608,False,STABILIZE,0.0000000,0.0000000,-2.13,-0.04,0.00,0.00,0.00,2.13,1.35,83.95,0.01,0.00,83.0,0,0.000,-0.01,-1,1,0,0,0,0,0,0,0,0,0,PreArm: Board (3.9v) out of range 4.3-5.8v
2026-07-09T13:51:07.763Z,1558.108,False,STABILIZE,0.0000000,0.0000000,-2.14,-0.04,0.00,0.00,0.00,2.14,1.36,83.91,0.00,0.00,83.0,0,0.000,-0.01,-1,1,0,0,0,0,0,0,0,0,0,PreArm: Board (3.9v) out of range 4.3-5.8v
2026-07-09T13:51:08.265Z,1558.610,False,STABILIZE,0.0000000,0.0000000,-2.12,-0.04,0.00,0.00,0.00,2.09,1.36,83.94,0.00,0.00,83.0,0,0.000,-0.01,-1,1,0,0,0,0,0,0,0,0,0,PreArm: Board (3.9v) out of range 4.3-5.8v
2026-07-09T13:51:08.765Z,1559.110,False,STABILIZE,0.0000000,0.0000000,-2.14,-0.04,0.00,0.00,0.00,2.09,1.38,83.86,0.00,0.00,83.0,0,0.000,-0.01,-1,1,0,0,0,0,0,0,0,0,0,PreArm: Board (3.9v) out of range 4.3-5.8v
2026-07-09T13:51:09.265Z,1559.610,False,STABILIZE,0.0000000,0.0000000,-2.11,-0.04,0.00,0.00,0.00,2.11,1.33,83.87,0.00,0.00,83.0,0,0.000,-0.01,-1,1,0,0,0,0,0,0,0,0,0,PreArm: Board (3.9v) out of range 4.3-5.8v
2026-07-09T13:51:09.765Z,1560.111,False,STABILIZE,0.0000000,0.0000000,-2.13,-0.04,0.00,0.00,0.00,2.10,1.34,83.89,0.00,0.00,83.0,0,0.000,-0.01,-1,1,0,0,0,0,0,0,0,0,0,PreArm: Board (3.9v) out of range 4.3-5.8v
2026-07-09T13:51:10.266Z,1560.611,False,STABILIZE,0.0000000,0.0000000,-2.14,-0.04,0.00,0.00,0.00,2.10,1.33,83.90,0.00,0.00,83.0,0,0.000,-0.01,-1,1,0,0,0,0,0,0,0,0,0,PreArm: Board (3.9v) out of range 4.3-5.8v
2026-07-09T13:51:10.766Z,1561.112,False,STABILIZE,0.0000000,0.0000000,-2.14,-0.04,0.00,0.00,0.00,2.10,1.33,83.90,0.00,0.00,83.0,0,0.000,-0.01,-1,1,0,0,0,0,0,0,0,0,0,PreArm: Board (3.9v) out of range 4.3-5.8v
2026-07-09T13:51:11.266Z,1561.612,False,STABILIZE,0.0000000,0.0000000,-2.14,-0.04,0.00,0.00,0.00,2.10,1.33,83.91,0.00,0.00,83.0,0,0.000,-0.01,-1,1,0,0,0,0,0,0,0,0,0,PreArm: Board (3.9v) out of range 4.3-5.8v
2026-07-09T13:51:11.860Z,1562.206,False,STABILIZE,0.0000000,0.0000000,-2.16,-0.04,0.00,0.00,0.00,2.10,1.33,83.92,0.00,0.00,83.0,0,0.000,-0.01,-1,1,0,0,0,0,0,0,0,0,0,PreArm: Board (3.9v) out of range 4.3-5.8v
2026-07-09T13:51:12.360Z,1562.706,False,STABILIZE,0.0000000,0.0000000,-2.15,-0.04,0.00,0.00,0.00,2.10,1.34,83.94,0.00,0.00,83.0,0,0.000,-0.01,-1,1,0,0,0,0,0,0,0,0,0,PreArm: Board (3.9v) out of range 4.3-5.8v
2026-07-09T13:51:12.860Z,1563.206,False,STABILIZE,0.0000000,0.0000000,-2.15,-0.04,0.00,0.00,0.00,2.10,1.34,83.95,0.00,0.00,83.0,0,0.000,-0.01,-1,1,0,0,0,0,0,0,0,0,0,PreArm: Board (3.9v) out of range 4.3-5.8v
2026-07-09T13:51:13.361Z,1563.707,False,STABILIZE,0.0000000,0.0000000,-2.17,-0.04,0.00,0.00,0.00,2.10,1.34,83.96,0.00,0.00,83.0,0,0.000,-0.01,-1,1,0,0,0,0,0,0,0,0,0,PreArm: Board (3.9v) out of range 4.3-5.8v
2026-07-09T13:51:13.861Z,1564.207,False,STABILIZE,0.0000000,0.0000000,-2.15,-0.04,0.00,0.00,0.00,2.10,1.34,83.96,0.00,0.00,83.0,0,0.000,-0.01,-1,1,0,0,0,0,0,0,0,0,0,PreArm: Board (3.9v) out of range 4.3-5.8v
2026-07-09T13:51:14.361Z,1564.707,False,STABILIZE,0.0000000,0.0000000,-2.15,-0.04,0.00,0.00,0.00,2.10,1.34,83.97,0.00,0.00,83.0,0,0.000,-0.01,-1,1,0,0,0,0,0,0,0,0,0,PreArm: Board (3.9v) out of range 4.3-5.8v
2026-07-09T13:51:14.862Z,1565.207,False,STABILIZE,0.0000000,0.0000000,-2.14,-0.04,0.00,0.00,0.00,2.10,1.34,83.97,0.00,0.00,83.0,0,0.000,-0.01,-1,1,0,0,0,0,0,0,0,0,0,PreArm: Board (3.9v) out of range 4.3-5.8v
2026-07-09T13:51:15.362Z,1565.707,False,STABILIZE,0.0000000,0.0000000,-2.17,-0.04,0.00,0.00,0.00,2.10,1.34,83.98,0.00,0.00,83.0,0,0.000,-0.01,-1,1,0,0,0,0,0,0,0,0,0,PreArm: Board (3.9v) out of range 4.3-5.8v
2026-07-09T13:51:15.864Z,1566.210,False,STABILIZE,0.0000000,0.0000000,-2.15,-0.04,0.00,0.00,0.00,2.10,1.34,83.99,0.00,0.00,83.0,0,0.000,-0.01,-1,1,0,0,0,0,0,0,0,0,0,PreArm: Board (3.9v) out of range 4.3-5.8v
2026-07-09T13:51:16.365Z,1566.711,False,STABILIZE,0.0000000,0.0000000,-2.15,-0.04,0.00,0.00,0.00,2.10,1.34,84.00,0.00,0.00,83.0,0,0.000,-0.01,-1,1,0,0,0,0,0,0,0,0,0,PreArm: Board (3.9v) out of range 4.3-5.8v
2026-07-09T13:51:16.865Z,1567.211,False,STABILIZE,0.0000000,0.0000000,-2.20,-0.04,0.00,0.00,0.00,2.10,1.34,84.00,0.00,0.00,84.0,0,0.000,-0.01,-1,1,0,0,0,0,0,0,0,0,0,PreArm: Board (3.9v) out of range 4.3-5.8v
2026-07-09T13:51:17.366Z,1567.711,False,STABILIZE,0.0000000,0.0000000,-2.16,-0.04,0.00,0.00,0.00,2.10,1.34,84.01,0.00,0.00,84.0,0,0.000,-0.01,-1,1,0,0,0,0,0,0,0,0,0,PreArm: Board (3.9v) out of range 4.3-5.8v
2026-07-09T13:51:17.868Z,1568.214,False,STABILIZE,0.0000000,0.0000000,-2.16,-0.04,0.00,0.00,0.00,2.10,1.34,84.02,0.00,0.00,84.0,0,0.000,-0.01,-1,1,0,0,0,0,0,0,0,0,0,PreArm: Board (3.9v) out of range 4.3-5.8v
2026-07-09T13:51:18.458Z,1568.803,False,STABILIZE,0.0000000,0.0000000,-2.17,-0.04,0.00,0.00,0.00,2.10,1.34,84.02,0.00,0.00,84.0,0,0.000,-0.01,-1,1,0,0,0,0,0,0,0,0,0,PreArm: Board (3.9v) out of range 4.3-5.8v
2026-07-09T13:51:18.960Z,1569.306,False,STABILIZE,0.0000000,0.0000000,-2.15,-0.04,0.00,0.00,0.00,2.10,1.35,84.03,0.00,0.00,84.0,0,0.000,-0.01,-1,1,0,0,0,0,0,0,0,0,0,PreArm: Board (3.9v) out of range 4.3-5.8v
2026-07-09T13:51:19.461Z,1569.807,False,STABILIZE,0.0000000,0.0000000,-2.15,-0.04,0.00,0.00,0.00,2.10,1.35,84.03,0.00,0.00,84.0,0,0.000,-0.01,-1,1,0,0,0,0,0,0,0,0,0,PreArm: Board (3.9v) out of range 4.3-5.8v
2026-07-09T13:51:19.961Z,1570.307,False,STABILIZE,0.0000000,0.0000000,-2.17,-0.04,0.00,0.00,0.00,2.10,1.35,84.04,0.00,0.00,84.0,0,0.000,-0.01,-1,1,0,0,0,0,0,0,0,0,0,PreArm: Board (3.9v) out of range 4.3-5.8v
2026-07-09T13:51:20.464Z,1570.810,False,STABILIZE,0.0000000,0.0000000,-2.15,-0.04,0.00,0.00,0.00,2.10,1.35,84.05,0.00,0.00,84.0,0,0.000,-0.01,-1,1,0,0,0,0,0,0,0,0,0,PreArm: Board (3.9v) out of range 4.3-5.8v
2026-07-09T13:51:20.967Z,1571.313,False,STABILIZE,0.0000000,0.0000000,-2.18,-0.04,0.00,0.00,0.00,2.10,1.34,84.06,0.00,0.00,84.0,0,0.000,-0.01,-1,1,0,0,0,0,0,0,0,0,0,PreArm: Board (3.9v) out of range 4.3-5.8v
2026-07-09T13:51:21.559Z,1571.905,False,STABILIZE,0.0000000,0.0000000,-2.15,-0.04,0.00,0.00,0.00,2.10,1.34,84.06,0.00,0.00,84.0,0,0.000,-0.01,-1,1,0,0,0,0,0,0,0,0,0,PreArm: Board (3.9v) out of range 4.3-5.8v
2026-07-09T13:51:22.060Z,1572.406,False,STABILIZE,0.0000000,0.0000000,-2.11,-0.04,0.00,0.00,0.00,2.10,1.35,84.07,0.00,0.00,84.0,0,0.000,-0.01,-1,1,0,0,0,0,0,0,0,0,0,PreArm: Board (3.9v) out of range 4.3-5.8v
2026-07-09T13:51:22.561Z,1572.906,False,STABILIZE,0.0000000,0.0000000,-2.14,-0.04,0.00,0.00,0.00,2.10,1.35,84.08,0.00,0.00,84.0,0,0.000,-0.01,-1,1,0,0,0,0,0,0,0,0,0,PreArm: Board (3.9v) out of range 4.3-5.8v
2026-07-09T13:51:23.061Z,1573.406,False,STABILIZE,0.0000000,0.0000000,-2.13,-0.04,0.00,0.00,0.00,2.09,1.34,84.08,0.00,0.00,84.0,0,0.000,-0.01,-1,1,0,0,0,0,0,0,0,0,0,PreArm: Board (3.9v) out of range 4.3-5.8v
2026-07-09T13:51:23.561Z,1573.906,False,STABILIZE,0.0000000,0.0000000,-2.14,-0.04,0.00,0.00,0.00,2.09,1.34,84.09,0.00,0.00,84.0,0,0.000,-0.01,-1,1,0,0,0,0,0,0,0,0,0,PreArm: Board (3.9v) out of range 4.3-5.8v
2026-07-09T13:51:24.061Z,1574.407,False,STABILIZE,0.0000000,0.0000000,-2.13,-0.04,0.00,0.00,0.00,2.10,1.34,84.10,0.00,0.00,84.0,0,0.000,-0.01,-1,1,0,0,0,0,0,0,0,0,0,PreArm: Board (3.9v) out of range 4.3-5.8v
2026-07-09T13:51:24.563Z,1574.908,False,STABILIZE,0.0000000,0.0000000,-2.16,-0.04,0.00,0.00,0.00,2.09,1.34,84.10,0.00,0.00,84.0,0,0.000,-0.01,-1,1,0,0,0,0,0,0,0,0,0,PreArm: Board (3.9v) out of range 4.3-5.8v
2026-07-09T13:51:25.063Z,1575.408,False,STABILIZE,0.0000000,0.0000000,-2.13,-0.04,0.00,0.00,0.00,2.10,1.34,84.10,0.00,0.00,84.0,0,0.000,-0.01,-1,1,0,0,0,0,0,0,0,0,0,PreArm: Board (3.9v) out of range 4.3-5.8v
2026-07-09T13:51:25.563Z,1575.908,False,STABILIZE,0.0000000,0.0000000,-2.11,-0.04,0.00,0.00,0.00,2.10,1.34,84.11,0.00,0.00,84.0,0,0.000,-0.01,-1,1,0,0,0,0,0,0,0,0,0,PreArm: Board (3.9v) out of range 4.3-5.8v
2026-07-09T13:51:26.063Z,1576.408,False,STABILIZE,0.0000000,0.0000000,-2.13,-0.04,0.00,0.00,0.00,2.10,1.34,84.11,0.00,0.00,84.0,0,0.000,-0.01,-1,1,0,0,0,0,0,0,0,0,0,PreArm: Board (3.9v) out of range 4.3-5.8v
2026-07-09T13:51:26.564Z,1576.910,False,STABILIZE,0.0000000,0.0000000,-2.13,-0.04,0.00,0.00,0.00,2.09,1.34,84.12,0.00,0.00,84.0,0,0.000,-0.01,-1,1,0,0,0,0,0,0,0,0,0,PreArm: Board (3.9v) out of range 4.3-5.8v
2026-07-09T13:51:27.066Z,1577.412,False,STABILIZE,0.0000000,0.0000000,-2.11,-0.04,0.00,0.00,0.00,2.09,1.34,84.13,0.00,0.00,84.0,0,0.000,-0.01,-1,1,0,0,0,0,0,0,0,0,0,PreArm: Board (3.9v) out of range 4.3-5.8v
2026-07-09T13:51:27.566Z,1577.912,False,STABILIZE,0.0000000,0.0000000,-2.11,-0.04,0.00,0.00,0.00,2.09,1.34,84.13,0.00,0.00,84.0,0,0.000,-0.01,-1,1,0,0,0,0,0,0,0,0,0,PreArm: Board (3.9v) out of range 4.3-5.8v
2026-07-09T13:51:28.159Z,1578.504,False,STABILIZE,0.0000000,0.0000000,-2.15,-0.04,0.00,0.00,0.00,2.09,1.34,84.14,0.00,0.00,84.0,0,0.000,-0.01,-1,1,0,0,0,0,0,0,0,0,0,PreArm: Board (3.9v) out of range 4.3-5.8v
2026-07-09T13:51:28.660Z,1579.006,False,STABILIZE,0.0000000,0.0000000,-2.10,-0.04,0.00,0.00,0.00,2.09,1.35,84.14,0.00,0.00,84.0,0,0.000,-0.01,-1,1,0,0,0,0,0,0,0,0,0,PreArm: Board (3.9v) out of range 4.3-5.8v
2026-07-09T13:51:29.161Z,1579.507,False,STABILIZE,0.0000000,0.0000000,-2.12,-0.04,0.00,0.00,0.00,2.10,1.35,84.15,0.00,0.00,84.0,0,0.000,-0.01,-1,1,0,0,0,0,0,0,0,0,0,PreArm: Board (3.9v) out of range 4.3-5.8v
2026-07-09T13:51:29.661Z,1580.007,False,STABILIZE,0.0000000,0.0000000,-2.14,-0.04,0.00,0.00,0.00,2.10,1.35,84.15,0.00,0.00,84.0,0,0.000,-0.01,-1,1,0,0,0,0,0,0,0,0,0,PreArm: Board (3.9v) out of range 4.3-5.8v
2026-07-09T13:51:30.163Z,1580.509,False,STABILIZE,0.0000000,0.0000000,-2.12,-0.04,0.00,0.00,0.00,2.10,1.35,84.16,0.00,0.00,84.0,0,0.000,-0.01,-1,1,0,0,0,0,0,0,0,0,0,PreArm: Board (3.9v) out of range 4.3-5.8v
2026-07-09T13:51:30.663Z,1581.009,False,STABILIZE,0.0000000,0.0000000,-2.15,-0.04,0.00,0.00,0.00,2.10,1.35,84.16,0.00,0.00,84.0,0,0.000,-0.01,-1,1,0,0,0,0,0,0,0,0,0,PreArm: Board (3.9v) out of range 4.3-5.8v
2026-07-09T13:51:31.164Z,1581.510,False,STABILIZE,0.0000000,0.0000000,-2.12,-0.04,0.00,0.00,0.00,2.10,1.35,84.17,0.00,0.00,84.0,0,0.000,-0.01,-1,1,0,0,0,0,0,0,0,0,0,PreArm: Board (3.9v) out of range 4.3-5.8v
2026-07-09T13:51:31.669Z,1582.015,False,STABILIZE,0.0000000,0.0000000,-2.12,-0.04,0.00,0.00,0.00,2.10,1.35,84.18,0.00,0.00,84.0,0,0.000,-0.01,-1,1,0,0,0,0,0,0,0,0,0,PreArm: Board (3.9v) out of range 4.3-5.8v
2026-07-09T13:51:32.261Z,1582.606,False,STABILIZE,0.0000000,0.0000000,-2.15,-0.04,0.00,0.00,0.00,2.10,1.35,84.18,0.00,0.00,84.0,0,0.000,-0.01,-1,1,0,0,0,0,0,0,0,0,0,PreArm: Board (3.9v) out of range 4.3-5.8v
2026-07-09T13:51:32.761Z,1583.107,False,STABILIZE,0.0000000,0.0000000,-2.14,-0.04,0.00,0.00,0.00,2.10,1.35,84.19,0.00,0.00,84.0,0,0.000,-0.01,-1,1,0,0,0,0,0,0,0,0,0,PreArm: Board (3.9v) out of range 4.3-5.8v
2026-07-09T13:51:33.262Z,1583.607,False,STABILIZE,0.0000000,0.0000000,-2.12,-0.04,0.00,0.00,0.00,2.10,1.35,84.19,0.00,0.00,84.0,0,0.000,-0.01,-1,1,0,0,0,0,0,0,0,0,0,PreArm: Board (3.9v) out of range 4.3-5.8v
2026-07-09T13:51:33.762Z,1584.108,False,STABILIZE,0.0000000,0.0000000,-2.08,-0.04,0.00,0.00,0.00,2.10,1.35,84.20,0.00,0.00,84.0,0,0.000,-0.01,-1,1,0,0,0,0,0,0,0,0,0,PreArm: Board (3.9v) out of range 4.3-5.8v
2026-07-09T13:51:34.262Z,1584.608,False,STABILIZE,0.0000000,0.0000000,-2.10,-0.04,0.00,0.00,0.00,2.10,1.35,84.21,0.00,0.00,84.0,0,0.000,-0.01,-1,1,0,0,0,0,0,0,0,0,0,PreArm: Board (3.9v) out of range 4.3-5.8v
2026-07-09T13:51:34.763Z,1585.108,False,STABILIZE,0.0000000,0.0000000,-2.13,-0.04,0.00,0.00,0.00,2.10,1.34,84.21,0.00,0.00,84.0,0,0.000,-0.01,-1,1,0,0,0,0,0,0,0,0,0,PreArm: Board (3.9v) out of range 4.3-5.8v
2026-07-09T13:51:35.266Z,1585.611,False,STABILIZE,0.0000000,0.0000000,-2.12,-0.04,0.00,0.00,0.00,2.10,1.34,84.21,0.00,0.00,84.0,0,0.000,-0.01,-1,1,0,0,0,0,0,0,0,0,0,PreArm: Board (3.9v) out of range 4.3-5.8v
2026-07-09T13:51:35.766Z,1586.111,False,STABILIZE,0.0000000,0.0000000,-2.11,-0.04,0.00,0.00,0.00,2.10,1.34,84.21,0.00,0.00,84.0,0,0.000,-0.01,-1,1,0,0,0,0,0,0,0,0,0,PreArm: Board (3.9v) out of range 4.3-5.8v
2026-07-09T13:51:36.359Z,1586.704,False,STABILIZE,0.0000000,0.0000000,-2.12,-0.04,0.00,0.00,0.00,2.10,1.35,84.22,0.00,0.00,84.0,0,0.000,-0.01,-1,1,0,0,0,0,0,0,0,0,0,PreArm: Board (3.9v) out of range 4.3-5.8v
2026-07-09T13:51:36.859Z,1587.205,False,STABILIZE,0.0000000,0.0000000,-2.12,-0.04,0.00,0.00,0.00,2.10,1.35,84.23,0.00,0.00,84.0,0,0.000,-0.01,-1,1,0,0,0,0,0,0,0,0,0,PreArm: Board (3.9v) out of range 4.3-5.8v
2026-07-09T13:51:37.359Z,1587.705,False,STABILIZE,0.0000000,0.0000000,-2.13,-0.04,0.00,0.00,0.00,2.10,1.35,84.24,0.00,0.00,84.0,0,0.000,-0.01,-1,1,0,0,0,0,0,0,0,0,0,PreArm: Board (3.9v) out of range 4.3-5.8v
2026-07-09T13:51:37.861Z,1588.206,False,STABILIZE,0.0000000,0.0000000,-2.10,-0.04,0.00,0.00,0.00,2.10,1.35,84.24,0.00,0.00,84.0,0,0.000,-0.01,-1,1,0,0,0,0,0,0,0,0,0,PreArm: Board (3.9v) out of range 4.3-5.8v
2026-07-09T13:51:38.361Z,1588.706,False,STABILIZE,0.0000000,0.0000000,-2.09,-0.04,0.00,0.00,0.00,2.10,1.35,84.25,0.00,0.00,84.0,0,0.000,-0.01,-1,1,0,0,0,0,0,0,0,0,0,PreArm: Board (3.9v) out of range 4.3-5.8v
2026-07-09T13:51:38.861Z,1589.207,False,STABILIZE,0.0000000,0.0000000,-2.12,-0.04,0.00,0.00,0.00,2.10,1.35,84.25,0.00,0.00,84.0,0,0.000,-0.01,-1,1,0,0,0,0,0,0,0,0,0,PreArm: Board (3.9v) out of range 4.3-5.8v
2026-07-09T13:51:39.363Z,1589.708,False,STABILIZE,0.0000000,0.0000000,-2.13,-0.04,0.00,0.00,0.00,2.10,1.35,84.26,0.00,0.00,84.0,0,0.000,-0.01,-1,1,0,0,0,0,0,0,0,0,0,PreArm: Board (4.0v) out of range 4.3-5.8v
2026-07-09T13:51:39.863Z,1590.208,False,STABILIZE,0.0000000,0.0000000,-2.12,-0.04,0.00,0.00,0.00,2.10,1.35,84.26,0.00,0.00,84.0,0,0.000,-0.01,-1,1,0,0,0,0,0,0,0,0,0,PreArm: Board (4.0v) out of range 4.3-5.8v
2026-07-09T13:51:40.363Z,1590.708,False,STABILIZE,0.0000000,0.0000000,-2.11,-0.04,0.00,0.00,0.00,2.10,1.35,84.26,0.00,0.00,84.0,0,0.000,-0.01,-1,1,0,0,0,0,0,0,0,0,0,PreArm: Board (4.0v) out of range 4.3-5.8v
2026-07-09T13:51:40.863Z,1591.208,False,STABILIZE,0.0000000,0.0000000,-2.11,-0.04,0.00,0.00,0.00,2.10,1.35,84.27,0.00,0.00,84.0,0,0.000,-0.01,-1,1,0,0,0,0,0,0,0,0,0,PreArm: Board (4.0v) out of range 4.3-5.8v
2026-07-09T13:51:41.363Z,1591.709,False,STABILIZE,0.0000000,0.0000000,-2.15,-0.04,0.00,0.00,0.00,2.10,1.35,84.27,0.00,0.00,84.0,0,0.000,-0.01,-1,1,0,0,0,0,0,0,0,0,0,PreArm: Board (4.0v) out of range 4.3-5.8v
2026-07-09T13:51:41.863Z,1592.209,False,STABILIZE,0.0000000,0.0000000,-2.11,-0.04,0.00,0.00,0.00,2.10,1.35,84.28,0.00,0.00,84.0,0,0.000,-0.01,-1,1,0,0,0,0,0,0,0,0,0,PreArm: Board (4.0v) out of range 4.3-5.8v
2026-07-09T13:51:42.363Z,1592.709,False,STABILIZE,0.0000000,0.0000000,-2.13,-0.04,0.00,0.00,0.00,2.11,1.35,84.29,0.00,0.00,84.0,0,0.000,-0.01,-1,1,0,0,0,0,0,0,0,0,0,PreArm: Board (4.0v) out of range 4.3-5.8v
2026-07-09T13:51:42.863Z,1593.209,False,STABILIZE,0.0000000,0.0000000,-2.13,-0.04,0.00,0.00,0.00,2.11,1.35,84.29,0.00,0.00,84.0,0,0.000,-0.01,-1,1,0,0,0,0,0,0,0,0,0,PreArm: Board (4.0v) out of range 4.3-5.8v
2026-07-09T13:51:43.366Z,1593.711,False,STABILIZE,0.0000000,0.0000000,-2.13,-0.04,0.00,0.00,0.00,2.11,1.35,84.30,0.00,0.00,84.0,0,0.000,-0.01,-1,1,0,0,0,0,0,0,0,0,0,PreArm: Board (4.0v) out of range 4.3-5.8v
2026-07-09T13:51:43.866Z,1594.212,False,STABILIZE,0.0000000,0.0000000,-2.14,-0.04,0.00,0.00,0.00,2.11,1.35,84.30,0.00,0.00,84.0,0,0.000,-0.01,-1,1,0,0,0,0,0,0,0,0,0,PreArm: Board (4.0v) out of range 4.3-5.8v
2026-07-09T13:51:44.366Z,1594.712,False,STABILIZE,0.0000000,0.0000000,-2.11,-0.04,0.00,0.00,0.00,2.11,1.35,84.30,0.00,0.00,84.0,0,0.000,-0.01,-1,1,0,0,0,0,0,0,0,0,0,PreArm: Board (4.0v) out of range 4.3-5.8v
2026-07-09T13:51:44.868Z,1595.214,False,STABILIZE,0.0000000,0.0000000,-2.12,-0.04,0.00,0.00,0.00,2.11,1.36,84.31,0.00,0.00,84.0,0,0.000,-0.01,-1,1,0,0,0,0,0,0,0,0,0,PreArm: Board (4.0v) out of range 4.3-5.8v
2026-07-09T13:51:45.458Z,1595.804,False,STABILIZE,0.0000000,0.0000000,-2.15,-0.04,0.00,0.00,0.00,2.11,1.36,84.31,0.00,0.00,84.0,0,0.000,-0.01,-1,1,0,0,0,0,0,0,0,0,0,PreArm: Board (4.0v) out of range 4.3-5.8v
2026-07-09T13:51:45.958Z,1596.304,False,STABILIZE,0.0000000,0.0000000,-2.16,-0.04,0.00,0.00,0.00,2.11,1.36,84.32,0.00,0.00,84.0,0,0.000,-0.01,-1,1,0,0,0,0,0,0,0,0,0,PreArm: Board (4.0v) out of range 4.3-5.8v
2026-07-09T13:51:46.458Z,1596.804,False,STABILIZE,0.0000000,0.0000000,-2.16,-0.04,0.00,0.00,0.00,2.10,1.36,84.32,0.00,0.00,84.0,0,0.000,-0.01,-1,1,0,0,0,0,0,0,0,0,0,PreArm: Board (4.0v) out of range 4.3-5.8v
2026-07-09T13:51:46.958Z,1597.304,False,STABILIZE,0.0000000,0.0000000,-2.15,-0.04,0.00,0.00,0.00,2.10,1.36,84.33,0.00,0.00,84.0,0,0.000,-0.01,-1,1,0,0,0,0,0,0,0,0,0,PreArm: Board (4.0v) out of range 4.3-5.8v
2026-07-09T13:51:47.458Z,1597.804,False,STABILIZE,0.0000000,0.0000000,-2.15,-0.04,0.00,0.00,0.00,2.10,1.36,84.33,0.00,0.00,84.0,0,0.000,-0.01,-1,1,0,0,0,0,0,0,0,0,0,PreArm: Board (4.0v) out of range 4.3-5.8v
2026-07-09T13:51:47.958Z,1598.304,False,STABILIZE,0.0000000,0.0000000,-2.14,-0.04,0.00,0.00,0.00,2.10,1.36,84.33,0.00,0.00,84.0,0,0.000,-0.01,-1,1,0,0,0,0,0,0,0,0,0,PreArm: Board (4.0v) out of range 4.3-5.8v
2026-07-09T13:51:48.460Z,1598.805,False,STABILIZE,0.0000000,0.0000000,-2.13,-0.04,0.00,0.00,0.00,2.10,1.36,84.33,0.00,0.00,84.0,0,0.000,-0.01,-1,1,0,0,0,0,0,0,0,0,0,PreArm: Board (4.0v) out of range 4.3-5.8v
2026-07-09T13:51:48.961Z,1599.307,False,STABILIZE,0.0000000,0.0000000,-2.17,-0.04,0.00,0.00,0.00,2.10,1.36,84.33,0.00,0.00,84.0,0,0.000,-0.01,-1,1,0,0,0,0,0,0,0,0,0,PreArm: Board (4.0v) out of range 4.3-5.8v
2026-07-09T13:51:49.463Z,1599.809,False,STABILIZE,0.0000000,0.0000000,-2.15,-0.04,0.00,0.00,0.00,2.09,1.36,84.33,0.00,0.00,84.0,0,0.000,-0.01,-1,1,0,0,0,0,0,0,0,0,0,PreArm: Board (4.0v) out of range 4.3-5.8v
2026-07-09T13:51:49.963Z,1600.309,False,STABILIZE,0.0000000,0.0000000,-2.14,-0.04,0.00,0.00,0.00,2.09,1.32,84.22,0.00,0.00,84.0,0,0.000,-0.01,-1,1,0,0,0,0,0,0,0,0,0,PreArm: Board (4.0v) out of range 4.3-5.8v
2026-07-09T13:51:50.464Z,1600.810,False,STABILIZE,0.0000000,0.0000000,-2.19,-0.04,0.00,0.00,0.00,2.07,1.39,84.28,0.01,0.00,84.0,0,0.000,-0.01,-1,1,0,0,0,0,0,0,0,0,0,PreArm: Board (4.0v) out of range 4.3-5.8v
2026-07-09T13:51:50.965Z,1601.311,False,STABILIZE,0.0000000,0.0000000,-2.19,-0.04,0.00,0.00,0.00,2.14,1.37,84.42,0.01,0.00,84.0,0,0.000,-0.01,-1,1,0,0,0,0,0,0,0,0,0,PreArm: Board (4.0v) out of range 4.3-5.8v
2026-07-09T13:51:51.465Z,1601.811,False,STABILIZE,0.0000000,0.0000000,-2.15,-0.04,0.00,0.00,0.00,2.10,1.34,84.33,0.01,0.00,84.0,0,0.000,-0.01,-1,1,0,0,0,0,0,0,0,0,0,PreArm: Board (4.0v) out of range 4.3-5.8v
2026-07-09T13:51:51.965Z,1602.311,False,STABILIZE,0.0000000,0.0000000,-2.17,-0.04,0.00,0.00,0.00,2.10,1.36,84.35,0.01,0.00,84.0,0,0.000,-0.01,-1,1,0,0,0,0,0,0,0,0,0,PreArm: Board (4.0v) out of range 4.3-5.8v
2026-07-09T13:51:52.465Z,1602.811,False,STABILIZE,0.0000000,0.0000000,-2.19,-0.04,0.00,-0.01,0.00,2.30,1.36,84.75,0.01,0.00,84.0,0,0.000,-0.01,-1,1,0,0,0,0,0,0,0,0,0,PreArm: Board (4.0v) out of range 4.3-5.8v
2026-07-09T13:51:52.965Z,1603.311,False,STABILIZE,0.0000000,0.0000000,-2.15,-0.04,0.00,0.00,0.00,2.21,1.31,84.33,0.01,0.00,84.0,0,0.000,-0.01,-1,1,0,0,0,0,0,0,0,0,0,PreArm: Board (4.0v) out of range 4.3-5.8v
2026-07-09T13:51:53.466Z,1603.811,False,STABILIZE,0.0000000,0.0000000,-2.20,-0.04,0.01,0.00,0.00,2.20,1.35,84.42,0.01,0.00,84.0,0,0.000,-0.01,-1,1,0,0,0,0,0,0,0,0,0,PreArm: Board (4.0v) out of range 4.3-5.8v
2026-07-09T13:51:53.966Z,1604.311,False,STABILIZE,0.0000000,0.0000000,-2.19,-0.04,0.00,0.00,0.00,2.21,1.27,84.41,0.00,0.00,84.0,0,0.000,-0.01,-1,1,0,0,0,0,0,0,0,0,0,PreArm: Board (4.0v) out of range 4.3-5.8v
2026-07-09T13:51:54.466Z,1604.811,False,STABILIZE,0.0000000,0.0000000,-2.21,-0.04,0.00,0.00,0.00,2.00,1.25,84.35,0.00,0.00,84.0,0,0.000,-0.01,-1,1,0,0,0,0,0,0,0,0,0,PreArm: Board (4.0v) out of range 4.3-5.8v
2026-07-09T13:51:54.966Z,1605.311,False,STABILIZE,0.0000000,0.0000000,-2.19,-0.04,0.00,0.00,0.00,2.09,1.35,84.40,0.01,0.00,84.0,0,0.000,-0.01,-1,1,0,0,0,0,0,0,0,0,0,PreArm: Board (4.0v) out of range 4.3-5.8v
2026-07-09T13:51:55.468Z,1605.813,False,STABILIZE,0.0000000,0.0000000,-2.20,-0.04,0.00,0.00,0.00,2.11,1.33,84.38,0.00,0.00,84.0,0,0.000,-0.01,-1,1,0,0,0,0,0,0,0,0,0,PreArm: Board (4.0v) out of range 4.3-5.8v
2026-07-09T13:51:56.058Z,1606.404,False,STABILIZE,0.0000000,0.0000000,-2.19,-0.04,0.00,0.00,0.00,2.12,1.34,84.38,0.00,0.00,84.0,0,0.000,-0.01,-1,1,0,0,0,0,0,0,0,0,0,PreArm: Board (4.0v) out of range 4.3-5.8v
2026-07-09T13:51:56.558Z,1606.904,False,STABILIZE,0.0000000,0.0000000,-2.21,-0.04,0.00,0.00,0.00,2.03,1.14,84.34,0.00,0.00,84.0,0,0.000,-0.01,-1,1,0,0,0,0,0,0,0,0,0,PreArm: Board (4.0v) out of range 4.3-5.8v
2026-07-09T13:51:57.061Z,1607.407,False,STABILIZE,0.0000000,0.0000000,-2.23,-0.04,0.00,0.00,0.00,2.00,1.07,84.26,0.00,0.00,84.0,0,0.000,-0.01,-1,1,0,0,0,0,0,0,0,0,0,PreArm: Board (4.0v) out of range 4.3-5.8v
2026-07-09T13:51:57.562Z,1607.907,False,STABILIZE,0.0000000,0.0000000,-2.21,-0.04,0.00,0.00,0.00,2.06,1.00,84.30,0.00,0.00,84.0,0,0.000,-0.01,-1,1,0,0,0,0,0,0,0,0,0,PreArm: Board (4.0v) out of range 4.3-5.8v
2026-07-09T13:51:58.063Z,1608.408,False,STABILIZE,0.0000000,0.0000000,-2.20,-0.04,0.00,0.00,0.00,2.51,0.93,84.41,0.01,0.00,84.0,0,0.000,-0.01,-1,1,0,0,0,0,0,0,0,0,0,PreArm: Board (4.0v) out of range 4.3-5.8v
2026-07-09T13:51:58.563Z,1608.908,False,STABILIZE,0.0000000,0.0000000,-2.19,-0.04,0.00,0.00,0.00,2.31,0.79,84.38,0.00,0.00,84.0,0,0.000,-0.01,-1,1,0,0,0,0,0,0,0,0,0,PreArm: Board (4.0v) out of range 4.3-5.8v
2026-07-09T13:51:59.063Z,1609.409,False,STABILIZE,0.0000000,0.0000000,-2.20,-0.04,0.00,0.00,0.00,2.62,0.57,84.50,0.00,0.00,84.0,0,0.000,-0.01,-1,1,0,0,0,0,0,0,0,0,0,PreArm: Board (4.0v) out of range 4.3-5.8v
2026-07-09T13:51:59.565Z,1609.910,False,STABILIZE,0.0000000,0.0000000,-2.23,-0.04,0.00,0.00,0.00,2.57,0.25,84.34,0.00,0.00,84.0,0,0.000,-0.01,-1,1,0,0,0,0,0,0,0,0,0,PreArm: Board (4.0v) out of range 4.3-5.8v
2026-07-09T13:52:00.065Z,1610.410,False,STABILIZE,0.0000000,0.0000000,-2.23,-0.04,0.00,0.00,0.00,2.65,0.38,84.32,0.00,0.00,84.0,0,0.000,-0.01,-1,1,0,0,0,0,0,0,0,0,0,PreArm: Board (4.0v) out of range 4.3-5.8v
2026-07-09T13:52:00.596Z,1610.942,False,STABILIZE,0.0000000,0.0000000,-2.22,-0.04,0.00,0.00,0.00,2.88,0.39,84.40,0.00,0.00,84.0,0,0.000,-0.01,-1,1,0,0,0,0,0,0,0,0,0,PreArm: Board (4.0v) out of range 4.3-5.8v
2026-07-09T13:52:01.145Z,1611.491,False,STABILIZE,0.0000000,0.0000000,-2.25,-0.04,0.00,0.00,0.00,3.25,0.41,84.28,0.00,0.00,84.0,0,0.000,-0.01,-1,1,0,0,0,0,0,0,0,0,0,PreArm: Board (4.0v) out of range 4.3-5.8v
2026-07-09T13:52:01.658Z,1612.004,False,STABILIZE,0.0000000,0.0000000,-2.23,-0.04,0.00,-0.01,0.00,2.80,0.97,84.55,0.02,0.00,84.0,0,0.000,-0.01,-1,1,0,0,0,0,0,0,0,0,0,PreArm: Board (4.0v) out of range 4.3-5.8v
2026-07-09T13:52:02.159Z,1612.505,False,STABILIZE,0.0000000,0.0000000,-2.23,-0.04,0.00,0.00,0.00,2.36,1.20,84.53,0.01,0.00,84.0,0,0.000,-0.01,-1,1,0,0,0,0,0,0,0,0,0,PreArm: Board (4.0v) out of range 4.3-5.8v
2026-07-09T13:52:02.660Z,1613.006,False,STABILIZE,0.0000000,0.0000000,-2.25,-0.04,0.00,0.00,0.00,2.34,1.23,84.54,0.00,0.00,84.0,0,0.000,-0.01,-1,1,0,0,0,0,0,0,0,0,0,PreArm: Board (4.0v) out of range 4.3-5.8v
2026-07-09T13:52:03.160Z,1613.506,False,STABILIZE,0.0000000,0.0000000,-2.22,-0.04,0.00,0.00,0.00,2.33,1.23,84.53,0.00,0.00,84.0,0,0.000,-0.01,-1,1,0,0,0,0,0,0,0,0,0,PreArm: Board (4.0v) out of range 4.3-5.8v
2026-07-09T13:52:03.660Z,1614.006,False,STABILIZE,0.0000000,0.0000000,-2.26,-0.04,0.00,0.00,0.00,2.33,1.24,84.54,0.00,0.00,84.0,0,0.000,-0.01,-1,1,0,0,0,0,0,0,0,0,0,PreArm: Board (4.0v) out of range 4.3-5.8v
2026-07-09T13:52:04.165Z,1614.511,False,STABILIZE,0.0000000,0.0000000,-2.27,-0.04,0.00,0.00,0.00,2.32,1.25,84.55,0.00,0.00,84.0,0,0.000,-0.01,-1,1,0,0,0,0,0,0,0,0,0,PreArm: Board (4.0v) out of range 4.3-5.8v
2026-07-09T13:52:04.665Z,1615.011,False,STABILIZE,0.0000000,0.0000000,-2.24,-0.04,0.00,0.00,0.00,2.32,1.25,84.55,0.00,0.00,84.0,0,0.000,-0.01,-1,1,0,0,0,0,0,0,0,0,0,PreArm: Board (4.0v) out of range 4.3-5.8v
2026-07-09T13:52:05.167Z,1615.513,False,STABILIZE,0.0000000,0.0000000,-2.23,-0.04,0.00,0.00,0.00,2.32,1.25,84.55,0.00,0.00,84.0,0,0.000,-0.01,-1,1,0,0,0,0,0,0,0,0,0,PreArm: Board (4.0v) out of range 4.3-5.8v
2026-07-09T13:52:05.667Z,1616.013,False,STABILIZE,0.0000000,0.0000000,-2.25,-0.04,0.00,0.00,0.00,2.32,1.25,84.55,0.00,0.00,84.0,0,0.000,-0.01,-1,1,0,0,0,0,0,0,0,0,0,PreArm: Board (4.0v) out of range 4.3-5.8v
2026-07-09T13:52:06.260Z,1616.606,False,STABILIZE,0.0000000,0.0000000,-2.25,-0.04,0.00,0.00,0.00,2.32,1.26,84.55,0.00,0.00,84.0,0,0.000,-0.01,-1,1,0,0,0,0,0,0,0,0,0,PreArm: Board (4.0v) out of range 4.3-5.8v
2026-07-09T13:52:06.760Z,1617.106,False,STABILIZE,0.0000000,0.0000000,-2.21,-0.04,0.00,0.00,0.00,2.31,1.26,84.53,0.00,0.00,84.0,0,0.000,-0.01,-1,1,0,0,0,0,0,0,0,0,0,PreArm: Board (4.0v) out of range 4.3-5.8v
2026-07-09T13:52:07.261Z,1617.606,False,STABILIZE,0.0000000,0.0000000,-2.23,-0.04,0.00,0.00,0.00,2.32,1.27,84.56,0.00,0.00,84.0,0,0.000,-0.01,-1,1,0,0,0,0,0,0,0,0,0,PreArm: Board (4.0v) out of range 4.3-5.8v
2026-07-09T13:52:07.761Z,1618.106,False,STABILIZE,0.0000000,0.0000000,-2.24,-0.04,0.00,0.00,0.00,2.31,1.26,84.53,0.00,0.00,84.0,0,0.000,-0.01,-1,1,0,0,0,0,0,0,0,0,0,PreArm: Board (4.0v) out of range 4.3-5.8v
2026-07-09T13:52:08.261Z,1618.606,False,STABILIZE,0.0000000,0.0000000,-2.21,-0.04,0.00,0.00,0.00,2.31,1.27,84.54,0.00,0.00,84.0,0,0.000,-0.01,-1,1,0,0,0,0,0,0,0,0,0,PreArm: Board (4.0v) out of range 4.3-5.8v
2026-07-09T13:52:08.761Z,1619.107,False,STABILIZE,0.0000000,0.0000000,-2.22,-0.04,0.00,0.00,0.00,2.32,1.27,84.54,0.00,0.00,84.0,0,0.000,-0.01,-1,1,0,0,0,0,0,0,0,0,0,PreArm: Board (4.0v) out of range 4.3-5.8v
2026-07-09T13:52:09.263Z,1619.608,False,STABILIZE,0.0000000,0.0000000,-2.21,-0.04,0.00,0.00,0.00,2.31,1.27,84.54,0.00,0.00,84.0,0,0.000,-0.01,-1,1,0,0,0,0,0,0,0,0,0,PreArm: Board (4.0v) out of range 4.3-5.8v
2026-07-09T13:52:09.763Z,1620.108,False,STABILIZE,0.0000000,0.0000000,-2.19,-0.04,0.00,0.00,0.00,2.31,1.27,84.54,0.00,0.00,84.0,0,0.000,-0.01,-1,1,0,0,0,0,0,0,0,0,0,PreArm: Board (3.9v) out of range 4.3-5.8v
2026-07-09T13:52:10.263Z,1620.608,False,STABILIZE,0.0000000,0.0000000,-2.21,-0.04,0.00,0.00,0.00,2.31,1.27,84.54,0.00,0.00,84.0,0,0.000,-0.01,-1,1,0,0,0,0,0,0,0,0,0,PreArm: Board (3.9v) out of range 4.3-5.8v
2026-07-09T13:52:10.765Z,1621.111,False,STABILIZE,0.0000000,0.0000000,-2.25,-0.04,0.00,0.00,0.00,2.31,1.28,84.54,0.00,0.00,84.0,0,0.000,-0.01,-1,1,0,0,0,0,0,0,0,0,0,PreArm: Board (3.9v) out of range 4.3-5.8v
2026-07-09T13:52:11.266Z,1621.611,False,STABILIZE,0.0000000,0.0000000,-2.26,-0.04,0.00,0.00,0.00,2.31,1.28,84.54,0.00,0.00,84.0,0,0.000,-0.01,-1,1,0,0,0,0,0,0,0,0,0,PreArm: Board (3.9v) out of range 4.3-5.8v
2026-07-09T13:52:11.766Z,1622.111,False,STABILIZE,0.0000000,0.0000000,-2.22,-0.04,0.00,0.00,0.00,2.31,1.28,84.54,0.00,0.00,84.0,0,0.000,-0.01,-1,1,0,0,0,0,0,0,0,0,0,PreArm: Board (3.9v) out of range 4.3-5.8v
2026-07-09T13:52:12.266Z,1622.611,False,STABILIZE,0.0000000,0.0000000,-2.26,-0.04,0.00,0.00,0.00,2.31,1.28,84.53,0.00,0.00,84.0,0,0.000,-0.01,-1,1,0,0,0,0,0,0,0,0,0,PreArm: Board (3.9v) out of range 4.3-5.8v
2026-07-09T13:52:12.767Z,1623.112,False,STABILIZE,0.0000000,0.0000000,-2.23,-0.04,0.00,0.00,0.00,2.31,1.28,84.53,0.00,0.00,84.0,0,0.000,-0.01,-1,1,0,0,0,0,0,0,0,0,0,PreArm: Board (3.9v) out of range 4.3-5.8v
2026-07-09T13:52:13.268Z,1623.613,False,STABILIZE,0.0000000,0.0000000,-2.24,-0.04,0.00,0.00,0.00,2.30,1.28,84.53,0.00,0.00,84.0,0,0.000,-0.01,-1,1,0,0,0,0,0,0,0,0,0,PreArm: Board (3.9v) out of range 4.3-5.8v
2026-07-09T13:52:13.858Z,1624.204,False,STABILIZE,0.0000000,0.0000000,-2.25,-0.04,0.00,0.00,0.00,2.30,1.28,84.53,0.00,0.00,84.0,0,0.000,-0.01,-1,1,0,0,0,0,0,0,0,0,0,PreArm: Board (3.9v) out of range 4.3-5.8v
2026-07-09T13:52:14.359Z,1624.705,False,STABILIZE,0.0000000,0.0000000,-2.26,-0.04,0.00,0.00,0.00,2.30,1.28,84.53,0.00,0.00,84.0,0,0.000,-0.01,-1,1,0,0,0,0,0,0,0,0,0,PreArm: Board (3.9v) out of range 4.3-5.8v
2026-07-09T13:52:14.860Z,1625.205,False,STABILIZE,0.0000000,0.0000000,-2.23,-0.04,0.00,0.00,0.00,2.30,1.28,84.53,0.00,0.00,84.0,0,0.000,-0.01,-1,1,0,0,0,0,0,0,0,0,0,PreArm: Board (3.9v) out of range 4.3-5.8v
2026-07-09T13:52:15.361Z,1625.707,False,STABILIZE,0.0000000,0.0000000,-2.23,-0.04,0.00,0.00,0.00,2.30,1.28,84.53,0.00,0.00,84.0,0,0.000,-0.01,-1,1,0,0,0,0,0,0,0,0,0,PreArm: Board (3.9v) out of range 4.3-5.8v
2026-07-09T13:52:15.861Z,1626.207,False,STABILIZE,0.0000000,0.0000000,-2.24,-0.04,0.00,0.00,0.00,2.31,1.28,84.53,0.00,0.00,84.0,0,0.000,-0.01,-1,1,0,0,0,0,0,0,0,0,0,PreArm: Board (3.9v) out of range 4.3-5.8v
2026-07-09T13:52:16.361Z,1626.707,False,STABILIZE,0.0000000,0.0000000,-2.24,-0.04,0.00,0.00,0.00,2.30,1.28,84.53,0.00,0.00,84.0,0,0.000,-0.01,-1,1,0,0,0,0,0,0,0,0,0,PreArm: Board (3.9v) out of range 4.3-5.8v
2026-07-09T13:52:16.861Z,1627.207,False,STABILIZE,0.0000000,0.0000000,-2.25,-0.04,0.00,0.00,0.00,2.30,1.28,84.53,0.00,0.00,84.0,0,0.000,-0.01,-1,1,0,0,0,0,0,0,0,0,0,PreArm: Board (3.9v) out of range 4.3-5.8v
2026-07-09T13:52:17.361Z,1627.707,False,STABILIZE,0.0000000,0.0000000,-2.22,-0.04,0.00,0.00,0.00,2.30,1.28,84.53,0.00,0.00,84.0,0,0.000,-0.01,-1,1,0,0,0,0,0,0,0,0,0,PreArm: Board (3.9v) out of range 4.3-5.8v
2026-07-09T13:52:17.863Z,1628.209,False,STABILIZE,0.0000000,0.0000000,-2.25,-0.04,0.00,0.00,0.00,2.30,1.28,84.52,0.00,0.00,84.0,0,0.000,-0.01,-1,1,0,0,0,0,0,0,0,0,0,PreArm: Board (3.9v) out of range 4.3-5.8v
