timestamp_utc,elapsed_s,armed,flight_mode,lat_deg,lon_deg,alt_agl_m,alt_amsl_m,vx_ms,vy_ms,vz_ms,roll_deg,pitch_deg,yaw_deg,groundspeed_ms,airspeed_ms,heading_deg,throttle_pct,battery_v,battery_a,battery_pct,gps_fix_type,satellites_visible,rc1,rc2,rc3,rc4,rc5,rc6,rc7,rc8,last_status_text
2026-07-09T13:16:27.162Z,0.510,False,UNKNOWN,0.0000000,0.0000000,-2.74,0.00,0.00,0.00,0.00,2.12,1.34,83.17,0.00,0.00,83.0,0,0.000,-0.01,-1,1,0,0,0,0,0,0,0,0,0,
2026-07-09T13:16:27.662Z,1.010,False,STABILIZE,0.0000000,0.0000000,-2.73,0.00,0.00,0.00,0.00,2.12,1.35,83.17,0.00,0.00,83.0,0,0.000,-0.01,-1,1,0,0,0,0,0,0,0,0,0,
2026-07-09T13:16:28.163Z,1.511,False,STABILIZE,0.0000000,0.0000000,-2.73,0.00,0.00,0.00,0.00,2.12,1.35,83.17,0.00,0.00,83.0,0,0.000,-0.01,-1,1,0,0,0,0,0,0,0,0,0,
2026-07-09T13:16:28.663Z,2.011,False,STABILIZE,0.0000000,0.0000000,-2.70,0.00,0.00,0.00,0.00,2.12,1.35,83.17,0.00,0.00,83.0,0,0.000,-0.01,-1,1,0,0,0,0,0,0,0,0,0,
2026-07-09T13:16:29.163Z,2.511,False,STABILIZE,0.0000000,0.0000000,-2.70,0.00,0.00,0.00,0.00,2.12,1.35,83.17,0.00,0.00,83.0,0,0.000,-0.01,-1,1,0,0,0,0,0,0,0,0,0,
2026-07-09T13:16:29.664Z,3.012,False,STABILIZE,0.0000000,0.0000000,-2.70,0.00,0.00,0.00,0.00,2.12,1.35,83.17,0.00,0.00,83.0,0,0.000,-0.01,-1,1,0,0,0,0,0,0,0,0,0,
2026-07-09T13:16:30.167Z,3.514,False,STABILIZE,0.0000000,0.0000000,-2.68,0.00,0.00,0.00,0.00,2.12,1.35,83.17,0.00,0.00,83.0,0,0.000,-0.01,-1,1,0,0,0,0,0,0,0,0,0,
2026-07-09T13:16:30.668Z,4.016,False,STABILIZE,0.0000000,0.0000000,-2.66,0.00,0.00,0.00,-0.01,2.12,1.35,83.17,0.00,0.00,83.0,0,0.000,-0.01,-1,1,0,0,0,0,0,0,0,0,0,
2026-07-09T13:16:31.262Z,4.609,False,STABILIZE,0.0000000,0.0000000,-2.69,0.00,0.00,0.00,-0.01,2.12,1.34,83.17,0.00,0.00,83.0,0,0.000,-0.01,-1,1,0,0,0,0,0,0,0,0,0,
2026-07-09T13:16:31.762Z,5.109,False,STABILIZE,0.0000000,0.0000000,-2.69,0.00,0.00,0.00,-0.01,2.12,1.34,83.17,0.00,0.00,83.0,0,0.000,-0.01,-1,1,0,0,0,0,0,0,0,0,0,
2026-07-09T13:16:32.262Z,5.609,False,STABILIZE,0.0000000,0.0000000,-2.69,0.00,0.00,0.00,-0.01,2.12,1.34,83.16,0.00,0.00,83.0,0,0.000,-0.01,-1,1,0,0,0,0,0,0,0,0,0,
2026-07-09T13:16:32.762Z,6.109,False,STABILIZE,0.0000000,0.0000000,-2.68,0.00,0.00,0.00,-0.01,2.12,1.34,83.16,0.00,0.00,83.0,0,0.000,-0.01,-1,1,0,0,0,0,0,0,0,0,0,
2026-07-09T13:16:33.262Z,6.609,False,STABILIZE,0.0000000,0.0000000,-2.67,0.00,0.00,0.00,-0.01,2.12,1.34,83.16,0.00,0.00,83.0,0,0.000,-0.01,-1,1,0,0,0,0,0,0,0,0,0,
2026-07-09T13:16:33.762Z,7.110,False,STABILIZE,0.0000000,0.0000000,-2.69,0.00,0.00,0.00,-0.01,2.12,1.34,83.16,0.00,0.00,83.0,0,0.000,-0.01,-1,1,0,0,0,0,0,0,0,0,0,
2026-07-09T13:16:34.262Z,7.610,False,STABILIZE,0.0000000,0.0000000,-2.68,0.00,0.00,0.00,-0.01,2.12,1.34,83.16,0.00,0.00,83.0,0,0.000,-0.01,-1,1,0,0,0,0,0,0,0,0,0,
2026-07-09T13:16:34.764Z,8.111,False,STABILIZE,0.0000000,0.0000000,-2.64,0.00,0.00,0.00,-0.01,2.12,1.34,83.15,0.00,0.00,83.0,0,0.000,-0.01,-1,1,0,0,0,0,0,0,0,0,0,
2026-07-09T13:16:35.264Z,8.611,False,STABILIZE,0.0000000,0.0000000,-2.65,0.00,0.00,0.00,-0.01,2.12,1.34,83.15,0.00,0.00,83.0,0,0.000,-0.01,-1,1,0,0,0,0,0,0,0,0,0,
2026-07-09T13:16:35.764Z,9.111,False,STABILIZE,0.0000000,0.0000000,-2.65,0.00,0.00,0.00,-0.01,2.12,1.34,83.14,0.00,0.00,83.0,0,0.000,-0.01,-1,1,0,0,0,0,0,0,0,0,0,
2026-07-09T13:16:36.264Z,9.611,False,STABILIZE,0.0000000,0.0000000,-2.65,0.00,0.00,0.00,-0.01,2.12,1.34,83.14,0.00,0.00,83.0,0,0.000,-0.01,-1,1,0,0,0,0,0,0,0,0,0,
2026-07-09T13:16:36.764Z,10.111,False,STABILIZE,0.0000000,0.0000000,-2.65,0.00,0.00,0.00,-0.01,2.12,1.34,83.14,0.00,0.00,83.0,0,0.000,-0.01,-1,1,0,0,0,0,0,0,0,0,0,
2026-07-09T13:16:37.264Z,10.612,False,STABILIZE,0.0000000,0.0000000,-2.63,0.00,0.00,0.00,-0.01,2.12,1.34,83.14,0.00,0.00,83.0,0,0.000,-0.01,-1,1,0,0,0,0,0,0,0,0,0,
2026-07-09T13:16:37.764Z,11.112,False,STABILIZE,0.0000000,0.0000000,-2.64,0.00,0.00,0.00,-0.01,2.12,1.34,83.14,0.00,0.00,83.0,0,0.000,-0.01,-1,1,0,0,0,0,0,0,0,0,0,
2026-07-09T13:16:38.264Z,11.612,False,STABILIZE,0.0000000,0.0000000,-2.61,0.00,0.00,0.00,-0.01,2.12,1.35,83.14,0.00,0.00,83.0,0,0.000,-0.01,-1,1,0,0,0,0,0,0,0,0,0,
2026-07-09T13:16:38.764Z,12.112,False,STABILIZE,0.0000000,0.0000000,-2.64,0.00,0.00,0.00,-0.01,2.12,1.35,83.13,0.00,0.00,83.0,0,0.000,-0.01,-1,1,0,0,0,0,0,0,0,0,0,
2026-07-09T13:16:39.264Z,12.612,False,STABILIZE,0.0000000,0.0000000,-2.63,0.00,0.00,0.00,-0.01,2.12,1.35,83.13,0.00,0.00,83.0,0,0.000,-0.01,-1,1,0,0,0,0,0,0,0,0,0,
2026-07-09T13:16:39.764Z,13.112,False,STABILIZE,0.0000000,0.0000000,-2.62,0.00,0.00,0.00,-0.01,2.12,1.35,83.13,0.00,0.00,83.0,0,0.000,-0.01,-1,1,0,0,0,0,0,0,0,0,0,
2026-07-09T13:16:40.264Z,13.612,False,STABILIZE,0.0000000,0.0000000,-2.61,0.00,0.00,0.00,-0.01,2.12,1.35,83.13,0.00,0.00,83.0,0,0.000,-0.01,-1,1,0,0,0,0,0,0,0,0,0,
2026-07-09T13:16:40.766Z,14.114,False,STABILIZE,0.0000000,0.0000000,-2.64,0.00,0.00,0.00,0.00,2.12,1.35,83.13,0.00,0.00,83.0,0,0.000,-0.01,-1,1,0,0,0,0,0,0,0,0,0,
2026-07-09T13:16:41.267Z,14.614,False,STABILIZE,0.0000000,0.0000000,-2.63,0.00,0.00,0.00,0.00,2.12,1.35,83.12,0.01,0.00,83.0,0,0.000,-0.01,-1,1,0,0,0,0,0,0,0,0,0,
2026-07-09T13:16:41.769Z,15.116,False,STABILIZE,0.0000000,0.0000000,-2.60,0.00,0.00,0.00,0.00,2.12,1.35,83.12,0.01,0.00,83.0,0,0.000,-0.01,-1,1,0,0,0,0,0,0,0,0,0,
2026-07-09T13:16:42.269Z,15.617,False,STABILIZE,0.0000000,0.0000000,-2.62,0.00,0.00,0.00,0.00,2.12,1.35,83.12,0.01,0.00,83.0,0,0.000,-0.01,-1,1,0,0,0,0,0,0,0,0,0,
2026-07-09T13:16:42.769Z,16.117,False,STABILIZE,0.0000000,0.0000000,-2.64,0.00,0.00,0.00,0.00,2.12,1.35,83.12,0.01,0.00,83.0,0,0.000,-0.01,-1,1,0,0,0,0,0,0,0,0,0,
2026-07-09T13:16:43.269Z,16.617,False,STABILIZE,0.0000000,0.0000000,-2.62,0.00,0.00,0.00,0.00,2.12,1.35,83.12,0.01,0.00,83.0,0,0.000,-0.01,-1,1,0,0,0,0,0,0,0,0,0,
2026-07-09T13:16:43.769Z,17.117,False,STABILIZE,0.0000000,0.0000000,-2.64,0.00,0.00,0.00,0.00,2.11,1.35,83.12,0.01,0.00,83.0,0,0.000,-0.01,-1,1,0,0,0,0,0,0,0,0,0,
2026-07-09T13:16:44.269Z,17.617,False,STABILIZE,0.0000000,0.0000000,-2.65,0.00,0.00,0.00,0.00,2.12,1.35,83.11,0.00,0.00,83.0,0,0.000,-0.01,-1,1,0,0,0,0,0,0,0,0,0,PreArm: Board (3.8v) out of range 4.3-5.8v
2026-07-09T13:16:44.769Z,18.117,False,STABILIZE,0.0000000,0.0000000,-2.67,0.00,0.00,0.00,0.00,2.12,1.35,83.11,0.00,0.00,83.0,0,0.000,-0.01,-1,1,0,0,0,0,0,0,0,0,0,PreArm: Board (3.8v) out of range 4.3-5.8v
2026-07-09T13:16:45.269Z,18.617,False,STABILIZE,0.0000000,0.0000000,-2.66,0.00,0.00,0.00,0.00,2.12,1.35,83.11,0.00,0.00,83.0,0,0.000,-0.01,-1,1,0,0,0,0,0,0,0,0,0,PreArm: Board (3.8v) out of range 4.3-5.8v
2026-07-09T13:16:45.769Z,19.117,False,STABILIZE,0.0000000,0.0000000,-2.66,0.00,0.00,0.00,0.00,2.12,1.35,83.11,0.00,0.00,83.0,0,0.000,-0.01,-1,1,0,0,0,0,0,0,0,0,0,PreArm: Board (3.8v) out of range 4.3-5.8v
2026-07-09T13:16:46.271Z,19.619,False,STABILIZE,0.0000000,0.0000000,-2.65,0.00,0.00,0.00,0.00,2.12,1.35,83.11,0.00,0.00,83.0,0,0.000,-0.01,-1,1,0,0,0,0,0,0,0,0,0,PreArm: Board (3.8v) out of range 4.3-5.8v
2026-07-09T13:16:46.861Z,20.209,False,STABILIZE,0.0000000,0.0000000,-2.65,0.00,0.00,0.00,0.00,2.12,1.34,83.10,0.00,0.00,83.0,0,0.000,-0.01,-1,1,0,0,0,0,0,0,0,0,0,PreArm: Board (3.8v) out of range 4.3-5.8v
2026-07-09T13:16:47.363Z,20.711,False,STABILIZE,0.0000000,0.0000000,-2.68,0.00,0.00,0.00,0.00,2.12,1.34,83.10,0.00,0.00,83.0,0,0.000,-0.01,-1,1,0,0,0,0,0,0,0,0,0,PreArm: Board (3.8v) out of range 4.3-5.8v
2026-07-09T13:16:47.863Z,21.211,False,STABILIZE,0.0000000,0.0000000,-2.65,0.00,0.00,0.00,0.00,2.11,1.34,83.10,0.00,0.00,83.0,0,0.000,-0.01,-1,1,0,0,0,0,0,0,0,0,0,PreArm: Board (3.8v) out of range 4.3-5.8v
2026-07-09T13:16:48.366Z,21.714,False,STABILIZE,0.0000000,0.0000000,-2.70,0.00,0.00,0.00,0.00,2.12,1.34,83.10,0.00,0.00,83.0,0,0.000,-0.01,-1,1,0,0,0,0,0,0,0,0,0,PreArm: Board (3.8v) out of range 4.3-5.8v
2026-07-09T13:16:48.866Z,22.214,False,STABILIZE,0.0000000,0.0000000,-2.68,0.00,0.00,0.00,0.00,2.12,1.34,83.10,0.00,0.00,83.0,0,0.000,-0.01,-1,1,0,0,0,0,0,0,0,0,0,PreArm: Board (3.8v) out of range 4.3-5.8v
2026-07-09T13:16:49.366Z,22.714,False,STABILIZE,0.0000000,0.0000000,-2.69,0.00,0.00,0.00,0.00,2.12,1.34,83.10,0.00,0.00,83.0,0,0.000,-0.01,-1,1,0,0,0,0,0,0,0,0,0,PreArm: Board (3.8v) out of range 4.3-5.8v
2026-07-09T13:16:49.866Z,23.214,False,STABILIZE,0.0000000,0.0000000,-2.68,0.00,0.00,0.00,0.00,2.12,1.34,83.10,0.00,0.00,83.0,0,0.000,-0.01,-1,1,0,0,0,0,0,0,0,0,0,PreArm: Board (3.8v) out of range 4.3-5.8v
2026-07-09T13:16:50.369Z,23.716,False,STABILIZE,0.0000000,0.0000000,-2.67,0.00,0.00,0.00,0.01,2.12,1.34,83.10,0.00,0.00,83.0,0,0.000,-0.01,-1,1,0,0,0,0,0,0,0,0,0,PreArm: Board (3.8v) out of range 4.3-5.8v
2026-07-09T13:16:50.870Z,24.217,False,STABILIZE,0.0000000,0.0000000,-2.69,0.00,0.00,0.00,0.01,2.12,1.34,83.10,0.00,0.00,83.0,0,0.000,-0.01,-1,1,0,0,0,0,0,0,0,0,0,PreArm: Board (3.8v) out of range 4.3-5.8v
2026-07-09T13:16:51.461Z,24.809,False,STABILIZE,0.0000000,0.0000000,-2.69,0.00,0.00,0.00,0.01,2.12,1.33,83.10,0.00,0.00,83.0,0,0.000,-0.01,-1,1,0,0,0,0,0,0,0,0,0,PreArm: Board (3.8v) out of range 4.3-5.8v
2026-07-09T13:16:51.961Z,25.309,False,STABILIZE,0.0000000,0.0000000,-2.71,0.00,0.00,0.00,0.01,2.12,1.34,83.10,0.00,0.00,83.0,0,0.000,-0.01,-1,1,0,0,0,0,0,0,0,0,0,PreArm: Board (3.8v) out of range 4.3-5.8v
2026-07-09T13:16:52.461Z,25.809,False,STABILIZE,0.0000000,0.0000000,-2.71,0.00,0.00,0.00,0.01,2.12,1.34,83.10,0.00,0.00,83.0,0,0.000,-0.01,-1,1,0,0,0,0,0,0,0,0,0,PreArm: Board (3.8v) out of range 4.3-5.8v
2026-07-09T13:16:52.962Z,26.310,False,STABILIZE,0.0000000,0.0000000,-2.72,0.00,0.00,0.00,0.01,2.12,1.34,83.10,0.00,0.00,83.0,0,0.000,-0.01,-1,1,0,0,0,0,0,0,0,0,0,PreArm: Board (3.8v) out of range 4.3-5.8v
2026-07-09T13:16:53.462Z,26.810,False,STABILIZE,0.0000000,0.0000000,-2.72,0.00,0.00,0.00,0.01,2.12,1.34,83.09,0.00,0.00,83.0,0,0.000,-0.01,-1,1,0,0,0,0,0,0,0,0,0,PreArm: Board (3.8v) out of range 4.3-5.8v
2026-07-09T13:16:53.964Z,27.311,False,STABILIZE,0.0000000,0.0000000,-2.68,0.00,0.00,0.00,0.01,2.11,1.34,83.09,0.00,0.00,83.0,0,0.000,-0.01,-1,1,0,0,0,0,0,0,0,0,0,PreArm: Board (3.8v) out of range 4.3-5.8v
2026-07-09T13:16:54.464Z,27.811,False,STABILIZE,0.0000000,0.0000000,-2.73,0.00,0.00,0.00,0.01,2.11,1.34,83.09,0.00,0.00,83.0,0,0.000,-0.01,-1,1,0,0,0,0,0,0,0,0,0,PreArm: Board (3.8v) out of range 4.3-5.8v
2026-07-09T13:16:54.964Z,28.312,False,STABILIZE,0.0000000,0.0000000,-2.72,0.00,0.00,0.00,0.01,2.11,1.33,83.09,0.00,0.00,83.0,0,0.000,-0.01,-1,1,0,0,0,0,0,0,0,0,0,PreArm: Board (3.8v) out of range 4.3-5.8v
2026-07-09T13:16:55.464Z,28.812,False,STABILIZE,0.0000000,0.0000000,-2.73,0.00,0.00,0.00,0.01,2.11,1.34,83.09,0.00,0.00,83.0,0,0.000,-0.01,-1,1,0,0,0,0,0,0,0,0,0,PreArm: Board (3.8v) out of range 4.3-5.8v
2026-07-09T13:16:55.964Z,29.312,False,STABILIZE,0.0000000,0.0000000,-2.72,0.00,0.00,0.00,0.01,2.11,1.34,83.09,0.00,0.00,83.0,0,0.000,-0.01,-1,1,0,0,0,0,0,0,0,0,0,PreArm: Board (3.8v) out of range 4.3-5.8v
2026-07-09T13:16:56.466Z,29.813,False,STABILIZE,0.0000000,0.0000000,-2.74,0.00,0.00,0.00,0.01,2.11,1.33,83.09,0.00,0.00,83.0,0,0.000,-0.01,-1,1,0,0,0,0,0,0,0,0,0,PreArm: Board (3.8v) out of range 4.3-5.8v
2026-07-09T13:16:56.966Z,30.314,False,STABILIZE,0.0000000,0.0000000,-2.71,0.00,0.00,0.00,0.01,2.11,1.34,83.09,0.00,0.00,83.0,0,0.000,-0.01,-1,1,0,0,0,0,0,0,0,0,0,PreArm: Board (3.8v) out of range 4.3-5.8v
2026-07-09T13:16:57.466Z,30.814,False,STABILIZE,0.0000000,0.0000000,-2.73,0.00,0.00,0.00,0.00,2.11,1.33,83.08,0.00,0.00,83.0,0,0.000,-0.01,-1,1,0,0,0,0,0,0,0,0,0,PreArm: Board (3.8v) out of range 4.3-5.8v
2026-07-09T13:16:57.966Z,31.314,False,STABILIZE,0.0000000,0.0000000,-2.75,0.00,0.00,0.00,0.00,2.11,1.33,83.08,0.00,0.00,83.0,0,0.000,-0.01,-1,1,0,0,0,0,0,0,0,0,0,PreArm: Board (3.8v) out of range 4.3-5.8v
2026-07-09T13:16:58.469Z,31.816,False,STABILIZE,0.0000000,0.0000000,-2.75,0.00,0.00,0.00,0.01,2.11,1.34,83.08,0.00,0.00,83.0,0,0.000,-0.01,-1,1,0,0,0,0,0,0,0,0,0,PreArm: Board (3.8v) out of range 4.3-5.8v
2026-07-09T13:16:58.971Z,32.319,False,STABILIZE,0.0000000,0.0000000,-2.75,0.00,0.00,0.00,0.01,2.11,1.34,83.08,0.00,0.00,83.0,0,0.000,-0.01,-1,1,0,0,0,0,0,0,0,0,0,PreArm: Board (3.8v) out of range 4.3-5.8v
2026-07-09T13:16:59.561Z,32.909,False,STABILIZE,0.0000000,0.0000000,-2.79,0.00,0.00,0.00,0.01,2.11,1.33,83.08,0.00,0.00,83.0,0,0.000,-0.01,-1,1,0,0,0,0,0,0,0,0,0,PreArm: Board (3.8v) out of range 4.3-5.8v
2026-07-09T13:17:00.064Z,33.412,False,STABILIZE,0.0000000,0.0000000,-2.76,0.00,0.00,0.00,0.01,2.12,1.34,83.08,0.00,0.00,83.0,0,0.000,-0.01,-1,1,0,0,0,0,0,0,0,0,0,PreArm: Board (3.8v) out of range 4.3-5.8v
2026-07-09T13:17:00.566Z,33.914,False,STABILIZE,0.0000000,0.0000000,-2.78,0.00,0.00,0.00,0.01,2.11,1.34,83.08,0.00,0.00,83.0,0,0.000,-0.01,-1,1,0,0,0,0,0,0,0,0,0,PreArm: Board (3.8v) out of range 4.3-5.8v
2026-07-09T13:17:01.066Z,34.414,False,STABILIZE,0.0000000,0.0000000,-2.79,0.00,0.00,0.00,0.01,2.11,1.33,83.08,0.00,0.00,83.0,0,0.000,-0.01,-1,1,0,0,0,0,0,0,0,0,0,PreArm: Board (3.8v) out of range 4.3-5.8v
2026-07-09T13:17:01.566Z,34.914,False,STABILIZE,0.0000000,0.0000000,-2.80,0.00,0.00,0.00,0.01,2.11,1.34,83.08,0.00,0.00,83.0,0,0.000,-0.01,-1,1,0,0,0,0,0,0,0,0,0,PreArm: Board (3.8v) out of range 4.3-5.8v
2026-07-09T13:17:02.067Z,35.414,False,STABILIZE,0.0000000,0.0000000,-2.76,0.00,0.00,0.00,0.01,2.11,1.34,83.08,0.00,0.00,83.0,0,0.000,-0.01,-1,1,0,0,0,0,0,0,0,0,0,PreArm: Board (3.8v) out of range 4.3-5.8v
2026-07-09T13:17:02.569Z,35.917,False,STABILIZE,0.0000000,0.0000000,-2.80,0.00,0.00,0.00,0.01,2.11,1.34,83.07,0.00,0.00,83.0,0,0.000,-0.01,-1,1,0,0,0,0,0,0,0,0,0,PreArm: Board (3.8v) out of range 4.3-5.8v
2026-07-09T13:17:03.162Z,36.509,False,STABILIZE,0.0000000,0.0000000,-2.81,0.00,0.00,0.00,0.01,2.11,1.34,83.07,0.00,0.00,83.0,0,0.000,-0.01,-1,1,0,0,0,0,0,0,0,0,0,PreArm: Board (3.8v) out of range 4.3-5.8v
2026-07-09T13:17:03.662Z,37.010,False,STABILIZE,0.0000000,0.0000000,-2.79,0.00,0.00,0.00,0.01,2.11,1.34,83.07,0.00,0.00,83.0,0,0.000,-0.01,-1,1,0,0,0,0,0,0,0,0,0,PreArm: Board (3.8v) out of range 4.3-5.8v
2026-07-09T13:17:04.164Z,37.512,False,STABILIZE,0.0000000,0.0000000,-2.78,0.00,0.00,0.00,0.01,2.11,1.34,83.07,0.00,0.00,83.0,0,0.000,-0.01,-1,1,0,0,0,0,0,0,0,0,0,PreArm: Board (3.8v) out of range 4.3-5.8v
2026-07-09T13:17:04.666Z,38.014,False,STABILIZE,0.0000000,0.0000000,-2.81,0.00,0.00,0.00,0.01,2.11,1.34,83.07,0.00,0.00,83.0,0,0.000,-0.01,-1,1,0,0,0,0,0,0,0,0,0,PreArm: Board (3.8v) out of range 4.3-5.8v
2026-07-09T13:17:05.167Z,38.514,False,STABILIZE,0.0000000,0.0000000,-2.83,0.00,0.00,0.00,0.01,2.11,1.34,83.07,0.00,0.00,83.0,0,0.000,-0.01,-1,1,0,0,0,0,0,0,0,0,0,PreArm: Board (3.8v) out of range 4.3-5.8v
2026-07-09T13:17:05.667Z,39.014,False,STABILIZE,0.0000000,0.0000000,-2.80,0.00,0.00,0.00,0.01,2.11,1.35,83.06,0.00,0.00,83.0,0,0.000,-0.01,-1,1,0,0,0,0,0,0,0,0,0,PreArm: Board (3.8v) out of range 4.3-5.8v
2026-07-09T13:17:06.170Z,39.517,False,STABILIZE,0.0000000,0.0000000,-2.82,0.00,0.00,0.00,0.01,2.11,1.35,83.06,0.01,0.00,83.0,0,0.000,-0.01,-1,1,0,0,0,0,0,0,0,0,0,PreArm: Board (3.8v) out of range 4.3-5.8v
2026-07-09T13:17:06.672Z,40.019,False,STABILIZE,0.0000000,0.0000000,-2.84,0.00,0.00,0.00,0.01,2.11,1.35,83.05,0.01,0.00,83.0,0,0.000,-0.01,-1,1,0,0,0,0,0,0,0,0,0,PreArm: Board (3.8v) out of range 4.3-5.8v
2026-07-09T13:17:07.172Z,40.519,False,STABILIZE,0.0000000,0.0000000,-2.85,0.00,0.00,0.00,0.01,2.11,1.35,83.06,0.01,0.00,83.0,0,0.000,-0.01,-1,1,0,0,0,0,0,0,0,0,0,PreArm: Board (3.8v) out of range 4.3-5.8v
2026-07-09T13:17:07.672Z,41.019,False,STABILIZE,0.0000000,0.0000000,-2.85,0.00,0.00,0.00,0.01,2.12,1.35,83.05,0.01,0.00,83.0,0,0.000,-0.01,-1,1,0,0,0,0,0,0,0,0,0,PreArm: Board (3.8v) out of range 4.3-5.8v
2026-07-09T13:17:08.262Z,41.610,False,STABILIZE,0.0000000,0.0000000,-2.84,0.00,0.00,0.00,0.01,2.12,1.35,83.05,0.01,0.00,83.0,0,0.000,-0.01,-1,1,0,0,0,0,0,0,0,0,0,PreArm: Board (3.8v) out of range 4.3-5.8v
2026-07-09T13:17:08.763Z,42.111,False,STABILIZE,0.0000000,0.0000000,-2.86,0.00,0.00,0.00,0.01,2.12,1.35,83.05,0.01,0.00,83.0,0,0.000,-0.01,-1,1,0,0,0,0,0,0,0,0,0,PreArm: Board (3.8v) out of range 4.3-5.8v
2026-07-09T13:17:09.264Z,42.611,False,STABILIZE,0.0000000,0.0000000,-2.84,0.00,0.00,0.00,0.01,2.12,1.35,83.05,0.00,0.00,83.0,0,0.000,-0.01,-1,1,0,0,0,0,0,0,0,0,0,PreArm: Board (3.8v) out of range 4.3-5.8v
2026-07-09T13:17:09.764Z,43.111,False,STABILIZE,0.0000000,0.0000000,-2.83,0.00,0.00,0.00,0.01,2.12,1.34,83.05,0.00,0.00,83.0,0,0.000,-0.01,-1,1,0,0,0,0,0,0,0,0,0,PreArm: Board (3.8v) out of range 4.3-5.8v
2026-07-09T13:17:10.264Z,43.611,False,STABILIZE,0.0000000,0.0000000,-2.87,0.00,0.00,0.00,0.01,2.12,1.34,83.05,0.00,0.00,83.0,0,0.000,-0.01,-1,1,0,0,0,0,0,0,0,0,0,PreArm: Board (3.8v) out of range 4.3-5.8v
2026-07-09T13:17:10.764Z,44.111,False,STABILIZE,0.0000000,0.0000000,-2.86,0.00,0.00,0.00,0.01,2.12,1.34,83.05,0.00,0.00,83.0,0,0.000,-0.01,-1,1,0,0,0,0,0,0,0,0,0,PreArm: Board (3.8v) out of range 4.3-5.8v
2026-07-09T13:17:11.264Z,44.611,False,STABILIZE,0.0000000,0.0000000,-2.84,0.00,0.00,0.00,0.00,2.12,1.33,83.05,0.00,0.00,83.0,0,0.000,-0.01,-1,1,0,0,0,0,0,0,0,0,0,PreArm: Board (3.8v) out of range 4.3-5.8v
2026-07-09T13:17:11.764Z,45.111,False,STABILIZE,0.0000000,0.0000000,-2.86,0.00,0.00,0.00,0.00,2.12,1.33,83.05,0.00,0.00,83.0,0,0.000,-0.01,-1,1,0,0,0,0,0,0,0,0,0,PreArm: Board (3.8v) out of range 4.3-5.8v
2026-07-09T13:17:12.264Z,45.611,False,STABILIZE,0.0000000,0.0000000,-2.85,0.00,0.00,0.00,0.00,2.12,1.33,83.05,0.00,0.00,83.0,0,0.000,-0.01,-1,1,0,0,0,0,0,0,0,0,0,PreArm: Board (3.8v) out of range 4.3-5.8v
2026-07-09T13:17:12.764Z,46.111,False,STABILIZE,0.0000000,0.0000000,-2.82,0.00,0.00,0.00,0.00,2.12,1.33,83.05,0.00,0.00,83.0,0,0.000,-0.01,-1,1,0,0,0,0,0,0,0,0,0,PreArm: Board (3.8v) out of range 4.3-5.8v
2026-07-09T13:17:13.264Z,46.611,False,STABILIZE,0.0000000,0.0000000,-2.85,0.00,0.00,0.00,0.00,2.12,1.33,83.05,0.00,0.00,83.0,0,0.000,-0.01,-1,1,0,0,0,0,0,0,0,0,0,PreArm: Board (3.8v) out of range 4.3-5.8v
2026-07-09T13:17:13.764Z,47.111,False,STABILIZE,0.0000000,0.0000000,-2.86,0.00,0.00,0.00,0.00,2.12,1.32,83.05,0.00,0.00,83.0,0,0.000,-0.01,-1,1,0,0,0,0,0,0,0,0,0,PreArm: Board (3.8v) out of range 4.3-5.8v
2026-07-09T13:17:14.264Z,47.612,False,STABILIZE,0.0000000,0.0000000,-2.84,0.00,0.00,0.00,0.00,2.12,1.33,83.05,0.00,0.00,83.0,0,0.000,-0.01,-1,1,0,0,0,0,0,0,0,0,0,PreArm: Board (3.8v) out of range 4.3-5.8v
2026-07-09T13:17:14.764Z,48.112,False,STABILIZE,0.0000000,0.0000000,-2.85,0.00,0.00,0.00,0.00,2.12,1.33,83.05,0.00,0.00,83.0,0,0.000,-0.01,-1,1,0,0,0,0,0,0,0,0,0,PreArm: Board (3.8v) out of range 4.3-5.8v
2026-07-09T13:17:15.264Z,48.612,False,STABILIZE,0.0000000,0.0000000,-2.85,0.00,0.00,0.00,0.00,2.12,1.33,83.05,0.00,0.00,83.0,0,0.000,-0.01,-1,1,0,0,0,0,0,0,0,0,0,PreArm: Board (3.9v) out of range 4.3-5.8v
2026-07-09T13:17:15.764Z,49.112,False,STABILIZE,0.0000000,0.0000000,-2.85,0.00,0.00,0.00,0.00,2.13,1.33,83.05,0.00,0.00,83.0,0,0.000,-0.01,-1,1,0,0,0,0,0,0,0,0,0,PreArm: Board (3.9v) out of range 4.3-5.8v
2026-07-09T13:17:16.264Z,49.612,False,STABILIZE,0.0000000,0.0000000,-2.84,0.00,0.00,0.00,0.00,2.12,1.33,83.05,0.00,0.00,83.0,0,0.000,-0.01,-1,1,0,0,0,0,0,0,0,0,0,PreArm: Board (3.9v) out of range 4.3-5.8v
2026-07-09T13:17:16.767Z,50.115,False,STABILIZE,0.0000000,0.0000000,-2.85,0.00,0.00,0.00,0.00,2.12,1.34,83.05,0.00,0.00,83.0,0,0.000,-0.01,-1,1,0,0,0,0,0,0,0,0,0,PreArm: Board (3.9v) out of range 4.3-5.8v
2026-07-09T13:17:17.269Z,50.617,False,STABILIZE,0.0000000,0.0000000,-2.82,0.00,0.00,0.00,0.00,2.12,1.33,83.05,0.00,0.00,83.0,0,0.000,-0.01,-1,1,0,0,0,0,0,0,0,0,0,PreArm: Board (3.9v) out of range 4.3-5.8v
2026-07-09T13:17:17.769Z,51.117,False,STABILIZE,0.0000000,0.0000000,-2.80,0.00,0.00,0.00,0.00,2.12,1.33,83.05,0.00,0.00,83.0,0,0.000,-0.01,-1,1,0,0,0,0,0,0,0,0,0,PreArm: Board (3.9v) out of range 4.3-5.8v
2026-07-09T13:17:18.271Z,51.619,False,STABILIZE,0.0000000,0.0000000,-2.80,0.00,0.00,0.00,0.00,2.12,1.33,83.05,0.00,0.00,83.0,0,0.000,-0.01,-1,1,0,0,0,0,0,0,0,0,0,PreArm: Board (3.9v) out of range 4.3-5.8v
2026-07-09T13:17:18.861Z,52.209,False,STABILIZE,0.0000000,0.0000000,-2.79,0.00,0.00,0.00,0.00,2.12,1.33,83.05,0.00,0.00,83.0,0,0.000,-0.01,-1,1,0,0,0,0,0,0,0,0,0,PreArm: Board (3.9v) out of range 4.3-5.8v
2026-07-09T13:17:19.361Z,52.709,False,STABILIZE,0.0000000,0.0000000,-2.80,0.00,0.00,0.00,-0.01,2.12,1.34,83.04,0.00,0.00,83.0,0,0.000,-0.01,-1,1,0,0,0,0,0,0,0,0,0,PreArm: Board (3.9v) out of range 4.3-5.8v
2026-07-09T13:17:19.861Z,53.209,False,STABILIZE,0.0000000,0.0000000,-2.81,0.00,0.00,0.00,-0.01,2.12,1.33,83.04,0.00,0.00,83.0,0,0.000,-0.01,-1,1,0,0,0,0,0,0,0,0,0,PreArm: Board (3.9v) out of range 4.3-5.8v
2026-07-09T13:17:20.361Z,53.709,False,STABILIZE,0.0000000,0.0000000,-2.79,0.00,0.00,0.00,-0.01,2.12,1.33,83.05,0.00,0.00,83.0,0,0.000,-0.01,-1,1,0,0,0,0,0,0,0,0,0,PreArm: Board (3.9v) out of range 4.3-5.8v
2026-07-09T13:17:20.861Z,54.209,False,STABILIZE,0.0000000,0.0000000,-2.79,0.00,0.00,0.00,-0.01,2.11,1.33,83.05,0.00,0.00,83.0,0,0.000,-0.01,-1,1,0,0,0,0,0,0,0,0,0,PreArm: Board (3.9v) out of range 4.3-5.8v
2026-07-09T13:17:21.362Z,54.709,False,STABILIZE,0.0000000,0.0000000,-2.76,0.00,0.00,0.00,-0.01,2.11,1.33,83.05,0.00,0.00,83.0,0,0.000,-0.01,-1,1,0,0,0,0,0,0,0,0,0,PreArm: Board (3.9v) out of range 4.3-5.8v
2026-07-09T13:17:21.862Z,55.209,False,STABILIZE,0.0000000,0.0000000,-2.79,0.00,0.00,0.00,-0.01,2.11,1.34,83.05,0.00,0.00,83.0,0,0.000,-0.01,-1,1,0,0,0,0,0,0,0,0,0,PreArm: Board (3.9v) out of range 4.3-5.8v
2026-07-09T13:17:22.362Z,55.709,False,STABILIZE,0.0000000,0.0000000,-2.77,0.00,0.00,0.00,-0.01,2.11,1.34,83.05,0.00,0.00,83.0,0,0.000,-0.01,-1,1,0,0,0,0,0,0,0,0,0,PreArm: Board (3.9v) out of range 4.3-5.8v
2026-07-09T13:17:22.863Z,56.211,False,STABILIZE,0.0000000,0.0000000,-2.80,0.00,0.00,0.00,-0.01,2.12,1.33,83.04,0.00,0.00,83.0,0,0.000,-0.01,-1,1,0,0,0,0,0,0,0,0,0,PreArm: Board (3.9v) out of range 4.3-5.8v
2026-07-09T13:17:23.363Z,56.711,False,STABILIZE,0.0000000,0.0000000,-2.78,0.00,0.00,0.00,-0.01,2.12,1.33,83.04,0.00,0.00,83.0,0,0.000,-0.01,-1,1,0,0,0,0,0,0,0,0,0,PreArm: Board (3.9v) out of range 4.3-5.8v
2026-07-09T13:17:23.864Z,57.211,False,STABILIZE,0.0000000,0.0000000,-2.80,0.00,0.00,0.00,-0.01,2.12,1.33,83.04,0.00,0.00,83.0,0,0.000,-0.01,-1,1,0,0,0,0,0,0,0,0,0,PreArm: Board (3.9v) out of range 4.3-5.8v
2026-07-09T13:17:24.364Z,57.711,False,STABILIZE,0.0000000,0.0000000,-2.79,0.00,0.00,0.00,-0.01,2.11,1.33,83.04,0.00,0.00,83.0,0,0.000,-0.01,-1,1,0,0,0,0,0,0,0,0,0,PreArm: Board (3.9v) out of range 4.3-5.8v
2026-07-09T13:17:24.864Z,58.211,False,STABILIZE,0.0000000,0.0000000,-2.81,0.00,0.00,0.00,-0.01,2.11,1.33,83.04,0.00,0.00,83.0,0,0.000,-0.01,-1,1,0,0,0,0,0,0,0,0,0,PreArm: Board (3.9v) out of range 4.3-5.8v
2026-07-09T13:17:25.364Z,58.711,False,STABILIZE,0.0000000,0.0000000,-2.80,0.00,0.00,0.00,0.00,2.11,1.33,83.04,0.00,0.00,83.0,0,0.000,-0.01,-1,1,0,0,0,0,0,0,0,0,0,PreArm: Board (3.9v) out of range 4.3-5.8v
2026-07-09T13:17:25.864Z,59.211,False,STABILIZE,0.0000000,0.0000000,-2.78,0.00,0.00,0.00,0.00,2.11,1.33,83.04,0.00,0.00,83.0,0,0.000,-0.01,-1,1,0,0,0,0,0,0,0,0,0,PreArm: Board (3.9v) out of range 4.3-5.8v
2026-07-09T13:17:26.364Z,59.711,False,STABILIZE,0.0000000,0.0000000,-2.81,0.00,0.00,0.00,0.00,2.11,1.33,83.03,0.00,0.00,83.0,0,0.000,-0.01,-1,1,0,0,0,0,0,0,0,0,0,PreArm: Board (3.9v) out of range 4.3-5.8v
2026-07-09T13:17:26.864Z,60.211,False,STABILIZE,0.0000000,0.0000000,-2.82,0.00,0.00,0.00,0.00,2.11,1.33,83.04,0.00,0.00,83.0,0,0.000,-0.01,-1,1,0,0,0,0,0,0,0,0,0,PreArm: Board (3.9v) out of range 4.3-5.8v
2026-07-09T13:17:27.364Z,60.711,False,STABILIZE,0.0000000,0.0000000,-2.83,0.00,0.00,0.00,0.00,2.11,1.32,83.04,0.00,0.00,83.0,0,0.000,-0.01,-1,1,0,0,0,0,0,0,0,0,0,PreArm: Board (3.9v) out of range 4.3-5.8v
2026-07-09T13:17:27.864Z,61.211,False,STABILIZE,0.0000000,0.0000000,-2.81,0.00,0.00,0.00,0.00,2.11,1.32,83.04,0.00,0.00,83.0,0,0.000,-0.01,-1,1,0,0,0,0,0,0,0,0,0,PreArm: Board (3.9v) out of range 4.3-5.8v
2026-07-09T13:17:28.364Z,61.711,False,STABILIZE,0.0000000,0.0000000,-2.82,0.00,0.00,0.00,0.00,2.12,1.33,83.04,0.00,0.00,83.0,0,0.000,-0.01,-1,1,0,0,0,0,0,0,0,0,0,PreArm: Board (3.9v) out of range 4.3-5.8v
2026-07-09T13:17:28.864Z,62.211,False,STABILIZE,0.0000000,0.0000000,-2.81,0.00,0.00,0.00,0.00,2.12,1.33,83.04,0.00,0.00,83.0,0,0.000,-0.01,-1,1,0,0,0,0,0,0,0,0,0,PreArm: Board (3.9v) out of range 4.3-5.8v
2026-07-09T13:17:29.364Z,62.711,False,STABILIZE,0.0000000,0.0000000,-2.83,0.00,0.00,0.00,0.00,2.12,1.32,83.04,0.00,0.00,83.0,0,0.000,-0.01,-1,1,0,0,0,0,0,0,0,0,0,PreArm: Board (3.9v) out of range 4.3-5.8v
2026-07-09T13:17:29.864Z,63.211,False,STABILIZE,0.0000000,0.0000000,-2.85,0.00,0.00,0.00,0.00,2.12,1.32,83.04,0.00,0.00,83.0,0,0.000,-0.01,-1,1,0,0,0,0,0,0,0,0,0,PreArm: Board (3.9v) out of range 4.3-5.8v
2026-07-09T13:17:30.364Z,63.711,False,STABILIZE,0.0000000,0.0000000,-2.86,0.00,0.00,0.00,0.00,2.12,1.32,83.04,0.00,0.00,83.0,0,0.000,-0.01,-1,1,0,0,0,0,0,0,0,0,0,PreArm: Board (3.9v) out of range 4.3-5.8v
2026-07-09T13:17:30.864Z,64.212,False,STABILIZE,0.0000000,0.0000000,-2.84,0.00,0.00,0.00,0.00,2.12,1.32,83.04,0.01,0.00,83.0,0,0.000,-0.01,-1,1,0,0,0,0,0,0,0,0,0,PreArm: Board (3.9v) out of range 4.3-5.8v
2026-07-09T13:17:31.364Z,64.712,False,STABILIZE,0.0000000,0.0000000,-2.86,0.00,0.00,0.00,0.01,2.12,1.32,83.04,0.01,0.00,83.0,0,0.000,-0.01,-1,1,0,0,0,0,0,0,0,0,0,PreArm: Board (3.9v) out of range 4.3-5.8v
2026-07-09T13:17:31.864Z,65.212,False,STABILIZE,0.0000000,0.0000000,-2.88,0.00,0.00,0.00,0.01,2.12,1.32,83.04,0.01,0.00,83.0,0,0.000,-0.01,-1,1,0,0,0,0,0,0,0,0,0,PreArm: Board (3.9v) out of range 4.3-5.8v
2026-07-09T13:17:32.364Z,65.712,False,STABILIZE,0.0000000,0.0000000,-2.85,0.00,0.00,0.00,0.01,2.12,1.32,83.04,0.01,0.00,83.0,0,0.000,-0.01,-1,1,0,0,0,0,0,0,0,0,0,PreArm: Board (3.9v) out of range 4.3-5.8v
2026-07-09T13:17:32.864Z,66.212,False,STABILIZE,0.0000000,0.0000000,-2.89,0.00,0.00,0.00,0.01,2.12,1.32,83.04,0.01,0.00,83.0,0,0.000,-0.01,-1,1,0,0,0,0,0,0,0,0,0,PreArm: Board (3.9v) out of range 4.3-5.8v
2026-07-09T13:17:33.365Z,66.713,False,STABILIZE,0.0000000,0.0000000,-2.90,0.00,0.00,0.00,0.01,2.12,1.33,83.04,0.01,0.00,83.0,0,0.000,-0.01,-1,1,0,0,0,0,0,0,0,0,0,PreArm: Board (3.9v) out of range 4.3-5.8v
2026-07-09T13:17:33.867Z,67.215,False,STABILIZE,0.0000000,0.0000000,-2.93,0.00,0.00,0.00,0.01,2.12,1.33,83.04,0.01,0.00,83.0,0,0.000,-0.01,-1,1,0,0,0,0,0,0,0,0,0,PreArm: Board (3.9v) out of range 4.3-5.8v
2026-07-09T13:17:34.367Z,67.715,False,STABILIZE,0.0000000,0.0000000,-2.96,0.00,0.00,0.00,0.02,2.11,1.33,83.04,0.00,0.00,83.0,0,0.000,-0.01,-1,1,0,0,0,0,0,0,0,0,0,PreArm: Board (3.9v) out of range 4.3-5.8v
2026-07-09T13:17:34.868Z,68.216,False,STABILIZE,0.0000000,0.0000000,-2.93,0.00,0.00,0.00,0.02,2.11,1.33,83.04,0.00,0.00,83.0,0,0.000,-0.01,-1,1,0,0,0,0,0,0,0,0,0,PreArm: Board (3.9v) out of range 4.3-5.8v
2026-07-09T13:17:35.368Z,68.716,False,STABILIZE,0.0000000,0.0000000,-2.93,0.00,0.00,0.00,0.02,2.11,1.33,83.04,0.00,0.00,83.0,0,0.000,-0.01,-1,1,0,0,0,0,0,0,0,0,0,PreArm: Board (3.9v) out of range 4.3-5.8v
2026-07-09T13:17:35.868Z,69.216,False,STABILIZE,0.0000000,0.0000000,-2.94,0.00,0.00,0.00,0.02,2.11,1.33,83.03,0.00,0.00,83.0,0,0.000,-0.01,-1,1,0,0,0,0,0,0,0,0,0,PreArm: Board (3.9v) out of range 4.3-5.8v
2026-07-09T13:17:36.368Z,69.716,False,STABILIZE,0.0000000,0.0000000,-2.95,0.00,0.00,0.00,0.02,2.11,1.33,83.04,0.00,0.00,83.0,0,0.000,-0.01,-1,1,0,0,0,0,0,0,0,0,0,PreArm: Board (3.9v) out of range 4.3-5.8v
2026-07-09T13:17:36.868Z,70.216,False,STABILIZE,0.0000000,0.0000000,-2.94,0.00,0.00,0.00,0.02,2.11,1.33,83.03,0.00,0.00,83.0,0,0.000,-0.01,-1,1,0,0,0,0,0,0,0,0,0,PreArm: Board (3.9v) out of range 4.3-5.8v
2026-07-09T13:17:37.368Z,70.716,False,STABILIZE,0.0000000,0.0000000,-2.96,0.00,0.00,0.00,0.02,2.11,1.33,83.03,0.00,0.00,83.0,0,0.000,-0.01,-1,1,0,0,0,0,0,0,0,0,0,PreArm: Board (3.9v) out of range 4.3-5.8v
2026-07-09T13:17:37.869Z,71.216,False,STABILIZE,0.0000000,0.0000000,-2.95,0.00,0.00,0.00,0.02,2.11,1.33,83.03,0.00,0.00,83.0,0,0.000,-0.01,-1,1,0,0,0,0,0,0,0,0,0,PreArm: Board (3.9v) out of range 4.3-5.8v
2026-07-09T13:17:38.371Z,71.719,False,STABILIZE,0.0000000,0.0000000,-2.96,0.00,0.00,0.00,0.02,2.12,1.33,83.03,0.00,0.00,83.0,0,0.000,-0.01,-1,1,0,0,0,0,0,0,0,0,0,PreArm: Board (3.9v) out of range 4.3-5.8v
2026-07-09T13:17:38.871Z,72.219,False,STABILIZE,0.0000000,0.0000000,-2.95,0.00,0.00,0.00,0.01,2.12,1.33,83.03,0.00,0.00,83.0,0,0.000,-0.01,-1,1,0,0,0,0,0,0,0,0,0,PreArm: Board (3.9v) out of range 4.3-5.8v
2026-07-09T13:17:39.371Z,72.719,False,STABILIZE,0.0000000,0.0000000,-2.99,0.00,0.00,0.00,0.01,2.11,1.33,83.03,0.00,0.00,83.0,0,0.000,-0.01,-1,1,0,0,0,0,0,0,0,0,0,PreArm: Board (3.9v) out of range 4.3-5.8v
2026-07-09T13:17:39.962Z,73.309,False,STABILIZE,0.0000000,0.0000000,-2.96,0.00,0.00,0.00,0.01,2.11,1.33,83.03,0.00,0.00,83.0,0,0.000,-0.01,-1,1,0,0,0,0,0,0,0,0,0,PreArm: Board (3.9v) out of range 4.3-5.8v
2026-07-09T13:17:40.462Z,73.809,False,STABILIZE,0.0000000,0.0000000,-2.93,0.00,0.00,0.00,0.01,2.11,1.32,83.03,0.00,0.00,83.0,0,0.000,-0.01,-1,1,0,0,0,0,0,0,0,0,0,PreArm: Board (3.9v) out of range 4.3-5.8v
2026-07-09T13:17:40.962Z,74.309,False,STABILIZE,0.0000000,0.0000000,-2.98,0.00,0.00,0.00,0.01,2.11,1.32,83.03,0.00,0.00,83.0,0,0.000,-0.01,-1,1,0,0,0,0,0,0,0,0,0,PreArm: Board (3.9v) out of range 4.3-5.8v
2026-07-09T13:17:41.464Z,74.811,False,STABILIZE,0.0000000,0.0000000,-2.98,0.00,0.00,0.00,0.01,2.11,1.32,83.03,0.00,0.00,83.0,0,0.000,-0.01,-1,1,0,0,0,0,0,0,0,0,0,PreArm: Board (3.9v) out of range 4.3-5.8v
2026-07-09T13:17:41.965Z,75.312,False,STABILIZE,0.0000000,0.0000000,-2.97,0.00,0.00,0.00,0.01,2.11,1.32,83.03,0.00,0.00,83.0,0,0.000,-0.01,-1,1,0,0,0,0,0,0,0,0,0,PreArm: Board (3.9v) out of range 4.3-5.8v
2026-07-09T13:17:42.467Z,75.814,False,STABILIZE,0.0000000,0.0000000,-2.98,0.00,0.00,0.00,0.01,2.11,1.32,83.03,0.01,0.00,83.0,0,0.000,-0.01,-1,1,0,0,0,0,0,0,0,0,0,PreArm: Board (3.9v) out of range 4.3-5.8v
2026-07-09T13:17:42.967Z,76.314,False,STABILIZE,0.0000000,0.0000000,-2.99,0.00,0.00,0.00,0.01,2.11,1.32,83.03,0.01,0.00,83.0,0,0.000,-0.01,-1,1,0,0,0,0,0,0,0,0,0,PreArm: Board (3.9v) out of range 4.3-5.8v
2026-07-09T13:17:43.467Z,76.814,False,STABILIZE,0.0000000,0.0000000,-2.98,0.00,0.00,0.00,0.01,2.11,1.32,83.03,0.01,0.00,83.0,0,0.000,-0.01,-1,1,0,0,0,0,0,0,0,0,0,PreArm: Board (3.9v) out of range 4.3-5.8v
2026-07-09T13:17:43.967Z,77.314,False,STABILIZE,0.0000000,0.0000000,-2.96,0.00,0.00,0.00,0.01,2.11,1.33,83.03,0.01,0.00,83.0,0,0.000,-0.01,-1,1,0,0,0,0,0,0,0,0,0,PreArm: Board (3.9v) out of range 4.3-5.8v
2026-07-09T13:17:44.467Z,77.814,False,STABILIZE,0.0000000,0.0000000,-2.96,0.00,0.00,0.00,0.00,2.11,1.32,83.02,0.01,0.00,83.0,0,0.000,-0.01,-1,1,0,0,0,0,0,0,0,0,0,PreArm: Board (3.9v) out of range 4.3-5.8v
2026-07-09T13:17:44.969Z,78.316,False,STABILIZE,0.0000000,0.0000000,-2.97,0.00,0.00,0.00,0.00,2.11,1.32,83.02,0.01,0.00,83.0,0,0.000,-0.01,-1,1,0,0,0,0,0,0,0,0,0,PreArm: Board (3.9v) out of range 4.3-5.8v
2026-07-09T13:17:45.469Z,78.816,False,STABILIZE,0.0000000,0.0000000,-2.96,0.00,0.00,0.00,0.00,2.11,1.32,83.02,0.01,0.00,83.0,0,0.000,-0.01,-1,1,0,0,0,0,0,0,0,0,0,PreArm: Board (3.9v) out of range 4.3-5.8v
2026-07-09T13:17:45.969Z,79.316,False,STABILIZE,0.0000000,0.0000000,-2.94,0.00,0.00,0.00,0.00,2.11,1.32,83.02,0.00,0.00,83.0,0,0.000,-0.01,-1,1,0,0,0,0,0,0,0,0,0,PreArm: Board (3.9v) out of range 4.3-5.8v
2026-07-09T13:17:46.469Z,79.816,False,STABILIZE,0.0000000,0.0000000,-2.97,0.00,0.00,0.00,0.00,2.11,1.33,83.02,0.00,0.00,83.0,0,0.000,-0.01,-1,1,0,0,0,0,0,0,0,0,0,PreArm: Board (3.8v) out of range 4.3-5.8v
2026-07-09T13:17:46.969Z,80.316,False,STABILIZE,0.0000000,0.0000000,-2.90,0.00,0.00,0.00,0.00,2.11,1.33,83.03,0.00,0.00,83.0,0,0.000,-0.01,-1,1,0,0,0,0,0,0,0,0,0,PreArm: Board (3.8v) out of range 4.3-5.8v
2026-07-09T13:17:47.471Z,80.818,False,STABILIZE,0.0000000,0.0000000,-2.93,0.00,0.00,0.00,0.00,2.11,1.33,83.03,0.00,0.00,83.0,0,0.000,-0.01,-1,1,0,0,0,0,0,0,0,0,0,PreArm: Board (3.8v) out of range 4.3-5.8v
2026-07-09T13:17:48.062Z,81.410,False,STABILIZE,0.0000000,0.0000000,-2.86,0.00,0.00,0.00,0.00,2.11,1.33,83.03,0.00,0.00,83.0,0,0.000,-0.01,-1,1,0,0,0,0,0,0,0,0,0,PreArm: Board (3.8v) out of range 4.3-5.8v
2026-07-09T13:17:48.563Z,81.911,False,STABILIZE,0.0000000,0.0000000,-2.85,0.00,0.00,0.00,-0.01,2.12,1.33,83.03,0.00,0.00,83.0,0,0.000,-0.01,-1,1,0,0,0,0,0,0,0,0,0,PreArm: Board (3.8v) out of range 4.3-5.8v
2026-07-09T13:17:49.064Z,82.412,False,STABILIZE,0.0000000,0.0000000,-2.88,0.00,0.00,0.00,-0.01,2.12,1.32,83.03,0.00,0.00,83.0,0,0.000,-0.01,-1,1,0,0,0,0,0,0,0,0,0,PreArm: Board (3.8v) out of range 4.3-5.8v
2026-07-09T13:17:49.567Z,82.915,False,STABILIZE,0.0000000,0.0000000,-2.87,0.00,0.00,0.00,-0.01,2.12,1.32,83.03,0.00,0.00,83.0,0,0.000,-0.01,-1,1,0,0,0,0,0,0,0,0,0,PreArm: Board (3.8v) out of range 4.3-5.8v
2026-07-09T13:17:50.069Z,83.417,False,STABILIZE,0.0000000,0.0000000,-2.85,0.00,0.00,0.00,-0.02,2.12,1.32,83.03,0.00,0.00,83.0,0,0.000,-0.01,-1,1,0,0,0,0,0,0,0,0,0,PreArm: Board (3.8v) out of range 4.3-5.8v
2026-07-09T13:17:50.569Z,83.917,False,STABILIZE,0.0000000,0.0000000,-2.83,0.00,0.00,0.00,-0.02,2.12,1.32,83.04,0.01,0.00,83.0,0,0.000,-0.01,-1,1,0,0,0,0,0,0,0,0,0,PreArm: Board (3.8v) out of range 4.3-5.8v
2026-07-09T13:17:51.069Z,84.417,False,STABILIZE,0.0000000,0.0000000,-2.82,0.00,0.00,0.00,-0.02,2.12,1.32,83.04,0.01,0.00,83.0,0,0.000,-0.01,-1,1,0,0,0,0,0,0,0,0,0,PreArm: Board (3.8v) out of range 4.3-5.8v
2026-07-09T13:17:51.651Z,84.999,False,STABILIZE,0.0000000,0.0000000,-2.82,0.00,0.00,0.00,-0.02,2.13,1.32,83.04,0.01,0.00,83.0,0,0.000,-0.01,-1,1,0,0,0,0,0,0,0,0,0,PreArm: Board (3.8v) out of range 4.3-5.8v
2026-07-09T13:17:52.161Z,85.509,False,STABILIZE,0.0000000,0.0000000,-2.79,0.00,0.00,0.00,-0.02,2.12,1.33,83.04,0.01,0.00,83.0,0,0.000,-0.01,-1,1,0,0,0,0,0,0,0,0,0,PreArm: Board (3.8v) out of range 4.3-5.8v
2026-07-09T13:17:52.661Z,86.009,False,STABILIZE,0.0000000,0.0000000,-2.78,0.00,0.00,0.00,-0.02,2.12,1.33,83.04,0.01,0.00,83.0,0,0.000,-0.01,-1,1,0,0,0,0,0,0,0,0,0,PreArm: Board (3.8v) out of range 4.3-5.8v
2026-07-09T13:17:53.163Z,86.510,False,STABILIZE,0.0000000,0.0000000,-2.78,0.00,0.00,0.00,-0.02,2.12,1.33,83.04,0.00,0.00,83.0,0,0.000,-0.01,-1,1,0,0,0,0,0,0,0,0,0,PreArm: Board (3.8v) out of range 4.3-5.8v
2026-07-09T13:17:53.663Z,87.011,False,STABILIZE,0.0000000,0.0000000,-2.79,0.00,0.00,0.00,-0.03,2.12,1.34,83.04,0.00,0.00,83.0,0,0.000,-0.01,-1,1,0,0,0,0,0,0,0,0,0,PreArm: Board (3.8v) out of range 4.3-5.8v
2026-07-09T13:17:54.163Z,87.511,False,STABILIZE,0.0000000,0.0000000,-2.76,0.00,0.00,0.00,-0.03,2.12,1.34,83.05,0.00,0.00,83.0,0,0.000,-0.01,-1,1,0,0,0,0,0,0,0,0,0,PreArm: Board (3.8v) out of range 4.3-5.8v
2026-07-09T13:17:54.663Z,88.011,False,STABILIZE,0.0000000,0.0000000,-2.76,0.00,0.00,0.00,-0.02,2.12,1.34,83.04,0.00,0.00,83.0,0,0.000,-0.01,-1,1,0,0,0,0,0,0,0,0,0,PreArm: Board (3.8v) out of range 4.3-5.8v
2026-07-09T13:17:55.163Z,88.511,False,STABILIZE,0.0000000,0.0000000,-2.76,0.00,0.00,0.00,-0.02,2.12,1.34,83.04,0.00,0.00,83.0,0,0.000,-0.01,-1,1,0,0,0,0,0,0,0,0,0,PreArm: Board (3.8v) out of range 4.3-5.8v
2026-07-09T13:17:55.664Z,89.011,False,STABILIZE,0.0000000,0.0000000,-2.73,0.00,0.00,0.00,-0.02,2.12,1.34,83.04,0.00,0.00,83.0,0,0.000,-0.01,-1,1,0,0,0,0,0,0,0,0,0,PreArm: Board (3.8v) out of range 4.3-5.8v
2026-07-09T13:17:56.164Z,89.511,False,STABILIZE,0.0000000,0.0000000,-2.75,0.00,0.00,0.00,-0.02,2.12,1.34,83.04,0.00,0.00,83.0,0,0.000,-0.01,-1,1,0,0,0,0,0,0,0,0,0,PreArm: Board (3.8v) out of range 4.3-5.8v
2026-07-09T13:17:56.664Z,90.011,False,STABILIZE,0.0000000,0.0000000,-2.76,0.00,0.00,0.00,-0.02,2.12,1.34,83.04,0.00,0.00,83.0,0,0.000,-0.01,-1,1,0,0,0,0,0,0,0,0,0,PreArm: Board (3.8v) out of range 4.3-5.8v
2026-07-09T13:17:57.164Z,90.511,False,STABILIZE,0.0000000,0.0000000,-2.75,0.00,0.00,0.00,-0.02,2.12,1.34,83.04,0.00,0.00,83.0,0,0.000,-0.01,-1,1,0,0,0,0,0,0,0,0,0,PreArm: Board (3.8v) out of range 4.3-5.8v
2026-07-09T13:17:57.664Z,91.011,False,STABILIZE,0.0000000,0.0000000,-2.78,0.00,0.00,0.00,-0.02,2.12,1.34,83.05,0.00,0.00,83.0,0,0.000,-0.01,-1,1,0,0,0,0,0,0,0,0,0,PreArm: Board (3.8v) out of range 4.3-5.8v
2026-07-09T13:17:58.164Z,91.511,False,STABILIZE,0.0000000,0.0000000,-2.79,0.00,0.00,0.00,-0.01,2.12,1.34,83.05,0.00,0.00,83.0,0,0.000,-0.01,-1,1,0,0,0,0,0,0,0,0,0,PreArm: Board (3.8v) out of range 4.3-5.8v
2026-07-09T13:17:58.664Z,92.011,False,STABILIZE,0.0000000,0.0000000,-2.81,0.00,0.00,0.00,-0.01,2.13,1.34,83.05,0.00,0.00,83.0,0,0.000,-0.01,-1,1,0,0,0,0,0,0,0,0,0,PreArm: Board (3.8v) out of range 4.3-5.8v
2026-07-09T13:17:59.164Z,92.511,False,STABILIZE,0.0000000,0.0000000,-2.84,0.00,0.00,0.00,0.00,2.12,1.34,83.05,0.00,0.00,83.0,0,0.000,-0.01,-1,1,0,0,0,0,0,0,0,0,0,PreArm: Board (3.8v) out of range 4.3-5.8v
2026-07-09T13:17:59.664Z,93.012,False,STABILIZE,0.0000000,0.0000000,-2.81,0.00,0.00,0.00,0.00,2.12,1.34,83.05,0.00,0.00,83.0,0,0.000,-0.01,-1,1,0,0,0,0,0,0,0,0,0,PreArm: Board (3.8v) out of range 4.3-5.8v
2026-07-09T13:18:00.164Z,93.512,False,STABILIZE,0.0000000,0.0000000,-2.80,0.00,0.00,0.00,0.00,2.12,1.34,83.05,0.00,0.00,83.0,0,0.000,-0.01,-1,1,0,0,0,0,0,0,0,0,0,PreArm: Board (3.8v) out of range 4.3-5.8v
2026-07-09T13:18:00.664Z,94.012,False,STABILIZE,0.0000000,0.0000000,-2.86,0.00,0.00,0.00,0.00,2.12,1.34,83.05,0.00,0.00,83.0,0,0.000,-0.01,-1,1,0,0,0,0,0,0,0,0,0,PreArm: Board (3.8v) out of range 4.3-5.8v
2026-07-09T13:18:01.164Z,94.512,False,STABILIZE,0.0000000,0.0000000,-2.85,0.00,0.00,0.00,0.00,2.12,1.33,83.05,0.00,0.00,83.0,0,0.000,-0.01,-1,1,0,0,0,0,0,0,0,0,0,PreArm: Board (3.8v) out of range 4.3-5.8v
2026-07-09T13:18:01.664Z,95.012,False,STABILIZE,0.0000000,0.0000000,-2.86,0.00,0.00,0.00,0.00,2.12,1.33,83.05,0.00,0.00,83.0,0,0.000,-0.01,-1,1,0,0,0,0,0,0,0,0,0,PreArm: Board (3.8v) out of range 4.3-5.8v
2026-07-09T13:18:02.164Z,95.512,False,STABILIZE,0.0000000,0.0000000,-2.83,0.00,0.00,0.00,0.01,2.12,1.33,83.05,0.00,0.00,83.0,0,0.000,-0.01,-1,1,0,0,0,0,0,0,0,0,0,PreArm: Board (3.8v) out of range 4.3-5.8v
2026-07-09T13:18:02.664Z,96.012,False,STABILIZE,0.0000000,0.0000000,-2.86,0.00,0.00,0.00,0.01,2.12,1.33,83.05,0.00,0.00,83.0,0,0.000,-0.01,-1,1,0,0,0,0,0,0,0,0,0,PreArm: Board (3.8v) out of range 4.3-5.8v
2026-07-09T13:18:03.164Z,96.512,False,STABILIZE,0.0000000,0.0000000,-2.86,0.00,0.00,0.00,0.01,2.12,1.32,83.05,0.00,0.00,83.0,0,0.000,-0.01,-1,1,0,0,0,0,0,0,0,0,0,PreArm: Board (3.8v) out of range 4.3-5.8v
2026-07-09T13:18:03.664Z,97.012,False,STABILIZE,0.0000000,0.0000000,-2.88,0.00,0.00,0.00,0.01,2.12,1.32,83.05,0.00,0.00,83.0,0,0.000,-0.01,-1,1,0,0,0,0,0,0,0,0,0,PreArm: Board (3.8v) out of range 4.3-5.8v
2026-07-09T13:18:04.164Z,97.512,False,STABILIZE,0.0000000,0.0000000,-2.89,0.00,0.00,0.00,0.01,2.12,1.32,83.05,0.00,0.00,83.0,0,0.000,-0.01,-1,1,0,0,0,0,0,0,0,0,0,PreArm: Board (3.8v) out of range 4.3-5.8v
2026-07-09T13:18:04.666Z,98.014,False,STABILIZE,0.0000000,0.0000000,-2.90,0.00,0.00,0.00,0.02,2.11,1.32,83.05,0.01,0.00,83.0,0,0.000,-0.01,-1,1,0,0,0,0,0,0,0,0,0,PreArm: Board (3.8v) out of range 4.3-5.8v
2026-07-09T13:18:05.166Z,98.514,False,STABILIZE,0.0000000,0.0000000,-2.93,0.00,0.00,0.00,0.02,2.11,1.33,83.05,0.01,0.00,83.0,0,0.000,-0.01,-1,1,0,0,0,0,0,0,0,0,0,PreArm: Board (3.8v) out of range 4.3-5.8v
2026-07-09T13:18:05.667Z,99.015,False,STABILIZE,0.0000000,0.0000000,-2.90,0.00,0.00,0.00,0.02,2.11,1.33,83.05,0.00,0.00,83.0,0,0.000,-0.01,-1,1,0,0,0,0,0,0,0,0,0,PreArm: Board (3.8v) out of range 4.3-5.8v
2026-07-09T13:18:06.167Z,99.515,False,STABILIZE,0.0000000,0.0000000,-2.90,0.00,0.00,0.00,0.02,2.11,1.33,83.05,0.00,0.00,83.0,0,0.000,-0.01,-1,1,0,0,0,0,0,0,0,0,0,PreArm: Board (3.8v) out of range 4.3-5.8v
2026-07-09T13:18:06.668Z,100.015,False,STABILIZE,0.0000000,0.0000000,-2.93,0.00,0.00,0.00,0.02,2.11,1.33,83.05,0.00,0.00,83.0,0,0.000,-0.01,-1,1,0,0,0,0,0,0,0,0,0,PreArm: Board (3.8v) out of range 4.3-5.8v
2026-07-09T13:18:07.170Z,100.518,False,STABILIZE,0.0000000,0.0000000,-2.93,0.00,0.00,0.00,0.02,2.11,1.33,83.05,0.00,0.00,83.0,0,0.000,-0.01,-1,1,0,0,0,0,0,0,0,0,0,PreArm: Board (3.8v) out of range 4.3-5.8v
2026-07-09T13:18:07.672Z,101.019,False,STABILIZE,0.0000000,0.0000000,-2.94,0.00,0.00,0.00,0.02,2.11,1.33,83.05,0.00,0.00,83.0,0,0.000,-0.01,-1,1,0,0,0,0,0,0,0,0,0,PreArm: Board (3.8v) out of range 4.3-5.8v
2026-07-09T13:18:08.262Z,101.610,False,STABILIZE,0.0000000,0.0000000,-2.96,0.00,0.00,0.00,0.02,2.11,1.33,83.05,0.00,0.00,83.0,0,0.000,-0.01,-1,1,0,0,0,0,0,0,0,0,0,PreArm: Board (3.8v) out of range 4.3-5.8v
2026-07-09T13:18:08.762Z,102.110,False,STABILIZE,0.0000000,0.0000000,-2.94,0.00,0.00,0.00,0.02,2.11,1.32,83.05,0.00,0.00,83.0,0,0.000,-0.01,-1,1,0,0,0,0,0,0,0,0,0,PreArm: Board (3.8v) out of range 4.3-5.8v
2026-07-09T13:18:09.266Z,102.614,False,STABILIZE,0.0000000,0.0000000,-2.95,0.00,0.00,0.00,0.02,2.11,1.32,83.06,0.00,0.00,83.0,0,0.000,-0.01,-1,1,0,0,0,0,0,0,0,0,0,PreArm: Board (3.8v) out of range 4.3-5.8v
2026-07-09T13:18:09.766Z,103.114,False,STABILIZE,0.0000000,0.0000000,-2.95,0.00,0.00,0.00,0.02,2.11,1.32,83.06,0.00,0.00,83.0,0,0.000,-0.01,-1,1,0,0,0,0,0,0,0,0,0,PreArm: Board (3.8v) out of range 4.3-5.8v
2026-07-09T13:18:10.268Z,103.616,False,STABILIZE,0.0000000,0.0000000,-2.95,0.00,0.00,0.00,0.02,2.11,1.32,83.06,0.00,0.00,83.0,0,0.000,-0.01,-1,1,0,0,0,0,0,0,0,0,0,PreArm: Board (3.8v) out of range 4.3-5.8v
2026-07-09T13:18:10.768Z,104.116,False,STABILIZE,0.0000000,0.0000000,-2.94,0.00,0.00,0.00,0.02,2.11,1.32,83.06,0.00,0.00,83.0,0,0.000,-0.01,-1,1,0,0,0,0,0,0,0,0,0,PreArm: Board (3.8v) out of range 4.3-5.8v
2026-07-09T13:18:11.270Z,104.617,False,STABILIZE,0.0000000,0.0000000,-2.98,0.00,0.00,0.00,0.02,2.11,1.32,83.06,0.01,0.00,83.0,0,0.000,-0.01,-1,1,0,0,0,0,0,0,0,0,0,PreArm: Board (3.8v) out of range 4.3-5.8v
2026-07-09T13:18:11.772Z,105.120,False,STABILIZE,0.0000000,0.0000000,-2.94,0.00,0.00,0.00,0.02,2.11,1.32,83.06,0.01,0.00,83.0,0,0.000,-0.01,-1,1,0,0,0,0,0,0,0,0,0,PreArm: Board (3.8v) out of range 4.3-5.8v
2026-07-09T13:18:12.362Z,105.709,False,STABILIZE,0.0000000,0.0000000,-2.98,0.00,0.00,0.00,0.02,2.11,1.32,83.06,0.01,0.00,83.0,0,0.000,-0.01,-1,1,0,0,0,0,0,0,0,0,0,PreArm: Board (3.8v) out of range 4.3-5.8v
2026-07-09T13:18:12.862Z,106.209,False,STABILIZE,0.0000000,0.0000000,-2.95,0.00,0.00,0.00,0.01,2.12,1.32,83.06,0.01,0.00,83.0,0,0.000,-0.01,-1,1,0,0,0,0,0,0,0,0,0,PreArm: Board (3.8v) out of range 4.3-5.8v
2026-07-09T13:18:13.362Z,106.709,False,STABILIZE,0.0000000,0.0000000,-2.98,0.00,0.00,0.00,0.01,2.12,1.32,83.06,0.01,0.00,83.0,0,0.000,-0.01,-1,1,0,0,0,0,0,0,0,0,0,PreArm: Board (3.8v) out of range 4.3-5.8v
2026-07-09T13:18:13.862Z,107.209,False,STABILIZE,0.0000000,0.0000000,-2.97,0.00,0.00,0.00,0.01,2.12,1.33,83.06,0.01,0.00,83.0,0,0.000,-0.01,-1,1,0,0,0,0,0,0,0,0,0,PreArm: Board (3.8v) out of range 4.3-5.8v
2026-07-09T13:18:14.362Z,107.709,False,STABILIZE,0.0000000,0.0000000,-2.93,0.00,0.00,0.00,0.01,2.12,1.33,83.06,0.00,0.00,83.0,0,0.000,-0.01,-1,1,0,0,0,0,0,0,0,0,0,PreArm: Board (3.8v) out of range 4.3-5.8v
2026-07-09T13:18:14.862Z,108.209,False,STABILIZE,0.0000000,0.0000000,-2.94,0.00,0.00,0.00,0.01,2.12,1.33,83.06,0.00,0.00,83.0,0,0.000,-0.01,-1,1,0,0,0,0,0,0,0,0,0,PreArm: Board (3.8v) out of range 4.3-5.8v
2026-07-09T13:18:15.362Z,108.710,False,STABILIZE,0.0000000,0.0000000,-2.94,0.00,0.00,0.00,0.00,2.12,1.33,83.06,0.00,0.00,83.0,0,0.000,-0.01,-1,1,0,0,0,0,0,0,0,0,0,PreArm: Board (3.8v) out of range 4.3-5.8v
2026-07-09T13:18:15.862Z,109.210,False,STABILIZE,0.0000000,0.0000000,-2.94,0.00,0.00,0.00,0.00,2.12,1.33,83.06,0.00,0.00,83.0,0,0.000,-0.01,-1,1,0,0,0,0,0,0,0,0,0,PreArm: Board (3.8v) out of range 4.3-5.8v
2026-07-09T13:18:16.364Z,109.711,False,STABILIZE,0.0000000,0.0000000,-2.96,0.00,0.00,0.00,0.00,2.12,1.33,83.06,0.00,0.00,83.0,0,0.000,-0.01,-1,1,0,0,0,0,0,0,0,0,0,PreArm: Board (3.8v) out of range 4.3-5.8v
2026-07-09T13:18:16.864Z,110.211,False,STABILIZE,0.0000000,0.0000000,-2.94,0.00,0.00,0.00,0.00,2.12,1.34,83.06,0.00,0.00,83.0,0,0.000,-0.01,-1,1,0,0,0,0,0,0,0,0,0,PreArm: Board (3.8v) out of range 4.3-5.8v
2026-07-09T13:18:17.364Z,110.711,False,STABILIZE,0.0000000,0.0000000,-2.93,0.00,0.00,0.00,0.00,2.12,1.34,83.06,0.00,0.00,83.0,0,0.000,-0.01,-1,1,0,0,0,0,0,0,0,0,0,PreArm: Board (3.7v) out of range 4.3-5.8v
2026-07-09T13:18:17.867Z,111.214,False,STABILIZE,0.0000000,0.0000000,-2.94,0.00,0.00,0.00,0.00,2.12,1.34,83.06,0.00,0.00,83.0,0,0.000,-0.01,-1,1,0,0,0,0,0,0,0,0,0,PreArm: Board (3.7v) out of range 4.3-5.8v
2026-07-09T13:18:18.367Z,111.714,False,STABILIZE,0.0000000,0.0000000,-2.95,0.00,0.00,0.00,0.00,2.12,1.34,83.06,0.00,0.00,83.0,0,0.000,-0.01,-1,1,0,0,0,0,0,0,0,0,0,PreArm: Board (3.7v) out of range 4.3-5.8v
2026-07-09T13:18:18.867Z,112.215,False,STABILIZE,0.0000000,0.0000000,-2.98,0.00,0.00,0.00,0.00,2.12,1.34,83.06,0.00,0.00,83.0,0,0.000,-0.01,-1,1,0,0,0,0,0,0,0,0,0,PreArm: Board (3.7v) out of range 4.3-5.8v
2026-07-09T13:18:19.367Z,112.715,False,STABILIZE,0.0000000,0.0000000,-2.99,0.00,0.00,0.00,0.00,2.12,1.34,83.07,0.00,0.00,83.0,0,0.000,-0.01,-1,1,0,0,0,0,0,0,0,0,0,PreArm: Board (3.7v) out of range 4.3-5.8v
2026-07-09T13:18:19.867Z,113.215,False,STABILIZE,0.0000000,0.0000000,-2.96,0.00,0.00,0.00,0.00,2.12,1.34,83.07,0.00,0.00,83.0,0,0.000,-0.01,-1,1,0,0,0,0,0,0,0,0,0,PreArm: Board (3.7v) out of range 4.3-5.8v
2026-07-09T13:18:20.367Z,113.715,False,STABILIZE,0.0000000,0.0000000,-2.98,0.00,0.00,0.00,0.00,2.12,1.34,83.07,0.00,0.00,83.0,0,0.000,-0.01,-1,1,0,0,0,0,0,0,0,0,0,PreArm: Board (3.7v) out of range 4.3-5.8v
2026-07-09T13:18:20.869Z,114.216,False,STABILIZE,0.0000000,0.0000000,-2.98,0.00,0.00,0.00,0.00,2.12,1.34,83.07,0.00,0.00,83.0,0,0.000,-0.01,-1,1,0,0,0,0,0,0,0,0,0,PreArm: Board (3.7v) out of range 4.3-5.8v
2026-07-09T13:18:21.369Z,114.717,False,STABILIZE,0.0000000,0.0000000,-3.03,0.00,0.00,0.00,0.00,2.12,1.34,83.07,0.00,0.00,83.0,0,0.000,-0.01,-1,1,0,0,0,0,0,0,0,0,0,PreArm: Board (3.7v) out of range 4.3-5.8v
2026-07-09T13:18:21.869Z,115.217,False,STABILIZE,0.0000000,0.0000000,-3.06,0.00,0.00,0.00,0.00,2.12,1.35,83.07,0.00,0.00,83.0,0,0.000,-0.01,-1,1,0,0,0,0,0,0,0,0,0,PreArm: Board (3.7v) out of range 4.3-5.8v
2026-07-09T13:18:22.462Z,115.810,False,STABILIZE,0.0000000,0.0000000,-3.03,0.00,0.00,0.00,0.00,2.13,1.35,83.07,0.00,0.00,83.0,0,0.000,-0.01,-1,1,0,0,0,0,0,0,0,0,0,PreArm: Board (3.7v) out of range 4.3-5.8v
2026-07-09T13:18:22.963Z,116.311,False,STABILIZE,0.0000000,0.0000000,-3.06,0.00,0.00,0.00,0.00,2.13,1.35,83.07,0.00,0.00,83.0,0,0.000,-0.01,-1,1,0,0,0,0,0,0,0,0,0,PreArm: Board (3.7v) out of range 4.3-5.8v
2026-07-09T13:18:23.464Z,116.812,False,STABILIZE,0.0000000,0.0000000,-3.06,0.00,0.00,0.00,0.00,2.13,1.35,83.07,0.00,0.00,83.0,0,0.000,-0.01,-1,1,0,0,0,0,0,0,0,0,0,PreArm: Board (3.7v) out of range 4.3-5.8v
2026-07-09T13:18:23.964Z,117.312,False,STABILIZE,0.0000000,0.0000000,-3.07,0.00,0.00,0.00,0.01,2.13,1.35,83.07,0.00,0.00,83.0,0,0.000,-0.01,-1,1,0,0,0,0,0,0,0,0,0,PreArm: Board (3.7v) out of range 4.3-5.8v
2026-07-09T13:18:24.464Z,117.812,False,STABILIZE,0.0000000,0.0000000,-3.09,0.00,0.00,0.00,0.01,2.13,1.35,83.07,0.00,0.00,83.0,0,0.000,-0.01,-1,1,0,0,0,0,0,0,0,0,0,PreArm: Board (3.7v) out of range 4.3-5.8v
2026-07-09T13:18:24.964Z,118.312,False,STABILIZE,0.0000000,0.0000000,-3.06,0.00,0.00,0.00,0.01,2.12,1.35,83.07,0.00,0.00,83.0,0,0.000,-0.01,-1,1,0,0,0,0,0,0,0,0,0,PreArm: Board (3.7v) out of range 4.3-5.8v
2026-07-09T13:18:25.465Z,118.813,False,STABILIZE,0.0000000,0.0000000,-3.03,0.00,0.00,0.00,0.01,2.13,1.35,83.08,0.00,0.00,83.0,0,0.000,-0.01,-1,1,0,0,0,0,0,0,0,0,0,PreArm: Board (3.7v) out of range 4.3-5.8v
2026-07-09T13:18:25.966Z,119.314,False,STABILIZE,0.0000000,0.0000000,-2.99,0.00,0.00,0.00,0.01,2.12,1.34,83.08,0.00,0.00,83.0,0,0.000,-0.01,-1,1,0,0,0,0,0,0,0,0,0,PreArm: Board (3.7v) out of range 4.3-5.8v
2026-07-09T13:18:26.466Z,119.814,False,STABILIZE,0.0000000,0.0000000,-3.03,0.00,0.00,0.00,0.00,2.12,1.34,83.07,0.00,0.00,83.0,0,0.000,-0.01,-1,1,0,0,0,0,0,0,0,0,0,PreArm: Board (3.7v) out of range 4.3-5.8v
2026-07-09T13:18:26.968Z,120.316,False,STABILIZE,0.0000000,0.0000000,-3.01,0.00,0.00,0.00,0.00,2.12,1.34,83.07,0.00,0.00,83.0,0,0.000,-0.01,-1,1,0,0,0,0,0,0,0,0,0,PreArm: Board (3.7v) out of range 4.3-5.8v
2026-07-09T13:18:27.468Z,120.816,False,STABILIZE,0.0000000,0.0000000,-3.03,0.00,0.00,0.00,0.00,2.12,1.34,83.07,0.00,0.00,83.0,0,0.000,-0.01,-1,1,0,0,0,0,0,0,0,0,0,PreArm: Board (3.7v) out of range 4.3-5.8v
2026-07-09T13:18:27.968Z,121.316,False,STABILIZE,0.0000000,0.0000000,-2.99,0.00,0.00,0.00,0.00,2.12,1.33,83.07,0.00,0.00,83.0,0,0.000,-0.01,-1,1,0,0,0,0,0,0,0,0,0,PreArm: Board (3.7v) out of range 4.3-5.8v
2026-07-09T13:18:28.468Z,121.816,False,STABILIZE,0.0000000,0.0000000,-2.98,0.00,0.00,0.00,0.00,2.12,1.33,83.08,0.00,0.00,83.0,0,0.000,-0.01,-1,1,0,0,0,0,0,0,0,0,0,PreArm: Board (3.7v) out of range 4.3-5.8v
2026-07-09T13:18:28.969Z,122.316,False,STABILIZE,0.0000000,0.0000000,-2.98,0.00,0.00,0.00,0.00,2.12,1.33,83.08,0.00,0.00,83.0,0,0.000,-0.01,-1,1,0,0,0,0,0,0,0,0,0,PreArm: Board (3.7v) out of range 4.3-5.8v
2026-07-09T13:18:29.562Z,122.909,False,STABILIZE,0.0000000,0.0000000,-2.93,0.00,0.00,0.00,0.00,2.12,1.33,83.08,0.00,0.00,83.0,0,0.000,-0.01,-1,1,0,0,0,0,0,0,0,0,0,PreArm: Board (3.7v) out of range 4.3-5.8v
2026-07-09T13:18:30.062Z,123.409,False,STABILIZE,0.0000000,0.0000000,-2.92,0.00,0.00,0.00,0.00,2.12,1.33,83.08,0.00,0.00,83.0,0,0.000,-0.01,-1,1,0,0,0,0,0,0,0,0,0,PreArm: Board (3.7v) out of range 4.3-5.8v
2026-07-09T13:18:30.563Z,123.911,False,STABILIZE,0.0000000,0.0000000,-2.94,0.00,0.00,0.00,-0.01,2.12,1.33,83.08,0.00,0.00,83.0,0,0.000,-0.01,-1,1,0,0,0,0,0,0,0,0,0,PreArm: Board (3.7v) out of range 4.3-5.8v
2026-07-09T13:18:31.066Z,124.414,False,STABILIZE,0.0000000,0.0000000,-2.92,0.00,0.00,0.00,-0.01,2.12,1.33,83.09,0.00,0.00,83.0,0,0.000,-0.01,-1,1,0,0,0,0,0,0,0,0,0,PreArm: Board (3.7v) out of range 4.3-5.8v
2026-07-09T13:18:31.567Z,124.914,False,STABILIZE,0.0000000,0.0000000,-2.97,0.00,0.00,0.00,-0.01,2.12,1.33,83.09,0.00,0.00,83.0,0,0.000,-0.01,-1,1,0,0,0,0,0,0,0,0,0,PreArm: Board (3.7v) out of range 4.3-5.8v
2026-07-09T13:18:32.069Z,125.416,False,STABILIZE,0.0000000,0.0000000,-2.98,0.00,0.00,0.00,-0.01,2.12,1.33,83.09,0.00,0.00,83.0,0,0.000,-0.01,-1,1,0,0,0,0,0,0,0,0,0,PreArm: Board (3.7v) out of range 4.3-5.8v
2026-07-09T13:18:32.569Z,125.916,False,STABILIZE,0.0000000,0.0000000,-2.98,0.00,0.00,0.00,-0.01,2.12,1.33,83.09,0.00,0.00,83.0,0,0.000,-0.01,-1,1,0,0,0,0,0,0,0,0,0,PreArm: Board (3.7v) out of range 4.3-5.8v
2026-07-09T13:18:33.069Z,126.416,False,STABILIZE,0.0000000,0.0000000,-3.03,0.00,0.00,0.00,-0.01,2.12,1.34,83.09,0.00,0.00,83.0,0,0.000,-0.01,-1,1,0,0,0,0,0,0,0,0,0,PreArm: Board (3.7v) out of range 4.3-5.8v
2026-07-09T13:18:33.569Z,126.916,False,STABILIZE,0.0000000,0.0000000,-3.03,0.00,0.00,0.00,0.00,2.13,1.33,83.09,0.00,0.00,83.0,0,0.000,-0.01,-1,1,0,0,0,0,0,0,0,0,0,PreArm: Board (3.7v) out of range 4.3-5.8v
2026-07-09T13:18:34.162Z,127.509,False,STABILIZE,0.0000000,0.0000000,-3.05,0.00,0.00,0.00,0.00,2.13,1.34,83.09,0.00,0.00,83.0,0,0.000,-0.01,-1,1,0,0,0,0,0,0,0,0,0,PreArm: Board (3.7v) out of range 4.3-5.8v
2026-07-09T13:18:34.664Z,128.011,False,STABILIZE,0.0000000,0.0000000,-3.11,0.00,0.00,0.00,0.00,2.13,1.34,83.09,0.00,0.00,83.0,0,0.000,-0.01,-1,1,0,0,0,0,0,0,0,0,0,PreArm: Board (3.7v) out of range 4.3-5.8v
2026-07-09T13:18:35.164Z,128.511,False,STABILIZE,0.0000000,0.0000000,-3.12,0.00,0.00,0.00,0.01,2.13,1.34,83.09,0.00,0.00,83.0,0,0.000,-0.01,-1,1,0,0,0,0,0,0,0,0,0,PreArm: Board (3.7v) out of range 4.3-5.8v
2026-07-09T13:18:35.664Z,129.011,False,STABILIZE,0.0000000,0.0000000,-3.11,0.00,0.00,0.00,0.01,2.13,1.34,83.09,0.00,0.00,83.0,0,0.000,-0.01,-1,1,0,0,0,0,0,0,0,0,0,PreArm: Board (3.7v) out of range 4.3-5.8v
2026-07-09T13:18:36.164Z,129.512,False,STABILIZE,0.0000000,0.0000000,-3.12,0.00,0.00,0.00,0.01,2.13,1.34,83.09,0.00,0.00,83.0,0,0.000,-0.01,-1,1,0,0,0,0,0,0,0,0,0,PreArm: Board (3.7v) out of range 4.3-5.8v
2026-07-09T13:18:36.664Z,130.012,False,STABILIZE,0.0000000,0.0000000,-3.12,0.00,0.00,0.00,0.02,2.12,1.34,83.10,0.00,0.00,83.0,0,0.000,-0.01,-1,1,0,0,0,0,0,0,0,0,0,PreArm: Board (3.7v) out of range 4.3-5.8v
2026-07-09T13:18:37.164Z,130.512,False,STABILIZE,0.0000000,0.0000000,-3.14,0.00,0.00,0.00,0.02,2.12,1.34,83.09,0.00,0.00,83.0,0,0.000,-0.01,-1,1,0,0,0,0,0,0,0,0,0,PreArm: Board (3.7v) out of range 4.3-5.8v
2026-07-09T13:18:37.664Z,131.012,False,STABILIZE,0.0000000,0.0000000,-3.12,0.00,0.00,0.00,0.02,2.13,1.34,83.09,0.00,0.00,83.0,0,0.000,-0.01,-1,1,0,0,0,0,0,0,0,0,0,PreArm: Board (3.7v) out of range 4.3-5.8v
2026-07-09T13:18:38.164Z,131.512,False,STABILIZE,0.0000000,0.0000000,-3.13,0.00,0.00,0.00,0.02,2.13,1.34,83.10,0.00,0.00,83.0,0,0.000,-0.01,-1,1,0,0,0,0,0,0,0,0,0,PreArm: Board (3.7v) out of range 4.3-5.8v
2026-07-09T13:18:38.664Z,132.012,False,STABILIZE,0.0000000,0.0000000,-3.16,0.00,0.00,0.00,0.02,2.13,1.34,83.10,0.00,0.00,83.0,0,0.000,-0.01,-1,1,0,0,0,0,0,0,0,0,0,PreArm: Board (3.7v) out of range 4.3-5.8v
2026-07-09T13:18:39.164Z,132.512,False,STABILIZE,0.0000000,0.0000000,-3.17,0.00,0.00,0.00,0.02,2.12,1.35,83.10,0.00,0.00,83.0,0,0.000,-0.01,-1,1,0,0,0,0,0,0,0,0,0,PreArm: Board (3.7v) out of range 4.3-5.8v
2026-07-09T13:18:39.664Z,133.012,False,STABILIZE,0.0000000,0.0000000,-3.16,0.00,0.00,0.00,0.02,2.12,1.34,83.10,0.00,0.00,83.0,0,0.000,-0.01,-1,1,0,0,0,0,0,0,0,0,0,PreArm: Board (3.7v) out of range 4.3-5.8v
2026-07-09T13:18:40.164Z,133.512,False,STABILIZE,0.0000000,0.0000000,-3.10,0.00,0.00,0.00,0.02,2.12,1.34,83.10,0.00,0.00,83.0,0,0.000,-0.01,-1,1,0,0,0,0,0,0,0,0,0,PreArm: Board (3.7v) out of range 4.3-5.8v
2026-07-09T13:18:40.664Z,134.012,False,STABILIZE,0.0000000,0.0000000,-3.14,0.00,0.00,0.00,0.02,2.12,1.34,83.10,0.00,0.00,83.0,0,0.000,-0.01,-1,1,0,0,0,0,0,0,0,0,0,PreArm: Board (3.7v) out of range 4.3-5.8v
2026-07-09T13:18:41.164Z,134.512,False,STABILIZE,0.0000000,0.0000000,-3.12,0.00,0.00,0.00,0.02,2.12,1.34,83.11,0.00,0.00,83.0,0,0.000,-0.01,-1,1,0,0,0,0,0,0,0,0,0,PreArm: Board (3.7v) out of range 4.3-5.8v
2026-07-09T13:18:41.664Z,135.012,False,STABILIZE,0.0000000,0.0000000,-3.11,0.00,0.00,0.00,0.01,2.12,1.34,83.11,0.00,0.00,83.0,0,0.000,-0.01,-1,1,0,0,0,0,0,0,0,0,0,PreArm: Board (3.7v) out of range 4.3-5.8v
2026-07-09T13:18:42.164Z,135.512,False,STABILIZE,0.0000000,0.0000000,-3.10,0.00,0.00,0.00,0.01,2.12,1.34,83.11,0.00,0.00,83.0,0,0.000,-0.01,-1,1,0,0,0,0,0,0,0,0,0,PreArm: Board (3.7v) out of range 4.3-5.8v
2026-07-09T13:18:42.666Z,136.014,False,STABILIZE,0.0000000,0.0000000,-3.05,0.00,0.00,0.00,0.00,2.12,1.34,83.11,0.00,0.00,83.0,0,0.000,-0.01,-1,1,0,0,0,0,0,0,0,0,0,PreArm: Board (3.7v) out of range 4.3-5.8v
2026-07-09T13:18:43.167Z,136.515,False,STABILIZE,0.0000000,0.0000000,-3.04,0.00,0.00,0.00,0.00,2.12,1.34,83.11,0.00,0.00,83.0,0,0.000,-0.01,-1,1,0,0,0,0,0,0,0,0,0,PreArm: Board (3.7v) out of range 4.3-5.8v
2026-07-09T13:18:43.668Z,137.016,False,STABILIZE,0.0000000,0.0000000,-3.07,0.00,0.00,0.00,0.00,2.12,1.33,83.11,0.00,0.00,83.0,0,0.000,-0.01,-1,1,0,0,0,0,0,0,0,0,0,PreArm: Board (3.7v) out of range 4.3-5.8v
2026-07-09T13:18:44.169Z,137.517,False,STABILIZE,0.0000000,0.0000000,-3.07,0.00,0.00,0.00,0.00,2.11,1.33,83.11,0.00,0.00,83.0,0,0.000,-0.01,-1,1,0,0,0,0,0,0,0,0,0,PreArm: Board (3.7v) out of range 4.3-5.8v
2026-07-09T13:18:44.671Z,138.019,False,STABILIZE,0.0000000,0.0000000,-3.06,0.00,0.00,0.00,0.00,2.12,1.34,83.11,0.00,0.00,83.0,0,0.000,-0.01,-1,1,0,0,0,0,0,0,0,0,0,PreArm: Board (3.7v) out of range 4.3-5.8v
2026-07-09T13:18:45.262Z,138.609,False,STABILIZE,0.0000000,0.0000000,-3.04,0.00,0.00,0.00,0.00,2.12,1.33,83.11,0.00,0.00,83.0,0,0.000,-0.01,-1,1,0,0,0,0,0,0,0,0,0,PreArm: Board (3.7v) out of range 4.3-5.8v
2026-07-09T13:18:45.762Z,139.109,False,STABILIZE,0.0000000,0.0000000,-3.07,0.00,0.00,0.00,-0.01,2.12,1.33,83.11,0.00,0.00,83.0,0,0.000,-0.01,-1,1,0,0,0,0,0,0,0,0,0,PreArm: Board (3.7v) out of range 4.3-5.8v
2026-07-09T13:18:46.262Z,139.609,False,STABILIZE,0.0000000,0.0000000,-3.04,0.00,0.00,0.00,-0.01,2.12,1.33,83.12,0.00,0.00,83.0,0,0.000,-0.01,-1,1,0,0,0,0,0,0,0,0,0,PreArm: Board (3.7v) out of range 4.3-5.8v
2026-07-09T13:18:46.762Z,140.109,False,STABILIZE,0.0000000,0.0000000,-3.08,0.00,0.00,0.00,-0.01,2.13,1.34,83.11,0.00,0.00,83.0,0,0.000,-0.01,-1,1,0,0,0,0,0,0,0,0,0,PreArm: Board (3.7v) out of range 4.3-5.8v
2026-07-09T13:18:47.262Z,140.609,False,STABILIZE,0.0000000,0.0000000,-3.03,0.00,0.00,0.00,-0.01,2.13,1.34,83.11,0.00,0.00,83.0,0,0.000,-0.01,-1,1,0,0,0,0,0,0,0,0,0,PreArm: Board (3.7v) out of range 4.3-5.8v
2026-07-09T13:18:47.762Z,141.109,False,STABILIZE,0.0000000,0.0000000,-3.05,0.00,0.00,0.00,-0.01,2.13,1.34,83.12,0.00,0.00,83.0,0,0.000,-0.01,-1,1,0,0,0,0,0,0,0,0,0,PreArm: Board (3.7v) out of range 4.3-5.8v
2026-07-09T13:18:48.262Z,141.609,False,STABILIZE,0.0000000,0.0000000,-3.03,0.00,0.00,0.00,-0.01,2.13,1.34,83.12,0.00,0.00,83.0,0,0.000,-0.01,-1,1,0,0,0,0,0,0,0,0,0,PreArm: Board (3.7v) out of range 4.3-5.8v
2026-07-09T13:18:48.762Z,142.109,False,STABILIZE,0.0000000,0.0000000,-3.01,0.00,0.00,0.00,-0.02,2.12,1.34,83.11,0.00,0.00,83.0,0,0.000,-0.01,-1,1,0,0,0,0,0,0,0,0,0,PreArm: Board (3.7v) out of range 4.3-5.8v
2026-07-09T13:18:49.262Z,142.610,False,STABILIZE,0.0000000,0.0000000,-3.04,0.00,0.00,0.00,-0.02,2.12,1.34,83.12,0.00,0.00,83.0,0,0.000,-0.01,-1,1,0,0,0,0,0,0,0,0,0,PreArm: Board (3.7v) out of range 4.3-5.8v
2026-07-09T13:18:49.762Z,143.110,False,STABILIZE,0.0000000,0.0000000,-3.04,0.00,0.00,0.00,-0.02,2.12,1.34,83.12,0.00,0.00,83.0,0,0.000,-0.01,-1,1,0,0,0,0,0,0,0,0,0,PreArm: Board (3.7v) out of range 4.3-5.8v
2026-07-09T13:18:50.262Z,143.610,False,STABILIZE,0.0000000,0.0000000,-3.02,0.00,0.00,0.00,-0.02,2.12,1.34,83.12,0.00,0.00,83.0,0,0.000,-0.01,-1,1,0,0,0,0,0,0,0,0,0,PreArm: Board (3.7v) out of range 4.3-5.8v
2026-07-09T13:18:50.762Z,144.110,False,STABILIZE,0.0000000,0.0000000,-3.02,0.00,0.00,0.00,-0.02,2.12,1.34,83.12,0.00,0.00,83.0,0,0.000,-0.01,-1,1,0,0,0,0,0,0,0,0,0,PreArm: Board (3.7v) out of range 4.3-5.8v
2026-07-09T13:18:51.262Z,144.610,False,STABILIZE,0.0000000,0.0000000,-3.05,0.00,0.00,0.00,-0.02,2.12,1.34,83.12,0.00,0.00,83.0,0,0.000,-0.01,-1,1,0,0,0,0,0,0,0,0,0,PreArm: Board (3.7v) out of range 4.3-5.8v
2026-07-09T13:18:51.762Z,145.110,False,STABILIZE,0.0000000,0.0000000,-3.04,0.00,0.00,0.00,-0.01,2.11,1.34,83.12,0.00,0.00,83.0,0,0.000,-0.01,-1,1,0,0,0,0,0,0,0,0,0,PreArm: Board (3.7v) out of range 4.3-5.8v
2026-07-09T13:18:52.262Z,145.610,False,STABILIZE,0.0000000,0.0000000,-3.02,0.00,0.00,0.00,-0.01,2.12,1.34,83.12,0.00,0.00,83.0,0,0.000,-0.01,-1,1,0,0,0,0,0,0,0,0,0,PreArm: Board (3.7v) out of range 4.3-5.8v
2026-07-09T13:18:52.764Z,146.111,False,STABILIZE,0.0000000,0.0000000,-3.03,0.00,0.00,0.00,-0.01,2.12,1.34,83.12,0.00,0.00,83.0,0,0.000,-0.01,-1,1,0,0,0,0,0,0,0,0,0,PreArm: Board (3.7v) out of range 4.3-5.8v
2026-07-09T13:18:53.264Z,146.612,False,STABILIZE,0.0000000,0.0000000,-3.00,0.00,0.00,0.00,-0.01,2.12,1.34,83.12,0.00,0.00,83.0,0,0.000,-0.01,-1,1,0,0,0,0,0,0,0,0,0,PreArm: Board (3.7v) out of range 4.3-5.8v
2026-07-09T13:18:53.764Z,147.112,False,STABILIZE,0.0000000,0.0000000,-3.05,0.00,0.00,0.00,-0.01,2.12,1.34,83.12,0.00,0.00,83.0,0,0.000,-0.01,-1,1,0,0,0,0,0,0,0,0,0,PreArm: Board (3.7v) out of range 4.3-5.8v
2026-07-09T13:18:54.264Z,147.612,False,STABILIZE,0.0000000,0.0000000,-3.05,0.00,0.00,0.00,-0.01,2.12,1.34,83.12,0.00,0.00,83.0,0,0.000,-0.01,-1,1,0,0,0,0,0,0,0,0,0,PreArm: Board (3.7v) out of range 4.3-5.8v
2026-07-09T13:18:54.764Z,148.112,False,STABILIZE,0.0000000,0.0000000,-3.06,0.00,0.00,0.00,-0.01,2.12,1.34,83.12,0.00,0.00,83.0,0,0.000,-0.01,-1,1,0,0,0,0,0,0,0,0,0,PreArm: Board (3.7v) out of range 4.3-5.8v
2026-07-09T13:18:55.264Z,148.612,False,STABILIZE,0.0000000,0.0000000,-3.03,0.00,0.00,0.00,0.00,2.12,1.34,83.12,0.00,0.00,83.0,0,0.000,-0.01,-1,1,0,0,0,0,0,0,0,0,0,PreArm: Board (3.7v) out of range 4.3-5.8v
2026-07-09T13:18:55.764Z,149.112,False,STABILIZE,0.0000000,0.0000000,-3.07,0.00,0.00,0.00,0.00,2.12,1.34,83.12,0.00,0.00,83.0,0,0.000,-0.01,-1,1,0,0,0,0,0,0,0,0,0,PreArm: Board (3.7v) out of range 4.3-5.8v
2026-07-09T13:18:56.266Z,149.613,False,STABILIZE,0.0000000,0.0000000,-3.08,0.00,0.00,0.00,0.00,2.12,1.34,83.12,0.00,0.00,83.0,0,0.000,-0.01,-1,1,0,0,0,0,0,0,0,0,0,PreArm: Board (3.7v) out of range 4.3-5.8v
2026-07-09T13:18:56.766Z,150.114,False,STABILIZE,0.0000000,0.0000000,-3.07,0.00,0.00,0.00,0.00,2.12,1.34,83.12,0.00,0.00,83.0,0,0.000,-0.01,-1,1,0,0,0,0,0,0,0,0,0,PreArm: Board (3.7v) out of range 4.3-5.8v
2026-07-09T13:18:57.270Z,150.618,False,STABILIZE,0.0000000,0.0000000,-3.09,0.00,0.00,0.00,0.00,2.12,1.34,83.12,0.00,0.00,83.0,0,0.000,-0.01,-1,1,0,0,0,0,0,0,0,0,0,PreArm: Board (3.7v) out of range 4.3-5.8v
2026-07-09T13:18:57.861Z,151.209,False,STABILIZE,0.0000000,0.0000000,-3.08,0.00,0.00,0.00,0.00,2.12,1.33,83.12,0.00,0.00,83.0,0,0.000,-0.01,-1,1,0,0,0,0,0,0,0,0,0,PreArm: Board (3.7v) out of range 4.3-5.8v
2026-07-09T13:18:58.361Z,151.709,False,STABILIZE,0.0000000,0.0000000,-3.10,0.00,0.00,0.00,0.00,2.12,1.33,83.12,0.00,0.00,83.0,0,0.000,-0.01,-1,1,0,0,0,0,0,0,0,0,0,PreArm: Board (3.7v) out of range 4.3-5.8v
2026-07-09T13:18:58.861Z,152.209,False,STABILIZE,0.0000000,0.0000000,-3.14,0.00,0.00,0.00,0.00,2.12,1.33,83.12,0.00,0.00,83.0,0,0.000,-0.01,-1,1,0,0,0,0,0,0,0,0,0,PreArm: Board (3.7v) out of range 4.3-5.8v
2026-07-09T13:18:59.362Z,152.709,False,STABILIZE,0.0000000,0.0000000,-3.12,0.00,0.00,0.00,0.01,2.12,1.34,83.12,0.00,0.00,83.0,0,0.000,-0.01,-1,1,0,0,0,0,0,0,0,0,0,PreArm: Board (3.7v) out of range 4.3-5.8v
2026-07-09T13:18:59.862Z,153.209,False,STABILIZE,0.0000000,0.0000000,-3.13,0.00,0.00,0.00,0.01,2.11,1.34,83.12,0.00,0.00,83.0,0,0.000,-0.01,-1,1,0,0,0,0,0,0,0,0,0,PreArm: Board (3.7v) out of range 4.3-5.8v
2026-07-09T13:19:00.362Z,153.709,False,STABILIZE,0.0000000,0.0000000,-3.13,0.00,0.00,0.00,0.01,2.11,1.34,83.12,0.00,0.00,83.0,0,0.000,-0.01,-1,1,0,0,0,0,0,0,0,0,0,PreArm: Board (3.7v) out of range 4.3-5.8v
2026-07-09T13:19:00.863Z,154.211,False,STABILIZE,0.0000000,0.0000000,-3.15,0.00,0.00,0.00,0.01,2.11,1.34,83.12,0.00,0.00,83.0,0,0.000,-0.01,-1,1,0,0,0,0,0,0,0,0,0,PreArm: Board (3.7v) out of range 4.3-5.8v
2026-07-09T13:19:01.363Z,154.711,False,STABILIZE,0.0000000,0.0000000,-3.15,0.00,0.00,0.00,0.01,2.11,1.34,83.12,0.00,0.00,83.0,0,0.000,-0.01,-1,1,0,0,0,0,0,0,0,0,0,PreArm: Board (3.7v) out of range 4.3-5.8v
2026-07-09T13:19:01.863Z,155.211,False,STABILIZE,0.0000000,0.0000000,-3.13,0.00,0.00,0.00,0.01,2.11,1.34,83.12,0.00,0.00,83.0,0,0.000,-0.01,-1,1,0,0,0,0,0,0,0,0,0,PreArm: Board (3.7v) out of range 4.3-5.8v
2026-07-09T13:19:02.372Z,155.719,False,STABILIZE,0.0000000,0.0000000,-3.14,0.00,0.00,0.00,0.01,2.11,1.34,83.12,0.00,0.00,83.0,0,0.000,-0.01,-1,1,0,0,0,0,0,0,0,0,0,PreArm: Board (3.7v) out of range 4.3-5.8v
2026-07-09T13:19:02.962Z,156.309,False,STABILIZE,0.0000000,0.0000000,-3.15,0.00,0.00,0.00,0.01,2.11,1.35,83.12,0.00,0.00,83.0,0,0.000,-0.01,-1,1,0,0,0,0,0,0,0,0,0,PreArm: Board (3.7v) out of range 4.3-5.8v
2026-07-09T13:19:03.462Z,156.809,False,STABILIZE,0.0000000,0.0000000,-3.17,0.00,0.00,0.00,0.01,2.11,1.35,83.12,0.00,0.00,83.0,0,0.000,-0.01,-1,1,0,0,0,0,0,0,0,0,0,PreArm: Board (3.7v) out of range 4.3-5.8v
2026-07-09T13:19:03.962Z,157.309,False,STABILIZE,0.0000000,0.0000000,-3.13,0.00,0.00,0.00,0.01,2.11,1.35,83.12,0.01,0.00,83.0,0,0.000,-0.01,-1,1,0,0,0,0,0,0,0,0,0,PreArm: Board (3.7v) out of range 4.3-5.8v
2026-07-09T13:19:04.462Z,157.809,False,STABILIZE,0.0000000,0.0000000,-3.13,0.00,0.00,0.00,0.01,2.11,1.35,83.12,0.01,0.00,83.0,0,0.000,-0.01,-1,1,0,0,0,0,0,0,0,0,0,PreArm: Board (3.7v) out of range 4.3-5.8v
2026-07-09T13:19:04.962Z,158.309,False,STABILIZE,0.0000000,0.0000000,-3.14,0.00,0.00,0.00,0.01,2.11,1.35,83.12,0.01,0.00,83.0,0,0.000,-0.01,-1,1,0,0,0,0,0,0,0,0,0,PreArm: Board (3.7v) out of range 4.3-5.8v
2026-07-09T13:19:05.462Z,158.809,False,STABILIZE,0.0000000,0.0000000,-3.16,0.00,0.00,0.00,0.01,2.11,1.35,83.12,0.01,0.00,83.0,0,0.000,-0.01,-1,1,0,0,0,0,0,0,0,0,0,PreArm: Board (3.7v) out of range 4.3-5.8v
2026-07-09T13:19:05.962Z,159.309,False,STABILIZE,0.0000000,0.0000000,-3.14,0.00,0.00,0.00,0.01,2.11,1.35,83.12,0.01,0.00,83.0,0,0.000,-0.01,-1,1,0,0,0,0,0,0,0,0,0,PreArm: Board (3.7v) out of range 4.3-5.8v
2026-07-09T13:19:06.462Z,159.809,False,STABILIZE,0.0000000,0.0000000,-3.17,0.00,0.00,0.00,0.01,2.11,1.35,83.12,0.01,0.00,83.0,0,0.000,-0.01,-1,1,0,0,0,0,0,0,0,0,0,PreArm: Board (3.7v) out of range 4.3-5.8v
2026-07-09T13:19:06.964Z,160.311,False,STABILIZE,0.0000000,0.0000000,-3.13,0.00,0.00,0.00,0.00,2.11,1.35,83.12,0.01,0.00,83.0,0,0.000,-0.01,-1,1,0,0,0,0,0,0,0,0,0,PreArm: Board (3.7v) out of range 4.3-5.8v
2026-07-09T13:19:07.464Z,160.812,False,STABILIZE,0.0000000,0.0000000,-3.16,0.00,0.00,0.00,0.00,2.11,1.34,83.12,0.00,0.00,83.0,0,0.000,-0.01,-1,1,0,0,0,0,0,0,0,0,0,PreArm: Board (3.7v) out of range 4.3-5.8v
2026-07-09T13:19:07.964Z,161.312,False,STABILIZE,0.0000000,0.0000000,-3.16,0.00,0.00,0.00,0.00,2.11,1.34,83.11,0.00,0.00,83.0,0,0.000,-0.01,-1,1,0,0,0,0,0,0,0,0,0,PreArm: Board (3.7v) out of range 4.3-5.8v
2026-07-09T13:19:08.464Z,161.812,False,STABILIZE,0.0000000,0.0000000,-3.14,0.00,0.00,0.00,0.00,2.12,1.34,83.12,0.00,0.00,83.0,0,0.000,-0.01,-1,1,0,0,0,0,0,0,0,0,0,PreArm: Board (3.7v) out of range 4.3-5.8v
2026-07-09T13:19:08.964Z,162.312,False,STABILIZE,0.0000000,0.0000000,-3.11,0.00,0.00,0.00,0.00,2.12,1.34,83.12,0.00,0.00,83.0,0,0.000,-0.01,-1,1,0,0,0,0,0,0,0,0,0,PreArm: Board (3.7v) out of range 4.3-5.8v
2026-07-09T13:19:09.464Z,162.812,False,STABILIZE,0.0000000,0.0000000,-3.13,0.00,0.00,0.00,0.00,2.12,1.33,83.12,0.00,0.00,83.0,0,0.000,-0.01,-1,1,0,0,0,0,0,0,0,0,0,PreArm: Board (3.7v) out of range 4.3-5.8v
2026-07-09T13:19:09.964Z,163.312,False,STABILIZE,0.0000000,0.0000000,-3.14,0.00,0.00,0.00,0.00,2.12,1.33,83.12,0.00,0.00,83.0,0,0.000,-0.01,-1,1,0,0,0,0,0,0,0,0,0,PreArm: Board (3.7v) out of range 4.3-5.8v
2026-07-09T13:19:10.464Z,163.812,False,STABILIZE,0.0000000,0.0000000,-3.16,0.00,0.00,0.00,0.00,2.12,1.33,83.12,0.00,0.00,83.0,0,0.000,-0.01,-1,1,0,0,0,0,0,0,0,0,0,PreArm: Board (3.7v) out of range 4.3-5.8v
2026-07-09T13:19:10.964Z,164.312,False,STABILIZE,0.0000000,0.0000000,-3.14,0.00,0.00,0.00,0.00,2.12,1.33,83.11,0.00,0.00,83.0,0,0.000,-0.01,-1,1,0,0,0,0,0,0,0,0,0,PreArm: Board (3.7v) out of range 4.3-5.8v
2026-07-09T13:19:11.464Z,164.812,False,STABILIZE,0.0000000,0.0000000,-3.14,0.00,0.00,0.00,0.00,2.12,1.32,83.11,0.00,0.00,83.0,0,0.000,-0.01,-1,1,0,0,0,0,0,0,0,0,0,PreArm: Board (3.7v) out of range 4.3-5.8v
2026-07-09T13:19:11.964Z,165.312,False,STABILIZE,0.0000000,0.0000000,-3.13,0.00,0.00,0.00,0.00,2.12,1.32,83.11,0.00,0.00,83.0,0,0.000,-0.01,-1,1,0,0,0,0,0,0,0,0,0,PreArm: Board (3.7v) out of range 4.3-5.8v
2026-07-09T13:19:12.465Z,165.812,False,STABILIZE,0.0000000,0.0000000,-3.13,0.00,0.00,0.00,0.00,2.12,1.33,83.11,0.00,0.00,83.0,0,0.000,-0.01,-1,1,0,0,0,0,0,0,0,0,0,PreArm: Board (3.7v) out of range 4.3-5.8v
2026-07-09T13:19:12.966Z,166.314,False,STABILIZE,0.0000000,0.0000000,-3.15,0.00,0.00,0.00,0.00,2.12,1.32,83.12,0.00,0.00,83.0,0,0.000,-0.01,-1,1,0,0,0,0,0,0,0,0,0,PreArm: Board (3.7v) out of range 4.3-5.8v
2026-07-09T13:19:13.469Z,166.817,False,STABILIZE,0.0000000,0.0000000,-3.13,0.00,0.00,0.00,0.00,2.12,1.33,83.11,0.01,0.00,83.0,0,0.000,-0.01,-1,1,0,0,0,0,0,0,0,0,0,PreArm: Board (3.7v) out of range 4.3-5.8v
2026-07-09T13:19:13.969Z,167.317,False,STABILIZE,0.0000000,0.0000000,-3.19,0.00,0.00,0.00,0.00,2.12,1.33,83.11,0.00,0.00,83.0,0,0.000,-0.01,-1,1,0,0,0,0,0,0,0,0,0,PreArm: Board (3.7v) out of range 4.3-5.8v
2026-07-09T13:19:14.469Z,167.817,False,STABILIZE,0.0000000,0.0000000,-3.16,0.00,0.00,0.00,0.00,2.12,1.33,83.11,0.00,0.00,83.0,0,0.000,-0.01,-1,1,0,0,0,0,0,0,0,0,0,PreArm: Board (3.7v) out of range 4.3-5.8v
2026-07-09T13:19:15.062Z,168.409,False,STABILIZE,0.0000000,0.0000000,-3.18,0.00,0.00,0.00,0.00,2.12,1.33,83.11,0.00,0.00,83.0,0,0.000,-0.01,-1,1,0,0,0,0,0,0,0,0,0,PreArm: Board (3.7v) out of range 4.3-5.8v
2026-07-09T13:19:15.562Z,168.909,False,STABILIZE,0.0000000,0.0000000,-3.18,0.00,0.00,0.00,0.00,2.12,1.33,83.11,0.00,0.00,83.0,0,0.000,-0.01,-1,1,0,0,0,0,0,0,0,0,0,PreArm: Board (3.7v) out of range 4.3-5.8v
2026-07-09T13:19:16.066Z,169.414,False,STABILIZE,0.0000000,0.0000000,-3.14,0.00,0.00,0.00,0.00,2.12,1.33,83.11,0.00,0.00,83.0,0,0.000,-0.01,-1,1,0,0,0,0,0,0,0,0,0,PreArm: Board (3.7v) out of range 4.3-5.8v
2026-07-09T13:19:16.566Z,169.914,False,STABILIZE,0.0000000,0.0000000,-3.17,0.00,0.00,0.00,0.00,2.12,1.33,83.11,0.00,0.00,83.0,0,0.000,-0.01,-1,1,0,0,0,0,0,0,0,0,0,PreArm: Board (3.7v) out of range 4.3-5.8v
2026-07-09T13:19:17.066Z,170.414,False,STABILIZE,0.0000000,0.0000000,-3.17,0.00,0.00,0.00,0.00,2.11,1.33,83.11,0.00,0.00,83.0,0,0.000,-0.01,-1,1,0,0,0,0,0,0,0,0,0,PreArm: Board (3.7v) out of range 4.3-5.8v
2026-07-09T13:19:17.568Z,170.915,False,STABILIZE,0.0000000,0.0000000,-3.20,0.00,0.00,0.00,0.00,2.12,1.33,83.12,0.00,0.00,83.0,0,0.000,-0.01,-1,1,0,0,0,0,0,0,0,0,0,PreArm: Board (3.7v) out of range 4.3-5.8v
2026-07-09T13:19:18.068Z,171.416,False,STABILIZE,0.0000000,0.0000000,-3.18,0.00,0.00,0.00,0.00,2.12,1.33,83.12,0.00,0.00,83.0,0,0.000,-0.01,-1,1,0,0,0,0,0,0,0,0,0,PreArm: Board (3.7v) out of range 4.3-5.8v
2026-07-09T13:19:18.570Z,171.917,False,STABILIZE,0.0000000,0.0000000,-3.20,0.00,0.00,0.00,0.00,2.11,1.33,83.12,0.00,0.00,83.0,0,0.000,-0.01,-1,1,0,0,0,0,0,0,0,0,0,PreArm: Board (3.7v) out of range 4.3-5.8v
2026-07-09T13:19:19.107Z,172.454,False,STABILIZE,0.0000000,0.0000000,-3.20,0.00,0.00,0.00,0.00,2.12,1.33,83.12,0.00,0.00,83.0,0,0.000,-0.01,-1,1,0,0,0,0,0,0,0,0,0,PreArm: RC not found
2026-07-09T13:19:19.654Z,173.001,False,STABILIZE,0.0000000,0.0000000,-3.21,0.00,0.00,0.00,0.00,2.11,1.33,83.12,0.00,0.00,83.0,0,0.000,-0.01,-1,1,0,0,0,0,0,0,0,0,0,PreArm: Board (3.7v) out of range 4.3-5.8v
2026-07-09T13:19:20.162Z,173.509,False,STABILIZE,0.0000000,0.0000000,-3.24,0.00,0.00,0.00,0.00,2.11,1.34,83.12,0.00,0.00,83.0,0,0.000,-0.01,-1,1,0,0,0,0,0,0,0,0,0,PreArm: Board (3.7v) out of range 4.3-5.8v
2026-07-09T13:19:20.662Z,174.009,False,STABILIZE,0.0000000,0.0000000,-3.22,0.00,0.00,0.00,0.00,2.11,1.34,83.12,0.00,0.00,83.0,0,0.000,-0.01,-1,1,0,0,0,0,0,0,0,0,0,PreArm: Board (3.7v) out of range 4.3-5.8v
2026-07-09T13:19:21.162Z,174.509,False,STABILIZE,0.0000000,0.0000000,-3.26,0.00,0.00,0.00,0.00,2.11,1.34,83.12,0.00,0.00,83.0,0,0.000,-0.01,-1,1,0,0,0,0,0,0,0,0,0,PreArm: Board (3.7v) out of range 4.3-5.8v
2026-07-09T13:19:21.662Z,175.009,False,STABILIZE,0.0000000,0.0000000,-3.22,0.00,0.00,0.00,0.01,2.11,1.33,83.12,0.00,0.00,83.0,0,0.000,-0.01,-1,1,0,0,0,0,0,0,0,0,0,PreArm: Board (3.7v) out of range 4.3-5.8v
2026-07-09T13:19:22.162Z,175.509,False,STABILIZE,0.0000000,0.0000000,-3.19,0.00,0.00,0.00,0.01,2.11,1.34,83.12,0.00,0.00,83.0,0,0.000,-0.01,-1,1,0,0,0,0,0,0,0,0,0,PreArm: Board (3.7v) out of range 4.3-5.8v
2026-07-09T13:19:22.662Z,176.009,False,STABILIZE,0.0000000,0.0000000,-3.22,0.00,0.00,0.00,0.01,2.12,1.34,83.12,0.00,0.00,83.0,0,0.000,-0.01,-1,1,0,0,0,0,0,0,0,0,0,PreArm: Board (3.7v) out of range 4.3-5.8v
2026-07-09T13:19:23.164Z,176.511,False,STABILIZE,0.0000000,0.0000000,-3.23,0.00,0.00,0.00,0.01,2.12,1.34,83.11,0.00,0.00,83.0,0,0.000,-0.01,-1,1,0,0,0,0,0,0,0,0,0,PreArm: Board (3.7v) out of range 4.3-5.8v
2026-07-09T13:19:23.664Z,177.011,False,STABILIZE,0.0000000,0.0000000,-3.23,0.00,0.00,0.00,0.01,2.12,1.34,83.12,0.00,0.00,83.0,0,0.000,-0.01,-1,1,0,0,0,0,0,0,0,0,0,PreArm: Board (3.7v) out of range 4.3-5.8v
2026-07-09T13:19:24.164Z,177.511,False,STABILIZE,0.0000000,0.0000000,-3.21,0.00,0.00,0.00,0.01,2.12,1.34,83.12,0.00,0.00,83.0,0,0.000,-0.01,-1,1,0,0,0,0,0,0,0,0,0,PreArm: Board (3.7v) out of range 4.3-5.8v
2026-07-09T13:19:24.664Z,178.011,False,STABILIZE,0.0000000,0.0000000,-3.20,0.00,0.00,0.00,0.01,2.12,1.34,83.12,0.00,0.00,83.0,0,0.000,-0.01,-1,1,0,0,0,0,0,0,0,0,0,PreArm: Board (3.7v) out of range 4.3-5.8v
2026-07-09T13:19:25.164Z,178.511,False,STABILIZE,0.0000000,0.0000000,-3.23,0.00,0.00,0.00,0.00,2.12,1.35,83.12,0.00,0.00,83.0,0,0.000,-0.01,-1,1,0,0,0,0,0,0,0,0,0,PreArm: Board (3.7v) out of range 4.3-5.8v
2026-07-09T13:19:25.664Z,179.012,False,STABILIZE,0.0000000,0.0000000,-3.20,0.00,0.00,0.00,0.00,2.12,1.35,83.12,0.00,0.00,83.0,0,0.000,-0.01,-1,1,0,0,0,0,0,0,0,0,0,PreArm: Board (3.7v) out of range 4.3-5.8v
2026-07-09T13:19:26.164Z,179.512,False,STABILIZE,0.0000000,0.0000000,-3.25,0.00,0.00,0.00,0.00,2.13,1.34,83.12,0.00,0.00,83.0,0,0.000,-0.01,-1,1,0,0,0,0,0,0,0,0,0,PreArm: Board (3.7v) out of range 4.3-5.8v
2026-07-09T13:19:26.664Z,180.012,False,STABILIZE,0.0000000,0.0000000,-3.26,0.00,0.00,0.00,0.00,2.12,1.34,83.12,0.00,0.00,83.0,0,0.000,-0.01,-1,1,0,0,0,0,0,0,0,0,0,PreArm: Board (3.7v) out of range 4.3-5.8v
2026-07-09T13:19:27.164Z,180.512,False,STABILIZE,0.0000000,0.0000000,-3.25,0.00,0.00,0.00,0.00,2.12,1.34,83.12,0.00,0.00,83.0,0,0.000,-0.01,-1,1,0,0,0,0,0,0,0,0,0,PreArm: Board (3.7v) out of range 4.3-5.8v
2026-07-09T13:19:27.664Z,181.012,False,STABILIZE,0.0000000,0.0000000,-3.23,0.00,0.00,0.00,0.00,2.12,1.35,83.12,0.00,0.00,83.0,0,0.000,-0.01,-1,1,0,0,0,0,0,0,0,0,0,PreArm: Board (3.7v) out of range 4.3-5.8v
2026-07-09T13:19:28.164Z,181.512,False,STABILIZE,0.0000000,0.0000000,-3.25,0.00,0.00,0.00,0.00,2.12,1.35,83.11,0.00,0.00,83.0,0,0.000,-0.01,-1,1,0,0,0,0,0,0,0,0,0,PreArm: Board (3.7v) out of range 4.3-5.8v
2026-07-09T13:19:28.664Z,182.012,False,STABILIZE,0.0000000,0.0000000,-3.25,0.00,0.00,0.00,0.00,2.12,1.35,83.12,0.00,0.00,83.0,0,0.000,-0.01,-1,1,0,0,0,0,0,0,0,0,0,PreArm: Board (3.7v) out of range 4.3-5.8v
2026-07-09T13:19:29.164Z,182.512,False,STABILIZE,0.0000000,0.0000000,-3.31,0.00,0.00,0.00,0.00,2.12,1.35,83.12,0.00,0.00,83.0,0,0.000,-0.01,-1,1,0,0,0,0,0,0,0,0,0,PreArm: Board (3.7v) out of range 4.3-5.8v
2026-07-09T13:19:29.664Z,183.012,False,STABILIZE,0.0000000,0.0000000,-3.29,0.00,0.00,0.00,0.01,2.12,1.35,83.12,0.00,0.00,83.0,0,0.000,-0.01,-1,1,0,0,0,0,0,0,0,0,0,PreArm: Board (3.7v) out of range 4.3-5.8v
2026-07-09T13:19:30.164Z,183.512,False,STABILIZE,0.0000000,0.0000000,-3.28,0.00,0.00,0.00,0.01,2.12,1.34,83.12,0.00,0.00,83.0,0,0.000,-0.01,-1,1,0,0,0,0,0,0,0,0,0,PreArm: Board (3.7v) out of range 4.3-5.8v
2026-07-09T13:19:30.664Z,184.012,False,STABILIZE,0.0000000,0.0000000,-3.28,0.00,0.00,0.00,0.01,2.12,1.35,83.12,0.00,0.00,83.0,0,0.000,-0.01,-1,1,0,0,0,0,0,0,0,0,0,PreArm: Board (3.7v) out of range 4.3-5.8v
2026-07-09T13:19:31.164Z,184.512,False,STABILIZE,0.0000000,0.0000000,-3.33,0.00,0.00,0.00,0.01,2.12,1.35,83.11,0.00,0.00,83.0,0,0.000,-0.01,-1,1,0,0,0,0,0,0,0,0,0,PreArm: Board (3.7v) out of range 4.3-5.8v
2026-07-09T13:19:31.664Z,185.012,False,STABILIZE,0.0000000,0.0000000,-3.33,0.00,0.00,0.00,0.01,2.12,1.34,83.11,0.00,0.00,83.0,0,0.000,-0.01,-1,1,0,0,0,0,0,0,0,0,0,PreArm: Board (3.7v) out of range 4.3-5.8v
2026-07-09T13:19:32.164Z,185.512,False,STABILIZE,0.0000000,0.0000000,-3.31,0.00,0.00,0.00,0.01,2.12,1.35,83.11,0.00,0.00,83.0,0,0.000,-0.01,-1,1,0,0,0,0,0,0,0,0,0,PreArm: Board (3.7v) out of range 4.3-5.8v
2026-07-09T13:19:32.665Z,186.012,False,STABILIZE,0.0000000,0.0000000,-3.28,0.00,0.00,0.00,0.01,2.12,1.35,83.11,0.00,0.00,83.0,0,0.000,-0.01,-1,1,0,0,0,0,0,0,0,0,0,PreArm: Board (3.7v) out of range 4.3-5.8v
2026-07-09T13:19:33.165Z,186.512,False,STABILIZE,0.0000000,0.0000000,-3.27,0.00,0.00,0.00,0.01,2.12,1.35,83.11,0.00,0.00,83.0,0,0.000,-0.01,-1,1,0,0,0,0,0,0,0,0,0,PreArm: Board (3.7v) out of range 4.3-5.8v
2026-07-09T13:19:33.665Z,187.012,False,STABILIZE,0.0000000,0.0000000,-3.28,0.00,0.00,0.00,0.01,2.12,1.35,83.11,0.00,0.00,83.0,0,0.000,-0.01,-1,1,0,0,0,0,0,0,0,0,0,PreArm: Board (3.7v) out of range 4.3-5.8v
2026-07-09T13:19:34.166Z,187.514,False,STABILIZE,0.0000000,0.0000000,-3.29,0.00,0.00,0.00,0.01,2.11,1.35,83.11,0.00,0.00,83.0,0,0.000,-0.01,-1,1,0,0,0,0,0,0,0,0,0,PreArm: Board (3.7v) out of range 4.3-5.8v
2026-07-09T13:19:34.667Z,188.014,False,STABILIZE,0.0000000,0.0000000,-3.29,0.00,0.00,0.00,0.01,2.12,1.34,83.11,0.00,0.00,83.0,0,0.000,-0.01,-1,1,0,0,0,0,0,0,0,0,0,PreArm: Board (3.7v) out of range 4.3-5.8v
2026-07-09T13:19:35.167Z,188.514,False,STABILIZE,0.0000000,0.0000000,-3.31,0.00,0.00,0.00,0.01,2.12,1.34,83.11,0.00,0.00,83.0,0,0.000,-0.01,-1,1,0,0,0,0,0,0,0,0,0,PreArm: Board (3.7v) out of range 4.3-5.8v
2026-07-09T13:19:35.667Z,189.014,False,STABILIZE,0.0000000,0.0000000,-3.27,0.00,0.00,0.00,0.01,2.12,1.34,83.11,0.00,0.00,83.0,0,0.000,-0.01,-1,1,0,0,0,0,0,0,0,0,0,PreArm: Board (3.7v) out of range 4.3-5.8v
2026-07-09T13:19:36.167Z,189.514,False,STABILIZE,0.0000000,0.0000000,-3.30,0.00,0.00,0.00,0.00,2.11,1.34,83.11,0.00,0.00,83.0,0,0.000,-0.01,-1,1,0,0,0,0,0,0,0,0,0,PreArm: Board (3.7v) out of range 4.3-5.8v
2026-07-09T13:19:36.667Z,190.014,False,STABILIZE,0.0000000,0.0000000,-3.28,0.00,0.00,0.00,0.00,2.12,1.33,83.10,0.00,0.00,83.0,0,0.000,-0.01,-1,1,0,0,0,0,0,0,0,0,0,PreArm: Board (3.7v) out of range 4.3-5.8v
2026-07-09T13:19:37.167Z,190.514,False,STABILIZE,0.0000000,0.0000000,-3.26,0.00,0.00,0.00,0.00,2.12,1.33,83.10,0.00,0.00,83.0,0,0.000,-0.01,-1,1,0,0,0,0,0,0,0,0,0,PreArm: Board (3.7v) out of range 4.3-5.8v
2026-07-09T13:19:37.667Z,191.014,False,STABILIZE,0.0000000,0.0000000,-3.31,0.00,0.00,0.00,0.00,2.12,1.33,83.10,0.00,0.00,83.0,0,0.000,-0.01,-1,1,0,0,0,0,0,0,0,0,0,PreArm: Board (3.7v) out of range 4.3-5.8v
2026-07-09T13:19:38.170Z,191.518,False,STABILIZE,0.0000000,0.0000000,-3.28,0.00,0.00,0.00,0.00,2.12,1.33,83.10,0.00,0.00,83.0,0,0.000,-0.01,-1,1,0,0,0,0,0,0,0,0,0,PreArm: Board (3.7v) out of range 4.3-5.8v
2026-07-09T13:19:38.671Z,192.018,False,STABILIZE,0.0000000,0.0000000,-3.32,0.00,0.00,0.00,0.00,2.12,1.33,83.10,0.00,0.00,83.0,0,0.000,-0.01,-1,1,0,0,0,0,0,0,0,0,0,PreArm: Board (3.7v) out of range 4.3-5.8v
2026-07-09T13:19:39.262Z,192.610,False,STABILIZE,0.0000000,0.0000000,-3.28,0.00,0.00,0.00,0.00,2.12,1.33,83.10,0.00,0.00,83.0,0,0.000,-0.01,-1,1,0,0,0,0,0,0,0,0,0,PreArm: Board (3.7v) out of range 4.3-5.8v
2026-07-09T13:19:39.764Z,193.111,False,STABILIZE,0.0000000,0.0000000,-3.31,0.00,0.00,0.00,0.00,2.12,1.32,83.10,0.00,0.00,83.0,0,0.000,-0.01,-1,1,0,0,0,0,0,0,0,0,0,PreArm: Board (3.7v) out of range 4.3-5.8v
2026-07-09T13:19:40.264Z,193.611,False,STABILIZE,0.0000000,0.0000000,-3.29,0.00,0.00,0.00,0.00,2.13,1.32,83.10,0.00,0.00,83.0,0,0.000,-0.01,-1,1,0,0,0,0,0,0,0,0,0,PreArm: Board (3.7v) out of range 4.3-5.8v
2026-07-09T13:19:40.764Z,194.111,False,STABILIZE,0.0000000,0.0000000,-3.30,0.00,0.00,0.00,0.00,2.12,1.32,83.10,0.00,0.00,83.0,0,0.000,-0.01,-1,1,0,0,0,0,0,0,0,0,0,PreArm: Board (3.7v) out of range 4.3-5.8v
2026-07-09T13:19:41.264Z,194.612,False,STABILIZE,0.0000000,0.0000000,-3.28,0.00,0.00,0.00,0.00,2.13,1.32,83.10,0.00,0.00,83.0,0,0.000,-0.01,-1,1,0,0,0,0,0,0,0,0,0,PreArm: Board (3.7v) out of range 4.3-5.8v
2026-07-09T13:19:41.764Z,195.112,False,STABILIZE,0.0000000,0.0000000,-3.29,0.00,0.00,0.00,0.00,2.13,1.31,83.10,0.01,0.00,83.0,0,0.000,-0.01,-1,1,0,0,0,0,0,0,0,0,0,PreArm: Board (3.7v) out of range 4.3-5.8v
2026-07-09T13:19:42.264Z,195.612,False,STABILIZE,0.0000000,0.0000000,-3.27,0.00,0.00,0.00,0.00,2.13,1.32,83.10,0.01,0.00,83.0,0,0.000,-0.01,-1,1,0,0,0,0,0,0,0,0,0,PreArm: Board (3.7v) out of range 4.3-5.8v
2026-07-09T13:19:42.764Z,196.112,False,STABILIZE,0.0000000,0.0000000,-3.28,0.00,0.00,0.00,0.00,2.13,1.32,83.10,0.01,0.00,83.0,0,0.000,-0.01,-1,1,0,0,0,0,0,0,0,0,0,PreArm: Board (3.7v) out of range 4.3-5.8v
2026-07-09T13:19:43.264Z,196.612,False,STABILIZE,0.0000000,0.0000000,-3.29,0.00,0.00,0.00,0.00,2.13,1.32,83.10,0.01,0.00,83.0,0,0.000,-0.01,-1,1,0,0,0,0,0,0,0,0,0,PreArm: Board (3.7v) out of range 4.3-5.8v
2026-07-09T13:19:43.764Z,197.112,False,STABILIZE,0.0000000,0.0000000,-3.30,0.00,0.00,0.00,0.00,2.13,1.33,83.10,0.01,0.00,83.0,0,0.000,-0.01,-1,1,0,0,0,0,0,0,0,0,0,PreArm: Board (3.7v) out of range 4.3-5.8v
2026-07-09T13:19:44.264Z,197.612,False,STABILIZE,0.0000000,0.0000000,-3.27,0.00,0.00,0.00,0.00,2.13,1.33,83.10,0.01,0.00,83.0,0,0.000,-0.01,-1,1,0,0,0,0,0,0,0,0,0,PreArm: Board (3.7v) out of range 4.3-5.8v
2026-07-09T13:19:44.764Z,198.112,False,STABILIZE,0.0000000,0.0000000,-3.27,0.00,0.00,0.00,0.00,2.13,1.33,83.10,0.01,0.00,83.0,0,0.000,-0.01,-1,1,0,0,0,0,0,0,0,0,0,PreArm: Board (3.7v) out of range 4.3-5.8v
2026-07-09T13:19:45.265Z,198.613,False,STABILIZE,0.0000000,0.0000000,-3.32,0.00,0.00,0.00,0.00,2.13,1.32,83.10,0.00,0.00,83.0,0,0.000,-0.01,-1,1,0,0,0,0,0,0,0,0,0,PreArm: Board (3.7v) out of range 4.3-5.8v
2026-07-09T13:19:45.767Z,199.115,False,STABILIZE,0.0000000,0.0000000,-3.30,0.00,0.00,0.00,0.00,2.13,1.33,83.10,0.00,0.00,83.0,0,0.000,-0.01,-1,1,0,0,0,0,0,0,0,0,0,PreArm: Board (3.7v) out of range 4.3-5.8v
2026-07-09T13:19:46.269Z,199.617,False,STABILIZE,0.0000000,0.0000000,-3.30,0.00,0.00,0.00,0.00,2.13,1.33,83.10,0.00,0.00,83.0,0,0.000,-0.01,-1,1,0,0,0,0,0,0,0,0,0,PreArm: Board (3.7v) out of range 4.3-5.8v
2026-07-09T13:19:46.769Z,200.117,False,STABILIZE,0.0000000,0.0000000,-3.33,0.00,0.00,0.00,0.00,2.12,1.33,83.09,0.00,0.00,83.0,0,0.000,-0.01,-1,1,0,0,0,0,0,0,0,0,0,PreArm: Board (3.7v) out of range 4.3-5.8v
2026-07-09T13:19:47.269Z,200.617,False,STABILIZE,0.0000000,0.0000000,-3.36,0.00,0.00,0.00,0.00,2.12,1.33,83.09,0.00,0.00,83.0,0,0.000,-0.01,-1,1,0,0,0,0,0,0,0,0,0,PreArm: Board (3.7v) out of range 4.3-5.8v
2026-07-09T13:19:47.769Z,201.117,False,STABILIZE,0.0000000,0.0000000,-3.31,0.00,0.00,0.00,0.00,2.12,1.33,83.09,0.00,0.00,83.0,0,0.000,-0.01,-1,1,0,0,0,0,0,0,0,0,0,PreArm: Board (3.7v) out of range 4.3-5.8v
2026-07-09T13:19:48.269Z,201.617,False,STABILIZE,0.0000000,0.0000000,-3.33,0.00,0.00,0.00,0.00,2.12,1.33,83.09,0.00,0.00,83.0,0,0.000,-0.01,-1,1,0,0,0,0,0,0,0,0,0,PreArm: Board (3.7v) out of range 4.3-5.8v
2026-07-09T13:19:48.769Z,202.117,False,STABILIZE,0.0000000,0.0000000,-3.30,0.00,0.00,0.00,0.00,2.12,1.33,83.09,0.00,0.00,83.0,0,0.000,-0.01,-1,1,0,0,0,0,0,0,0,0,0,PreArm: Board (3.7v) out of range 4.3-5.8v
2026-07-09T13:19:49.270Z,202.617,False,STABILIZE,0.0000000,0.0000000,-3.35,0.00,0.00,0.00,0.00,2.11,1.34,83.09,0.00,0.00,83.0,0,0.000,-0.01,-1,1,0,0,0,0,0,0,0,0,0,PreArm: Board (3.7v) out of range 4.3-5.8v
2026-07-09T13:19:49.862Z,203.209,False,STABILIZE,0.0000000,0.0000000,-3.36,0.00,0.00,0.00,0.00,2.11,1.34,83.09,0.00,0.00,83.0,0,0.000,-0.01,-1,1,0,0,0,0,0,0,0,0,0,PreArm: Board (3.7v) out of range 4.3-5.8v
2026-07-09T13:19:50.362Z,203.709,False,STABILIZE,0.0000000,0.0000000,-3.34,0.00,0.00,0.00,0.00,2.11,1.34,83.09,0.00,0.00,83.0,0,0.000,-0.01,-1,1,0,0,0,0,0,0,0,0,0,PreArm: Board (3.8v) out of range 4.3-5.8v
2026-07-09T13:19:50.862Z,204.209,False,STABILIZE,0.0000000,0.0000000,-3.37,0.00,0.00,0.00,0.00,2.11,1.34,83.09,0.00,0.00,83.0,0,0.000,-0.01,-1,1,0,0,0,0,0,0,0,0,0,PreArm: Board (3.8v) out of range 4.3-5.8v
2026-07-09T13:19:51.362Z,204.709,False,STABILIZE,0.0000000,0.0000000,-3.35,0.00,0.00,0.00,0.00,2.11,1.35,83.09,0.00,0.00,83.0,0,0.000,-0.01,-1,1,0,0,0,0,0,0,0,0,0,PreArm: Board (3.8v) out of range 4.3-5.8v
2026-07-09T13:19:51.862Z,205.209,False,STABILIZE,0.0000000,0.0000000,-3.34,0.00,0.00,0.00,0.00,2.11,1.35,83.09,0.00,0.00,83.0,0,0.000,-0.01,-1,1,0,0,0,0,0,0,0,0,0,PreArm: Board (3.8v) out of range 4.3-5.8v
2026-07-09T13:19:52.362Z,205.710,False,STABILIZE,0.0000000,0.0000000,-3.36,0.00,0.00,0.00,0.00,2.11,1.34,83.09,0.00,0.00,83.0,0,0.000,-0.01,-1,1,0,0,0,0,0,0,0,0,0,PreArm: Board (3.8v) out of range 4.3-5.8v
2026-07-09T13:19:52.862Z,206.210,False,STABILIZE,0.0000000,0.0000000,-3.34,0.00,0.00,0.00,0.00,2.11,1.34,83.09,0.00,0.00,83.0,0,0.000,-0.01,-1,1,0,0,0,0,0,0,0,0,0,PreArm: Board (3.8v) out of range 4.3-5.8v
2026-07-09T13:19:53.362Z,206.710,False,STABILIZE,0.0000000,0.0000000,-3.38,0.00,0.00,0.00,0.00,2.11,1.33,83.09,0.00,0.00,83.0,0,0.000,-0.01,-1,1,0,0,0,0,0,0,0,0,0,PreArm: Board (3.8v) out of range 4.3-5.8v
2026-07-09T13:19:53.862Z,207.210,False,STABILIZE,0.0000000,0.0000000,-3.36,0.00,0.00,0.00,0.00,2.11,1.34,83.09,0.00,0.00,83.0,0,0.000,-0.01,-1,1,0,0,0,0,0,0,0,0,0,PreArm: Board (3.8v) out of range 4.3-5.8v
2026-07-09T13:19:54.362Z,207.710,False,STABILIZE,0.0000000,0.0000000,-3.38,0.00,0.00,0.00,0.00,2.12,1.33,83.09,0.00,0.00,83.0,0,0.000,-0.01,-1,1,0,0,0,0,0,0,0,0,0,PreArm: Board (3.8v) out of range 4.3-5.8v
2026-07-09T13:19:54.862Z,208.210,False,STABILIZE,0.0000000,0.0000000,-3.36,0.00,0.00,0.00,0.00,2.12,1.33,83.09,0.00,0.00,83.0,0,0.000,-0.01,-1,1,0,0,0,0,0,0,0,0,0,PreArm: Board (3.8v) out of range 4.3-5.8v
2026-07-09T13:19:55.362Z,208.710,False,STABILIZE,0.0000000,0.0000000,-3.38,0.00,0.00,0.00,0.00,2.12,1.33,83.09,0.00,0.00,83.0,0,0.000,-0.01,-1,1,0,0,0,0,0,0,0,0,0,PreArm: Board (3.8v) out of range 4.3-5.8v
2026-07-09T13:19:55.862Z,209.210,False,STABILIZE,0.0000000,0.0000000,-3.39,0.00,0.00,0.00,0.00,2.12,1.33,83.09,0.00,0.00,83.0,0,0.000,-0.01,-1,1,0,0,0,0,0,0,0,0,0,PreArm: Board (3.8v) out of range 4.3-5.8v
2026-07-09T13:19:56.362Z,209.710,False,STABILIZE,0.0000000,0.0000000,-3.36,0.00,0.00,0.00,0.00,2.12,1.33,83.09,0.00,0.00,83.0,0,0.000,-0.01,-1,1,0,0,0,0,0,0,0,0,0,PreArm: Board (3.8v) out of range 4.3-5.8v
2026-07-09T13:19:56.862Z,210.210,False,STABILIZE,0.0000000,0.0000000,-3.39,0.00,0.00,0.00,0.00,2.13,1.32,83.09,0.00,0.00,83.0,0,0.000,-0.01,-1,1,0,0,0,0,0,0,0,0,0,PreArm: Board (3.8v) out of range 4.3-5.8v
2026-07-09T13:19:57.362Z,210.710,False,STABILIZE,0.0000000,0.0000000,-3.38,0.00,0.00,0.00,0.00,2.13,1.33,83.09,0.00,0.00,83.0,0,0.000,-0.01,-1,1,0,0,0,0,0,0,0,0,0,PreArm: Board (3.8v) out of range 4.3-5.8v
2026-07-09T13:19:57.864Z,211.211,False,STABILIZE,0.0000000,0.0000000,-3.42,0.00,0.00,0.00,0.00,2.13,1.33,83.09,0.00,0.00,83.0,0,0.000,-0.01,-1,1,0,0,0,0,0,0,0,0,0,PreArm: Board (3.8v) out of range 4.3-5.8v
2026-07-09T13:19:58.364Z,211.712,False,STABILIZE,0.0000000,0.0000000,-3.41,0.00,0.00,0.00,0.00,2.13,1.33,83.09,0.00,0.00,83.0,0,0.000,-0.01,-1,1,0,0,0,0,0,0,0,0,0,PreArm: Board (3.8v) out of range 4.3-5.8v
2026-07-09T13:19:58.864Z,212.212,False,STABILIZE,0.0000000,0.0000000,-3.39,0.00,0.00,0.00,0.00,2.13,1.33,83.09,0.00,0.00,83.0,0,0.000,-0.01,-1,1,0,0,0,0,0,0,0,0,0,PreArm: Board (3.8v) out of range 4.3-5.8v
2026-07-09T13:19:59.364Z,212.712,False,STABILIZE,0.0000000,0.0000000,-3.42,0.00,0.00,0.00,0.01,2.13,1.33,83.09,0.00,0.00,83.0,0,0.000,-0.01,-1,1,0,0,0,0,0,0,0,0,0,PreArm: Board (3.8v) out of range 4.3-5.8v
2026-07-09T13:19:59.864Z,213.212,False,STABILIZE,0.0000000,0.0000000,-3.43,0.00,0.00,0.00,0.01,2.13,1.33,83.09,0.00,0.00,83.0,0,0.000,-0.01,-1,1,0,0,0,0,0,0,0,0,0,PreArm: Board (3.8v) out of range 4.3-5.8v
2026-07-09T13:20:00.364Z,213.712,False,STABILIZE,0.0000000,0.0000000,-3.42,0.00,0.00,0.00,0.01,2.13,1.33,83.09,0.00,0.00,83.0,0,0.000,-0.01,-1,1,0,0,0,0,0,0,0,0,0,PreArm: Board (3.8v) out of range 4.3-5.8v
2026-07-09T13:20:00.866Z,214.214,False,STABILIZE,0.0000000,0.0000000,-3.44,0.00,0.00,0.00,0.01,2.13,1.33,83.09,0.00,0.00,83.0,0,0.000,-0.01,-1,1,0,0,0,0,0,0,0,0,0,PreArm: Board (3.8v) out of range 4.3-5.8v
2026-07-09T13:20:01.367Z,214.715,False,STABILIZE,0.0000000,0.0000000,-3.48,0.00,0.00,0.00,0.01,2.13,1.33,83.08,0.00,0.00,83.0,0,0.000,-0.01,-1,1,0,0,0,0,0,0,0,0,0,PreArm: Board (3.8v) out of range 4.3-5.8v
2026-07-09T13:20:01.867Z,215.215,False,STABILIZE,0.0000000,0.0000000,-3.44,0.00,0.00,0.00,0.01,2.13,1.33,83.08,0.00,0.00,83.0,0,0.000,-0.01,-1,1,0,0,0,0,0,0,0,0,0,PreArm: Board (3.8v) out of range 4.3-5.8v
2026-07-09T13:20:02.369Z,215.717,False,STABILIZE,0.0000000,0.0000000,-3.47,0.00,0.00,0.00,0.01,2.13,1.33,83.08,0.00,0.00,83.0,0,0.000,-0.01,-1,1,0,0,0,0,0,0,0,0,0,PreArm: Board (3.8v) out of range 4.3-5.8v
2026-07-09T13:20:02.869Z,216.217,False,STABILIZE,0.0000000,0.0000000,-3.48,0.00,0.00,0.00,0.01,2.12,1.34,83.08,0.00,0.00,83.0,0,0.000,-0.01,-1,1,0,0,0,0,0,0,0,0,0,PreArm: Board (3.8v) out of range 4.3-5.8v
2026-07-09T13:20:03.369Z,216.717,False,STABILIZE,0.0000000,0.0000000,-3.48,0.00,0.00,0.00,0.01,2.12,1.34,83.07,0.00,0.00,83.0,0,0.000,-0.01,-1,1,0,0,0,0,0,0,0,0,0,PreArm: Board (3.8v) out of range 4.3-5.8v
2026-07-09T13:20:03.869Z,217.217,False,STABILIZE,0.0000000,0.0000000,-3.47,0.00,0.00,0.00,0.01,2.12,1.34,83.07,0.00,0.00,83.0,0,0.000,-0.01,-1,1,0,0,0,0,0,0,0,0,0,PreArm: Board (3.8v) out of range 4.3-5.8v
2026-07-09T13:20:04.466Z,217.814,False,STABILIZE,0.0000000,0.0000000,-3.51,0.00,0.00,0.00,0.01,2.12,1.33,83.07,0.00,0.00,83.0,0,0.000,-0.01,-1,1,0,0,0,0,0,0,0,0,0,PreArm: Board (3.8v) out of range 4.3-5.8v
2026-07-09T13:20:04.966Z,218.314,False,STABILIZE,0.0000000,0.0000000,-3.49,0.00,0.00,0.00,0.02,2.12,1.33,83.07,0.00,0.00,83.0,0,0.000,-0.01,-1,1,0,0,0,0,0,0,0,0,0,PreArm: Board (3.8v) out of range 4.3-5.8v
2026-07-09T13:20:05.466Z,218.814,False,STABILIZE,0.0000000,0.0000000,-3.50,0.00,0.00,0.00,0.02,2.12,1.33,83.07,0.00,0.00,83.0,0,0.000,-0.01,-1,1,0,0,0,0,0,0,0,0,0,PreArm: Board (3.8v) out of range 4.3-5.8v
2026-07-09T13:20:05.966Z,219.314,False,STABILIZE,0.0000000,0.0000000,-3.53,0.00,0.00,0.00,0.02,2.12,1.33,83.06,0.00,0.00,83.0,0,0.000,-0.01,-1,1,0,0,0,0,0,0,0,0,0,PreArm: Board (3.8v) out of range 4.3-5.8v
2026-07-09T13:20:06.467Z,219.814,False,STABILIZE,0.0000000,0.0000000,-3.55,0.00,0.00,0.00,0.02,2.12,1.33,83.06,0.00,0.00,83.0,0,0.000,-0.01,-1,1,0,0,0,0,0,0,0,0,0,PreArm: Board (3.8v) out of range 4.3-5.8v
2026-07-09T13:20:06.967Z,220.314,False,STABILIZE,0.0000000,0.0000000,-3.58,0.00,0.00,0.00,0.02,2.12,1.33,83.06,0.00,0.00,83.0,0,0.000,-0.01,-1,1,0,0,0,0,0,0,0,0,0,PreArm: Board (3.8v) out of range 4.3-5.8v
2026-07-09T13:20:07.469Z,220.817,False,STABILIZE,0.0000000,0.0000000,-3.55,0.00,0.00,0.00,0.02,2.12,1.33,83.06,0.00,0.00,83.0,0,0.000,-0.01,-1,1,0,0,0,0,0,0,0,0,0,PreArm: Board (3.8v) out of range 4.3-5.8v
2026-07-09T13:20:07.970Z,221.317,False,STABILIZE,0.0000000,0.0000000,-3.57,0.00,0.00,0.00,0.02,2.12,1.33,83.06,0.00,0.00,83.0,0,0.000,-0.01,-1,1,0,0,0,0,0,0,0,0,0,PreArm: Board (3.8v) out of range 4.3-5.8v
2026-07-09T13:20:08.470Z,221.817,False,STABILIZE,0.0000000,0.0000000,-3.58,0.00,0.00,0.00,0.02,2.12,1.33,83.06,0.00,0.00,83.0,0,0.000,-0.01,-1,1,0,0,0,0,0,0,0,0,0,PreArm: Board (3.8v) out of range 4.3-5.8v
2026-07-09T13:20:08.972Z,222.319,False,STABILIZE,0.0000000,0.0000000,-3.55,0.00,0.00,0.00,0.02,2.11,1.33,83.06,0.00,0.00,83.0,0,0.000,-0.01,-1,1,0,0,0,0,0,0,0,0,0,PreArm: Board (3.8v) out of range 4.3-5.8v
2026-07-09T13:20:09.562Z,222.909,False,STABILIZE,0.0000000,0.0000000,-3.55,0.00,0.00,0.00,0.02,2.11,1.33,83.07,0.00,0.00,83.0,0,0.000,-0.01,-1,1,0,0,0,0,0,0,0,0,0,PreArm: Board (3.8v) out of range 4.3-5.8v
2026-07-09T13:20:10.062Z,223.409,False,STABILIZE,0.0000000,0.0000000,-3.53,0.00,0.00,0.00,0.02,2.11,1.34,83.07,0.00,0.00,83.0,0,0.000,-0.01,-1,1,0,0,0,0,0,0,0,0,0,PreArm: Board (3.8v) out of range 4.3-5.8v
2026-07-09T13:20:10.566Z,223.914,False,STABILIZE,0.0000000,0.0000000,-3.55,0.00,0.00,0.00,0.01,2.10,1.34,83.07,0.00,0.00,83.0,0,0.000,-0.01,-1,1,0,0,0,0,0,0,0,0,0,PreArm: Board (3.8v) out of range 4.3-5.8v
2026-07-09T13:20:11.070Z,224.418,False,STABILIZE,0.0000000,0.0000000,-3.53,0.00,0.00,0.00,0.01,2.11,1.34,83.08,0.00,0.00,83.0,0,0.000,-0.01,-1,1,0,0,0,0,0,0,0,0,0,PreArm: Board (3.8v) out of range 4.3-5.8v
2026-07-09T13:20:11.654Z,225.001,False,STABILIZE,0.0000000,0.0000000,-3.53,0.00,0.00,0.00,0.00,2.11,1.34,83.07,0.00,0.00,83.0,0,0.000,-0.01,-1,1,0,0,0,0,0,0,0,0,0,PreArm: Board (3.8v) out of range 4.3-5.8v
2026-07-09T13:20:12.162Z,225.509,False,STABILIZE,0.0000000,0.0000000,-3.51,0.00,0.00,0.00,0.00,2.11,1.34,83.08,0.00,0.00,83.0,0,0.000,-0.01,-1,1,0,0,0,0,0,0,0,0,0,PreArm: Board (3.8v) out of range 4.3-5.8v
2026-07-09T13:20:12.662Z,226.010,False,STABILIZE,0.0000000,0.0000000,-3.51,0.00,0.00,0.00,0.00,2.10,1.34,83.08,0.00,0.00,83.0,0,0.000,-0.01,-1,1,0,0,0,0,0,0,0,0,0,PreArm: Board (3.8v) out of range 4.3-5.8v
2026-07-09T13:20:13.162Z,226.510,False,STABILIZE,0.0000000,0.0000000,-3.49,0.00,0.00,0.00,0.00,2.11,1.34,83.08,0.01,0.00,83.0,0,0.000,-0.01,-1,1,0,0,0,0,0,0,0,0,0,PreArm: Board (3.8v) out of range 4.3-5.8v
2026-07-09T13:20:13.662Z,227.010,False,STABILIZE,0.0000000,0.0000000,-3.48,0.00,0.00,0.00,0.00,2.11,1.34,83.08,0.01,0.00,83.0,0,0.000,-0.01,-1,1,0,0,0,0,0,0,0,0,0,PreArm: Board (3.8v) out of range 4.3-5.8v
2026-07-09T13:20:14.162Z,227.510,False,STABILIZE,0.0000000,0.0000000,-3.47,0.00,0.00,0.00,0.00,2.11,1.34,83.08,0.00,0.00,83.0,0,0.000,-0.01,-1,1,0,0,0,0,0,0,0,0,0,PreArm: Board (3.8v) out of range 4.3-5.8v
2026-07-09T13:20:14.662Z,228.010,False,STABILIZE,0.0000000,0.0000000,-3.44,0.00,0.00,0.00,-0.01,2.11,1.33,83.08,0.00,0.00,83.0,0,0.000,-0.01,-1,1,0,0,0,0,0,0,0,0,0,PreArm: Board (3.8v) out of range 4.3-5.8v
2026-07-09T13:20:15.162Z,228.510,False,STABILIZE,0.0000000,0.0000000,-3.46,0.00,0.00,0.00,-0.01,2.11,1.33,83.08,0.00,0.00,83.0,0,0.000,-0.01,-1,1,0,0,0,0,0,0,0,0,0,PreArm: Board (3.8v) out of range 4.3-5.8v
2026-07-09T13:20:15.662Z,229.010,False,STABILIZE,0.0000000,0.0000000,-3.48,0.00,0.00,0.00,-0.01,2.11,1.33,83.08,0.00,0.00,83.0,0,0.000,-0.01,-1,1,0,0,0,0,0,0,0,0,0,PreArm: Board (3.8v) out of range 4.3-5.8v
2026-07-09T13:20:16.164Z,229.512,False,STABILIZE,0.0000000,0.0000000,-3.45,0.00,0.00,0.00,-0.01,2.11,1.33,83.08,0.00,0.00,83.0,0,0.000,-0.01,-1,1,0,0,0,0,0,0,0,0,0,PreArm: Board (3.8v) out of range 4.3-5.8v
2026-07-09T13:20:16.664Z,230.012,False,STABILIZE,0.0000000,0.0000000,-3.47,0.00,0.00,0.00,-0.02,2.12,1.33,83.08,0.00,0.00,83.0,0,0.000,-0.01,-1,1,0,0,0,0,0,0,0,0,0,PreArm: Board (3.8v) out of range 4.3-5.8v
2026-07-09T13:20:17.164Z,230.512,False,STABILIZE,0.0000000,0.0000000,-3.44,0.00,0.00,0.00,-0.02,2.12,1.33,83.08,0.00,0.00,83.0,0,0.000,-0.01,-1,1,0,0,0,0,0,0,0,0,0,PreArm: Board (3.8v) out of range 4.3-5.8v
2026-07-09T13:20:17.664Z,231.012,False,STABILIZE,0.0000000,0.0000000,-3.44,0.00,0.00,0.00,-0.02,2.12,1.33,83.08,0.00,0.00,83.0,0,0.000,-0.01,-1,1,0,0,0,0,0,0,0,0,0,PreArm: Board (3.8v) out of range 4.3-5.8v
2026-07-09T13:20:18.164Z,231.512,False,STABILIZE,0.0000000,0.0000000,-3.41,0.00,0.00,0.00,-0.02,2.12,1.33,83.07,0.00,0.00,83.0,0,0.000,-0.01,-1,1,0,0,0,0,0,0,0,0,0,PreArm: Board (3.8v) out of range 4.3-5.8v
2026-07-09T13:20:18.664Z,232.012,False,STABILIZE,0.0000000,0.0000000,-3.44,0.00,0.00,0.00,-0.02,2.12,1.33,83.07,0.00,0.00,83.0,0,0.000,-0.01,-1,1,0,0,0,0,0,0,0,0,0,PreArm: Board (3.8v) out of range 4.3-5.8v
2026-07-09T13:20:19.164Z,232.512,False,STABILIZE,0.0000000,0.0000000,-3.46,0.00,0.00,0.00,-0.02,2.12,1.33,83.07,0.00,0.00,83.0,0,0.000,-0.01,-1,1,0,0,0,0,0,0,0,0,0,PreArm: Board (3.8v) out of range 4.3-5.8v
2026-07-09T13:20:19.664Z,233.012,False,STABILIZE,0.0000000,0.0000000,-3.46,0.00,0.00,0.00,-0.02,2.12,1.33,83.07,0.00,0.00,83.0,0,0.000,-0.01,-1,1,0,0,0,0,0,0,0,0,0,PreArm: Board (3.8v) out of range 4.3-5.8v
2026-07-09T13:20:20.165Z,233.512,False,STABILIZE,0.0000000,0.0000000,-3.44,0.00,0.00,0.00,-0.02,2.12,1.33,83.07,0.00,0.00,83.0,0,0.000,-0.01,-1,1,0,0,0,0,0,0,0,0,0,PreArm: Board (3.8v) out of range 4.3-5.8v
2026-07-09T13:20:20.665Z,234.012,False,STABILIZE,0.0000000,0.0000000,-3.44,0.00,0.00,0.00,-0.02,2.12,1.33,83.07,0.00,0.00,83.0,0,0.000,-0.01,-1,1,0,0,0,0,0,0,0,0,0,PreArm: Board (3.8v) out of range 4.3-5.8v
2026-07-09T13:20:21.165Z,234.512,False,STABILIZE,0.0000000,0.0000000,-3.48,0.00,0.00,0.00,-0.01,2.12,1.33,83.07,0.00,0.00,83.0,0,0.000,-0.01,-1,1,0,0,0,0,0,0,0,0,0,PreArm: Board (3.8v) out of range 4.3-5.8v
2026-07-09T13:20:21.665Z,235.012,False,STABILIZE,0.0000000,0.0000000,-3.49,0.00,0.00,0.00,-0.01,2.12,1.33,83.07,0.00,0.00,83.0,0,0.000,-0.01,-1,1,0,0,0,0,0,0,0,0,0,PreArm: Board (3.8v) out of range 4.3-5.8v
2026-07-09T13:20:22.165Z,235.512,False,STABILIZE,0.0000000,0.0000000,-3.49,0.00,0.00,0.00,-0.01,2.12,1.32,83.07,0.00,0.00,83.0,0,0.000,-0.01,-1,1,0,0,0,0,0,0,0,0,0,PreArm: Board (3.8v) out of range 4.3-5.8v
2026-07-09T13:20:22.667Z,236.014,False,STABILIZE,0.0000000,0.0000000,-3.48,0.00,0.00,0.00,-0.01,2.12,1.32,83.07,0.00,0.00,83.0,0,0.000,-0.01,-1,1,0,0,0,0,0,0,0,0,0,PreArm: Board (3.8v) out of range 4.3-5.8v
2026-07-09T13:20:23.170Z,236.518,False,STABILIZE,0.0000000,0.0000000,-3.49,0.00,0.00,0.00,0.00,2.12,1.33,83.06,0.00,0.00,83.0,0,0.000,-0.01,-1,1,0,0,0,0,0,0,0,0,0,PreArm: Board (3.8v) out of range 4.3-5.8v
2026-07-09T13:20:23.671Z,237.019,False,STABILIZE,0.0000000,0.0000000,-3.51,0.00,0.00,0.00,0.00,2.12,1.33,83.07,0.00,0.00,83.0,0,0.000,-0.01,-1,1,0,0,0,0,0,0,0,0,0,PreArm: Board (3.8v) out of range 4.3-5.8v
2026-07-09T13:20:24.262Z,237.609,False,STABILIZE,0.0000000,0.0000000,-3.51,0.00,0.00,0.00,0.00,2.12,1.33,83.07,0.00,0.00,83.0,0,0.000,-0.01,-1,1,0,0,0,0,0,0,0,0,0,PreArm: Board (3.8v) out of range 4.3-5.8v
2026-07-09T13:20:24.762Z,238.109,False,STABILIZE,0.0000000,0.0000000,-3.48,0.00,0.00,0.00,0.00,2.11,1.33,83.07,0.00,0.00,83.0,0,0.000,-0.01,-1,1,0,0,0,0,0,0,0,0,0,PreArm: Board (3.8v) out of range 4.3-5.8v
2026-07-09T13:20:25.262Z,238.609,False,STABILIZE,0.0000000,0.0000000,-3.50,0.00,0.00,0.00,0.00,2.11,1.33,83.06,0.00,0.00,83.0,0,0.000,-0.01,-1,1,0,0,0,0,0,0,0,0,0,PreArm: Board (3.8v) out of range 4.3-5.8v
2026-07-09T13:20:25.762Z,239.110,False,STABILIZE,0.0000000,0.0000000,-3.49,0.00,0.00,0.00,0.00,2.11,1.32,83.06,0.00,0.00,83.0,0,0.000,-0.01,-1,1,0,0,0,0,0,0,0,0,0,PreArm: Board (3.8v) out of range 4.3-5.8v
2026-07-09T13:20:26.262Z,239.610,False,STABILIZE,0.0000000,0.0000000,-3.54,0.00,0.00,0.00,0.00,2.11,1.33,83.06,0.01,0.00,83.0,0,0.000,-0.01,-1,1,0,0,0,0,0,0,0,0,0,PreArm: Board (3.8v) out of range 4.3-5.8v
2026-07-09T13:20:26.762Z,240.110,False,STABILIZE,0.0000000,0.0000000,-3.54,0.00,0.00,0.00,0.00,2.11,1.32,83.06,0.01,0.00,83.0,0,0.000,-0.01,-1,1,0,0,0,0,0,0,0,0,0,PreArm: Board (3.8v) out of range 4.3-5.8v
2026-07-09T13:20:27.262Z,240.610,False,STABILIZE,0.0000000,0.0000000,-3.53,0.00,0.00,0.00,0.01,2.11,1.32,83.06,0.01,0.00,83.0,0,0.000,-0.01,-1,1,0,0,0,0,0,0,0,0,0,PreArm: Board (3.8v) out of range 4.3-5.8v
2026-07-09T13:20:27.762Z,241.110,False,STABILIZE,0.0000000,0.0000000,-3.57,0.00,0.00,0.00,0.01,2.11,1.32,83.06,0.01,0.00,83.0,0,0.000,-0.01,-1,1,0,0,0,0,0,0,0,0,0,PreArm: Board (3.8v) out of range 4.3-5.8v
2026-07-09T13:20:28.263Z,241.610,False,STABILIZE,0.0000000,0.0000000,-3.57,0.00,0.00,0.00,0.01,2.11,1.32,83.06,0.01,0.00,83.0,0,0.000,-0.01,-1,1,0,0,0,0,0,0,0,0,0,PreArm: Board (3.8v) out of range 4.3-5.8v
2026-07-09T13:20:28.765Z,242.113,False,STABILIZE,0.0000000,0.0000000,-3.57,0.00,0.00,0.00,0.01,2.11,1.32,83.06,0.01,0.00,83.0,0,0.000,-0.01,-1,1,0,0,0,0,0,0,0,0,0,PreArm: Board (3.8v) out of range 4.3-5.8v
2026-07-09T13:20:29.267Z,242.614,False,STABILIZE,0.0000000,0.0000000,-3.56,0.00,0.00,0.00,0.01,2.11,1.32,83.06,0.01,0.00,83.0,0,0.000,-0.01,-1,1,0,0,0,0,0,0,0,0,0,PreArm: Board (3.8v) out of range 4.3-5.8v
2026-07-09T13:20:29.767Z,243.115,False,STABILIZE,0.0000000,0.0000000,-3.54,0.00,0.00,0.00,0.01,2.11,1.32,83.06,0.01,0.00,83.0,0,0.000,-0.01,-1,1,0,0,0,0,0,0,0,0,0,PreArm: Board (3.8v) out of range 4.3-5.8v
2026-07-09T13:20:30.267Z,243.615,False,STABILIZE,0.0000000,0.0000000,-3.55,0.00,0.00,0.00,0.01,2.11,1.32,83.06,0.01,0.00,83.0,0,0.000,-0.01,-1,1,0,0,0,0,0,0,0,0,0,PreArm: Board (3.8v) out of range 4.3-5.8v
2026-07-09T13:20:30.767Z,244.115,False,STABILIZE,0.0000000,0.0000000,-3.55,0.00,0.00,0.00,0.01,2.11,1.32,83.06,0.01,0.00,83.0,0,0.000,-0.01,-1,1,0,0,0,0,0,0,0,0,0,PreArm: Board (3.8v) out of range 4.3-5.8v
2026-07-09T13:20:31.267Z,244.615,False,STABILIZE,0.0000000,0.0000000,-3.57,0.00,0.00,0.00,0.01,2.11,1.33,83.06,0.01,0.00,83.0,0,0.000,-0.01,-1,1,0,0,0,0,0,0,0,0,0,PreArm: Board (3.8v) out of range 4.3-5.8v
2026-07-09T13:20:31.769Z,245.116,False,STABILIZE,0.0000000,0.0000000,-3.60,0.00,0.00,0.00,0.01,2.11,1.33,83.06,0.01,0.00,83.0,0,0.000,-0.01,-1,1,0,0,0,0,0,0,0,0,0,PreArm: Board (3.8v) out of range 4.3-5.8v
2026-07-09T13:20:32.271Z,245.619,False,STABILIZE,0.0000000,0.0000000,-3.58,0.00,0.00,0.00,0.01,2.11,1.33,83.06,0.01,0.00,83.0,0,0.000,-0.01,-1,1,0,0,0,0,0,0,0,0,0,PreArm: Board (3.8v) out of range 4.3-5.8v
2026-07-09T13:20:32.861Z,246.209,False,STABILIZE,0.0000000,0.0000000,-3.59,0.00,0.00,0.00,0.01,2.11,1.33,83.06,0.00,0.00,83.0,0,0.000,-0.01,-1,1,0,0,0,0,0,0,0,0,0,PreArm: Board (3.8v) out of range 4.3-5.8v
2026-07-09T13:20:33.361Z,246.709,False,STABILIZE,0.0000000,0.0000000,-3.60,0.00,0.00,0.00,0.01,2.11,1.33,83.06,0.00,0.00,83.0,0,0.000,-0.01,-1,1,0,0,0,0,0,0,0,0,0,PreArm: Board (3.8v) out of range 4.3-5.8v
2026-07-09T13:20:33.862Z,247.210,False,STABILIZE,0.0000000,0.0000000,-3.59,0.00,0.00,0.00,0.01,2.11,1.33,83.05,0.00,0.00,83.0,0,0.000,-0.01,-1,1,0,0,0,0,0,0,0,0,0,PreArm: Board (3.8v) out of range 4.3-5.8v
2026-07-09T13:20:34.362Z,247.710,False,STABILIZE,0.0000000,0.0000000,-3.58,0.00,0.00,0.00,0.01,2.11,1.33,83.06,0.00,0.00,83.0,0,0.000,-0.01,-1,1,0,0,0,0,0,0,0,0,0,PreArm: Board (3.8v) out of range 4.3-5.8v
2026-07-09T13:20:34.862Z,248.210,False,STABILIZE,0.0000000,0.0000000,-3.59,0.00,0.00,0.00,0.01,2.11,1.33,83.06,0.00,0.00,83.0,0,0.000,-0.01,-1,1,0,0,0,0,0,0,0,0,0,PreArm: Board (3.8v) out of range 4.3-5.8v
2026-07-09T13:20:35.366Z,248.713,False,STABILIZE,0.0000000,0.0000000,-3.62,0.00,0.00,0.00,0.01,2.11,1.33,83.06,0.00,0.00,83.0,0,0.000,-0.01,-1,1,0,0,0,0,0,0,0,0,0,PreArm: Board (3.8v) out of range 4.3-5.8v
2026-07-09T13:20:35.866Z,249.214,False,STABILIZE,0.0000000,0.0000000,-3.60,0.00,0.00,0.00,0.01,2.11,1.34,83.05,0.00,0.00,83.0,0,0.000,-0.01,-1,1,0,0,0,0,0,0,0,0,0,PreArm: Board (3.8v) out of range 4.3-5.8v
2026-07-09T13:20:36.369Z,249.717,False,STABILIZE,0.0000000,0.0000000,-3.61,0.00,0.00,0.00,0.01,2.11,1.34,83.06,0.00,0.00,83.0,0,0.000,-0.01,-1,1,0,0,0,0,0,0,0,0,0,PreArm: Board (3.8v) out of range 4.3-5.8v
2026-07-09T13:20:36.869Z,250.217,False,STABILIZE,0.0000000,0.0000000,-3.62,0.00,0.00,0.00,0.01,2.11,1.34,83.06,0.00,0.00,83.0,0,0.000,-0.01,-1,1,0,0,0,0,0,0,0,0,0,PreArm: Board (3.8v) out of range 4.3-5.8v
2026-07-09T13:20:37.370Z,250.718,False,STABILIZE,0.0000000,0.0000000,-3.57,0.00,0.00,0.00,0.00,2.11,1.34,83.06,0.00,0.00,83.0,0,0.000,-0.01,-1,1,0,0,0,0,0,0,0,0,0,PreArm: Board (3.8v) out of range 4.3-5.8v
2026-07-09T13:20:37.962Z,251.309,False,STABILIZE,0.0000000,0.0000000,-3.60,0.00,0.00,0.00,0.00,2.12,1.35,83.06,0.00,0.00,83.0,0,0.000,-0.01,-1,1,0,0,0,0,0,0,0,0,0,PreArm: Board (3.8v) out of range 4.3-5.8v
2026-07-09T13:20:38.463Z,251.810,False,STABILIZE,0.0000000,0.0000000,-3.60,0.00,0.00,0.00,0.00,2.12,1.35,83.06,0.00,0.00,83.0,0,0.000,-0.01,-1,1,0,0,0,0,0,0,0,0,0,PreArm: Board (3.8v) out of range 4.3-5.8v
2026-07-09T13:20:38.964Z,252.312,False,STABILIZE,0.0000000,0.0000000,-3.62,0.00,0.00,0.00,0.00,2.12,1.34,83.06,0.00,0.00,83.0,0,0.000,-0.01,-1,1,0,0,0,0,0,0,0,0,0,PreArm: Board (3.8v) out of range 4.3-5.8v
2026-07-09T13:20:39.464Z,252.812,False,STABILIZE,0.0000000,0.0000000,-3.62,0.00,0.00,0.00,0.00,2.13,1.34,83.06,0.00,0.00,83.0,0,0.000,-0.01,-1,1,0,0,0,0,0,0,0,0,0,PreArm: Board (3.8v) out of range 4.3-5.8v
2026-07-09T13:20:39.965Z,253.312,False,STABILIZE,0.0000000,0.0000000,-3.61,0.00,0.00,0.00,0.00,2.12,1.34,83.06,0.00,0.00,83.0,0,0.000,-0.01,-1,1,0,0,0,0,0,0,0,0,0,PreArm: Board (3.8v) out of range 4.3-5.8v
2026-07-09T13:20:40.465Z,253.812,False,STABILIZE,0.0000000,0.0000000,-3.62,0.00,0.00,0.00,0.00,2.12,1.34,83.06,0.00,0.00,83.0,0,0.000,-0.01,-1,1,0,0,0,0,0,0,0,0,0,PreArm: Board (3.8v) out of range 4.3-5.8v
2026-07-09T13:20:40.965Z,254.312,False,STABILIZE,0.0000000,0.0000000,-3.62,0.00,0.00,0.00,0.00,2.12,1.34,83.06,0.00,0.00,83.0,0,0.000,-0.01,-1,1,0,0,0,0,0,0,0,0,0,PreArm: Board (3.8v) out of range 4.3-5.8v
2026-07-09T13:20:41.467Z,254.814,False,STABILIZE,0.0000000,0.0000000,-3.62,0.00,0.00,0.00,0.00,2.12,1.34,83.06,0.00,0.00,83.0,0,0.000,-0.01,-1,1,0,0,0,0,0,0,0,0,0,PreArm: Board (3.8v) out of range 4.3-5.8v
2026-07-09T13:20:41.967Z,255.314,False,STABILIZE,0.0000000,0.0000000,-3.62,0.00,0.00,0.00,0.00,2.12,1.33,83.06,0.00,0.00,83.0,0,0.000,-0.01,-1,1,0,0,0,0,0,0,0,0,0,PreArm: Board (3.8v) out of range 4.3-5.8v
2026-07-09T13:20:42.467Z,255.814,False,STABILIZE,0.0000000,0.0000000,-3.58,0.00,0.00,0.00,0.00,2.12,1.33,83.06,0.00,0.00,83.0,0,0.000,-0.01,-1,1,0,0,0,0,0,0,0,0,0,PreArm: Board (3.8v) out of range 4.3-5.8v
2026-07-09T13:20:42.970Z,256.318,False,STABILIZE,0.0000000,0.0000000,-3.59,0.00,0.00,0.00,0.00,2.12,1.33,83.06,0.00,0.00,83.0,0,0.000,-0.01,-1,1,0,0,0,0,0,0,0,0,0,PreArm: Board (3.8v) out of range 4.3-5.8v
2026-07-09T13:20:43.562Z,256.909,False,STABILIZE,0.0000000,0.0000000,-3.60,0.00,0.00,0.00,0.00,2.12,1.33,83.06,0.00,0.00,83.0,0,0.000,-0.01,-1,1,0,0,0,0,0,0,0,0,0,PreArm: Board (3.8v) out of range 4.3-5.8v
2026-07-09T13:20:44.062Z,257.409,False,STABILIZE,0.0000000,0.0000000,-3.61,0.00,0.00,0.00,0.00,2.12,1.33,83.07,0.00,0.00,83.0,0,0.000,-0.01,-1,1,0,0,0,0,0,0,0,0,0,PreArm: Board (3.8v) out of range 4.3-5.8v
2026-07-09T13:20:44.562Z,257.909,False,STABILIZE,0.0000000,0.0000000,-3.61,0.00,0.00,0.00,0.00,2.12,1.34,83.07,0.00,0.00,83.0,0,0.000,-0.01,-1,1,0,0,0,0,0,0,0,0,0,PreArm: Board (3.8v) out of range 4.3-5.8v
2026-07-09T13:20:45.062Z,258.410,False,STABILIZE,0.0000000,0.0000000,-3.58,0.00,0.00,0.00,0.00,2.12,1.34,83.07,0.00,0.00,83.0,0,0.000,-0.01,-1,1,0,0,0,0,0,0,0,0,0,PreArm: Board (3.8v) out of range 4.3-5.8v
2026-07-09T13:20:45.562Z,258.910,False,STABILIZE,0.0000000,0.0000000,-3.60,0.00,0.00,0.00,0.00,2.12,1.34,83.07,0.00,0.00,83.0,0,0.000,-0.01,-1,1,0,0,0,0,0,0,0,0,0,PreArm: Board (3.8v) out of range 4.3-5.8v
2026-07-09T13:20:46.062Z,259.410,False,STABILIZE,0.0000000,0.0000000,-3.61,0.00,0.00,0.00,0.00,2.12,1.34,83.07,0.00,0.00,83.0,0,0.000,-0.01,-1,1,0,0,0,0,0,0,0,0,0,PreArm: Board (3.8v) out of range 4.3-5.8v
2026-07-09T13:20:46.562Z,259.910,False,STABILIZE,0.0000000,0.0000000,-3.61,0.00,0.00,0.00,0.00,2.12,1.34,83.07,0.00,0.00,83.0,0,0.000,-0.01,-1,1,0,0,0,0,0,0,0,0,0,PreArm: Board (3.8v) out of range 4.3-5.8v
2026-07-09T13:20:47.062Z,260.410,False,STABILIZE,0.0000000,0.0000000,-3.60,0.00,0.00,0.00,0.00,2.12,1.34,83.08,0.00,0.00,83.0,0,0.000,-0.01,-1,1,0,0,0,0,0,0,0,0,0,PreArm: Board (3.8v) out of range 4.3-5.8v
2026-07-09T13:20:47.562Z,260.910,False,STABILIZE,0.0000000,0.0000000,-3.58,0.00,0.00,0.00,0.00,2.12,1.34,83.08,0.00,0.00,83.0,0,0.000,-0.01,-1,1,0,0,0,0,0,0,0,0,0,PreArm: Board (3.8v) out of range 4.3-5.8v
2026-07-09T13:20:48.062Z,261.410,False,STABILIZE,0.0000000,0.0000000,-3.61,0.00,0.00,0.00,0.00,2.12,1.34,83.08,0.00,0.00,83.0,0,0.000,-0.01,-1,1,0,0,0,0,0,0,0,0,0,PreArm: Board (3.8v) out of range 4.3-5.8v
2026-07-09T13:20:48.562Z,261.910,False,STABILIZE,0.0000000,0.0000000,-3.63,0.00,0.00,0.00,0.00,2.12,1.34,83.08,0.00,0.00,83.0,0,0.000,-0.01,-1,1,0,0,0,0,0,0,0,0,0,PreArm: Board (3.8v) out of range 4.3-5.8v
2026-07-09T13:20:49.062Z,262.410,False,STABILIZE,0.0000000,0.0000000,-3.58,0.00,0.00,0.00,0.00,2.12,1.34,83.09,0.00,0.00,83.0,0,0.000,-0.01,-1,1,0,0,0,0,0,0,0,0,0,PreArm: Board (3.8v) out of range 4.3-5.8v
2026-07-09T13:20:49.564Z,262.912,False,STABILIZE,0.0000000,0.0000000,-3.65,0.00,0.00,0.00,0.00,2.13,1.34,83.09,0.00,0.00,83.0,0,0.000,-0.01,-1,1,0,0,0,0,0,0,0,0,0,PreArm: Board (3.8v) out of range 4.3-5.8v
2026-07-09T13:20:50.064Z,263.412,False,STABILIZE,0.0000000,0.0000000,-3.63,0.00,0.00,0.00,0.00,2.13,1.34,83.09,0.00,0.00,83.0,0,0.000,-0.01,-1,1,0,0,0,0,0,0,0,0,0,PreArm: Board (3.8v) out of range 4.3-5.8v
2026-07-09T13:20:50.564Z,263.912,False,STABILIZE,0.0000000,0.0000000,-3.65,0.00,0.00,0.00,0.00,2.13,1.34,83.09,0.00,0.00,83.0,0,0.000,-0.01,-1,1,0,0,0,0,0,0,0,0,0,PreArm: Board (3.8v) out of range 4.3-5.8v
2026-07-09T13:20:51.064Z,264.412,False,STABILIZE,0.0000000,0.0000000,-3.65,0.00,0.00,0.00,0.00,2.13,1.34,83.10,0.00,0.00,83.0,0,0.000,-0.01,-1,1,0,0,0,0,0,0,0,0,0,PreArm: Board (3.8v) out of range 4.3-5.8v
2026-07-09T13:20:51.564Z,264.912,False,STABILIZE,0.0000000,0.0000000,-3.65,0.00,0.00,0.00,0.00,2.12,1.34,83.09,0.00,0.00,83.0,0,0.000,-0.01,-1,1,0,0,0,0,0,0,0,0,0,PreArm: Board (3.8v) out of range 4.3-5.8v
2026-07-09T13:20:52.064Z,265.412,False,STABILIZE,0.0000000,0.0000000,-3.68,0.00,0.00,0.00,0.00,2.12,1.34,83.09,0.00,0.00,83.0,0,0.000,-0.01,-1,1,0,0,0,0,0,0,0,0,0,PreArm: Board (3.8v) out of range 4.3-5.8v
2026-07-09T13:20:52.564Z,265.912,False,STABILIZE,0.0000000,0.0000000,-3.62,0.00,0.00,0.00,0.00,2.12,1.34,83.09,0.00,0.00,83.0,0,0.000,-0.01,-1,1,0,0,0,0,0,0,0,0,0,PreArm: Board (3.8v) out of range 4.3-5.8v
2026-07-09T13:20:53.064Z,266.412,False,STABILIZE,0.0000000,0.0000000,-3.66,0.00,0.00,0.00,0.00,2.12,1.34,83.09,0.00,0.00,83.0,0,0.000,-0.01,-1,1,0,0,0,0,0,0,0,0,0,PreArm: Board (3.8v) out of range 4.3-5.8v
2026-07-09T13:20:53.565Z,266.912,False,STABILIZE,0.0000000,0.0000000,-3.68,0.00,0.00,0.00,0.00,2.12,1.34,83.09,0.00,0.00,83.0,0,0.000,-0.01,-1,1,0,0,0,0,0,0,0,0,0,PreArm: Board (3.8v) out of range 4.3-5.8v
2026-07-09T13:20:54.065Z,267.412,False,STABILIZE,0.0000000,0.0000000,-3.68,0.00,0.00,0.00,0.00,2.12,1.34,83.09,0.00,0.00,83.0,0,0.000,-0.01,-1,1,0,0,0,0,0,0,0,0,0,PreArm: Board (3.8v) out of range 4.3-5.8v
2026-07-09T13:20:54.565Z,267.912,False,STABILIZE,0.0000000,0.0000000,-3.68,0.00,0.00,0.00,0.00,2.12,1.34,83.09,0.00,0.00,83.0,0,0.000,-0.01,-1,1,0,0,0,0,0,0,0,0,0,PreArm: Board (3.8v) out of range 4.3-5.8v
2026-07-09T13:20:55.065Z,268.412,False,STABILIZE,0.0000000,0.0000000,-3.66,0.00,0.00,0.00,0.00,2.12,1.34,83.09,0.00,0.00,83.0,0,0.000,-0.01,-1,1,0,0,0,0,0,0,0,0,0,PreArm: Board (3.8v) out of range 4.3-5.8v
2026-07-09T13:20:55.565Z,268.912,False,STABILIZE,0.0000000,0.0000000,-3.68,0.00,0.00,0.00,0.00,2.12,1.34,83.09,0.00,0.00,83.0,0,0.000,-0.01,-1,1,0,0,0,0,0,0,0,0,0,PreArm: Board (3.8v) out of range 4.3-5.8v
2026-07-09T13:20:56.065Z,269.412,False,STABILIZE,0.0000000,0.0000000,-3.69,0.00,0.00,0.00,0.00,2.12,1.35,83.09,0.00,0.00,83.0,0,0.000,-0.01,-1,1,0,0,0,0,0,0,0,0,0,PreArm: Board (3.8v) out of range 4.3-5.8v
2026-07-09T13:20:56.565Z,269.912,False,STABILIZE,0.0000000,0.0000000,-3.67,0.00,0.00,0.00,0.00,2.12,1.35,83.09,0.00,0.00,83.0,0,0.000,-0.01,-1,1,0,0,0,0,0,0,0,0,0,PreArm: Board (3.8v) out of range 4.3-5.8v
2026-07-09T13:20:57.065Z,270.412,False,STABILIZE,0.0000000,0.0000000,-3.73,0.00,0.00,0.00,0.01,2.12,1.35,83.09,0.00,0.00,83.0,0,0.000,-0.01,-1,1,0,0,0,0,0,0,0,0,0,PreArm: Board (3.8v) out of range 4.3-5.8v
2026-07-09T13:20:57.565Z,270.912,False,STABILIZE,0.0000000,0.0000000,-3.69,0.00,0.00,0.00,0.01,2.13,1.35,83.09,0.00,0.00,83.0,0,0.000,-0.01,-1,1,0,0,0,0,0,0,0,0,0,PreArm: Board (3.8v) out of range 4.3-5.8v
2026-07-09T13:20:58.067Z,271.414,False,STABILIZE,0.0000000,0.0000000,-3.65,0.00,0.00,0.00,0.00,2.12,1.35,83.09,0.00,0.00,83.0,0,0.000,-0.01,-1,1,0,0,0,0,0,0,0,0,0,PreArm: Board (3.8v) out of range 4.3-5.8v
2026-07-09T13:20:58.567Z,271.914,False,STABILIZE,0.0000000,0.0000000,-3.69,0.00,0.00,0.00,0.00,2.13,1.35,83.09,0.00,0.00,83.0,0,0.000,-0.01,-1,1,0,0,0,0,0,0,0,0,0,PreArm: Board (3.8v) out of range 4.3-5.8v
2026-07-09T13:20:59.067Z,272.414,False,STABILIZE,0.0000000,0.0000000,-3.66,0.00,0.00,0.00,0.00,2.13,1.34,83.09,0.00,0.00,83.0,0,0.000,-0.01,-1,1,0,0,0,0,0,0,0,0,0,PreArm: Board (3.8v) out of range 4.3-5.8v
2026-07-09T13:20:59.567Z,272.915,False,STABILIZE,0.0000000,0.0000000,-3.70,0.00,0.00,0.00,0.00,2.12,1.35,83.09,0.00,0.00,83.0,0,0.000,-0.01,-1,1,0,0,0,0,0,0,0,0,0,PreArm: Board (3.8v) out of range 4.3-5.8v
2026-07-09T13:21:00.069Z,273.416,False,STABILIZE,0.0000000,0.0000000,-3.71,0.00,0.00,0.00,0.00,2.12,1.35,83.09,0.00,0.00,83.0,0,0.000,-0.01,-1,1,0,0,0,0,0,0,0,0,0,PreArm: Board (3.8v) out of range 4.3-5.8v
2026-07-09T13:21:00.569Z,273.916,False,STABILIZE,0.0000000,0.0000000,-3.68,0.00,0.00,0.00,0.00,2.12,1.35,83.09,0.00,0.00,83.0,0,0.000,-0.01,-1,1,0,0,0,0,0,0,0,0,0,PreArm: Board (3.8v) out of range 4.3-5.8v
2026-07-09T13:21:01.069Z,274.416,False,STABILIZE,0.0000000,0.0000000,-3.69,0.00,0.00,0.00,0.00,2.12,1.35,83.09,0.00,0.00,83.0,0,0.000,-0.01,-1,1,0,0,0,0,0,0,0,0,0,PreArm: Board (3.8v) out of range 4.3-5.8v
2026-07-09T13:21:01.570Z,274.918,False,STABILIZE,0.0000000,0.0000000,-3.69,0.00,0.00,0.00,0.00,2.12,1.35,83.10,0.00,0.00,83.0,0,0.000,-0.01,-1,1,0,0,0,0,0,0,0,0,0,PreArm: Board (3.8v) out of range 4.3-5.8v
2026-07-09T13:21:02.162Z,275.510,False,STABILIZE,0.0000000,0.0000000,-3.69,0.00,0.00,0.00,0.00,2.12,1.35,83.10,0.00,0.00,83.0,0,0.000,-0.01,-1,1,0,0,0,0,0,0,0,0,0,PreArm: Board (3.8v) out of range 4.3-5.8v
2026-07-09T13:21:02.662Z,276.010,False,STABILIZE,0.0000000,0.0000000,-3.70,0.00,0.00,0.00,0.00,2.12,1.35,83.10,0.00,0.00,83.0,0,0.000,-0.01,-1,1,0,0,0,0,0,0,0,0,0,PreArm: Board (3.8v) out of range 4.3-5.8v
2026-07-09T13:21:03.162Z,276.510,False,STABILIZE,0.0000000,0.0000000,-3.69,0.00,0.00,0.00,0.00,2.12,1.35,83.10,0.00,0.00,83.0,0,0.000,-0.01,-1,1,0,0,0,0,0,0,0,0,0,PreArm: Board (3.8v) out of range 4.3-5.8v
2026-07-09T13:21:03.664Z,277.012,False,STABILIZE,0.0000000,0.0000000,-3.70,0.00,0.00,0.00,0.00,2.12,1.35,83.10,0.00,0.00,83.0,0,0.000,-0.01,-1,1,0,0,0,0,0,0,0,0,0,PreArm: Board (3.8v) out of range 4.3-5.8v
2026-07-09T13:21:04.164Z,277.512,False,STABILIZE,0.0000000,0.0000000,-3.69,0.00,0.00,0.00,0.00,2.12,1.35,83.10,0.00,0.00,83.0,0,0.000,-0.01,-1,1,0,0,0,0,0,0,0,0,0,PreArm: Board (3.8v) out of range 4.3-5.8v
2026-07-09T13:21:04.664Z,278.012,False,STABILIZE,0.0000000,0.0000000,-3.70,0.00,0.00,0.00,0.00,2.12,1.35,83.10,0.00,0.00,83.0,0,0.000,-0.01,-1,1,0,0,0,0,0,0,0,0,0,PreArm: Board (3.8v) out of range 4.3-5.8v
2026-07-09T13:21:05.164Z,278.512,False,STABILIZE,0.0000000,0.0000000,-3.70,0.00,0.00,0.00,0.00,2.12,1.35,83.11,0.00,0.00,83.0,0,0.000,-0.01,-1,1,0,0,0,0,0,0,0,0,0,PreArm: Board (3.8v) out of range 4.3-5.8v
2026-07-09T13:21:05.666Z,279.013,False,STABILIZE,0.0000000,0.0000000,-3.72,0.00,0.00,0.00,0.00,2.12,1.35,83.11,0.00,0.00,83.0,0,0.000,-0.01,-1,1,0,0,0,0,0,0,0,0,0,PreArm: Board (3.8v) out of range 4.3-5.8v
2026-07-09T13:21:06.166Z,279.514,False,STABILIZE,0.0000000,0.0000000,-3.71,0.00,0.00,0.00,0.00,2.12,1.35,83.11,0.00,0.00,83.0,0,0.000,-0.01,-1,1,0,0,0,0,0,0,0,0,0,PreArm: Board (3.8v) out of range 4.3-5.8v
2026-07-09T13:21:06.667Z,280.015,False,STABILIZE,0.0000000,0.0000000,-3.72,0.00,0.00,0.00,0.00,2.12,1.34,83.10,0.00,0.00,83.0,0,0.000,-0.01,-1,1,0,0,0,0,0,0,0,0,0,PreArm: Board (3.8v) out of range 4.3-5.8v
2026-07-09T13:21:07.167Z,280.515,False,STABILIZE,0.0000000,0.0000000,-3.72,0.00,0.00,0.00,0.00,2.12,1.34,83.10,0.00,0.00,83.0,0,0.000,-0.01,-1,1,0,0,0,0,0,0,0,0,0,PreArm: Board (3.8v) out of range 4.3-5.8v
2026-07-09T13:21:07.667Z,281.015,False,STABILIZE,0.0000000,0.0000000,-3.72,0.00,0.00,0.00,0.00,2.12,1.34,83.10,0.00,0.00,83.0,0,0.000,-0.01,-1,1,0,0,0,0,0,0,0,0,0,PreArm: Board (3.8v) out of range 4.3-5.8v
2026-07-09T13:21:08.167Z,281.515,False,STABILIZE,0.0000000,0.0000000,-3.71,0.00,0.00,0.00,0.00,2.12,1.34,83.10,0.00,0.00,83.0,0,0.000,-0.01,-1,1,0,0,0,0,0,0,0,0,0,PreArm: Board (3.8v) out of range 4.3-5.8v
2026-07-09T13:21:08.669Z,282.017,False,STABILIZE,0.0000000,0.0000000,-3.69,0.00,0.00,0.00,0.00,2.12,1.35,83.10,0.00,0.00,83.0,0,0.000,-0.01,-1,1,0,0,0,0,0,0,0,0,0,PreArm: Board (3.8v) out of range 4.3-5.8v
2026-07-09T13:21:09.169Z,282.517,False,STABILIZE,0.0000000,0.0000000,-3.70,0.00,0.00,0.00,0.00,2.12,1.35,83.10,0.00,0.00,83.0,0,0.000,-0.01,-1,1,0,0,0,0,0,0,0,0,0,PreArm: Board (3.8v) out of range 4.3-5.8v
2026-07-09T13:21:09.763Z,283.110,False,STABILIZE,0.0000000,0.0000000,-3.71,0.00,0.00,0.00,0.00,2.12,1.35,83.10,0.00,0.00,83.0,0,0.000,-0.01,-1,1,0,0,0,0,0,0,0,0,0,PreArm: Board (3.8v) out of range 4.3-5.8v
2026-07-09T13:21:10.264Z,283.612,False,STABILIZE,0.0000000,0.0000000,-3.73,0.00,0.00,0.00,0.00,2.12,1.34,83.10,0.00,0.00,83.0,0,0.000,-0.01,-1,1,0,0,0,0,0,0,0,0,0,PreArm: Board (3.8v) out of range 4.3-5.8v
2026-07-09T13:21:10.765Z,284.112,False,STABILIZE,0.0000000,0.0000000,-3.72,0.00,0.00,0.00,0.00,2.12,1.34,83.10,0.00,0.00,83.0,0,0.000,-0.01,-1,1,0,0,0,0,0,0,0,0,0,PreArm: Board (3.8v) out of range 4.3-5.8v
2026-07-09T13:21:11.265Z,284.612,False,STABILIZE,0.0000000,0.0000000,-3.70,0.00,0.00,0.00,0.00,2.12,1.34,83.10,0.00,0.00,83.0,0,0.000,-0.01,-1,1,0,0,0,0,0,0,0,0,0,PreArm: Board (3.8v) out of range 4.3-5.8v
2026-07-09T13:21:11.765Z,285.112,False,STABILIZE,0.0000000,0.0000000,-3.74,0.00,0.00,0.00,0.00,2.12,1.35,83.10,0.00,0.00,83.0,0,0.000,-0.01,-1,1,0,0,0,0,0,0,0,0,0,PreArm: Board (3.8v) out of range 4.3-5.8v
2026-07-09T13:21:12.265Z,285.612,False,STABILIZE,0.0000000,0.0000000,-3.73,0.00,0.00,0.00,0.00,2.12,1.35,83.10,0.00,0.00,83.0,0,0.000,-0.01,-1,1,0,0,0,0,0,0,0,0,0,PreArm: Board (3.8v) out of range 4.3-5.8v
2026-07-09T13:21:12.765Z,286.112,False,STABILIZE,0.0000000,0.0000000,-3.73,0.00,0.00,0.00,0.00,2.12,1.35,83.11,0.00,0.00,83.0,0,0.000,-0.01,-1,1,0,0,0,0,0,0,0,0,0,PreArm: Board (3.8v) out of range 4.3-5.8v
2026-07-09T13:21:13.265Z,286.612,False,STABILIZE,0.0000000,0.0000000,-3.75,0.00,0.00,0.00,0.00,2.12,1.35,83.11,0.00,0.00,83.0,0,0.000,-0.01,-1,1,0,0,0,0,0,0,0,0,0,PreArm: Board (3.8v) out of range 4.3-5.8v
2026-07-09T13:21:13.765Z,287.112,False,STABILIZE,0.0000000,0.0000000,-3.74,0.00,0.00,0.00,0.00,2.12,1.35,83.10,0.00,0.00,83.0,0,0.000,-0.01,-1,1,0,0,0,0,0,0,0,0,0,PreArm: Board (3.8v) out of range 4.3-5.8v
2026-07-09T13:21:14.265Z,287.613,False,STABILIZE,0.0000000,0.0000000,-3.78,0.00,0.00,0.00,0.00,2.12,1.35,83.10,0.00,0.00,83.0,0,0.000,-0.01,-1,1,0,0,0,0,0,0,0,0,0,PreArm: Board (3.8v) out of range 4.3-5.8v
2026-07-09T13:21:14.765Z,288.113,False,STABILIZE,0.0000000,0.0000000,-3.78,0.00,0.00,0.00,0.00,2.12,1.34,83.10,0.00,0.00,83.0,0,0.000,-0.01,-1,1,0,0,0,0,0,0,0,0,0,PreArm: Board (3.8v) out of range 4.3-5.8v
2026-07-09T13:21:15.266Z,288.614,False,STABILIZE,0.0000000,0.0000000,-3.78,0.00,0.00,0.00,0.00,2.12,1.34,83.10,0.00,0.00,83.0,0,0.000,-0.01,-1,1,0,0,0,0,0,0,0,0,0,PreArm: Board (3.8v) out of range 4.3-5.8v
2026-07-09T13:21:15.766Z,289.114,False,STABILIZE,0.0000000,0.0000000,-3.79,0.00,0.00,0.00,0.01,2.12,1.35,83.11,0.00,0.00,83.0,0,0.000,-0.01,-1,1,0,0,0,0,0,0,0,0,0,PreArm: Board (3.8v) out of range 4.3-5.8v
2026-07-09T13:21:16.267Z,289.614,False,STABILIZE,0.0000000,0.0000000,-3.78,0.00,0.00,0.00,0.01,2.12,1.34,83.11,0.00,0.00,83.0,0,0.000,-0.01,-1,1,0,0,0,0,0,0,0,0,0,PreArm: Board (3.8v) out of range 4.3-5.8v
2026-07-09T13:21:16.767Z,290.114,False,STABILIZE,0.0000000,0.0000000,-3.77,0.00,0.00,0.00,0.01,2.12,1.34,83.11,0.00,0.00,83.0,0,0.000,-0.01,-1,1,0,0,0,0,0,0,0,0,0,PreArm: Board (3.8v) out of range 4.3-5.8v
2026-07-09T13:21:17.267Z,290.614,False,STABILIZE,0.0000000,0.0000000,-3.79,0.00,0.00,0.00,0.01,2.12,1.34,83.11,0.00,0.00,83.0,0,0.000,-0.01,-1,1,0,0,0,0,0,0,0,0,0,PreArm: Board (3.8v) out of range 4.3-5.8v
2026-07-09T13:21:17.767Z,291.115,False,STABILIZE,0.0000000,0.0000000,-3.80,0.00,0.00,0.00,0.01,2.12,1.34,83.11,0.00,0.00,83.0,0,0.000,-0.01,-1,1,0,0,0,0,0,0,0,0,0,PreArm: Board (3.8v) out of range 4.3-5.8v
2026-07-09T13:21:18.267Z,291.615,False,STABILIZE,0.0000000,0.0000000,-3.77,0.00,0.00,0.00,0.01,2.11,1.34,83.11,0.00,0.00,83.0,0,0.000,-0.01,-1,1,0,0,0,0,0,0,0,0,0,PreArm: Board (3.8v) out of range 4.3-5.8v
2026-07-09T13:21:18.767Z,292.115,False,STABILIZE,0.0000000,0.0000000,-3.81,0.00,0.00,0.00,0.01,2.12,1.34,83.11,0.00,0.00,83.0,0,0.000,-0.01,-1,1,0,0,0,0,0,0,0,0,0,PreArm: Board (3.8v) out of range 4.3-5.8v
2026-07-09T13:21:19.267Z,292.615,False,STABILIZE,0.0000000,0.0000000,-3.83,0.00,0.00,0.00,0.01,2.12,1.34,83.11,0.00,0.00,83.0,0,0.000,-0.01,-1,1,0,0,0,0,0,0,0,0,0,PreArm: Board (3.8v) out of range 4.3-5.8v
2026-07-09T13:21:19.770Z,293.118,False,STABILIZE,0.0000000,0.0000000,-3.82,0.00,0.00,0.00,0.01,2.11,1.34,83.11,0.00,0.00,83.0,0,0.000,-0.01,-1,1,0,0,0,0,0,0,0,0,0,PreArm: Board (3.8v) out of range 4.3-5.8v
2026-07-09T13:21:20.270Z,293.618,False,STABILIZE,0.0000000,0.0000000,-3.84,0.00,0.00,0.00,0.01,2.11,1.33,83.11,0.00,0.00,83.0,0,0.000,-0.01,-1,1,0,0,0,0,0,0,0,0,0,PreArm: Board (3.8v) out of range 4.3-5.8v
2026-07-09T13:21:20.771Z,294.119,False,STABILIZE,0.0000000,0.0000000,-3.80,0.00,0.00,0.00,0.01,2.11,1.33,83.11,0.00,0.00,83.0,0,0.000,-0.01,-1,1,0,0,0,0,0,0,0,0,0,PreArm: Board (3.8v) out of range 4.3-5.8v
2026-07-09T13:21:21.362Z,294.710,False,STABILIZE,0.0000000,0.0000000,-3.84,0.00,0.00,0.00,0.01,2.11,1.33,83.10,0.00,0.00,83.0,0,0.000,-0.01,-1,1,0,0,0,0,0,0,0,0,0,PreArm: Board (3.8v) out of range 4.3-5.8v
2026-07-09T13:21:21.862Z,295.210,False,STABILIZE,0.0000000,0.0000000,-3.84,0.00,0.00,0.00,0.01,2.11,1.33,83.10,0.00,0.00,83.0,0,0.000,-0.01,-1,1,0,0,0,0,0,0,0,0,0,PreArm: Board (3.8v) out of range 4.3-5.8v
2026-07-09T13:21:22.362Z,295.710,False,STABILIZE,0.0000000,0.0000000,-3.86,0.00,0.00,0.00,0.01,2.12,1.33,83.10,0.00,0.00,83.0,0,0.000,-0.01,-1,1,0,0,0,0,0,0,0,0,0,PreArm: Board (3.8v) out of range 4.3-5.8v
2026-07-09T13:21:22.862Z,296.210,False,STABILIZE,0.0000000,0.0000000,-3.86,0.00,0.00,0.00,0.01,2.12,1.33,83.10,0.00,0.00,83.0,0,0.000,-0.01,-1,1,0,0,0,0,0,0,0,0,0,PreArm: Board (3.8v) out of range 4.3-5.8v
2026-07-09T13:21:23.362Z,296.710,False,STABILIZE,0.0000000,0.0000000,-3.82,0.00,0.00,0.00,0.01,2.11,1.33,83.10,0.00,0.00,83.0,0,0.000,-0.01,-1,1,0,0,0,0,0,0,0,0,0,PreArm: Board (3.7v) out of range 4.3-5.8v
2026-07-09T13:21:23.864Z,297.212,False,STABILIZE,0.0000000,0.0000000,-3.83,0.00,0.00,0.00,0.01,2.11,1.33,83.10,0.00,0.00,83.0,0,0.000,-0.01,-1,1,0,0,0,0,0,0,0,0,0,PreArm: Board (3.7v) out of range 4.3-5.8v
2026-07-09T13:21:24.364Z,297.712,False,STABILIZE,0.0000000,0.0000000,-3.82,0.00,0.00,0.00,0.01,2.12,1.33,83.11,0.00,0.00,83.0,0,0.000,-0.01,-1,1,0,0,0,0,0,0,0,0,0,PreArm: Board (3.7v) out of range 4.3-5.8v
2026-07-09T13:21:24.864Z,298.212,False,STABILIZE,0.0000000,0.0000000,-3.82,0.00,0.00,0.00,0.01,2.12,1.33,83.11,0.00,0.00,83.0,0,0.000,-0.01,-1,1,0,0,0,0,0,0,0,0,0,PreArm: Board (3.7v) out of range 4.3-5.8v
2026-07-09T13:21:25.364Z,298.712,False,STABILIZE,0.0000000,0.0000000,-3.84,0.00,0.00,0.00,0.00,2.12,1.32,83.10,0.00,0.00,83.0,0,0.000,-0.01,-1,1,0,0,0,0,0,0,0,0,0,PreArm: Board (3.7v) out of range 4.3-5.8v
2026-07-09T13:21:25.864Z,299.212,False,STABILIZE,0.0000000,0.0000000,-3.86,0.00,0.00,0.00,0.00,2.12,1.33,83.10,0.00,0.00,83.0,0,0.000,-0.01,-1,1,0,0,0,0,0,0,0,0,0,PreArm: Board (3.7v) out of range 4.3-5.8v
2026-07-09T13:21:26.365Z,299.712,False,STABILIZE,0.0000000,0.0000000,-3.86,0.00,0.00,0.00,0.00,2.12,1.33,83.11,0.00,0.00,83.0,0,0.000,-0.01,-1,1,0,0,0,0,0,0,0,0,0,PreArm: Board (3.7v) out of range 4.3-5.8v
2026-07-09T13:21:26.865Z,300.212,False,STABILIZE,0.0000000,0.0000000,-3.85,0.00,0.00,0.00,0.00,2.12,1.33,83.11,0.00,0.00,83.0,0,0.000,-0.01,-1,1,0,0,0,0,0,0,0,0,0,PreArm: Board (3.7v) out of range 4.3-5.8v
2026-07-09T13:21:27.365Z,300.712,False,STABILIZE,0.0000000,0.0000000,-3.83,0.00,0.00,0.00,0.00,2.12,1.33,83.11,0.00,0.00,83.0,0,0.000,-0.01,-1,1,0,0,0,0,0,0,0,0,0,PreArm: Board (3.7v) out of range 4.3-5.8v
2026-07-09T13:21:27.865Z,301.212,False,STABILIZE,0.0000000,0.0000000,-3.85,0.00,0.00,0.00,0.00,2.12,1.32,83.11,0.00,0.00,83.0,0,0.000,-0.01,-1,1,0,0,0,0,0,0,0,0,0,PreArm: Board (3.7v) out of range 4.3-5.8v
2026-07-09T13:21:28.365Z,301.712,False,STABILIZE,0.0000000,0.0000000,-3.83,0.00,0.00,0.00,0.00,2.12,1.33,83.12,0.00,0.00,83.0,0,0.000,-0.01,-1,1,0,0,0,0,0,0,0,0,0,PreArm: Board (3.7v) out of range 4.3-5.8v
2026-07-09T13:21:28.865Z,302.212,False,STABILIZE,0.0000000,0.0000000,-3.80,0.00,0.00,0.00,0.00,2.12,1.32,83.12,0.00,0.00,83.0,0,0.000,-0.01,-1,1,0,0,0,0,0,0,0,0,0,PreArm: Board (3.7v) out of range 4.3-5.8v
2026-07-09T13:21:29.367Z,302.714,False,STABILIZE,0.0000000,0.0000000,-3.81,0.00,0.00,0.00,0.00,2.12,1.32,83.11,0.00,0.00,83.0,0,0.000,-0.01,-1,1,0,0,0,0,0,0,0,0,0,PreArm: Board (3.7v) out of range 4.3-5.8v
2026-07-09T13:21:29.867Z,303.214,False,STABILIZE,0.0000000,0.0000000,-3.84,0.00,0.00,0.00,0.00,2.12,1.32,83.11,0.00,0.00,83.0,0,0.000,-0.01,-1,1,0,0,0,0,0,0,0,0,0,PreArm: Board (3.7v) out of range 4.3-5.8v
2026-07-09T13:21:30.367Z,303.714,False,STABILIZE,0.0000000,0.0000000,-3.81,0.00,0.00,0.00,0.00,2.12,1.32,83.11,0.00,0.00,83.0,0,0.000,-0.01,-1,1,0,0,0,0,0,0,0,0,0,PreArm: Board (3.7v) out of range 4.3-5.8v
2026-07-09T13:21:30.867Z,304.214,False,STABILIZE,0.0000000,0.0000000,-3.82,0.00,0.00,0.00,0.00,2.12,1.33,83.11,0.00,0.00,83.0,0,0.000,-0.01,-1,1,0,0,0,0,0,0,0,0,0,PreArm: Board (3.7v) out of range 4.3-5.8v
2026-07-09T13:21:31.367Z,304.714,False,STABILIZE,0.0000000,0.0000000,-3.82,0.00,0.00,0.00,0.00,2.12,1.33,83.11,0.00,0.00,83.0,0,0.000,-0.01,-1,1,0,0,0,0,0,0,0,0,0,PreArm: Board (3.7v) out of range 4.3-5.8v
2026-07-09T13:21:31.867Z,305.215,False,STABILIZE,0.0000000,0.0000000,-3.84,0.00,0.00,0.00,0.00,2.12,1.33,83.11,0.00,0.00,83.0,0,0.000,-0.01,-1,1,0,0,0,0,0,0,0,0,0,PreArm: Board (3.7v) out of range 4.3-5.8v
2026-07-09T13:21:32.370Z,305.717,False,STABILIZE,0.0000000,0.0000000,-3.84,0.00,0.00,0.00,0.00,2.12,1.33,83.11,0.00,0.00,83.0,0,0.000,-0.01,-1,1,0,0,0,0,0,0,0,0,0,PreArm: Board (3.7v) out of range 4.3-5.8v
2026-07-09T13:21:32.870Z,306.217,False,STABILIZE,0.0000000,0.0000000,-3.85,0.00,0.00,0.00,0.00,2.12,1.33,83.11,0.00,0.00,83.0,0,0.000,-0.01,-1,1,0,0,0,0,0,0,0,0,0,PreArm: Board (3.7v) out of range 4.3-5.8v
2026-07-09T13:21:33.370Z,306.717,False,STABILIZE,0.0000000,0.0000000,-3.87,0.00,0.00,0.00,0.00,2.12,1.34,83.12,0.00,0.00,83.0,0,0.000,-0.01,-1,1,0,0,0,0,0,0,0,0,0,PreArm: Board (3.7v) out of range 4.3-5.8v
2026-07-09T13:21:33.962Z,307.310,False,STABILIZE,0.0000000,0.0000000,-3.88,0.00,0.00,0.00,0.00,2.12,1.34,83.12,0.00,0.00,83.0,0,0.000,-0.01,-1,1,0,0,0,0,0,0,0,0,0,PreArm: Board (3.7v) out of range 4.3-5.8v
2026-07-09T13:21:34.462Z,307.810,False,STABILIZE,0.0000000,0.0000000,-3.83,0.00,0.00,0.00,0.00,2.12,1.34,83.12,0.00,0.00,83.0,0,0.000,-0.01,-1,1,0,0,0,0,0,0,0,0,0,PreArm: Board (3.7v) out of range 4.3-5.8v
2026-07-09T13:21:34.962Z,308.310,False,STABILIZE,0.0000000,0.0000000,-3.89,0.00,0.00,0.00,0.00,2.12,1.34,83.12,0.00,0.00,83.0,0,0.000,-0.01,-1,1,0,0,0,0,0,0,0,0,0,PreArm: Board (3.7v) out of range 4.3-5.8v
2026-07-09T13:21:35.462Z,308.810,False,STABILIZE,0.0000000,0.0000000,-3.89,0.00,0.00,0.00,0.00,2.12,1.34,83.11,0.00,0.00,83.0,0,0.000,-0.01,-1,1,0,0,0,0,0,0,0,0,0,PreArm: Board (3.7v) out of range 4.3-5.8v
2026-07-09T13:21:35.962Z,309.310,False,STABILIZE,0.0000000,0.0000000,-3.88,0.00,0.00,0.00,0.00,2.12,1.34,83.11,0.00,0.00,83.0,0,0.000,-0.01,-1,1,0,0,0,0,0,0,0,0,0,PreArm: Board (3.7v) out of range 4.3-5.8v
2026-07-09T13:21:36.462Z,309.810,False,STABILIZE,0.0000000,0.0000000,-3.89,0.00,0.00,0.00,0.00,2.12,1.34,83.11,0.00,0.00,83.0,0,0.000,-0.01,-1,1,0,0,0,0,0,0,0,0,0,PreArm: Board (3.7v) out of range 4.3-5.8v
2026-07-09T13:21:36.964Z,310.312,False,STABILIZE,0.0000000,0.0000000,-3.90,0.00,0.00,0.00,0.00,2.12,1.34,83.11,0.00,0.00,83.0,0,0.000,-0.01,-1,1,0,0,0,0,0,0,0,0,0,PreArm: Board (3.7v) out of range 4.3-5.8v
2026-07-09T13:21:37.464Z,310.812,False,STABILIZE,0.0000000,0.0000000,-3.91,0.00,0.00,0.00,0.00,2.12,1.34,83.11,0.00,0.00,83.0,0,0.000,-0.01,-1,1,0,0,0,0,0,0,0,0,0,PreArm: Board (3.7v) out of range 4.3-5.8v
2026-07-09T13:21:37.966Z,311.314,False,STABILIZE,0.0000000,0.0000000,-3.91,0.00,0.00,0.00,0.00,2.12,1.34,83.11,0.00,0.00,83.0,0,0.000,-0.01,-1,1,0,0,0,0,0,0,0,0,0,PreArm: Board (3.7v) out of range 4.3-5.8v
2026-07-09T13:21:38.467Z,311.815,False,STABILIZE,0.0000000,0.0000000,-3.91,0.00,0.00,0.00,0.00,2.12,1.34,83.11,0.00,0.00,83.0,0,0.000,-0.01,-1,1,0,0,0,0,0,0,0,0,0,PreArm: Board (3.7v) out of range 4.3-5.8v
2026-07-09T13:21:38.969Z,312.317,False,STABILIZE,0.0000000,0.0000000,-3.90,0.00,0.00,0.00,0.00,2.12,1.34,83.11,0.00,0.00,83.0,0,0.000,-0.01,-1,1,0,0,0,0,0,0,0,0,0,PreArm: Board (3.7v) out of range 4.3-5.8v
2026-07-09T13:21:39.561Z,312.909,False,STABILIZE,0.0000000,0.0000000,-3.94,0.00,0.00,0.00,0.00,2.12,1.34,83.11,0.00,0.00,83.0,0,0.000,-0.01,-1,1,0,0,0,0,0,0,0,0,0,PreArm: Board (3.7v) out of range 4.3-5.8v
2026-07-09T13:21:40.062Z,313.410,False,STABILIZE,0.0000000,0.0000000,-3.91,0.00,0.00,0.00,0.01,2.12,1.34,83.11,0.00,0.00,83.0,0,0.000,-0.01,-1,1,0,0,0,0,0,0,0,0,0,PreArm: Board (3.7v) out of range 4.3-5.8v
2026-07-09T13:21:40.564Z,313.912,False,STABILIZE,0.0000000,0.0000000,-3.93,0.00,0.00,0.00,0.01,2.12,1.34,83.11,0.00,0.00,83.0,0,0.000,-0.01,-1,1,0,0,0,0,0,0,0,0,0,PreArm: Board (3.7v) out of range 4.3-5.8v
2026-07-09T13:21:41.064Z,314.412,False,STABILIZE,0.0000000,0.0000000,-3.94,0.00,0.00,0.00,0.01,2.12,1.34,83.11,0.00,0.00,83.0,0,0.000,-0.01,-1,1,0,0,0,0,0,0,0,0,0,PreArm: Board (3.7v) out of range 4.3-5.8v
2026-07-09T13:21:41.564Z,314.912,False,STABILIZE,0.0000000,0.0000000,-3.94,0.00,0.00,0.00,0.01,2.12,1.35,83.11,0.00,0.00,83.0,0,0.000,-0.01,-1,1,0,0,0,0,0,0,0,0,0,PreArm: Board (3.7v) out of range 4.3-5.8v
2026-07-09T13:21:42.064Z,315.412,False,STABILIZE,0.0000000,0.0000000,-3.94,0.00,0.00,0.00,0.01,2.12,1.35,83.11,0.00,0.00,83.0,0,0.000,-0.01,-1,1,0,0,0,0,0,0,0,0,0,PreArm: Board (3.7v) out of range 4.3-5.8v
2026-07-09T13:21:42.564Z,315.912,False,STABILIZE,0.0000000,0.0000000,-3.93,0.00,0.00,0.00,0.01,2.12,1.34,83.11,0.00,0.00,83.0,0,0.000,-0.01,-1,1,0,0,0,0,0,0,0,0,0,PreArm: Board (3.7v) out of range 4.3-5.8v
2026-07-09T13:21:43.065Z,316.412,False,STABILIZE,0.0000000,0.0000000,-3.93,0.00,0.00,0.00,0.01,2.12,1.34,83.11,0.00,0.00,83.0,0,0.000,-0.01,-1,1,0,0,0,0,0,0,0,0,0,PreArm: Board (3.7v) out of range 4.3-5.8v
2026-07-09T13:21:43.565Z,316.912,False,STABILIZE,0.0000000,0.0000000,-3.93,0.00,0.00,0.00,0.00,2.12,1.33,83.11,0.00,0.00,83.0,0,0.000,-0.01,-1,1,0,0,0,0,0,0,0,0,0,PreArm: Board (3.7v) out of range 4.3-5.8v
2026-07-09T13:21:44.066Z,317.414,False,STABILIZE,0.0000000,0.0000000,-3.94,0.00,0.00,0.00,0.00,2.12,1.33,83.11,0.00,0.00,83.0,0,0.000,-0.01,-1,1,0,0,0,0,0,0,0,0,0,PreArm: Board (3.7v) out of range 4.3-5.8v
2026-07-09T13:21:44.567Z,317.914,False,STABILIZE,0.0000000,0.0000000,-3.98,0.00,0.00,0.00,0.00,2.12,1.33,83.11,0.00,0.00,83.0,0,0.000,-0.01,-1,1,0,0,0,0,0,0,0,0,0,PreArm: Board (3.7v) out of range 4.3-5.8v
2026-07-09T13:21:45.067Z,318.414,False,STABILIZE,0.0000000,0.0000000,-3.96,0.00,0.00,0.00,0.00,2.12,1.33,83.11,0.00,0.00,83.0,0,0.000,-0.01,-1,1,0,0,0,0,0,0,0,0,0,PreArm: Board (3.7v) out of range 4.3-5.8v
2026-07-09T13:21:45.567Z,318.914,False,STABILIZE,0.0000000,0.0000000,-3.96,0.00,0.00,0.00,0.00,2.12,1.33,83.11,0.00,0.00,83.0,0,0.000,-0.01,-1,1,0,0,0,0,0,0,0,0,0,PreArm: Board (3.7v) out of range 4.3-5.8v
2026-07-09T13:21:46.067Z,319.414,False,STABILIZE,0.0000000,0.0000000,-3.97,0.00,0.00,0.00,0.00,2.12,1.33,83.11,0.00,0.00,83.0,0,0.000,-0.01,-1,1,0,0,0,0,0,0,0,0,0,PreArm: Board (3.7v) out of range 4.3-5.8v
2026-07-09T13:21:46.567Z,319.915,False,STABILIZE,0.0000000,0.0000000,-3.96,0.00,0.00,0.00,0.00,2.12,1.33,83.11,0.00,0.00,83.0,0,0.000,-0.01,-1,1,0,0,0,0,0,0,0,0,0,PreArm: Board (3.7v) out of range 4.3-5.8v
2026-07-09T13:21:47.070Z,320.417,False,STABILIZE,0.0000000,0.0000000,-3.98,0.00,0.00,0.00,0.00,2.12,1.33,83.11,0.00,0.00,83.0,0,0.000,-0.01,-1,1,0,0,0,0,0,0,0,0,0,PreArm: Board (3.7v) out of range 4.3-5.8v
2026-07-09T13:21:47.572Z,320.919,False,STABILIZE,0.0000000,0.0000000,-3.97,0.00,0.00,0.00,0.00,2.11,1.33,83.11,0.00,0.00,83.0,0,0.000,-0.01,-1,1,0,0,0,0,0,0,0,0,0,PreArm: Board (3.7v) out of range 4.3-5.8v
2026-07-09T13:21:48.162Z,321.509,False,STABILIZE,0.0000000,0.0000000,-3.99,0.00,0.00,0.00,0.00,2.11,1.33,83.11,0.00,0.00,83.0,0,0.000,-0.01,-1,1,0,0,0,0,0,0,0,0,0,PreArm: Board (3.7v) out of range 4.3-5.8v
2026-07-09T13:21:48.662Z,322.010,False,STABILIZE,0.0000000,0.0000000,-3.98,0.00,0.00,0.00,0.00,2.12,1.33,83.11,0.00,0.00,83.0,0,0.000,-0.01,-1,1,0,0,0,0,0,0,0,0,0,PreArm: Board (3.7v) out of range 4.3-5.8v
2026-07-09T13:21:49.162Z,322.510,False,STABILIZE,0.0000000,0.0000000,-3.99,0.00,0.00,0.00,0.00,2.12,1.34,83.11,0.00,0.00,83.0,0,0.000,-0.01,-1,1,0,0,0,0,0,0,0,0,0,PreArm: Board (3.7v) out of range 4.3-5.8v
2026-07-09T13:21:49.662Z,323.010,False,STABILIZE,0.0000000,0.0000000,-3.97,0.00,0.00,0.00,0.00,2.12,1.34,83.11,0.00,0.00,83.0,0,0.000,-0.01,-1,1,0,0,0,0,0,0,0,0,0,PreArm: Board (3.7v) out of range 4.3-5.8v
2026-07-09T13:21:50.162Z,323.510,False,STABILIZE,0.0000000,0.0000000,-3.96,0.00,0.00,0.00,0.00,2.12,1.34,83.11,0.00,0.00,83.0,0,0.000,-0.01,-1,1,0,0,0,0,0,0,0,0,0,PreArm: Board (3.7v) out of range 4.3-5.8v
2026-07-09T13:21:50.662Z,324.010,False,STABILIZE,0.0000000,0.0000000,-4.00,0.00,0.00,0.00,0.00,2.12,1.34,83.11,0.00,0.00,83.0,0,0.000,-0.01,-1,1,0,0,0,0,0,0,0,0,0,PreArm: Board (3.7v) out of range 4.3-5.8v
2026-07-09T13:21:51.162Z,324.510,False,STABILIZE,0.0000000,0.0000000,-3.98,0.00,0.00,0.00,0.00,2.12,1.34,83.11,0.00,0.00,83.0,0,0.000,-0.01,-1,1,0,0,0,0,0,0,0,0,0,PreArm: Board (3.7v) out of range 4.3-5.8v
2026-07-09T13:21:51.662Z,325.010,False,STABILIZE,0.0000000,0.0000000,-3.97,0.00,0.00,0.00,0.00,2.12,1.34,83.11,0.00,0.00,83.0,0,0.000,-0.01,-1,1,0,0,0,0,0,0,0,0,0,PreArm: Board (3.7v) out of range 4.3-5.8v
2026-07-09T13:21:52.162Z,325.510,False,STABILIZE,0.0000000,0.0000000,-3.99,0.00,0.00,0.00,0.00,2.12,1.33,83.11,0.00,0.00,83.0,0,0.000,-0.01,-1,1,0,0,0,0,0,0,0,0,0,PreArm: Board (3.7v) out of range 4.3-5.8v
2026-07-09T13:21:52.666Z,326.013,False,STABILIZE,0.0000000,0.0000000,-4.02,0.00,0.00,0.00,0.00,2.12,1.33,83.11,0.00,0.00,83.0,0,0.000,-0.01,-1,1,0,0,0,0,0,0,0,0,0,PreArm: Board (3.7v) out of range 4.3-5.8v
2026-07-09T13:21:53.167Z,326.515,False,STABILIZE,0.0000000,0.0000000,-3.96,0.00,0.00,0.00,0.00,2.12,1.34,83.12,0.00,0.00,83.0,0,0.000,-0.01,-1,1,0,0,0,0,0,0,0,0,0,PreArm: Board (3.7v) out of range 4.3-5.8v
2026-07-09T13:21:53.667Z,327.015,False,STABILIZE,0.0000000,0.0000000,-3.97,0.00,0.00,0.00,0.00,2.12,1.34,83.12,0.00,0.00,83.0,0,0.000,-0.01,-1,1,0,0,0,0,0,0,0,0,0,PreArm: Board (3.7v) out of range 4.3-5.8v
2026-07-09T13:21:54.167Z,327.515,False,STABILIZE,0.0000000,0.0000000,-3.99,0.00,0.00,0.00,0.00,2.12,1.34,83.12,0.00,0.00,83.0,0,0.000,-0.01,-1,1,0,0,0,0,0,0,0,0,0,PreArm: Board (3.8v) out of range 4.3-5.8v
2026-07-09T13:21:54.667Z,328.015,False,STABILIZE,0.0000000,0.0000000,-4.01,0.00,0.00,0.00,0.00,2.12,1.33,83.12,0.00,0.00,83.0,0,0.000,-0.01,-1,1,0,0,0,0,0,0,0,0,0,PreArm: Board (3.8v) out of range 4.3-5.8v
2026-07-09T13:21:55.169Z,328.517,False,STABILIZE,0.0000000,0.0000000,-4.00,0.00,0.00,0.00,0.00,2.11,1.33,83.12,0.00,0.00,83.0,0,0.000,-0.01,-1,1,0,0,0,0,0,0,0,0,0,PreArm: Board (3.8v) out of range 4.3-5.8v
2026-07-09T13:21:55.669Z,329.017,False,STABILIZE,0.0000000,0.0000000,-4.04,0.00,0.00,0.00,0.00,2.12,1.33,83.12,0.00,0.00,83.0,0,0.000,-0.01,-1,1,0,0,0,0,0,0,0,0,0,PreArm: Board (3.8v) out of range 4.3-5.8v
2026-07-09T13:21:56.169Z,329.517,False,STABILIZE,0.0000000,0.0000000,-4.01,0.00,0.00,0.00,0.00,2.12,1.34,83.13,0.00,0.00,83.0,0,0.000,-0.01,-1,1,0,0,0,0,0,0,0,0,0,PreArm: Board (3.8v) out of range 4.3-5.8v
2026-07-09T13:21:56.669Z,330.017,False,STABILIZE,0.0000000,0.0000000,-4.03,0.00,0.00,0.00,0.00,2.12,1.34,83.13,0.00,0.00,83.0,0,0.000,-0.01,-1,1,0,0,0,0,0,0,0,0,0,PreArm: Board (3.8v) out of range 4.3-5.8v
2026-07-09T13:21:57.169Z,330.517,False,STABILIZE,0.0000000,0.0000000,-4.03,0.00,0.00,0.00,0.00,2.11,1.34,83.13,0.00,0.00,83.0,0,0.000,-0.01,-1,1,0,0,0,0,0,0,0,0,0,PreArm: Board (3.8v) out of range 4.3-5.8v
2026-07-09T13:21:57.669Z,331.017,False,STABILIZE,0.0000000,0.0000000,-4.05,0.00,0.00,0.00,0.00,2.11,1.34,83.13,0.00,0.00,83.0,0,0.000,-0.01,-1,1,0,0,0,0,0,0,0,0,0,PreArm: Board (3.8v) out of range 4.3-5.8v
2026-07-09T13:21:58.169Z,331.517,False,STABILIZE,0.0000000,0.0000000,-4.06,0.00,0.00,0.00,0.00,2.11,1.34,83.13,0.00,0.00,83.0,0,0.000,-0.01,-1,1,0,0,0,0,0,0,0,0,0,PreArm: Board (3.8v) out of range 4.3-5.8v
2026-07-09T13:21:58.671Z,332.019,False,STABILIZE,0.0000000,0.0000000,-4.07,0.00,0.00,0.00,0.00,2.11,1.34,83.13,0.00,0.00,83.0,0,0.000,-0.01,-1,1,0,0,0,0,0,0,0,0,0,PreArm: Board (3.8v) out of range 4.3-5.8v
2026-07-09T13:21:59.173Z,332.520,False,STABILIZE,0.0000000,0.0000000,-4.08,0.00,0.00,0.00,0.00,2.11,1.34,83.13,0.00,0.00,83.0,0,0.000,-0.01,-1,1,0,0,0,0,0,0,0,0,0,PreArm: Board (3.8v) out of range 4.3-5.8v
2026-07-09T13:21:59.763Z,333.110,False,STABILIZE,0.0000000,0.0000000,-4.11,0.00,0.00,0.00,0.01,2.12,1.34,83.13,0.00,0.00,83.0,0,0.000,-0.01,-1,1,0,0,0,0,0,0,0,0,0,PreArm: Board (3.8v) out of range 4.3-5.8v
2026-07-09T13:22:00.265Z,333.612,False,STABILIZE,0.0000000,0.0000000,-4.07,0.00,0.00,0.00,0.01,2.11,1.34,83.13,0.00,0.00,83.0,0,0.000,-0.01,-1,1,0,0,0,0,0,0,0,0,0,PreArm: Board (3.8v) out of range 4.3-5.8v
2026-07-09T13:22:00.765Z,334.112,False,STABILIZE,0.0000000,0.0000000,-4.06,0.00,0.00,0.00,0.01,2.12,1.34,83.13,0.00,0.00,83.0,0,0.000,-0.01,-1,1,0,0,0,0,0,0,0,0,0,PreArm: Board (3.8v) out of range 4.3-5.8v
2026-07-09T13:22:01.265Z,334.612,False,STABILIZE,0.0000000,0.0000000,-4.10,0.00,0.00,0.00,0.01,2.12,1.34,83.13,0.00,0.00,83.0,0,0.000,-0.01,-1,1,0,0,0,0,0,0,0,0,0,PreArm: Board (3.8v) out of range 4.3-5.8v
2026-07-09T13:22:01.765Z,335.112,False,STABILIZE,0.0000000,0.0000000,-4.09,0.00,0.00,0.00,0.01,2.12,1.34,83.13,0.00,0.00,83.0,0,0.000,-0.01,-1,1,0,0,0,0,0,0,0,0,0,PreArm: Board (3.8v) out of range 4.3-5.8v
2026-07-09T13:22:02.265Z,335.612,False,STABILIZE,0.0000000,0.0000000,-4.07,0.00,0.00,0.00,0.01,2.12,1.34,83.13,0.00,0.00,83.0,0,0.000,-0.01,-1,1,0,0,0,0,0,0,0,0,0,PreArm: Board (3.8v) out of range 4.3-5.8v
2026-07-09T13:22:02.765Z,336.112,False,STABILIZE,0.0000000,0.0000000,-4.07,0.00,0.00,0.00,0.01,2.12,1.34,83.13,0.00,0.00,83.0,0,0.000,-0.01,-1,1,0,0,0,0,0,0,0,0,0,PreArm: Board (3.8v) out of range 4.3-5.8v
2026-07-09T13:22:03.265Z,336.612,False,STABILIZE,0.0000000,0.0000000,-4.07,0.00,0.00,0.00,0.01,2.12,1.34,83.13,0.00,0.00,83.0,0,0.000,-0.01,-1,1,0,0,0,0,0,0,0,0,0,PreArm: Board (3.8v) out of range 4.3-5.8v
2026-07-09T13:22:03.767Z,337.114,False,STABILIZE,0.0000000,0.0000000,-4.09,0.00,0.00,0.00,0.01,2.12,1.34,83.13,0.00,0.00,83.0,0,0.000,-0.01,-1,1,0,0,0,0,0,0,0,0,0,PreArm: Board (3.8v) out of range 4.3-5.8v
2026-07-09T13:22:04.267Z,337.615,False,STABILIZE,0.0000000,0.0000000,-4.13,0.00,0.00,0.00,0.01,2.12,1.34,83.13,0.00,0.00,83.0,0,0.000,-0.01,-1,1,0,0,0,0,0,0,0,0,0,PreArm: Board (3.8v) out of range 4.3-5.8v
2026-07-09T13:22:04.767Z,338.115,False,STABILIZE,0.0000000,0.0000000,-4.09,0.00,0.00,0.00,0.01,2.12,1.34,83.13,0.00,0.00,83.0,0,0.000,-0.01,-1,1,0,0,0,0,0,0,0,0,0,PreArm: Board (3.8v) out of range 4.3-5.8v
2026-07-09T13:22:05.267Z,338.615,False,STABILIZE,0.0000000,0.0000000,-4.13,0.00,0.00,0.00,0.01,2.12,1.34,83.13,0.00,0.00,83.0,0,0.000,-0.01,-1,1,0,0,0,0,0,0,0,0,0,PreArm: Board (3.8v) out of range 4.3-5.8v
2026-07-09T13:22:05.767Z,339.115,False,STABILIZE,0.0000000,0.0000000,-4.16,0.00,0.00,0.00,0.01,2.12,1.34,83.14,0.00,0.00,83.0,0,0.000,-0.01,-1,1,0,0,0,0,0,0,0,0,0,PreArm: Board (3.8v) out of range 4.3-5.8v
2026-07-09T13:22:06.267Z,339.615,False,STABILIZE,0.0000000,0.0000000,-4.15,0.00,0.00,0.00,0.01,2.12,1.34,83.14,0.00,0.00,83.0,0,0.000,-0.01,-1,1,0,0,0,0,0,0,0,0,0,PreArm: Board (3.8v) out of range 4.3-5.8v
2026-07-09T13:22:06.769Z,340.117,False,STABILIZE,0.0000000,0.0000000,-4.18,0.00,0.00,0.00,0.01,2.12,1.34,83.14,0.00,0.00,83.0,0,0.000,-0.01,-1,1,0,0,0,0,0,0,0,0,0,PreArm: Board (3.8v) out of range 4.3-5.8v
2026-07-09T13:22:07.362Z,340.710,False,STABILIZE,0.0000000,0.0000000,-4.16,0.00,0.00,0.00,0.01,2.12,1.34,83.14,0.00,0.00,83.0,0,0.000,-0.01,-1,1,0,0,0,0,0,0,0,0,0,PreArm: Board (3.8v) out of range 4.3-5.8v
2026-07-09T13:22:07.862Z,341.210,False,STABILIZE,0.0000000,0.0000000,-4.19,0.00,0.00,0.00,0.01,2.13,1.33,83.14,0.00,0.00,83.0,0,0.000,-0.01,-1,1,0,0,0,0,0,0,0,0,0,PreArm: Board (3.8v) out of range 4.3-5.8v
2026-07-09T13:22:08.362Z,341.710,False,STABILIZE,0.0000000,0.0000000,-4.15,0.00,0.00,0.00,0.01,2.13,1.33,83.15,0.00,0.00,83.0,0,0.000,-0.01,-1,1,0,0,0,0,0,0,0,0,0,PreArm: Board (3.8v) out of range 4.3-5.8v
2026-07-09T13:22:08.862Z,342.210,False,STABILIZE,0.0000000,0.0000000,-4.20,0.00,0.00,0.00,0.01,2.13,1.33,83.15,0.00,0.00,83.0,0,0.000,-0.01,-1,1,0,0,0,0,0,0,0,0,0,PreArm: Board (3.8v) out of range 4.3-5.8v
2026-07-09T13:22:09.362Z,342.710,False,STABILIZE,0.0000000,0.0000000,-4.23,0.00,0.00,0.00,0.02,2.13,1.32,83.14,0.01,0.00,83.0,0,0.000,-0.01,-1,1,0,0,0,0,0,0,0,0,0,PreArm: Board (3.8v) out of range 4.3-5.8v
2026-07-09T13:22:09.862Z,343.210,False,STABILIZE,0.0000000,0.0000000,-4.21,0.00,0.00,0.00,0.02,2.13,1.33,83.15,0.01,0.00,83.0,0,0.000,-0.01,-1,1,0,0,0,0,0,0,0,0,0,PreArm: Board (3.8v) out of range 4.3-5.8v
2026-07-09T13:22:10.362Z,343.710,False,STABILIZE,0.0000000,0.0000000,-4.23,0.00,0.00,0.00,0.02,2.13,1.33,83.15,0.01,0.00,83.0,0,0.000,-0.01,-1,1,0,0,0,0,0,0,0,0,0,PreArm: Board (3.8v) out of range 4.3-5.8v
2026-07-09T13:22:10.864Z,344.212,False,STABILIZE,0.0000000,0.0000000,-4.23,0.00,0.00,0.00,0.02,2.13,1.33,83.15,0.01,0.00,83.0,0,0.000,-0.01,-1,1,0,0,0,0,0,0,0,0,0,PreArm: Board (3.8v) out of range 4.3-5.8v
2026-07-09T13:22:11.364Z,344.712,False,STABILIZE,0.0000000,0.0000000,-4.23,0.00,0.00,0.00,0.02,2.13,1.33,83.15,0.01,0.00,83.0,0,0.000,-0.01,-1,1,0,0,0,0,0,0,0,0,0,PreArm: Board (3.8v) out of range 4.3-5.8v
2026-07-09T13:22:11.866Z,345.214,False,STABILIZE,0.0000000,0.0000000,-4.25,0.00,0.00,0.00,0.02,2.13,1.33,83.15,0.01,0.00,83.0,0,0.000,-0.01,-1,1,0,0,0,0,0,0,0,0,0,PreArm: Board (3.8v) out of range 4.3-5.8v
2026-07-09T13:22:12.367Z,345.715,False,STABILIZE,0.0000000,0.0000000,-4.26,0.00,0.00,0.00,0.02,2.13,1.33,83.16,0.00,0.00,83.0,0,0.000,-0.01,-1,1,0,0,0,0,0,0,0,0,0,PreArm: Board (3.8v) out of range 4.3-5.8v
2026-07-09T13:22:12.867Z,346.215,False,STABILIZE,0.0000000,0.0000000,-4.25,0.00,0.00,0.00,0.02,2.13,1.33,83.16,0.00,0.00,83.0,0,0.000,-0.01,-1,1,0,0,0,0,0,0,0,0,0,PreArm: Board (3.8v) out of range 4.3-5.8v
2026-07-09T13:22:13.367Z,346.715,False,STABILIZE,0.0000000,0.0000000,-4.25,0.00,0.00,0.00,0.02,2.13,1.34,83.16,0.00,0.00,83.0,0,0.000,-0.01,-1,1,0,0,0,0,0,0,0,0,0,PreArm: Board (3.8v) out of range 4.3-5.8v
2026-07-09T13:22:13.867Z,347.215,False,STABILIZE,0.0000000,0.0000000,-4.29,0.00,0.00,0.00,0.01,2.12,1.34,83.16,0.00,0.00,83.0,0,0.000,-0.01,-1,1,0,0,0,0,0,0,0,0,0,PreArm: Board (3.8v) out of range 4.3-5.8v
2026-07-09T13:22:14.368Z,347.715,False,STABILIZE,0.0000000,0.0000000,-4.25,0.00,0.00,0.00,0.01,2.12,1.34,83.16,0.00,0.00,83.0,0,0.000,-0.01,-1,1,0,0,0,0,0,0,0,0,0,PreArm: Board (3.8v) out of range 4.3-5.8v
2026-07-09T13:22:14.868Z,348.215,False,STABILIZE,0.0000000,0.0000000,-4.26,0.00,0.00,0.00,0.01,2.12,1.34,83.17,0.00,0.00,83.0,0,0.000,-0.01,-1,1,0,0,0,0,0,0,0,0,0,PreArm: Board (3.8v) out of range 4.3-5.8v
2026-07-09T13:22:15.370Z,348.717,False,STABILIZE,0.0000000,0.0000000,-4.29,0.00,0.00,0.00,0.01,2.12,1.34,83.16,0.00,0.00,83.0,0,0.000,-0.01,-1,1,0,0,0,0,0,0,0,0,0,PreArm: Board (3.8v) out of range 4.3-5.8v
2026-07-09T13:22:15.870Z,349.217,False,STABILIZE,0.0000000,0.0000000,-4.28,0.00,0.00,0.00,0.01,2.12,1.34,83.16,0.00,0.00,83.0,0,0.000,-0.01,-1,1,0,0,0,0,0,0,0,0,0,PreArm: Board (3.8v) out of range 4.3-5.8v
2026-07-09T13:22:16.370Z,349.717,False,STABILIZE,0.0000000,0.0000000,-4.26,0.00,0.00,0.00,0.01,2.12,1.33,83.17,0.00,0.00,83.0,0,0.000,-0.01,-1,1,0,0,0,0,0,0,0,0,0,PreArm: Board (3.8v) out of range 4.3-5.8v
2026-07-09T13:22:16.870Z,350.217,False,STABILIZE,0.0000000,0.0000000,-4.28,0.00,0.00,0.00,0.01,2.12,1.33,83.17,0.00,0.00,83.0,0,0.000,-0.01,-1,1,0,0,0,0,0,0,0,0,0,PreArm: Board (3.8v) out of range 4.3-5.8v
2026-07-09T13:22:17.370Z,350.717,False,STABILIZE,0.0000000,0.0000000,-4.24,0.00,0.00,0.00,0.01,2.12,1.33,83.17,0.00,0.00,83.0,0,0.000,-0.01,-1,1,0,0,0,0,0,0,0,0,0,PreArm: Board (3.8v) out of range 4.3-5.8v
2026-07-09T13:22:17.870Z,351.217,False,STABILIZE,0.0000000,0.0000000,-4.27,0.00,0.00,0.00,0.00,2.12,1.33,83.17,0.00,0.00,83.0,0,0.000,-0.01,-1,1,0,0,0,0,0,0,0,0,0,PreArm: Board (3.8v) out of range 4.3-5.8v
2026-07-09T13:22:18.370Z,351.718,False,STABILIZE,0.0000000,0.0000000,-4.28,0.00,0.00,0.00,0.00,2.12,1.33,83.16,0.00,0.00,83.0,0,0.000,-0.01,-1,1,0,0,0,0,0,0,0,0,0,PreArm: Board (3.8v) out of range 4.3-5.8v
2026-07-09T13:22:18.962Z,352.309,False,STABILIZE,0.0000000,0.0000000,-4.28,0.00,0.00,0.00,0.00,2.11,1.33,83.16,0.00,0.00,83.0,0,0.000,-0.01,-1,1,0,0,0,0,0,0,0,0,0,PreArm: Board (3.8v) out of range 4.3-5.8v
2026-07-09T13:22:19.462Z,352.809,False,STABILIZE,0.0000000,0.0000000,-4.28,0.00,0.00,0.00,0.00,2.12,1.33,83.16,0.00,0.00,83.0,0,0.000,-0.01,-1,1,0,0,0,0,0,0,0,0,0,PreArm: Board (3.8v) out of range 4.3-5.8v
2026-07-09T13:22:19.962Z,353.309,False,STABILIZE,0.0000000,0.0000000,-4.29,0.00,0.00,0.00,0.00,2.12,1.34,83.17,0.00,0.00,83.0,0,0.000,-0.01,-1,1,0,0,0,0,0,0,0,0,0,PreArm: Board (3.8v) out of range 4.3-5.8v
2026-07-09T13:22:20.462Z,353.810,False,STABILIZE,0.0000000,0.0000000,-4.28,0.00,0.00,0.00,0.00,2.12,1.34,83.17,0.00,0.00,83.0,0,0.000,-0.01,-1,1,0,0,0,0,0,0,0,0,0,PreArm: Board (3.8v) out of range 4.3-5.8v
2026-07-09T13:22:20.962Z,354.310,False,STABILIZE,0.0000000,0.0000000,-4.26,0.00,0.00,0.00,0.00,2.12,1.34,83.17,0.00,0.00,83.0,0,0.000,-0.01,-1,1,0,0,0,0,0,0,0,0,0,PreArm: Board (3.8v) out of range 4.3-5.8v
2026-07-09T13:22:21.462Z,354.810,False,STABILIZE,0.0000000,0.0000000,-4.23,0.00,0.00,0.00,0.00,2.12,1.34,83.17,0.00,0.00,83.0,0,0.000,-0.01,-1,1,0,0,0,0,0,0,0,0,0,PreArm: Board (3.8v) out of range 4.3-5.8v
2026-07-09T13:22:21.962Z,355.310,False,STABILIZE,0.0000000,0.0000000,-4.27,0.00,0.00,0.00,0.00,2.13,1.35,83.16,0.00,0.00,83.0,0,0.000,-0.01,-1,1,0,0,0,0,0,0,0,0,0,PreArm: Board (3.8v) out of range 4.3-5.8v
2026-07-09T13:22:22.462Z,355.810,False,STABILIZE,0.0000000,0.0000000,-4.28,0.00,0.00,0.00,0.00,2.12,1.35,83.17,0.00,0.00,83.0,0,0.000,-0.01,-1,1,0,0,0,0,0,0,0,0,0,PreArm: Board (3.8v) out of range 4.3-5.8v
2026-07-09T13:22:22.962Z,356.310,False,STABILIZE,0.0000000,0.0000000,-4.24,0.00,0.00,0.00,0.00,2.12,1.35,83.17,0.00,0.00,83.0,0,0.000,-0.01,-1,1,0,0,0,0,0,0,0,0,0,PreArm: Board (3.8v) out of range 4.3-5.8v
2026-07-09T13:22:23.462Z,356.810,False,STABILIZE,0.0000000,0.0000000,-4.20,0.00,0.00,0.00,0.00,2.12,1.36,83.17,0.00,0.00,83.0,0,0.000,-0.01,-1,1,0,0,0,0,0,0,0,0,0,PreArm: Board (3.8v) out of range 4.3-5.8v
2026-07-09T13:22:23.962Z,357.310,False,STABILIZE,0.0000000,0.0000000,-4.20,0.00,0.00,0.00,0.00,2.12,1.36,83.17,0.01,0.00,83.0,0,0.000,-0.01,-1,1,0,0,0,0,0,0,0,0,0,PreArm: Board (3.8v) out of range 4.3-5.8v
2026-07-09T13:22:24.463Z,357.810,False,STABILIZE,0.0000000,0.0000000,-4.21,0.00,0.00,0.00,-0.01,2.12,1.36,83.17,0.01,0.00,83.0,0,0.000,-0.01,-1,1,0,0,0,0,0,0,0,0,0,PreArm: Board (3.8v) out of range 4.3-5.8v
2026-07-09T13:22:24.965Z,358.313,False,STABILIZE,0.0000000,0.0000000,-4.23,0.00,0.00,0.00,-0.01,2.12,1.36,83.17,0.01,0.00,83.0,0,0.000,-0.01,-1,1,0,0,0,0,0,0,0,0,0,PreArm: Board (3.8v) out of range 4.3-5.8v
2026-07-09T13:22:25.465Z,358.813,False,STABILIZE,0.0000000,0.0000000,-4.22,0.00,0.00,0.00,-0.01,2.12,1.36,83.18,0.01,0.00,83.0,0,0.000,-0.01,-1,1,0,0,0,0,0,0,0,0,0,PreArm: Board (3.8v) out of range 4.3-5.8v
2026-07-09T13:22:25.966Z,359.314,False,STABILIZE,0.0000000,0.0000000,-4.18,0.00,0.00,0.00,-0.01,2.11,1.36,83.17,0.01,0.00,83.0,0,0.000,-0.01,-1,1,0,0,0,0,0,0,0,0,0,PreArm: Board (3.8v) out of range 4.3-5.8v
2026-07-09T13:22:26.467Z,359.815,False,STABILIZE,0.0000000,0.0000000,-4.18,0.00,0.00,0.00,-0.01,2.11,1.36,83.17,0.01,0.00,83.0,0,0.000,-0.01,-1,1,0,0,0,0,0,0,0,0,0,PreArm: Board (3.8v) out of range 4.3-5.8v
2026-07-09T13:22:26.967Z,360.315,False,STABILIZE,0.0000000,0.0000000,-4.19,0.00,0.00,0.00,-0.01,2.11,1.36,83.17,0.01,0.00,83.0,0,0.000,-0.01,-1,1,0,0,0,0,0,0,0,0,0,PreArm: Board (3.8v) out of range 4.3-5.8v
2026-07-09T13:22:27.467Z,360.815,False,STABILIZE,0.0000000,0.0000000,-4.21,0.00,0.00,0.00,-0.01,2.11,1.35,83.17,0.01,0.00,83.0,0,0.000,-0.01,-1,1,0,0,0,0,0,0,0,0,0,PreArm: Board (3.8v) out of range 4.3-5.8v
2026-07-09T13:22:27.968Z,361.315,False,STABILIZE,0.0000000,0.0000000,-4.21,0.00,0.00,0.00,-0.01,2.11,1.35,83.17,0.01,0.00,83.0,0,0.000,-0.01,-1,1,0,0,0,0,0,0,0,0,0,PreArm: Board (3.8v) out of range 4.3-5.8v
2026-07-09T13:22:28.468Z,361.815,False,STABILIZE,0.0000000,0.0000000,-4.18,0.00,0.00,0.00,-0.01,2.11,1.35,83.18,0.01,0.00,83.0,0,0.000,-0.01,-1,1,0,0,0,0,0,0,0,0,0,PreArm: Board (3.8v) out of range 4.3-5.8v
2026-07-09T13:22:28.969Z,362.317,False,STABILIZE,0.0000000,0.0000000,-4.21,0.00,0.00,0.00,-0.01,2.11,1.35,83.18,0.01,0.00,83.0,0,0.000,-0.01,-1,1,0,0,0,0,0,0,0,0,0,PreArm: Board (3.8v) out of range 4.3-5.8v
2026-07-09T13:22:29.469Z,362.817,False,STABILIZE,0.0000000,0.0000000,-4.19,0.00,0.00,0.00,-0.01,2.11,1.35,83.18,0.00,0.00,83.0,0,0.000,-0.01,-1,1,0,0,0,0,0,0,0,0,0,PreArm: Board (3.8v) out of range 4.3-5.8v
2026-07-09T13:22:30.063Z,363.410,False,STABILIZE,0.0000000,0.0000000,-4.18,0.00,0.00,0.00,-0.01,2.11,1.35,83.18,0.00,0.00,83.0,0,0.000,-0.01,-1,1,0,0,0,0,0,0,0,0,0,PreArm: Board (3.8v) out of range 4.3-5.8v
2026-07-09T13:22:30.565Z,363.913,False,STABILIZE,0.0000000,0.0000000,-4.18,0.00,0.00,0.00,-0.01,2.11,1.34,83.17,0.00,0.00,83.0,0,0.000,-0.01,-1,1,0,0,0,0,0,0,0,0,0,PreArm: Board (3.8v) out of range 4.3-5.8v
2026-07-09T13:22:31.068Z,364.415,False,STABILIZE,0.0000000,0.0000000,-4.18,0.00,0.00,0.00,-0.01,2.11,1.35,83.17,0.00,0.00,83.0,0,0.000,-0.01,-1,1,0,0,0,0,0,0,0,0,0,PreArm: Board (3.8v) out of range 4.3-5.8v
2026-07-09T13:22:31.570Z,364.917,False,STABILIZE,0.0000000,0.0000000,-4.17,0.00,0.00,0.00,-0.01,2.11,1.35,83.17,0.00,0.00,83.0,0,0.000,-0.01,-1,1,0,0,0,0,0,0,0,0,0,PreArm: Board (3.8v) out of range 4.3-5.8v
2026-07-09T13:22:32.070Z,365.417,False,STABILIZE,0.0000000,0.0000000,-4.17,0.00,0.00,0.00,-0.01,2.11,1.35,83.17,0.00,0.00,83.0,0,0.000,-0.01,-1,1,0,0,0,0,0,0,0,0,0,PreArm: Board (3.8v) out of range 4.3-5.8v
2026-07-09T13:22:32.570Z,365.918,False,STABILIZE,0.0000000,0.0000000,-4.19,0.00,0.00,0.00,-0.01,2.11,1.34,83.18,0.00,0.00,83.0,0,0.000,-0.01,-1,1,0,0,0,0,0,0,0,0,0,PreArm: Board (3.8v) out of range 4.3-5.8v
2026-07-09T13:22:33.163Z,366.510,False,STABILIZE,0.0000000,0.0000000,-4.18,0.00,0.00,0.00,-0.01,2.12,1.35,83.18,0.00,0.00,83.0,0,0.000,-0.01,-1,1,0,0,0,0,0,0,0,0,0,PreArm: Board (3.8v) out of range 4.3-5.8v
2026-07-09T13:22:33.663Z,367.010,False,STABILIZE,0.0000000,0.0000000,-4.18,0.00,0.00,0.00,0.00,2.12,1.35,83.18,0.00,0.00,83.0,0,0.000,-0.01,-1,1,0,0,0,0,0,0,0,0,0,PreArm: Board (3.8v) out of range 4.3-5.8v
2026-07-09T13:22:34.163Z,367.510,False,STABILIZE,0.0000000,0.0000000,-4.18,0.00,0.00,0.00,0.00,2.12,1.35,83.18,0.00,0.00,83.0,0,0.000,-0.01,-1,1,0,0,0,0,0,0,0,0,0,PreArm: Board (3.8v) out of range 4.3-5.8v
2026-07-09T13:22:34.665Z,368.012,False,STABILIZE,0.0000000,0.0000000,-4.18,0.00,0.00,0.00,0.00,2.12,1.35,83.19,0.00,0.00,83.0,0,0.000,-0.01,-1,1,0,0,0,0,0,0,0,0,0,PreArm: Board (3.8v) out of range 4.3-5.8v
2026-07-09T13:22:35.165Z,368.512,False,STABILIZE,0.0000000,0.0000000,-4.15,0.00,0.00,0.00,0.00,2.12,1.35,83.19,0.00,0.00,83.0,0,0.000,-0.01,-1,1,0,0,0,0,0,0,0,0,0,PreArm: Board (3.8v) out of range 4.3-5.8v
2026-07-09T13:22:35.665Z,369.012,False,STABILIZE,0.0000000,0.0000000,-4.16,0.00,0.00,0.00,0.00,2.12,1.35,83.19,0.00,0.00,83.0,0,0.000,-0.01,-1,1,0,0,0,0,0,0,0,0,0,PreArm: Board (3.8v) out of range 4.3-5.8v
2026-07-09T13:22:36.165Z,369.513,False,STABILIZE,0.0000000,0.0000000,-4.17,0.00,0.00,0.00,0.00,2.12,1.35,83.20,0.00,0.00,83.0,0,0.000,-0.01,-1,1,0,0,0,0,0,0,0,0,0,PreArm: Board (3.8v) out of range 4.3-5.8v
2026-07-09T13:22:36.665Z,370.013,False,STABILIZE,0.0000000,0.0000000,-4.18,0.00,0.00,0.00,0.00,2.13,1.35,83.19,0.00,0.00,83.0,0,0.000,-0.01,-1,1,0,0,0,0,0,0,0,0,0,PreArm: Board (3.8v) out of range 4.3-5.8v
2026-07-09T13:22:37.166Z,370.514,False,STABILIZE,0.0000000,0.0000000,-4.19,0.00,0.00,0.00,0.00,2.13,1.35,83.19,0.00,0.00,83.0,0,0.000,-0.01,-1,1,0,0,0,0,0,0,0,0,0,PreArm: Board (3.8v) out of range 4.3-5.8v
2026-07-09T13:22:37.667Z,371.015,False,STABILIZE,0.0000000,0.0000000,-4.17,0.00,0.00,0.00,0.00,2.13,1.35,83.19,0.00,0.00,83.0,0,0.000,-0.01,-1,1,0,0,0,0,0,0,0,0,0,PreArm: Board (3.8v) out of range 4.3-5.8v
2026-07-09T13:22:38.169Z,371.516,False,STABILIZE,0.0000000,0.0000000,-4.17,0.00,0.00,0.00,0.00,2.13,1.35,83.20,0.00,0.00,83.0,0,0.000,-0.01,-1,1,0,0,0,0,0,0,0,0,0,PreArm: Board (3.8v) out of range 4.3-5.8v
2026-07-09T13:22:38.669Z,372.017,False,STABILIZE,0.0000000,0.0000000,-4.19,0.00,0.00,0.00,0.00,2.13,1.35,83.20,0.00,0.00,83.0,0,0.000,-0.01,-1,1,0,0,0,0,0,0,0,0,0,PreArm: Board (3.8v) out of range 4.3-5.8v
2026-07-09T13:22:39.170Z,372.517,False,STABILIZE,0.0000000,0.0000000,-4.20,0.00,0.00,0.00,0.00,2.13,1.36,83.20,0.00,0.00,83.0,0,0.000,-0.01,-1,1,0,0,0,0,0,0,0,0,0,PreArm: Board (3.8v) out of range 4.3-5.8v
2026-07-09T13:22:39.670Z,373.018,False,STABILIZE,0.0000000,0.0000000,-4.21,0.00,0.00,0.00,0.00,2.13,1.35,83.19,0.01,0.00,83.0,0,0.000,-0.01,-1,1,0,0,0,0,0,0,0,0,0,PreArm: Board (3.8v) out of range 4.3-5.8v
2026-07-09T13:22:40.170Z,373.518,False,STABILIZE,0.0000000,0.0000000,-4.19,0.00,0.00,0.00,0.00,2.13,1.35,83.19,0.01,0.00,83.0,0,0.000,-0.01,-1,1,0,0,0,0,0,0,0,0,0,PreArm: Board (3.8v) out of range 4.3-5.8v
2026-07-09T13:22:40.670Z,374.018,False,STABILIZE,0.0000000,0.0000000,-4.21,0.00,0.00,0.00,0.00,2.13,1.35,83.19,0.01,0.00,83.0,0,0.000,-0.01,-1,1,0,0,0,0,0,0,0,0,0,PreArm: Board (3.8v) out of range 4.3-5.8v
2026-07-09T13:22:41.262Z,374.610,False,STABILIZE,0.0000000,0.0000000,-4.19,0.00,0.00,0.00,0.00,2.12,1.35,83.19,0.01,0.00,83.0,0,0.000,-0.01,-1,1,0,0,0,0,0,0,0,0,0,PreArm: Board (3.8v) out of range 4.3-5.8v
2026-07-09T13:22:41.765Z,375.113,False,STABILIZE,0.0000000,0.0000000,-4.18,0.00,0.00,0.00,0.00,2.12,1.35,83.19,0.01,0.00,83.0,0,0.000,-0.01,-1,1,0,0,0,0,0,0,0,0,0,PreArm: Board (3.8v) out of range 4.3-5.8v
2026-07-09T13:22:42.267Z,375.615,False,STABILIZE,0.0000000,0.0000000,-4.20,0.00,0.00,0.00,0.00,2.12,1.35,83.19,0.01,0.00,83.0,0,0.000,-0.01,-1,1,0,0,0,0,0,0,0,0,0,PreArm: Board (3.8v) out of range 4.3-5.8v
2026-07-09T13:22:42.767Z,376.115,False,STABILIZE,0.0000000,0.0000000,-4.22,0.00,0.00,0.00,0.00,2.12,1.35,83.19,0.00,0.00,83.0,0,0.000,-0.01,-1,1,0,0,0,0,0,0,0,0,0,PreArm: Board (3.8v) out of range 4.3-5.8v
2026-07-09T13:22:43.267Z,376.615,False,STABILIZE,0.0000000,0.0000000,-4.21,0.00,0.00,0.00,0.00,2.12,1.35,83.18,0.00,0.00,83.0,0,0.000,-0.01,-1,1,0,0,0,0,0,0,0,0,0,PreArm: Board (3.8v) out of range 4.3-5.8v
2026-07-09T13:22:43.767Z,377.115,False,STABILIZE,0.0000000,0.0000000,-4.20,0.00,0.00,0.00,0.00,2.11,1.35,83.18,0.00,0.00,83.0,0,0.000,-0.01,-1,1,0,0,0,0,0,0,0,0,0,PreArm: Board (3.8v) out of range 4.3-5.8v
2026-07-09T13:22:44.267Z,377.615,False,STABILIZE,0.0000000,0.0000000,-4.23,0.00,0.00,0.00,0.00,2.11,1.35,83.18,0.00,0.00,83.0,0,0.000,-0.01,-1,1,0,0,0,0,0,0,0,0,0,PreArm: Board (3.8v) out of range 4.3-5.8v
2026-07-09T13:22:44.768Z,378.115,False,STABILIZE,0.0000000,0.0000000,-4.24,0.00,0.00,0.00,0.01,2.11,1.34,83.18,0.00,0.00,83.0,0,0.000,-0.01,-1,1,0,0,0,0,0,0,0,0,0,PreArm: Board (3.8v) out of range 4.3-5.8v
2026-07-09T13:22:45.269Z,378.617,False,STABILIZE,0.0000000,0.0000000,-4.24,0.00,0.00,0.00,0.01,2.11,1.34,83.18,0.00,0.00,83.0,0,0.000,-0.01,-1,1,0,0,0,0,0,0,0,0,0,PreArm: Board (3.8v) out of range 4.3-5.8v
2026-07-09T13:22:45.770Z,379.118,False,STABILIZE,0.0000000,0.0000000,-4.23,0.00,0.00,0.00,0.01,2.11,1.34,83.18,0.00,0.00,83.0,0,0.000,-0.01,-1,1,0,0,0,0,0,0,0,0,0,PreArm: Board (3.8v) out of range 4.3-5.8v
2026-07-09T13:22:46.273Z,379.620,False,STABILIZE,0.0000000,0.0000000,-4.27,0.00,0.00,0.00,0.01,2.11,1.34,83.19,0.00,0.00,83.0,0,0.000,-0.01,-1,1,0,0,0,0,0,0,0,0,0,PreArm: Board (3.8v) out of range 4.3-5.8v
2026-07-09T13:22:46.774Z,380.122,False,STABILIZE,0.0000000,0.0000000,-4.22,0.00,0.00,0.00,0.01,2.11,1.34,83.18,0.00,0.00,83.0,0,0.000,-0.01,-1,1,0,0,0,0,0,0,0,0,0,PreArm: Board (3.8v) out of range 4.3-5.8v
2026-07-09T13:22:47.363Z,380.711,False,STABILIZE,0.0000000,0.0000000,-4.26,0.00,0.00,0.00,0.01,2.11,1.34,83.18,0.00,0.00,83.0,0,0.000,-0.01,-1,1,0,0,0,0,0,0,0,0,0,PreArm: Board (3.8v) out of range 4.3-5.8v
2026-07-09T13:22:47.865Z,381.212,False,STABILIZE,0.0000000,0.0000000,-4.26,0.00,0.00,0.00,0.01,2.11,1.34,83.18,0.00,0.00,83.0,0,0.000,-0.01,-1,1,0,0,0,0,0,0,0,0,0,PreArm: Board (3.8v) out of range 4.3-5.8v
2026-07-09T13:22:48.365Z,381.712,False,STABILIZE,0.0000000,0.0000000,-4.28,0.00,0.00,0.00,0.01,2.12,1.34,83.18,0.00,0.00,83.0,0,0.000,-0.01,-1,1,0,0,0,0,0,0,0,0,0,PreArm: Board (3.8v) out of range 4.3-5.8v
2026-07-09T13:22:48.865Z,382.212,False,STABILIZE,0.0000000,0.0000000,-4.26,0.00,0.00,0.00,0.01,2.12,1.34,83.18,0.00,0.00,83.0,0,0.000,-0.01,-1,1,0,0,0,0,0,0,0,0,0,PreArm: Board (3.8v) out of range 4.3-5.8v
2026-07-09T13:22:49.365Z,382.712,False,STABILIZE,0.0000000,0.0000000,-4.28,0.00,0.00,0.00,0.01,2.12,1.34,83.18,0.00,0.00,83.0,0,0.000,-0.01,-1,1,0,0,0,0,0,0,0,0,0,PreArm: Board (3.8v) out of range 4.3-5.8v
2026-07-09T13:22:49.868Z,383.215,False,STABILIZE,0.0000000,0.0000000,-4.26,0.00,0.00,0.00,0.01,2.13,1.34,83.17,0.00,0.00,83.0,0,0.000,-0.01,-1,1,0,0,0,0,0,0,0,0,0,PreArm: Board (3.8v) out of range 4.3-5.8v
